requests,slo_attainment,throughput_qps,e2e_p50_ms,e2e_p95_ms,e2e_p99_ms,queue_p95_ms,mean_batch_size,mean_r,estimated_accuracy_pct,scheduler_overhead_mean_us,scheduler_overhead_p95_us,epsilon_pp,seed,pattern,load_factor,offered_qps,deadline_factor,deadline_ms,policy,static_r
10000,0.6952,128.89998623271555,8.987424196327083,27.45506356156438,39.92354313086561,21.7903690922634,1.1063170704723977,0.0,71.19807800000002,6.887585794888815,8.436,0.5,84,poisson,0.3,131.16188688060285,2.0,11.398204660415647,dense,0
10000,0.6952,128.89998623271555,8.987424196327083,27.45506356156438,39.92354313086561,21.7903690922634,1.1063170704723977,0.0,71.19807800000002,7.404591326474167,9.087,0.5,84,poisson,0.3,131.16188688060285,2.0,11.398204660415647,static_pomt,0
10000,0.6952,128.89998623271555,8.987424196327083,27.45506356156438,39.92354313086561,21.7903690922634,1.1063170704723977,0.0,71.19807800000002,8.754206328133645,10.310900000000004,0.5,84,poisson,0.3,131.16188688060285,2.0,11.398204660415647,decoupled,0
10000,0.6952,128.89998623271555,8.987424196327083,27.45506356156438,39.92354313086561,21.7903690922634,1.1063170704723977,0.0,71.19807800000002,7.502442637459896,10.58,0.5,84,poisson,0.3,131.16188688060285,2.0,11.398204660415647,joint_full,0
10000,0.6952,128.89998623271555,8.987424196327083,27.45506356156438,39.92354313086561,21.7903690922634,1.1063170704723977,0.0,71.19807800000002,7.457565881181548,10.5,0.5,84,poisson,0.3,131.16188688060285,2.0,11.398204660415647,cliffserve,0
10000,1.0,128.8999373699791,7.892360815649226,14.064693109711508,17.421430309102,6.664379662653889,1.279263144428809,0.0,71.19579200000003,7.024559677625687,8.426,0.5,84,poisson,0.3,131.16188688060285,4.0,22.796409320831295,dense,0
10000,1.0,128.8999373699791,7.892360815649226,14.064693109711508,17.421430309102,6.664379662653889,1.279263144428809,0.0,71.19579200000003,7.3774410899322,8.837,0.5,84,poisson,0.3,131.16188688060285,4.0,22.796409320831295,static_pomt,0
10000,1.0,128.8999373699791,7.892360815649226,14.064693109711508,17.421430309102,6.664379662653889,1.279263144428809,0.0,71.19579200000003,8.914364589996163,10.44,0.5,84,poisson,0.3,131.16188688060285,4.0,22.796409320831295,decoupled,0
10000,1.0,128.8999373699791,7.892360815649226,14.064693109711508,17.421430309102,6.664379662653889,1.279263144428809,0.0,71.19579200000003,6.8991954714084684,8.937,0.5,84,poisson,0.3,131.16188688060285,4.0,22.796409320831295,joint_full,0
10000,1.0,128.8999373699791,7.892360815649226,14.064693109711508,17.421430309102,6.664379662653889,1.279263144428809,0.0,71.19579200000003,6.861440194447997,8.917,0.5,84,poisson,0.3,131.16188688060285,4.0,22.796409320831295,cliffserve,0
10000,1.0,128.8999373699791,7.892704010009766,14.064693109711508,17.430303798589087,6.662420212409368,1.279263144428809,0.0,71.19579400000003,7.031583855699118,8.456,0.5,84,poisson,0.3,131.16188688060285,8.0,45.5928186416626,dense,0
10000,1.0,128.8999373699791,7.892704010009766,14.064693109711508,17.430303798589087,6.662420212409368,1.279263144428809,0.0,71.19579400000003,7.427285019828578,8.867,0.5,84,poisson,0.3,131.16188688060285,8.0,45.5928186416626,static_pomt,0
10000,1.0,128.8999373699791,7.892704010009766,14.064693109711508,17.430303798589087,6.662420212409368,1.279263144428809,0.0,71.19579400000003,8.915917231674554,10.44,0.5,84,poisson,0.3,131.16188688060285,8.0,45.5928186416626,decoupled,0
10000,1.0,128.8999373699791,7.892704010009766,14.064693109711508,17.430303798589087,6.662420212409368,1.279263144428809,0.0,71.19579400000003,6.8817878981706535,8.917,0.5,84,poisson,0.3,131.16188688060285,8.0,45.5928186416626,joint_full,0
10000,1.0,128.8999373699791,7.892704010009766,14.064693109711508,17.430303798589087,6.662420212409368,1.279263144428809,0.0,71.19579400000003,6.903728924139696,8.937,0.5,84,poisson,0.3,131.16188688060285,8.0,45.5928186416626,cliffserve,0
10000,1.0,128.8999373699791,7.892704010009766,14.064693109711508,17.430303798589087,6.662420212409368,1.279263144428809,0.0,71.19579400000003,7.036439298963797,8.426,0.5,84,poisson,0.3,131.16188688060285,12.0,68.38922796249389,dense,0
10000,1.0,128.8999373699791,7.892704010009766,14.064693109711508,17.430303798589087,6.662420212409368,1.279263144428809,0.0,71.19579400000003,7.408914161443008,8.857,0.5,84,poisson,0.3,131.16188688060285,12.0,68.38922796249389,static_pomt,0
10000,1.0,128.8999373699791,7.892704010009766,14.064693109711508,17.430303798589087,6.662420212409368,1.279263144428809,0.0,71.19579400000003,8.913728284508123,10.429,0.5,84,poisson,0.3,131.16188688060285,12.0,68.38922796249389,decoupled,0
10000,1.0,128.8999373699791,7.892704010009766,14.064693109711508,17.430303798589087,6.662420212409368,1.279263144428809,0.0,71.19579400000003,6.90324676986056,8.947,0.5,84,poisson,0.3,131.16188688060285,12.0,68.38922796249389,joint_full,0
10000,1.0,128.8999373699791,7.892704010009766,14.064693109711508,17.430303798589087,6.662420212409368,1.279263144428809,0.0,71.19579400000003,6.899926314442881,8.937,0.5,84,poisson,0.3,131.16188688060285,12.0,68.38922796249389,cliffserve,0
10000,0.0008,177.14259361515994,8784.767449027117,16868.712592600885,17536.98598351552,16863.071867870396,1.0002000400080016,0.0,71.19999600000001,35.41594058811763,41.99599999999999,0.5,84,poisson,0.6,262.3237737612057,2.0,11.398204660415647,dense,0
10000,0.0008,177.14259361515994,8784.767449027117,16868.712592600885,17536.98598351552,16863.071867870396,1.0002000400080016,0.0,71.19999600000001,36.98677765553111,43.40585,0.5,84,poisson,0.6,262.3237737612057,2.0,11.398204660415647,static_pomt,0
10000,0.0008,177.14259361515994,8784.767449027117,16868.712592600885,17536.98598351552,16863.071867870396,1.0002000400080016,0.0,71.19999600000001,37.157791158231646,43.773,0.5,84,poisson,0.6,262.3237737612057,2.0,11.398204660415647,decoupled,0
10000,0.0008,177.14259361515994,8784.767449027117,16868.712592600885,17536.98598351552,16863.071867870396,1.0002000400080016,0.0,71.19999600000001,38.615616423284656,46.3195,0.5,84,poisson,0.6,262.3237737612057,2.0,11.398204660415647,joint_full,0
10000,0.0008,177.14259361515994,8784.767449027117,16868.712592600885,17536.98598351552,16863.071867870396,1.0002000400080016,0.0,71.19999600000001,38.53163772754551,44.9275,0.5,84,poisson,0.6,262.3237737612057,2.0,11.398204660415647,cliffserve,0
10000,0.0283,178.6560461373385,8306.408664711093,16390.580828620063,17058.517827451527,16384.924687982664,1.0134792743488397,0.0,71.19977000000002,34.62938765582244,37.2507,0.5,84,poisson,0.6,262.3237737612057,4.0,22.796409320831295,dense,0
10000,0.0283,178.6560461373385,8306.408664711093,16390.580828620063,17058.517827451527,16384.924687982664,1.0134792743488397,0.0,71.19977000000002,36.451901084422815,42.68829999999999,0.5,84,poisson,0.6,262.3237737612057,4.0,22.796409320831295,static_pomt,0
10000,0.0283,178.6560461373385,8306.408664711093,16390.580828620063,17058.517827451527,16384.924687982664,1.0134792743488397,0.0,71.19977000000002,36.64904611330698,42.901,0.5,84,poisson,0.6,262.3237737612057,4.0,22.796409320831295,decoupled,0
10000,0.0283,178.6560461373385,8306.408664711093,16390.580828620063,17058.517827451527,16384.924687982664,1.0134792743488397,0.0,71.19977000000002,38.28927880814837,45.44369999999999,0.5,84,poisson,0.6,262.3237737612057,4.0,22.796409320831295,joint_full,0
10000,0.0283,178.6560461373385,8306.408664711093,16390.580828620063,17058.517827451527,16384.924687982664,1.0134792743488397,0.0,71.19977000000002,38.19435917705483,45.376,0.5,84,poisson,0.6,262.3237737612057,4.0,22.796409320831295,cliffserve,0
10000,1.0,257.7591578383389,13.17948861034347,26.748066753711093,34.52992356995268,13.750278690365116,2.1172983273343213,0.0,71.19160400000003,8.270875714588186,10.31,0.5,84,poisson,0.6,262.3237737612057,8.0,45.5928186416626,dense,0
10000,1.0,257.7591578383389,13.17948861034347,26.748066753711093,34.52992356995268,13.750278690365116,2.1172983273343213,0.0,71.19160400000003,8.668706330722,10.801,0.5,84,poisson,0.6,262.3237737612057,8.0,45.5928186416626,static_pomt,0
10000,1.0,257.7591578383389,13.17948861034347,26.748066753711093,34.52992356995268,13.750278690365116,2.1172983273343213,0.0,71.19160400000003,10.14814249417743,12.444,0.5,84,poisson,0.6,262.3237737612057,8.0,45.5928186416626,decoupled,0
10000,1.0,257.7591578383389,13.17948861034347,26.748066753711093,34.52992356995268,13.750278690365116,2.1172983273343213,0.0,71.19160400000003,8.518315900910437,11.101,0.5,84,poisson,0.6,262.3237737612057,8.0,45.5928186416626,joint_full,0
10000,1.0,257.7591578383389,13.17948861034347,26.748066753711093,34.52992356995268,13.750278690365116,2.1172983273343213,0.0,71.19160400000003,8.452192674147787,11.081,0.5,84,poisson,0.6,262.3237737612057,8.0,45.5928186416626,cliffserve,0
10000,1.0,257.7590204919569,13.181334021537625,26.703123762866188,34.332535057528084,13.700715220169648,2.1190930281839373,0.0,71.19160600000002,8.184100656918837,10.219,0.5,84,poisson,0.6,262.3237737612057,12.0,68.38922796249389,dense,0
10000,1.0,257.7590204919569,13.181334021537625,26.703123762866188,34.332535057528084,13.700715220169648,2.1190930281839373,0.0,71.19160600000002,8.608509853782582,10.7201,0.5,84,poisson,0.6,262.3237737612057,12.0,68.38922796249389,static_pomt,0
10000,1.0,257.7590204919569,13.181334021537625,26.703123762866188,34.332535057528084,13.700715220169648,2.1190930281839373,0.0,71.19160600000002,9.950227590591226,12.143,0.5,84,poisson,0.6,262.3237737612057,12.0,68.38922796249389,decoupled,0
10000,1.0,257.7590204919569,13.181334021537625,26.703123762866188,34.332535057528084,13.700715220169648,2.1190930281839373,0.0,71.19160600000002,8.437572790845518,11.091,0.5,84,poisson,0.6,262.3237737612057,12.0,68.38922796249389,joint_full,0
10000,1.0,257.7590204919569,13.181334021537625,26.703123762866188,34.332535057528084,13.700715220169648,2.1190930281839373,0.0,71.19160600000002,8.47148569612206,11.091,0.5,84,poisson,0.6,262.3237737612057,12.0,68.38922796249389,cliffserve,0
10000,0.0008,177.16815764313327,13637.675910046584,26044.80044352069,27116.459937703585,26039.130469265125,1.0002000400080016,0.0,71.19999600000001,35.23435957191439,41.83,0.5,84,poisson,0.8,349.76503168160764,2.0,11.398204660415647,dense,0
10000,0.0008,177.16815764313327,13637.675910046584,26044.80044352069,27116.459937703585,26039.130469265125,1.0002000400080016,0.0,71.19999600000001,37.255061612322464,44.31549999999999,0.5,84,poisson,0.8,349.76503168160764,2.0,11.398204660415647,static_pomt,0
10000,0.0008,177.16815764313327,13637.675910046584,26044.80044352069,27116.459937703585,26039.130469265125,1.0002000400080016,0.0,71.19999600000001,37.29779025805161,43.92699999999999,0.5,84,poisson,0.8,349.76503168160764,2.0,11.398204660415647,decoupled,0
10000,0.0008,177.16815764313327,13637.675910046584,26044.80044352069,27116.459937703585,26039.130469265125,1.0002000400080016,0.0,71.19999600000001,38.99086067213442,46.27949999999999,0.5,84,poisson,0.8,349.76503168160764,2.0,11.398204660415647,joint_full,0
10000,0.0008,177.16815764313327,13637.675910046584,26044.80044352069,27116.459937703585,26039.130469265125,1.0002000400080016,0.0,71.19999600000001,38.98389707941588,46.23249999999999,0.5,84,poisson,0.8,349.76503168160764,2.0,11.398204660415647,cliffserve,0
10000,0.0017,177.23684313696387,13615.766725829131,26022.76210826888,27094.552186663124,26017.06317225947,1.00080064051241,0.0,71.19998800000002,35.87115032025621,42.86549999999999,0.5,84,poisson,0.8,349.76503168160764,4.0,22.796409320831295,dense,0
10000,0.0017,177.23684313696387,13615.766725829131,26022.76210826888,27094.552186663124,26017.06317225947,1.00080064051241,0.0,71.19998800000002,37.63613080464371,44.98049999999999,0.5,84,poisson,0.8,349.76503168160764,4.0,22.796409320831295,static_pomt,0
10000,0.0017,177.23684313696387,13615.766725829131,26022.76210826888,27094.552186663124,26017.06317225947,1.00080064051241,0.0,71.19998800000002,37.480283026421134,44.34904999999999,0.5,84,poisson,0.8,349.76503168160764,4.0,22.796409320831295,decoupled,0
10000,0.0017,177.23684313696387,13615.766725829131,26022.76210826888,27094.552186663124,26017.06317225947,1.00080064051241,0.0,71.19998800000002,38.75995366293034,45.28499999999998,0.5,84,poisson,0.8,349.76503168160764,4.0,22.796409320831295,joint_full,0
10000,0.0017,177.23684313696387,13615.766725829131,26022.76210826888,27094.552186663124,26017.06317225947,1.00080064051241,0.0,71.19998800000002,38.73143925140112,44.84545,0.5,84,poisson,0.8,349.76503168160764,4.0,22.796409320831295,cliffserve,0
10000,0.0152,178.34206731106715,13266.009286787716,25672.95103563295,26744.771958872967,25667.26966766344,1.0105092966855296,0.0,71.19985800000003,35.574057295877125,42.23,0.5,84,poisson,0.8,349.76503168160764,8.0,45.5928186416626,dense,0
10000,0.0152,178.34206731106715,13266.009286787716,25672.95103563295,26744.771958872967,25667.26966766344,1.0105092966855296,0.0,71.19985800000003,37.26247696038804,44.35475,0.5,84,poisson,0.8,349.76503168160764,8.0,45.5928186416626,static_pomt,0
10000,0.0152,178.34206731106715,13266.009286787716,25672.95103563295,26744.771958872967,25667.26966766344,1.0105092966855296,0.0,71.19985800000003,37.47296089329021,44.59425,0.5,84,poisson,0.8,349.76503168160764,8.0,45.5928186416626,decoupled,0
10000,0.0152,178.34206731106715,13266.009286787716,25672.95103563295,26744.771958872967,25667.26966766344,1.0105092966855296,0.0,71.19985800000003,38.6956958367017,45.386,0.5,84,poisson,0.8,349.76503168160764,8.0,45.5928186416626,joint_full,0
10000,0.0152,178.34206731106715,13266.009286787716,25672.95103563295,26744.771958872967,25667.26966766344,1.0105092966855296,0.0,71.19985800000003,38.80246938156831,45.7795,0.5,84,poisson,0.8,349.76503168160764,8.0,45.5928186416626,cliffserve,0
10000,0.049,181.43588590538255,12309.911066701034,24717.390009679068,25788.342742082183,24711.75690723824,1.0391769718383042,0.0,71.19952200000002,35.449357476878305,42.44899999999999,0.5,84,poisson,0.8,349.76503168160764,12.0,68.38922796249389,dense,0
10000,0.049,181.43588590538255,12309.911066701034,24717.390009679068,25788.342742082183,24711.75690723824,1.0391769718383042,0.0,71.19952200000002,37.13895011950535,44.364,0.5,84,poisson,0.8,349.76503168160764,12.0,68.38922796249389,static_pomt,0
10000,0.049,181.43588590538255,12309.911066701034,24717.390009679068,25788.342742082183,24711.75690723824,1.0391769718383042,0.0,71.19952200000002,37.21018008936922,44.394,0.5,84,poisson,0.8,349.76503168160764,12.0,68.38922796249389,decoupled,0
10000,0.049,181.43588590538255,12309.911066701034,24717.390009679068,25788.342742082183,24711.75690723824,1.0391769718383042,0.0,71.19952200000002,38.47734064221137,45.236,0.5,84,poisson,0.8,349.76503168160764,12.0,68.38922796249389,joint_full,0
10000,0.049,181.43588590538255,12309.911066701034,24717.390009679068,25788.342742082183,24711.75690723824,1.0391769718383042,0.0,71.19952200000002,38.09573771173231,44.97299999999999,0.5,84,poisson,0.8,349.76503168160764,12.0,68.38922796249389,cliffserve,0
10000,0.0006,177.16199083245476,15942.43251210379,30400.90695494869,31659.994244546,30395.25900470474,1.000100010001,0.0,71.19999800000002,35.47956835683568,42.1401,0.5,84,poisson,0.95,415.345975121909,2.0,11.398204660415647,dense,0
10000,0.0006,177.16199083245476,15942.43251210379,30400.90695494869,31659.994244546,30395.25900470474,1.000100010001,0.0,71.19999800000002,37.07773837383738,43.8041,0.5,84,poisson,0.95,415.345975121909,2.0,11.398204660415647,static_pomt,0
10000,0.0006,177.16199083245476,15942.43251210379,30400.90695494869,31659.994244546,30395.25900470474,1.000100010001,0.0,71.19999800000002,36.72291849184919,42.962,0.5,84,poisson,0.95,415.345975121909,2.0,11.398204660415647,decoupled,0
10000,0.0006,177.16199083245476,15942.43251210379,30400.90695494869,31659.994244546,30395.25900470474,1.000100010001,0.0,71.19999800000002,38.0930401040104,44.105,0.5,84,poisson,0.95,415.345975121909,2.0,11.398204660415647,joint_full,0
10000,0.0006,177.16199083245476,15942.43251210379,30400.90695494869,31659.994244546,30395.25900470474,1.000100010001,0.0,71.19999800000002,38.58151625162516,45.917,0.5,84,poisson,0.95,415.345975121909,2.0,11.398204660415647,cliffserve,0
10000,0.0014,177.22593838633526,15921.946757359148,30380.36047146336,31639.57846030421,30374.65787165181,1.0007004903432404,0.0,71.19998800000002,35.39954298008606,42.03799999999999,0.5,84,poisson,0.95,415.345975121909,4.0,22.796409320831295,dense,0
10000,0.0014,177.22593838633526,15921.946757359148,30380.36047146336,31639.57846030421,30374.65787165181,1.0007004903432404,0.0,71.19998800000002,37.05067847493245,43.731,0.5,84,poisson,0.95,415.345975121909,4.0,22.796409320831295,static_pomt,0
10000,0.0014,177.22593838633526,15921.946757359148,30380.36047146336,31639.57846030421,30374.65787165181,1.0007004903432404,0.0,71.19998800000002,37.29775763034124,43.78099999999999,0.5,84,poisson,0.95,415.345975121909,4.0,22.796409320831295,decoupled,0
10000,0.0014,177.22593838633526,15921.946757359148,30380.36047146336,31639.57846030421,30374.65787165181,1.0007004903432404,0.0,71.19998800000002,38.34691303912738,44.819,0.5,84,poisson,0.95,415.345975121909,4.0,22.796409320831295,joint_full,0
10000,0.0014,177.22593838633526,15921.946757359148,30380.36047146336,31639.57846030421,30374.65787165181,1.0007004903432404,0.0,71.19998800000002,38.272753327329134,45.581,0.5,84,poisson,0.95,415.345975121909,4.0,22.796409320831295,cliffserve,0
10000,0.0085,177.83503576651893,15728.36898092711,30187.083748531502,31446.253242203664,30181.40052776353,1.006137438374082,0.0,71.19991800000001,35.31678941543415,41.8001,0.5,84,poisson,0.95,415.345975121909,8.0,45.5928186416626,dense,0
10000,0.0085,177.83503576651893,15728.36898092711,30187.083748531502,31446.253242203664,30181.40052776353,1.006137438374082,0.0,71.19991800000001,37.02992433846463,43.173,0.5,84,poisson,0.95,415.345975121909,8.0,45.5928186416626,static_pomt,0
10000,0.0085,177.83503576651893,15728.36898092711,30187.083748531502,31446.253242203664,30181.40052776353,1.006137438374082,0.0,71.19991800000001,37.17396579132709,43.36590000000001,0.5,84,poisson,0.95,415.345975121909,8.0,45.5928186416626,decoupled,0
10000,0.0085,177.83503576651893,15728.36898092711,30187.083748531502,31446.253242203664,30181.40052776353,1.006137438374082,0.0,71.19991800000001,37.6400725425093,42.92400000000001,0.5,84,poisson,0.95,415.345975121909,8.0,45.5928186416626,joint_full,0
10000,0.0085,177.83503576651893,15728.36898092711,30187.083748531502,31446.253242203664,30181.40052776353,1.006137438374082,0.0,71.19991800000001,38.45934510514136,45.1269,0.5,84,poisson,0.95,415.345975121909,8.0,45.5928186416626,cliffserve,0
10000,0.0136,178.3137666254349,15577.53499822104,30035.78747253434,31295.10628268428,30030.09821164624,1.010611419909045,0.0,71.19986600000001,35.545949873673564,42.1603,0.5,84,poisson,0.95,415.345975121909,12.0,68.38922796249389,dense,0
10000,0.0136,178.3137666254349,15577.53499822104,30035.78747253434,31295.10628268428,30030.09821164624,1.010611419909045,0.0,71.19986600000001,37.00199919151086,42.711,0.5,84,poisson,0.95,415.345975121909,12.0,68.38922796249389,static_pomt,0
10000,0.0136,178.3137666254349,15577.53499822104,30035.78747253434,31295.10628268428,30030.09821164624,1.010611419909045,0.0,71.19986600000001,37.01877756442648,43.05569999999999,0.5,84,poisson,0.95,415.345975121909,12.0,68.38922796249389,decoupled,0
10000,0.0136,178.3137666254349,15577.53499822104,30035.78747253434,31295.10628268428,30030.09821164624,1.010611419909045,0.0,71.19986600000001,38.36187215765538,45.52969999999999,0.5,84,poisson,0.95,415.345975121909,12.0,68.38922796249389,joint_full,0
10000,0.0136,178.3137666254349,15577.53499822104,30035.78747253434,31295.10628268428,30030.09821164624,1.010611419909045,0.0,71.19986600000001,38.452238504295096,45.01869999999999,0.5,84,poisson,0.95,415.345975121909,12.0,68.38922796249389,cliffserve,0
10000,0.0004,177.16199083245476,17617.125534108436,33567.52769885084,34962.90435267203,33561.87974860689,1.000100010001,0.0,71.19999800000002,35.46970617061706,41.258,0.5,84,poisson,1.1,480.9269185622105,2.0,11.398204660415647,dense,0
10000,0.0004,177.16199083245476,17617.125534108436,33567.52769885084,34962.90435267203,33561.87974860689,1.000100010001,0.0,71.19999800000002,36.82426652665266,42.361,0.5,84,poisson,1.1,480.9269185622105,2.0,11.398204660415647,static_pomt,0
10000,0.0004,177.16199083245476,17617.125534108436,33567.52769885084,34962.90435267203,33561.87974860689,1.000100010001,0.0,71.19999800000002,37.184709170917095,43.4339,0.5,84,poisson,1.1,480.9269185622105,2.0,11.398204660415647,decoupled,0
10000,0.0004,177.16199083245476,17617.125534108436,33567.52769885084,34962.90435267203,33561.87974860689,1.000100010001,0.0,71.19999800000002,38.59783108310831,45.156,0.5,84,poisson,1.1,480.9269185622105,2.0,11.398204660415647,joint_full,0
10000,0.0004,177.16199083245476,17617.125534108436,33567.52769885084,34962.90435267203,33561.87974860689,1.000100010001,0.0,71.19999800000002,38.67685308530853,45.185100000000006,0.5,84,poisson,1.1,480.9269185622105,2.0,11.398204660415647,cliffserve,0
10000,0.0015,177.2467513864495,17590.008631634588,33540.28962800198,34935.80967200661,33534.58344719105,1.00080064051241,0.0,71.19998600000001,35.155994195356286,41.19845,0.5,84,poisson,1.1,480.9269185622105,4.0,22.796409320831295,dense,0
10000,0.0015,177.2467513864495,17590.008631634588,33540.28962800198,34935.80967200661,33534.58344719105,1.00080064051241,0.0,71.19998600000001,37.10842584067254,44.02694999999997,0.5,84,poisson,1.1,480.9269185622105,4.0,22.796409320831295,static_pomt,0
10000,0.0015,177.2467513864495,17590.008631634588,33540.28962800198,34935.80967200661,33534.58344719105,1.00080064051241,0.0,71.19998600000001,37.14360558446757,43.513,0.5,84,poisson,1.1,480.9269185622105,4.0,22.796409320831295,decoupled,0
10000,0.0015,177.2467513864495,17590.008631634588,33540.28962800198,34935.80967200661,33534.58344719105,1.00080064051241,0.0,71.19998600000001,38.29672007606085,44.10345,0.5,84,poisson,1.1,480.9269185622105,4.0,22.796409320831295,joint_full,0
10000,0.0015,177.2467513864495,17590.008631634588,33540.28962800198,34935.80967200661,33534.58344719105,1.00080064051241,0.0,71.19998600000001,38.5873276621297,45.49105,0.5,84,poisson,1.1,480.9269185622105,4.0,22.796409320831295,cliffserve,0
10000,0.0073,177.78460066581644,17418.92636172759,33369.672518655585,34765.13382155324,33363.99503528766,1.0058338362502517,0.0,71.19992800000003,35.70120931402132,42.491,0.5,84,poisson,1.1,480.9269185622105,8.0,45.5928186416626,dense,0
10000,0.0073,177.78460066581644,17418.92636172759,33369.672518655585,34765.13382155324,33363.99503528766,1.0058338362502517,0.0,71.19992800000003,36.91408509354255,43.603,0.5,84,poisson,1.1,480.9269185622105,8.0,45.5928186416626,static_pomt,0
10000,0.0073,177.78460066581644,17418.92636172759,33369.672518655585,34765.13382155324,33363.99503528766,1.0058338362502517,0.0,71.19992800000003,37.34271645544156,43.59199999999999,0.5,84,poisson,1.1,480.9269185622105,8.0,45.5928186416626,decoupled,0
10000,0.0073,177.78460066581644,17418.92636172759,33369.672518655585,34765.13382155324,33363.99503528766,1.0058338362502517,0.0,71.19992800000003,38.50337829410582,44.765,0.5,84,poisson,1.1,480.9269185622105,8.0,45.5928186416626,joint_full,0
10000,0.0073,177.78460066581644,17418.92636172759,33369.672518655585,34765.13382155324,33363.99503528766,1.0058338362502517,0.0,71.19992800000003,38.62042697646349,45.11549999999999,0.5,84,poisson,1.1,480.9269185622105,8.0,45.5928186416626,cliffserve,0
10000,0.0105,178.07276602195708,17327.782455134267,33278.19669823341,34673.76432702923,33272.51570927791,1.0085728693898135,0.0,71.19989600000002,35.594784165405954,41.91199999999999,0.5,84,poisson,1.1,480.9269185622105,12.0,68.38922796249389,dense,0
10000,0.0105,178.07276602195708,17327.782455134267,33278.19669823341,34673.76432702923,33272.51570927791,1.0085728693898135,0.0,71.19989600000002,37.11578184568835,43.36569999999999,0.5,84,poisson,1.1,480.9269185622105,12.0,68.38922796249389,static_pomt,0
10000,0.0105,178.07276602195708,17327.782455134267,33278.19669823341,34673.76432702923,33272.51570927791,1.0085728693898135,0.0,71.19989600000002,37.37696500252143,44.254,0.5,84,poisson,1.1,480.9269185622105,12.0,68.38922796249389,decoupled,0
10000,0.0105,178.07276602195708,17327.782455134267,33278.19669823341,34673.76432702923,33272.51570927791,1.0085728693898135,0.0,71.19989600000002,38.626232879475545,45.47729999999995,0.5,84,poisson,1.1,480.9269185622105,12.0,68.38922796249389,joint_full,0
10000,0.0105,178.07276602195708,17327.782455134267,33278.19669823341,34673.76432702923,33272.51570927791,1.0085728693898135,0.0,71.19989600000002,38.547099445284914,45.469,0.5,84,poisson,1.1,480.9269185622105,12.0,68.38922796249389,cliffserve,0
10000,0.1926,129.66465906889476,41.216157036942604,168.34738233833266,258.6551640357919,162.67626237027503,1.031140441328109,0.0,71.19939600000002,10.120771705506291,17.02215,0.5,84,onoff,0.3,131.16188688060285,2.0,11.398204660415647,dense,0
10000,0.1926,129.66465906889476,41.216157036942604,168.34738233833266,258.6551640357919,162.67626237027503,1.031140441328109,0.0,71.19939600000002,10.786245617653124,17.925499999999996,0.5,84,onoff,0.3,131.16188688060285,2.0,11.398204660415647,static_pomt,0
10000,0.1926,129.66465906889476,41.216157036942604,168.34738233833266,258.6551640357919,162.67626237027503,1.031140441328109,0.0,71.19939600000002,11.75333625489792,18.671849999999985,0.5,84,onoff,0.3,131.16188688060285,2.0,11.398204660415647,decoupled,0
10000,0.1926,129.66465906889476,41.216157036942604,168.34738233833266,258.6551640357919,162.67626237027503,1.031140441328109,0.0,71.19939600000002,11.907141575582594,19.417,0.5,84,onoff,0.3,131.16188688060285,2.0,11.398204660415647,joint_full,0
10000,0.1926,129.66465906889476,41.216157036942604,168.34738233833266,258.6551640357919,162.67626237027503,1.031140441328109,0.0,71.19939600000002,11.96392843885337,20.481649999999966,0.5,84,onoff,0.3,131.16188688060285,2.0,11.398204660415647,cliffserve,0
10000,0.8276,129.7417768024444,11.764012980529516,97.13587215945984,190.80641607362608,91.56569930122168,1.4480162177816391,0.0,71.19453000000003,8.537448305821025,12.9725,0.5,84,onoff,0.3,131.16188688060285,4.0,22.796409320831295,dense,0
10000,0.8276,129.7417768024444,11.764012980529516,97.13587215945984,190.80641607362608,91.56569930122168,1.4480162177816391,0.0,71.19453000000003,8.98273370981755,13.84675,0.5,84,onoff,0.3,131.16188688060285,4.0,22.796409320831295,static_pomt,0
10000,0.8276,129.7417768024444,11.764012980529516,97.13587215945984,190.80641607362608,91.56569930122168,1.4480162177816391,0.0,71.19453000000003,10.308857804807412,14.688,0.5,84,onoff,0.3,131.16188688060285,4.0,22.796409320831295,decoupled,0
10000,0.8276,129.7417768024444,11.764012980529516,97.13587215945984,190.80641607362608,91.56569930122168,1.4480162177816391,0.0,71.19453000000003,9.068045178105995,15.309,0.5,84,onoff,0.3,131.16188688060285,4.0,22.796409320831295,joint_full,0
10000,0.8276,129.7417768024444,11.764012980529516,97.13587215945984,190.80641607362608,91.56569930122168,1.4480162177816391,0.0,71.19453000000003,9.089171300318563,15.33975,0.5,84,onoff,0.3,131.16188688060285,4.0,22.796409320831295,cliffserve,0
10000,1.0,129.74210290417386,10.693259683379438,21.658714186901307,27.6780220045538,11.267677581222596,1.673080140538732,0.0,71.19318000000001,7.573377781495735,9.999,0.5,84,onoff,0.3,131.16188688060285,8.0,45.5928186416626,dense,0
10000,1.0,129.74210290417386,10.693259683379438,21.658714186901307,27.6780220045538,11.267677581222596,1.673080140538732,0.0,71.19318000000001,7.901086832859295,10.46,0.5,84,onoff,0.3,131.16188688060285,8.0,45.5928186416626,static_pomt,0
10000,1.0,129.74210290417386,10.693259683379438,21.658714186901307,27.6780220045538,11.267677581222596,1.673080140538732,0.0,71.19318000000001,9.47080307846746,12.013,0.5,84,onoff,0.3,131.16188688060285,8.0,45.5928186416626,decoupled,0
10000,1.0,129.74210290417386,10.693259683379438,21.658714186901307,27.6780220045538,11.267677581222596,1.673080140538732,0.0,71.19318000000001,7.593727957169149,10.801,0.5,84,onoff,0.3,131.16188688060285,8.0,45.5928186416626,joint_full,0
10000,1.0,129.74210290417386,10.693259683379438,21.658714186901307,27.6780220045538,11.267677581222596,1.673080140538732,0.0,71.19318000000001,7.600421783503431,10.811,0.5,84,onoff,0.3,131.16188688060285,8.0,45.5928186416626,cliffserve,0
10000,1.0,129.74210290417386,10.693259683379438,21.658714186901307,27.6780220045538,11.267677581222596,1.673080140538732,0.0,71.19318000000001,7.543077128994478,9.960799999999995,0.5,84,onoff,0.3,131.16188688060285,12.0,68.38922796249389,dense,0
10000,1.0,129.74210290417386,10.693259683379438,21.658714186901307,27.6780220045538,11.267677581222596,1.673080140538732,0.0,71.19318000000001,7.891469466287435,10.4,0.5,84,onoff,0.3,131.16188688060285,12.0,68.38922796249389,static_pomt,0
10000,1.0,129.74210290417386,10.693259683379438,21.658714186901307,27.6780220045538,11.267677581222596,1.673080140538732,0.0,71.19318000000001,9.362391166136858,11.904799999999998,0.5,84,onoff,0.3,131.16188688060285,12.0,68.38922796249389,decoupled,0
10000,1.0,129.74210290417386,10.693259683379438,21.658714186901307,27.6780220045538,11.267677581222596,1.673080140538732,0.0,71.19318000000001,7.476405220010038,10.7,0.5,84,onoff,0.3,131.16188688060285,12.0,68.38922796249389,joint_full,0
10000,1.0,129.74210290417386,10.693259683379438,21.658714186901307,27.6780220045538,11.267677581222596,1.673080140538732,0.0,71.19318000000001,7.563855613183872,10.771,0.5,84,onoff,0.3,131.16188688060285,12.0,68.38922796249389,cliffserve,0
10000,0.0006,177.15785403733668,8812.992391334437,17426.748488603444,18453.332598504,17421.077755628437,1.000100010001,0.0,71.19999800000002,35.3412299229923,42.06,0.5,84,onoff,0.6,262.3237737612057,2.0,11.398204660415647,dense,0
10000,0.0006,177.15785403733668,8812.992391334437,17426.748488603444,18453.332598504,17421.077755628437,1.000100010001,0.0,71.19999800000002,36.36615361536153,42.752,0.5,84,onoff,0.6,262.3237737612057,2.0,11.398204660415647,static_pomt,0
10000,0.0006,177.15785403733668,8812.992391334437,17426.748488603444,18453.332598504,17421.077755628437,1.000100010001,0.0,71.19999800000002,36.90710431043105,43.683,0.5,84,onoff,0.6,262.3237737612057,2.0,11.398204660415647,decoupled,0
10000,0.0006,177.15785403733668,8812.992391334437,17426.748488603444,18453.332598504,17421.077755628437,1.000100010001,0.0,71.19999800000002,38.27543274327433,44.81890000000001,0.5,84,onoff,0.6,262.3237737612057,2.0,11.398204660415647,joint_full,0
10000,0.0006,177.15785403733668,8812.992391334437,17426.748488603444,18453.332598504,17421.077755628437,1.000100010001,0.0,71.19999800000002,38.113734073407336,44.284,0.5,84,onoff,0.6,262.3237737612057,2.0,11.398204660415647,cliffserve,0
10000,0.0014,177.23354607992104,8788.759142862224,17402.598573432773,18429.020984691557,17396.95782123646,1.0007004903432404,0.0,71.19998800000002,35.26041709196438,41.453,0.5,84,onoff,0.6,262.3237737612057,4.0,22.796409320831295,dense,0
10000,0.0014,177.23354607992104,8788.759142862224,17402.598573432773,18429.020984691557,17396.95782123646,1.0007004903432404,0.0,71.19998800000002,36.76774832382667,43.277,0.5,84,onoff,0.6,262.3237737612057,4.0,22.796409320831295,static_pomt,0
10000,0.0014,177.23354607992104,8788.759142862224,17402.598573432773,18429.020984691557,17396.95782123646,1.0007004903432404,0.0,71.19998800000002,37.05917672370659,44.02339999999998,0.5,84,onoff,0.6,262.3237737612057,4.0,22.796409320831295,decoupled,0
10000,0.0014,177.23354607992104,8788.759142862224,17402.598573432773,18429.020984691557,17396.95782123646,1.0007004903432404,0.0,71.19998800000002,38.24934083858701,44.565,0.5,84,onoff,0.6,262.3237737612057,4.0,22.796409320831295,joint_full,0
10000,0.0014,177.23354607992104,8788.759142862224,17402.598573432773,18429.020984691557,17396.95782123646,1.0007004903432404,0.0,71.19998800000002,38.26725567897528,44.605,0.5,84,onoff,0.6,262.3237737612057,4.0,22.796409320831295,cliffserve,0
10000,0.0072,177.76629977328716,8619.63989907958,17233.406322823375,18259.8609676637,17227.726129065362,1.005631536604988,0.0,71.19993000000002,35.09097797666935,41.73835,0.5,84,onoff,0.6,262.3237737612057,8.0,45.5928186416626,dense,0
10000,0.0072,177.76629977328716,8619.63989907958,17233.406322823375,18259.8609676637,17227.726129065362,1.005631536604988,0.0,71.19993000000002,36.83835911102173,43.502,0.5,84,onoff,0.6,262.3237737612057,8.0,45.5928186416626,static_pomt,0
10000,0.0072,177.76629977328716,8619.63989907958,17233.406322823375,18259.8609676637,17227.726129065362,1.005631536604988,0.0,71.19993000000002,36.94081124296058,43.46135,0.5,84,onoff,0.6,262.3237737612057,8.0,45.5928186416626,decoupled,0
10000,0.0072,177.76629977328716,8619.63989907958,17233.406322823375,18259.8609676637,17227.726129065362,1.005631536604988,0.0,71.19993000000002,38.143716009654064,44.7935,0.5,84,onoff,0.6,262.3237737612057,8.0,45.5928186416626,joint_full,0
10000,0.0072,177.76629977328716,8619.63989907958,17233.406322823375,18259.8609676637,17227.726129065362,1.005631536604988,0.0,71.19993000000002,37.86900422365245,44.48265000000001,0.5,84,onoff,0.6,262.3237737612057,8.0,45.5928186416626,cliffserve,0
10000,0.0232,178.7353848759821,8314.772276625821,16928.394752029202,17954.73226254164,16922.71637444856,1.0182262498727217,0.0,71.19978000000003,35.50974513796966,42.261,0.5,84,onoff,0.6,262.3237737612057,12.0,68.38922796249389,dense,0
10000,0.0232,178.7353848759821,8314.772276625821,16928.394752029202,17954.73226254164,16922.71637444856,1.0182262498727217,0.0,71.19978000000003,36.79284706241727,43.633,0.5,84,onoff,0.6,262.3237737612057,12.0,68.38922796249389,static_pomt,0
10000,0.0232,178.7353848759821,8314.772276625821,16928.394752029202,17954.73226254164,16922.71637444856,1.0182262498727217,0.0,71.19978000000003,37.02382608695652,43.814,0.5,84,onoff,0.6,262.3237737612057,12.0,68.38922796249389,decoupled,0
10000,0.0232,178.7353848759821,8314.772276625821,16928.394752029202,17954.73226254164,16922.71637444856,1.0182262498727217,0.0,71.19978000000003,38.34551043681906,45.356,0.5,84,onoff,0.6,262.3237737612057,12.0,68.38922796249389,joint_full,0
10000,0.0232,178.7353848759821,8314.772276625821,16928.394752029202,17954.73226254164,16922.71637444856,1.0182262498727217,0.0,71.19978000000003,38.24168098971591,44.916,0.5,84,onoff,0.6,262.3237737612057,12.0,68.38922796249389,cliffserve,0
10000,0.0004,177.16177067711035,12995.922053216493,26420.15854665293,27848.47494166109,26414.511132326264,1.000100010001,0.0,71.19999800000002,35.34419361936194,42.003000000000014,0.5,84,onoff,0.8,349.76503168160764,2.0,11.398204660415647,dense,0
10000,0.0004,177.16177067711035,12995.922053216493,26420.15854665293,27848.47494166109,26414.511132326264,1.000100010001,0.0,71.19999800000002,36.66324432443245,43.02400000000001,0.5,84,onoff,0.8,349.76503168160764,2.0,11.398204660415647,static_pomt,0
10000,0.0004,177.16177067711035,12995.922053216493,26420.15854665293,27848.47494166109,26414.511132326264,1.000100010001,0.0,71.19999800000002,37.05406460646064,43.664,0.5,84,onoff,0.8,349.76503168160764,2.0,11.398204660415647,decoupled,0
10000,0.0004,177.16177067711035,12995.922053216493,26420.15854665293,27848.47494166109,26414.511132326264,1.000100010001,0.0,71.19999800000002,38.47553375337533,44.9251,0.5,84,onoff,0.8,349.76503168160764,2.0,11.398204660415647,joint_full,0
10000,0.0004,177.16177067711035,12995.922053216493,26420.15854665293,27848.47494166109,26414.511132326264,1.000100010001,0.0,71.19999800000002,38.29876857685768,44.4859,0.5,84,onoff,0.8,349.76503168160764,2.0,11.398204660415647,cliffserve,0
10000,0.001,177.21039179257468,12980.373781798877,26404.53028539671,27833.009784896112,26398.82650777353,1.0005002501250626,0.0,71.19999200000001,35.44896268134067,42.23629999999998,0.5,84,onoff,0.8,349.76503168160764,4.0,22.796409320831295,dense,0
10000,0.001,177.21039179257468,12980.373781798877,26404.53028539671,27833.009784896112,26398.82650777353,1.0005002501250626,0.0,71.19999200000001,37.01263581790895,44.154,0.5,84,onoff,0.8,349.76503168160764,4.0,22.796409320831295,static_pomt,0
10000,0.001,177.21039179257468,12980.373781798877,26404.53028539671,27833.009784896112,26398.82650777353,1.0005002501250626,0.0,71.19999200000001,37.112948174087045,44.455,0.5,84,onoff,0.8,349.76503168160764,4.0,22.796409320831295,decoupled,0
10000,0.001,177.21039179257468,12980.373781798877,26404.53028539671,27833.009784896112,26398.82650777353,1.0005002501250626,0.0,71.19999200000001,38.54826853426714,45.597,0.5,84,onoff,0.8,349.76503168160764,4.0,22.796409320831295,joint_full,0
10000,0.001,177.21039179257468,12980.373781798877,26404.53028539671,27833.009784896112,26398.82650777353,1.0005002501250626,0.0,71.19999200000001,38.27794617308655,44.959,0.5,84,onoff,0.8,349.76503168160764,4.0,22.796409320831295,cliffserve,0
10000,0.0028,177.37398751639756,12928.285780786073,26352.426753649197,27780.819723980163,26346.86342745729,1.002004008016032,0.0,71.19997400000003,35.43197885771543,42.421,0.5,84,onoff,0.8,349.76503168160764,8.0,45.5928186416626,dense,0
10000,0.0028,177.37398751639756,12928.285780786073,26352.426753649197,27780.819723980163,26346.86342745729,1.002004008016032,0.0,71.19997400000003,37.01953106212424,44.25405,0.5,84,onoff,0.8,349.76503168160764,8.0,45.5928186416626,static_pomt,0
10000,0.0028,177.37398751639756,12928.285780786073,26352.426753649197,27780.819723980163,26346.86342745729,1.002004008016032,0.0,71.19997400000003,37.2133504008016,44.5555,0.5,84,onoff,0.8,349.76503168160764,8.0,45.5928186416626,decoupled,0
10000,0.0028,177.37398751639756,12928.285780786073,26352.426753649197,27780.819723980163,26346.86342745729,1.002004008016032,0.0,71.19997400000003,38.45556152304609,45.49654999999999,0.5,84,onoff,0.8,349.76503168160764,8.0,45.5928186416626,joint_full,0
10000,0.0028,177.37398751639756,12928.285780786073,26352.426753649197,27780.819723980163,26346.86342745729,1.002004008016032,0.0,71.19997400000003,38.34001943887775,44.765,0.5,84,onoff,0.8,349.76503168160764,8.0,45.5928186416626,cliffserve,0
10000,0.0116,178.1787062981313,12673.174741385972,26097.47207433237,27525.811521866057,26091.832453408377,1.0094891984655765,0.0,71.199886,34.79675741974561,41.018,0.5,84,onoff,0.8,349.76503168160764,12.0,68.38922796249389,dense,0
10000,0.0116,178.1787062981313,12673.174741385972,26097.47207433237,27525.811521866057,26091.832453408377,1.0094891984655765,0.0,71.199886,35.96977124974763,42.411,0.5,84,onoff,0.8,349.76503168160764,12.0,68.38922796249389,static_pomt,0
10000,0.0116,178.1787062981313,12673.174741385972,26097.47207433237,27525.811521866057,26091.832453408377,1.0094891984655765,0.0,71.199886,36.70545588532202,43.643,0.5,84,onoff,0.8,349.76503168160764,12.0,68.38922796249389,decoupled,0
10000,0.0116,178.1787062981313,12673.174741385972,26097.47207433237,27525.811521866057,26091.832453408377,1.0094891984655765,0.0,71.199886,37.97628427215829,44.3115,0.5,84,onoff,0.8,349.76503168160764,12.0,68.38922796249389,joint_full,0
10000,0.0116,178.1787062981313,12673.174741385972,26097.47207433237,27525.811521866057,26091.832453408377,1.0094891984655765,0.0,71.199886,38.20247082576217,45.733,0.5,84,onoff,0.8,349.76503168160764,12.0,68.38922796249389,cliffserve,0
10000,0.0004,177.16177067711033,13901.643639079204,28314.12016930302,29751.52045510357,28308.47221905907,1.000100010001,0.0,71.19999800000002,34.950108710871085,41.138,0.5,84,onoff,0.95,415.345975121909,2.0,11.398204660415647,dense,0
10000,0.0004,177.16177067711033,13901.643639079204,28314.12016930302,29751.52045510357,28308.47221905907,1.000100010001,0.0,71.19999800000002,37.10134463446345,44.09310000000001,0.5,84,onoff,0.95,415.345975121909,2.0,11.398204660415647,static_pomt,0
10000,0.0004,177.16177067711033,13901.643639079204,28314.12016930302,29751.52045510357,28308.47221905907,1.000100010001,0.0,71.19999800000002,37.09766396639664,43.2239,0.5,84,onoff,0.95,415.345975121909,2.0,11.398204660415647,decoupled,0
10000,0.0004,177.16177067711033,13901.643639079204,28314.12016930302,29751.52045510357,28308.47221905907,1.000100010001,0.0,71.19999800000002,38.40873707370737,44.224,0.5,84,onoff,0.95,415.345975121909,2.0,11.398204660415647,joint_full,0
10000,0.0004,177.16177067711033,13901.643639079204,28314.12016930302,29751.52045510357,28308.47221905907,1.000100010001,0.0,71.19999800000002,38.52403540354035,44.93800000000002,0.5,84,onoff,0.95,415.345975121909,2.0,11.398204660415647,cliffserve,0
10000,0.0009,177.19633126521745,13890.542311421505,28302.995424482426,29740.53851008004,28297.34763416965,1.0004001600640255,0.0,71.19999400000002,35.23533493397359,40.637,0.5,84,onoff,0.95,415.345975121909,4.0,22.796409320831295,dense,0
10000,0.0009,177.19633126521745,13890.542311421505,28302.995424482426,29740.53851008004,28297.34763416965,1.0004001600640255,0.0,71.19999400000002,36.90746388555422,42.742,0.5,84,onoff,0.95,415.345975121909,4.0,22.796409320831295,static_pomt,0
10000,0.0009,177.19633126521745,13890.542311421505,28302.995424482426,29740.53851008004,28297.34763416965,1.0004001600640255,0.0,71.19999400000002,36.98850210084034,43.11725,0.5,84,onoff,0.95,415.345975121909,4.0,22.796409320831295,decoupled,0
10000,0.0009,177.19633126521745,13890.542311421505,28302.995424482426,29740.53851008004,28297.34763416965,1.0004001600640255,0.0,71.19999400000002,38.02282392957183,40.387,0.5,84,onoff,0.95,415.345975121909,4.0,22.796409320831295,joint_full,0
10000,0.0009,177.19633126521745,13890.542311421505,28302.995424482426,29740.53851008004,28297.34763416965,1.0004001600640255,0.0,71.19999400000002,37.9667887154862,43.4155,0.5,84,onoff,0.95,415.345975121909,4.0,22.796409320831295,cliffserve,0
10000,0.0026,177.35908979694673,13838.72183012115,28251.129787609178,29688.38601604527,28245.49590141495,1.001903616872057,0.0,71.19997600000002,34.99560595130748,38.113,0.5,84,onoff,0.95,415.345975121909,8.0,45.5928186416626,dense,0
10000,0.0026,177.35908979694673,13838.72183012115,28251.129787609178,29688.38601604527,28245.49590141495,1.001903616872057,0.0,71.19997600000002,36.53794519587216,42.19,0.5,84,onoff,0.95,415.345975121909,8.0,45.5928186416626,static_pomt,0
10000,0.0026,177.35908979694673,13838.72183012115,28251.129787609178,29688.38601604527,28245.49590141495,1.001903616872057,0.0,71.19997600000002,37.1822910530007,42.782,0.5,84,onoff,0.95,415.345975121909,8.0,45.5928186416626,decoupled,0
10000,0.0026,177.35908979694673,13838.72183012115,28251.129787609178,29688.38601604527,28245.49590141495,1.001903616872057,0.0,71.19997600000002,38.62113485622682,45.507,0.5,84,onoff,0.95,415.345975121909,8.0,45.5928186416626,joint_full,0
10000,0.0026,177.35908979694673,13838.72183012115,28251.129787609178,29688.38601604527,28245.49590141495,1.001903616872057,0.0,71.19997600000002,38.680428413986576,45.807,0.5,84,onoff,0.95,415.345975121909,8.0,45.5928186416626,cliffserve,0
10000,0.005,177.57887276546583,13768.956854096525,28181.37546529492,29618.672275644003,28175.645758196908,1.0040160642570282,0.0,71.19995200000002,34.98970220883534,41.008,0.5,84,onoff,0.95,415.345975121909,12.0,68.38922796249389,dense,0
10000,0.005,177.57887276546583,13768.956854096525,28181.37546529492,29618.672275644003,28175.645758196908,1.0040160642570282,0.0,71.19995200000002,37.04795612449799,43.65399999999998,0.5,84,onoff,0.95,415.345975121909,12.0,68.38922796249389,static_pomt,0
10000,0.005,177.57887276546583,13768.956854096525,28181.37546529492,29618.672275644003,28175.645758196908,1.0040160642570282,0.0,71.19995200000002,36.84640421686747,42.6615,0.5,84,onoff,0.95,415.345975121909,12.0,68.38922796249389,decoupled,0
10000,0.005,177.57887276546583,13768.956854096525,28181.37546529492,29618.672275644003,28175.645758196908,1.0040160642570282,0.0,71.19995200000002,38.30480311244981,44.605,0.5,84,onoff,0.95,415.345975121909,12.0,68.38922796249389,joint_full,0
10000,0.005,177.57887276546583,13768.956854096525,28181.37546529492,29618.672275644003,28175.645758196908,1.0040160642570282,0.0,71.19995200000002,38.32639658634538,44.996,0.5,84,onoff,0.95,415.345975121909,12.0,68.38922796249389,cliffserve,0
10000,0.0003,177.14794933142687,17157.569062808434,33144.30149145714,34367.009744224604,33138.68579538456,1.0,0.0,71.20000000000002,35.1057814,41.559,0.5,84,onoff,1.1,480.9269185622105,2.0,11.398204660415647,dense,0
10000,0.0003,177.14794933142687,17157.569062808434,33144.30149145714,34367.009744224604,33138.68579538456,1.0,0.0,71.20000000000002,37.2612454,44.61405,0.5,84,onoff,1.1,480.9269185622105,2.0,11.398204660415647,static_pomt,0
10000,0.0003,177.14794933142687,17157.569062808434,33144.30149145714,34367.009744224604,33138.68579538456,1.0,0.0,71.20000000000002,37.0283904,42.6915,0.5,84,onoff,1.1,480.9269185622105,2.0,11.398204660415647,decoupled,0
10000,0.0003,177.14794933142687,17157.569062808434,33144.30149145714,34367.009744224604,33138.68579538456,1.0,0.0,71.20000000000002,38.5092026,44.02445,0.5,84,onoff,1.1,480.9269185622105,2.0,11.398204660415647,joint_full,0
10000,0.0003,177.14794933142687,17157.569062808434,33144.30149145714,34367.009744224604,33138.68579538456,1.0,0.0,71.20000000000002,38.7129655,45.2265,0.5,84,onoff,1.1,480.9269185622105,2.0,11.398204660415647,cliffserve,0
10000,0.0008,177.19627148357677,17142.099654534737,33128.896204954304,34351.535382304246,33123.21877945057,1.0004001600640255,0.0,71.19999400000002,35.71618717486995,41.94,0.5,84,onoff,1.1,480.9269185622105,4.0,22.796409320831295,dense,0
10000,0.0008,177.19627148357677,17142.099654534737,33128.896204954304,34351.535382304246,33123.21877945057,1.0004001600640255,0.0,71.19999400000002,37.30295648259304,44.2665,0.5,84,onoff,1.1,480.9269185622105,4.0,22.796409320831295,static_pomt,0
10000,0.0008,177.19627148357677,17142.099654534737,33128.896204954304,34351.535382304246,33123.21877945057,1.0004001600640255,0.0,71.19999400000002,37.44354131652662,43.67325,0.5,84,onoff,1.1,480.9269185622105,4.0,22.796409320831295,decoupled,0
10000,0.0008,177.19627148357677,17142.099654534737,33128.896204954304,34351.535382304246,33123.21877945057,1.0004001600640255,0.0,71.19999400000002,38.54799259703881,45.857,0.5,84,onoff,1.1,480.9269185622105,4.0,22.796409320831295,joint_full,0
10000,0.0008,177.19627148357677,17142.099654534737,33128.896204954304,34351.535382304246,33123.21877945057,1.0004001600640255,0.0,71.19999400000002,38.635277711084434,45.62925,0.5,84,onoff,1.1,480.9269185622105,4.0,22.796409320831295,cliffserve,0
10000,0.0022,177.31862143439508,17103.00394234983,33089.691618329205,34312.3296825028,33084.00642305009,1.0015022533800702,0.0,71.19998000000002,35.46688993490235,41.73499999999999,0.5,84,onoff,1.1,480.9269185622105,8.0,45.5928186416626,dense,0
10000,0.0022,177.31862143439508,17103.00394234983,33089.691618329205,34312.3296825028,33084.00642305009,1.0015022533800702,0.0,71.19998000000002,37.18177816725087,44.244,0.5,84,onoff,1.1,480.9269185622105,8.0,45.5928186416626,static_pomt,0
10000,0.0022,177.31862143439508,17103.00394234983,33089.691618329205,34312.3296825028,33084.00642305009,1.0015022533800702,0.0,71.19998000000002,37.10454381572359,44.25799999999998,0.5,84,onoff,1.1,480.9269185622105,8.0,45.5928186416626,decoupled,0
10000,0.0022,177.31862143439508,17103.00394234983,33089.691618329205,34312.3296825028,33084.00642305009,1.0015022533800702,0.0,71.19998000000002,38.43982113169755,45.697,0.5,84,onoff,1.1,480.9269185622105,8.0,45.5928186416626,joint_full,0
10000,0.0022,177.31862143439508,17103.00394234983,33089.691618329205,34312.3296825028,33084.00642305009,1.0015022533800702,0.0,71.19998000000002,38.826583274912366,45.87319999999999,0.5,84,onoff,1.1,480.9269185622105,8.0,45.5928186416626,cliffserve,0
10000,0.004,177.4887644448294,17049.199878075997,33035.958591300165,34258.42436886316,33030.26182184807,1.0031096398836392,0.0,71.19996200000001,35.71695927374862,42.4006,0.5,84,onoff,1.1,480.9269185622105,12.0,68.38922796249389,dense,0
10000,0.004,177.4887644448294,17049.199878075997,33035.958591300165,34258.42436886316,33030.26182184807,1.0031096398836392,0.0,71.19996200000001,36.60610803490821,42.651,0.5,84,onoff,1.1,480.9269185622105,12.0,68.38922796249389,static_pomt,0
10000,0.004,177.4887644448294,17049.199878075997,33035.958591300165,34258.42436886316,33030.26182184807,1.0031096398836392,0.0,71.19996200000001,37.112887651720335,42.9574,0.5,84,onoff,1.1,480.9269185622105,12.0,68.38922796249389,decoupled,0
10000,0.004,177.4887644448294,17049.199878075997,33035.958591300165,34258.42436886316,33030.26182184807,1.0031096398836392,0.0,71.19996200000001,38.54888303741598,45.382000000000005,0.5,84,onoff,1.1,480.9269185622105,12.0,68.38922796249389,joint_full,0
10000,0.004,177.4887644448294,17049.199878075997,33035.958591300165,34258.42436886316,33030.26182184807,1.0031096398836392,0.0,71.19996200000001,38.69136593439663,45.2216,0.5,84,onoff,1.1,480.9269185622105,12.0,68.38922796249389,cliffserve,0
10000,0.6666,129.95007579820196,9.398305433156564,28.930945488240827,43.01359182973682,23.27791344418855,1.0991426687183996,0.0,71.19819600000002,7.048231479446032,8.516,0.5,85,poisson,0.3,131.16188688060285,2.0,11.398204660415647,dense,0
10000,0.6666,129.95007579820196,9.398305433156564,28.930945488240827,43.01359182973682,23.27791344418855,1.0991426687183996,0.0,71.19819600000002,7.452697515937568,9.138,0.5,85,poisson,0.3,131.16188688060285,2.0,11.398204660415647,static_pomt,0
10000,0.6666,129.95007579820196,9.398305433156564,28.930945488240827,43.01359182973682,23.27791344418855,1.0991426687183996,0.0,71.19819600000002,8.796383490877115,10.42,0.5,85,poisson,0.3,131.16188688060285,2.0,11.398204660415647,decoupled,0
10000,0.6666,129.95007579820196,9.398305433156564,28.930945488240827,43.01359182973682,23.27791344418855,1.0991426687183996,0.0,71.19819600000002,7.5632517036711375,10.551,0.5,85,poisson,0.3,131.16188688060285,2.0,11.398204660415647,joint_full,0
10000,0.6666,129.95007579820196,9.398305433156564,28.930945488240827,43.01359182973682,23.27791344418855,1.0991426687183996,0.0,71.19819600000002,7.564066937788525,10.58,0.5,85,poisson,0.3,131.16188688060285,2.0,11.398204660415647,cliffserve,0
10000,0.9997,129.94998739140522,7.913474612054415,14.662731122780125,17.857715173239015,6.853394028722502,1.2866700977869274,0.0,71.19575400000002,7.055447117858981,8.456,0.5,85,poisson,0.3,131.16188688060285,4.0,22.796409320831295,dense,0
10000,0.9997,129.94998739140522,7.913474612054415,14.662731122780125,17.857715173239015,6.853394028722502,1.2866700977869274,0.0,71.19575400000002,7.360728641276377,8.817,0.5,85,poisson,0.3,131.16188688060285,4.0,22.796409320831295,static_pomt,0
10000,0.9997,129.94998739140522,7.913474612054415,14.662731122780125,17.857715173239015,6.853394028722502,1.2866700977869274,0.0,71.19575400000002,8.878591482243953,10.36,0.5,85,poisson,0.3,131.16188688060285,4.0,22.796409320831295,decoupled,0
10000,0.9997,129.94998739140522,7.913474612054415,14.662731122780125,17.857715173239015,6.853394028722502,1.2866700977869274,0.0,71.19575400000002,6.812827714873906,8.807,0.5,85,poisson,0.3,131.16188688060285,4.0,22.796409320831295,joint_full,0
10000,0.9997,129.94998739140522,7.913474612054415,14.662731122780125,17.857715173239015,6.853394028722502,1.2866700977869274,0.0,71.19575400000002,6.811115671641791,8.807,0.5,85,poisson,0.3,131.16188688060285,4.0,22.796409320831295,cliffserve,0
10000,1.0,129.95009952126313,7.915839910507202,14.661223936927126,17.767546867363055,6.857500471798443,1.2873326467559216,0.0,71.19575000000002,7.0234057672502574,8.396,0.5,85,poisson,0.3,131.16188688060285,8.0,45.5928186416626,dense,0
10000,1.0,129.95009952126313,7.915839910507202,14.661223936927126,17.767546867363055,6.857500471798443,1.2873326467559216,0.0,71.19575000000002,7.419040679711638,8.86665,0.5,85,poisson,0.3,131.16188688060285,8.0,45.5928186416626,static_pomt,0
10000,1.0,129.95009952126313,7.915839910507202,14.661223936927126,17.767546867363055,6.857500471798443,1.2873326467559216,0.0,71.19575000000002,8.768746524201854,10.249,0.5,85,poisson,0.3,131.16188688060285,8.0,45.5928186416626,decoupled,0
10000,1.0,129.95009952126313,7.915839910507202,14.661223936927126,17.767546867363055,6.857500471798443,1.2873326467559216,0.0,71.19575000000002,6.81986483007209,8.846649999999999,0.5,85,poisson,0.3,131.16188688060285,8.0,45.5928186416626,joint_full,0
10000,1.0,129.95009952126313,7.915839910507202,14.661223936927126,17.767546867363055,6.857500471798443,1.2873326467559216,0.0,71.19575000000002,6.815660144181256,8.842849999999997,0.5,85,poisson,0.3,131.16188688060285,8.0,45.5928186416626,cliffserve,0
10000,1.0,129.95009952126313,7.915839910507202,14.661223936927126,17.767546867363055,6.857500471798443,1.2873326467559216,0.0,71.19575000000002,7.02174201853759,8.392849999999997,0.5,85,poisson,0.3,131.16188688060285,12.0,68.38922796249389,dense,0
10000,1.0,129.95009952126313,7.915839910507202,14.661223936927126,17.767546867363055,6.857500471798443,1.2873326467559216,0.0,71.19575000000002,7.376732749742533,8.792849999999996,0.5,85,poisson,0.3,131.16188688060285,12.0,68.38922796249389,static_pomt,0
10000,1.0,129.95009952126313,7.915839910507202,14.661223936927126,17.767546867363055,6.857500471798443,1.2873326467559216,0.0,71.19575000000002,8.810005149330586,10.29,0.5,85,poisson,0.3,131.16188688060285,12.0,68.38922796249389,decoupled,0
10000,1.0,129.95009952126313,7.915839910507202,14.661223936927126,17.767546867363055,6.857500471798443,1.2873326467559216,0.0,71.19575000000002,6.843165937178167,8.857,0.5,85,poisson,0.3,131.16188688060285,12.0,68.38922796249389,joint_full,0
10000,1.0,129.95009952126313,7.915839910507202,14.661223936927126,17.767546867363055,6.857500471798443,1.2873326467559216,0.0,71.19575000000002,6.811133367662205,8.846,0.5,85,poisson,0.3,131.16188688060285,12.0,68.38922796249389,cliffserve,0
10000,0.0011,177.15766978612956,9262.57083199924,17263.12426771115,17826.545830842788,17257.45654944371,1.0002000400080016,0.0,71.19999600000001,35.36807301460291,42.31249999999999,0.5,85,poisson,0.6,262.3237737612057,2.0,11.398204660415647,dense,0
10000,0.0011,177.15766978612956,9262.57083199924,17263.12426771115,17826.545830842788,17257.45654944371,1.0002000400080016,0.0,71.19999600000001,36.67964282856571,43.74315,0.5,85,poisson,0.6,262.3237737612057,2.0,11.398204660415647,static_pomt,0
10000,0.0011,177.15766978612956,9262.57083199924,17263.12426771115,17826.545830842788,17257.45654944371,1.0002000400080016,0.0,71.19999600000001,36.69788397679535,42.97265,0.5,85,poisson,0.6,262.3237737612057,2.0,11.398204660415647,decoupled,0
10000,0.0011,177.15766978612956,9262.57083199924,17263.12426771115,17826.545830842788,17257.45654944371,1.0002000400080016,0.0,71.19999600000001,38.18879385877175,44.69649999999999,0.5,85,poisson,0.6,262.3237737612057,2.0,11.398204660415647,joint_full,0
10000,0.0011,177.15766978612956,9262.57083199924,17263.12426771115,17826.545830842788,17257.45654944371,1.0002000400080016,0.0,71.19999600000001,38.15826255251051,45.5085,0.5,85,poisson,0.6,262.3237737612057,2.0,11.398204660415647,cliffserve,0
10000,0.0154,177.87400074593177,9034.986734242471,17035.968916821566,17599.51651973001,17030.314779329387,1.0067451927917044,0.0,71.19988400000001,35.21382321554414,42.415,0.5,85,poisson,0.6,262.3237737612057,4.0,22.796409320831295,dense,0
10000,0.0154,177.87400074593177,9034.986734242471,17035.968916821566,17599.51651973001,17030.314779329387,1.0067451927917044,0.0,71.19988400000001,36.70148253297091,44.014,0.5,85,poisson,0.6,262.3237737612057,4.0,22.796409320831295,static_pomt,0
10000,0.0154,177.87400074593177,9034.986734242471,17035.968916821566,17599.51651973001,17030.314779329387,1.0067451927917044,0.0,71.19988400000001,36.74231269505688,43.893,0.5,85,poisson,0.6,262.3237737612057,4.0,22.796409320831295,decoupled,0
10000,0.0154,177.87400074593177,9034.986734242471,17035.968916821566,17599.51651973001,17030.314779329387,1.0067451927917044,0.0,71.19988400000001,37.92637148897613,45.186,0.5,85,poisson,0.6,262.3237737612057,4.0,22.796409320831295,joint_full,0
10000,0.0154,177.87400074593177,9034.986734242471,17035.968916821566,17599.51651973001,17030.314779329387,1.0067451927917044,0.0,71.19988400000001,38.11800634249471,46.23599999999999,0.5,85,poisson,0.6,262.3237737612057,4.0,22.796409320831295,cliffserve,0
10000,1.0,259.8774314873488,13.35178543154234,27.138971200250577,35.60997568411651,13.99571142936038,2.145922746781116,0.0,71.19154200000001,8.111268884120172,10.08905,0.5,85,poisson,0.6,262.3237737612057,8.0,45.5928186416626,dense,0
10000,1.0,259.8774314873488,13.35178543154234,27.138971200250577,35.60997568411651,13.99571142936038,2.145922746781116,0.0,71.19154200000001,8.532167596566524,10.61145,0.5,85,poisson,0.6,262.3237737612057,8.0,45.5928186416626,static_pomt,0
10000,1.0,259.8774314873488,13.35178543154234,27.138971200250577,35.60997568411651,13.99571142936038,2.145922746781116,0.0,71.19154200000001,9.97043948497854,12.273,0.5,85,poisson,0.6,262.3237737612057,8.0,45.5928186416626,decoupled,0
10000,1.0,259.8774314873488,13.35178543154234,27.138971200250577,35.60997568411651,13.99571142936038,2.145922746781116,0.0,71.19154200000001,8.375193776824034,10.861,0.5,85,poisson,0.6,262.3237737612057,8.0,45.5928186416626,joint_full,0
10000,1.0,259.8774314873488,13.35178543154234,27.138971200250577,35.60997568411651,13.99571142936038,2.145922746781116,0.0,71.19154200000001,8.373004721030044,10.891,0.5,85,poisson,0.6,262.3237737612057,8.0,45.5928186416626,cliffserve,0
10000,1.0,259.87824386957806,13.361762912687482,27.149021866769445,35.558260201980616,14.020960464235372,2.147305132059265,0.0,71.19154800000003,8.112160188962852,10.1092,0.5,85,poisson,0.6,262.3237737612057,12.0,68.38922796249389,dense,0
10000,1.0,259.87824386957806,13.361762912687482,27.149021866769445,35.558260201980616,14.020960464235372,2.147305132059265,0.0,71.19154800000003,8.513516641614773,10.6,0.5,85,poisson,0.6,262.3237737612057,12.0,68.38922796249389,static_pomt,0
10000,1.0,259.87824386957806,13.361762912687482,27.149021866769445,35.558260201980616,14.020960464235372,2.147305132059265,0.0,71.19154800000003,9.95289349366545,12.263,0.5,85,poisson,0.6,262.3237737612057,12.0,68.38922796249389,decoupled,0
10000,1.0,259.87824386957806,13.361762912687482,27.149021866769445,35.558260201980616,14.020960464235372,2.147305132059265,0.0,71.19154800000003,8.387578698733089,10.881,0.5,85,poisson,0.6,262.3237737612057,12.0,68.38922796249389,joint_full,0
10000,1.0,259.87824386957806,13.361762912687482,27.149021866769445,35.558260201980616,14.020960464235372,2.147305132059265,0.0,71.19154800000003,8.365919905518574,10.92,0.5,85,poisson,0.6,262.3237737612057,12.0,68.38922796249389,cliffserve,0
10000,0.0002,177.1396172213514,14009.074717762884,26356.21812188512,27343.20664298793,26350.520743011075,1.0,0.0,71.20000000000002,35.244724000000005,41.83044999999999,0.5,85,poisson,0.8,349.76503168160764,2.0,11.398204660415647,dense,0
10000,0.0002,177.1396172213514,14009.074717762884,26356.21812188512,27343.20664298793,26350.520743011075,1.0,0.0,71.20000000000002,37.1300682,43.824,0.5,85,poisson,0.8,349.76503168160764,2.0,11.398204660415647,static_pomt,0
10000,0.0002,177.1396172213514,14009.074717762884,26356.21812188512,27343.20664298793,26350.520743011075,1.0,0.0,71.20000000000002,37.2861791,44.715,0.5,85,poisson,0.8,349.76503168160764,2.0,11.398204660415647,decoupled,0
10000,0.0002,177.1396172213514,14009.074717762884,26356.21812188512,27343.20664298793,26350.520743011075,1.0,0.0,71.20000000000002,38.92729099999999,46.609,0.5,85,poisson,0.8,349.76503168160764,2.0,11.398204660415647,joint_full,0
10000,0.0002,177.1396172213514,14009.074717762884,26356.21812188512,27343.20664298793,26350.520743011075,1.0,0.0,71.20000000000002,38.5827245,45.82705,0.5,85,poisson,0.8,349.76503168160764,2.0,11.398204660415647,cliffserve,0
10000,0.007,177.58736137016265,13866.494702341972,26213.65153653508,27200.651125943867,26208.06115803583,1.0035122930255895,0.0,71.19994000000001,34.917836126442545,41.05619999999999,0.5,85,poisson,0.8,349.76503168160764,4.0,22.796409320831295,dense,0
10000,0.007,177.58736137016265,13866.494702341972,26213.65153653508,27200.651125943867,26208.06115803583,1.0035122930255895,0.0,71.19994000000001,37.0198855995986,44.02199999999999,0.5,85,poisson,0.8,349.76503168160764,4.0,22.796409320831295,static_pomt,0
10000,0.007,177.58736137016265,13866.494702341972,26213.65153653508,27200.651125943867,26208.06115803583,1.0035122930255895,0.0,71.19994000000001,36.920016758655294,43.814,0.5,85,poisson,0.8,349.76503168160764,4.0,22.796409320831295,decoupled,0
10000,0.007,177.58736137016265,13866.494702341972,26213.65153653508,27200.651125943867,26208.06115803583,1.0035122930255895,0.0,71.19994000000001,38.21287757150026,44.6348,0.5,85,poisson,0.8,349.76503168160764,4.0,22.796409320831295,joint_full,0
10000,0.007,177.58736137016265,13866.494702341972,26213.65153653508,27200.651125943867,26208.06115803583,1.0035122930255895,0.0,71.19994000000001,38.312787857501256,44.53299999999999,0.5,85,poisson,0.8,349.76503168160764,4.0,22.796409320831295,cliffserve,0
10000,0.0365,180.13616524747758,13068.872845753276,25416.904109863503,26403.799781936043,25411.31219454215,1.026694045174538,0.0,71.19965200000003,35.52749425051335,42.6715,0.5,85,poisson,0.8,349.76503168160764,8.0,45.5928186416626,dense,0
10000,0.0365,180.13616524747758,13068.872845753276,25416.904109863503,26403.799781936043,25411.31219454215,1.026694045174538,0.0,71.19965200000003,36.88113326488706,43.7135,0.5,85,poisson,0.8,349.76503168160764,8.0,45.5928186416626,static_pomt,0
10000,0.0365,180.13616524747758,13068.872845753276,25416.904109863503,26403.799781936043,25411.31219454215,1.026694045174538,0.0,71.19965200000003,36.93926683778234,42.982,0.5,85,poisson,0.8,349.76503168160764,8.0,45.5928186416626,decoupled,0
10000,0.0365,180.13616524747758,13068.872845753276,25416.904109863503,26403.799781936043,25411.31219454215,1.026694045174538,0.0,71.19965200000003,38.42089856262834,45.075,0.5,85,poisson,0.8,349.76503168160764,8.0,45.5928186416626,joint_full,0
10000,0.0365,180.13616524747758,13068.872845753276,25416.904109863503,26403.799781936043,25411.31219454215,1.026694045174538,0.0,71.19965200000003,38.41494486652978,45.57605,0.5,85,poisson,0.8,349.76503168160764,8.0,45.5928186416626,cliffserve,0
10000,0.226,199.19274770105392,7758.17360908416,20106.5166190049,21093.24009775049,20100.841740741424,1.217878455730118,0.0,71.19777600000002,34.02184910485934,41.97,0.5,85,poisson,0.8,349.76503168160764,12.0,68.38922796249389,dense,0
10000,0.226,199.19274770105392,7758.17360908416,20106.5166190049,21093.24009775049,20100.841740741424,1.217878455730118,0.0,71.19777600000002,34.94318182925344,43.032,0.5,85,poisson,0.8,349.76503168160764,12.0,68.38922796249389,static_pomt,0
10000,0.226,199.19274770105392,7758.17360908416,20106.5166190049,21093.24009775049,20100.841740741424,1.217878455730118,0.0,71.19777600000002,35.87492254293021,43.322500000000005,0.5,85,poisson,0.8,349.76503168160764,12.0,68.38922796249389,decoupled,0
10000,0.226,199.19274770105392,7758.17360908416,20106.5166190049,21093.24009775049,20100.841740741424,1.217878455730118,0.0,71.19777600000002,36.911923395445136,44.2295,0.5,85,poisson,0.8,349.76503168160764,12.0,68.38922796249389,joint_full,0
10000,0.226,199.19274770105392,7758.17360908416,20106.5166190049,21093.24009775049,20100.841740741424,1.217878455730118,0.0,71.19777600000002,36.56756339057362,43.7585,0.5,85,poisson,0.8,349.76503168160764,12.0,68.38922796249389,cliffserve,0
10000,0.0002,177.1396172213514,16254.70885863038,30662.64930664891,31850.292781974724,30656.94214014405,1.0,0.0,71.20000000000002,35.40076189999999,41.018,0.5,85,poisson,0.95,415.345975121909,2.0,11.398204660415647,dense,0
10000,0.0002,177.1396172213514,16254.70885863038,30662.64930664891,31850.292781974724,30656.94214014405,1.0,0.0,71.20000000000002,36.9497992,42.50005,0.5,85,poisson,0.95,415.345975121909,2.0,11.398204660415647,static_pomt,0
10000,0.0002,177.1396172213514,16254.70885863038,30662.64930664891,31850.292781974724,30656.94214014405,1.0,0.0,71.20000000000002,36.9796983,42.351,0.5,85,poisson,0.95,415.345975121909,2.0,11.398204660415647,decoupled,0
10000,0.0002,177.1396172213514,16254.70885863038,30662.64930664891,31850.292781974724,30656.94214014405,1.0,0.0,71.20000000000002,38.1011153,44.6655,0.5,85,poisson,0.95,415.345975121909,2.0,11.398204660415647,joint_full,0
10000,0.0002,177.1396172213514,16254.70885863038,30662.64930664891,31850.292781974724,30656.94214014405,1.0,0.0,71.20000000000002,38.4660416,45.97749999999999,0.5,85,poisson,0.95,415.345975121909,2.0,11.398204660415647,cliffserve,0
10000,0.0019,177.2770570329302,16210.786058566291,30618.69771041268,31806.4388031215,30613.035628813446,1.0011012113324658,0.0,71.19998200000003,35.60087536289919,42.266000000000005,0.5,85,poisson,0.95,415.345975121909,4.0,22.796409320831295,dense,0
10000,0.0019,177.2770570329302,16210.786058566291,30618.69771041268,31806.4388031215,30613.035628813446,1.0011012113324658,0.0,71.19998200000003,37.93501952147363,44.655,0.5,85,poisson,0.95,415.345975121909,4.0,22.796409320831295,static_pomt,0
10000,0.0019,177.2770570329302,16210.786058566291,30618.69771041268,31806.4388031215,30613.035628813446,1.0011012113324658,0.0,71.19998200000003,37.31320532585845,44.525,0.5,85,poisson,0.95,415.345975121909,4.0,22.796409320831295,decoupled,0
10000,0.0019,177.2770570329302,16210.786058566291,30618.69771041268,31806.4388031215,30613.035628813446,1.0011012113324658,0.0,71.19998200000003,38.93367424166584,46.70060000000001,0.5,85,poisson,0.95,415.345975121909,4.0,22.796409320831295,joint_full,0
10000,0.0019,177.2770570329302,16210.786058566291,30618.69771041268,31806.4388031215,30613.035628813446,1.0011012113324658,0.0,71.19998200000003,38.727482130343375,46.27020000000001,0.5,85,poisson,0.95,415.345975121909,4.0,22.796409320831295,cliffserve,0
10000,0.0136,178.25654916382058,15900.511689326486,30309.319491785704,31496.878984181338,30303.6775780856,1.0096930533117932,0.0,71.19986800000002,35.62411884087238,42.701,0.5,85,poisson,0.95,415.345975121909,8.0,45.5928186416626,dense,0
10000,0.0136,178.25654916382058,15900.511689326486,30309.319491785704,31496.878984181338,30303.6775780856,1.0096930533117932,0.0,71.19986800000002,37.12745466478191,43.9915,0.5,85,poisson,0.95,415.345975121909,8.0,45.5928186416626,static_pomt,0
10000,0.0136,178.25654916382058,15900.511689326486,30309.319491785704,31496.878984181338,30303.6775780856,1.0096930533117932,0.0,71.19986800000002,37.10950787560581,43.090500000000006,0.5,85,poisson,0.95,415.345975121909,8.0,45.5928186416626,decoupled,0
10000,0.0136,178.25654916382058,15900.511689326486,30309.319491785704,31496.878984181338,30303.6775780856,1.0096930533117932,0.0,71.19986800000002,38.47989499192246,45.577,0.5,85,poisson,0.95,415.345975121909,8.0,45.5928186416626,joint_full,0
10000,0.0136,178.25654916382058,15900.511689326486,30309.319491785704,31496.878984181338,30303.6775780856,1.0096930533117932,0.0,71.19986800000002,38.63987136510501,46.25265000000001,0.5,85,poisson,0.95,415.345975121909,8.0,45.5928186416626,cliffserve,0
10000,0.0185,178.7232438501094,15753.90839256974,30162.62036628121,31350.69762961095,30156.969657319725,1.0141987829614605,0.0,71.19982000000002,35.72458478701825,42.47149999999999,0.5,85,poisson,0.95,415.345975121909,12.0,68.38922796249389,dense,0
10000,0.0185,178.7232438501094,15753.90839256974,30162.62036628121,31350.69762961095,30156.969657319725,1.0141987829614605,0.0,71.19982000000002,36.9356275862069,43.6435,0.5,85,poisson,0.95,415.345975121909,12.0,68.38922796249389,static_pomt,0
10000,0.0185,178.7232438501094,15753.90839256974,30162.62036628121,31350.69762961095,30156.969657319725,1.0141987829614605,0.0,71.19982000000002,37.28280030425964,44.4855,0.5,85,poisson,0.95,415.345975121909,12.0,68.38922796249389,decoupled,0
10000,0.0185,178.7232438501094,15753.90839256974,30162.62036628121,31350.69762961095,30156.969657319725,1.0141987829614605,0.0,71.19982000000002,38.6841139959432,46.16899999999998,0.5,85,poisson,0.95,415.345975121909,12.0,68.38922796249389,joint_full,0
10000,0.0185,178.7232438501094,15753.90839256974,30162.62036628121,31350.69762961095,30156.969657319725,1.0141987829614605,0.0,71.19982000000002,38.73463904665314,46.378,0.5,85,poisson,0.95,415.345975121909,12.0,68.38922796249389,cliffserve,0
10000,0.0002,177.1396172213514,17887.897324715857,33794.59925920445,35128.17361032884,33788.89209269959,1.0,0.0,71.20000000000002,35.636566200000004,41.559,0.5,85,poisson,1.1,480.9269185622105,2.0,11.398204660415647,dense,0
10000,0.0002,177.1396172213514,17887.897324715857,33794.59925920445,35128.17361032884,33788.89209269959,1.0,0.0,71.20000000000002,37.0395862,43.43254999999999,0.5,85,poisson,1.1,480.9269185622105,2.0,11.398204660415647,static_pomt,0
10000,0.0002,177.1396172213514,17887.897324715857,33794.59925920445,35128.17361032884,33788.89209269959,1.0,0.0,71.20000000000002,37.197753500000005,44.064,0.5,85,poisson,1.1,480.9269185622105,2.0,11.398204660415647,decoupled,0
10000,0.0002,177.1396172213514,17887.897324715857,33794.59925920445,35128.17361032884,33788.89209269959,1.0,0.0,71.20000000000002,38.5891993,45.60799999999998,0.5,85,poisson,1.1,480.9269185622105,2.0,11.398204660415647,joint_full,0
10000,0.0002,177.1396172213514,17887.897324715857,33794.59925920445,35128.17361032884,33788.89209269959,1.0,0.0,71.20000000000002,38.6288902,44.75599999999999,0.5,85,poisson,1.1,480.9269185622105,2.0,11.398204660415647,cliffserve,0
10000,0.0017,177.27008068204654,17846.194460068946,33752.8675983854,35086.53956689279,33747.20551678616,1.0011012113324658,0.0,71.19998400000001,35.49892101311443,41.465,0.5,85,poisson,1.1,480.9269185622105,4.0,22.796409320831295,dense,0
10000,0.0017,177.27008068204654,17846.194460068946,33752.8675983854,35086.53956689279,33747.20551678616,1.0011012113324658,0.0,71.19998400000001,37.525398538392224,44.511,0.5,85,poisson,1.1,480.9269185622105,4.0,22.796409320831295,static_pomt,0
10000,0.0017,177.27008068204654,17846.194460068946,33752.8675983854,35086.53956689279,33747.20551678616,1.0011012113324658,0.0,71.19998400000001,37.44120312343578,44.5204,0.5,85,poisson,1.1,480.9269185622105,4.0,22.796409320831295,decoupled,0
10000,0.0017,177.27008068204654,17846.194460068946,33752.8675983854,35086.53956689279,33747.20551678616,1.0011012113324658,0.0,71.19998400000001,38.75740184202623,45.308400000000006,0.5,85,poisson,1.1,480.9269185622105,4.0,22.796409320831295,joint_full,0
10000,0.0017,177.27008068204654,17846.194460068946,33752.8675983854,35086.53956689279,33747.20551678616,1.0011012113324658,0.0,71.19998400000001,38.72573100410452,46.058,0.5,85,poisson,1.1,480.9269185622105,4.0,22.796409320831295,cliffserve,0
10000,0.0076,177.79111250307554,17680.743756209617,33587.70114225823,34921.26532945554,33582.0199580856,1.0058338362502517,0.0,71.19992600000002,35.6589133977067,42.39954999999999,0.5,85,poisson,1.1,480.9269185622105,8.0,45.5928186416626,dense,0
10000,0.0076,177.79111250307554,17680.743756209617,33587.70114225823,34921.26532945554,33582.0199580856,1.0058338362502517,0.0,71.19992600000002,37.38350653791994,44.11349999999999,0.5,85,poisson,1.1,480.9269185622105,8.0,45.5928186416626,static_pomt,0
10000,0.0076,177.79111250307554,17680.743756209617,33587.70114225823,34921.26532945554,33582.0199580856,1.0058338362502517,0.0,71.19992600000002,37.14837950110642,43.954,0.5,85,poisson,1.1,480.9269185622105,8.0,45.5928186416626,decoupled,0
10000,0.0076,177.79111250307554,17680.743756209617,33587.70114225823,34921.26532945554,33582.0199580856,1.0058338362502517,0.0,71.19992600000002,38.71876795413398,46.46744999999997,0.5,85,poisson,1.1,480.9269185622105,8.0,45.5928186416626,joint_full,0
10000,0.0076,177.79111250307554,17680.743756209617,33587.70114225823,34921.26532945554,33582.0199580856,1.0058338362502517,0.0,71.19992600000002,38.45326584188292,45.37554999999999,0.5,85,poisson,1.1,480.9269185622105,8.0,45.5928186416626,cliffserve,0
10000,0.0143,178.4051815391102,17486.527132426505,33394.36178123433,34728.20243956964,33388.69232680279,1.0116337885685385,0.0,71.19986000000002,35.74762043500253,41.89799999999999,0.5,85,poisson,1.1,480.9269185622105,12.0,68.38922796249389,dense,0
10000,0.0143,178.4051815391102,17486.527132426505,33394.36178123433,34728.20243956964,33388.69232680279,1.0116337885685385,0.0,71.19986000000002,37.14131229135053,43.39019999999999,0.5,85,poisson,1.1,480.9269185622105,12.0,68.38922796249389,static_pomt,0
10000,0.0143,178.4051815391102,17486.527132426505,33394.36178123433,34728.20243956964,33388.69232680279,1.0116337885685385,0.0,71.19986000000002,37.36672068791098,44.62299999999999,0.5,85,poisson,1.1,480.9269185622105,12.0,68.38922796249389,decoupled,0
10000,0.0143,178.4051815391102,17486.527132426505,33394.36178123433,34728.20243956964,33388.69232680279,1.0116337885685385,0.0,71.19986000000002,38.68176236722306,45.56499999999999,0.5,85,poisson,1.1,480.9269185622105,12.0,68.38922796249389,joint_full,0
10000,0.0143,178.4051815391102,17486.527132426505,33394.36178123433,34728.20243956964,33388.69232680279,1.0116337885685385,0.0,71.19986000000002,38.71295397066262,44.9958,0.5,85,poisson,1.1,480.9269185622105,12.0,68.38922796249389,cliffserve,0
10000,0.2224,125.7377814754172,37.91571857188683,146.32360905527048,233.98449327473628,140.70654820321974,1.0357327809425168,0.0,71.19931000000003,9.6724685655101,16.241,0.5,85,onoff,0.3,131.16188688060285,2.0,11.398204660415647,dense,0
10000,0.2224,125.7377814754172,37.91571857188683,146.32360905527048,233.98449327473628,140.70654820321974,1.0357327809425168,0.0,71.19931000000003,10.31339678922838,17.285699999999995,0.5,85,onoff,0.3,131.16188688060285,2.0,11.398204660415647,static_pomt,0
10000,0.2224,125.7377814754172,37.91571857188683,146.32360905527048,233.98449327473628,140.70654820321974,1.0357327809425168,0.0,71.19931000000003,11.337242050750906,17.905,0.5,85,onoff,0.3,131.16188688060285,2.0,11.398204660415647,decoupled,0
10000,0.2224,125.7377814754172,37.91571857188683,146.32360905527048,233.98449327473628,140.70654820321974,1.0357327809425168,0.0,71.19931000000003,11.376009218021752,18.826,0.5,85,onoff,0.3,131.16188688060285,2.0,11.398204660415647,joint_full,0
10000,0.2224,125.7377814754172,37.91571857188683,146.32360905527048,233.98449327473628,140.70654820321974,1.0357327809425168,0.0,71.19931000000003,11.38950771620922,18.836,0.5,85,onoff,0.3,131.16188688060285,2.0,11.398204660415647,cliffserve,0
10000,0.8436,125.8665715729707,11.470334500292664,81.58868515002615,143.6052753579026,75.94995482585664,1.447178002894356,0.0,71.19452600000002,8.16334008683068,12.564,0.5,85,onoff,0.3,131.16188688060285,4.0,22.796409320831295,dense,0
10000,0.8436,125.8665715729707,11.470334500292664,81.58868515002615,143.6052753579026,75.94995482585664,1.447178002894356,0.0,71.19452600000002,8.67534500723589,13.506,0.5,85,onoff,0.3,131.16188688060285,4.0,22.796409320831295,static_pomt,0
10000,0.8436,125.8665715729707,11.470334500292664,81.58868515002615,143.6052753579026,75.94995482585664,1.447178002894356,0.0,71.19452600000002,10.003652098408104,14.417,0.5,85,onoff,0.3,131.16188688060285,4.0,22.796409320831295,decoupled,0
10000,0.8436,125.8665715729707,11.470334500292664,81.58868515002615,143.6052753579026,75.94995482585664,1.447178002894356,0.0,71.19452600000002,8.688649638205499,14.979,0.5,85,onoff,0.3,131.16188688060285,4.0,22.796409320831295,joint_full,0
10000,0.8436,125.8665715729707,11.470334500292664,81.58868515002615,143.6052753579026,75.94995482585664,1.447178002894356,0.0,71.19452600000002,8.728578002894356,15.109,0.5,85,onoff,0.3,131.16188688060285,4.0,22.796409320831295,cliffserve,0
10000,1.0,125.880738803562,10.58566987978338,21.65207827225222,28.058247529561,11.257838923330194,1.6545334215751155,0.0,71.19327200000002,7.437353739245533,9.849,0.5,85,onoff,0.3,131.16188688060285,8.0,45.5928186416626,dense,0
10000,1.0,125.880738803562,10.58566987978338,21.65207827225222,28.058247529561,11.257838923330194,1.6545334215751155,0.0,71.19327200000002,7.811186962276638,10.359,0.5,85,onoff,0.3,131.16188688060285,8.0,45.5928186416626,static_pomt,0
10000,1.0,125.880738803562,10.58566987978338,21.65207827225222,28.058247529561,11.257838923330194,1.6545334215751155,0.0,71.19327200000002,9.388021178027795,11.943,0.5,85,onoff,0.3,131.16188688060285,8.0,45.5928186416626,decoupled,0
10000,1.0,125.880738803562,10.58566987978338,21.65207827225222,28.058247529561,11.257838923330194,1.6545334215751155,0.0,71.19327200000002,7.551526307081404,10.781,0.5,85,onoff,0.3,131.16188688060285,8.0,45.5928186416626,joint_full,0
10000,1.0,125.880738803562,10.58566987978338,21.65207827225222,28.058247529561,11.257838923330194,1.6545334215751155,0.0,71.19327200000002,7.561606055592322,10.801,0.5,85,onoff,0.3,131.16188688060285,8.0,45.5928186416626,cliffserve,0
10000,1.0,125.880738803562,10.609152988876303,21.64591426158785,28.26071204562673,11.18787947940399,1.6545334215751155,0.0,71.19327400000002,7.481114493712773,9.889,0.5,85,onoff,0.3,131.16188688060285,12.0,68.38922796249389,dense,0
10000,1.0,125.880738803562,10.609152988876303,21.64591426158785,28.26071204562673,11.18787947940399,1.6545334215751155,0.0,71.19327400000002,7.8663123759099935,10.41,0.5,85,onoff,0.3,131.16188688060285,12.0,68.38922796249389,static_pomt,0
10000,1.0,125.880738803562,10.609152988876303,21.64591426158785,28.26071204562673,11.18787947940399,1.6545334215751155,0.0,71.19327400000002,9.293351422898745,11.84285,0.5,85,onoff,0.3,131.16188688060285,12.0,68.38922796249389,decoupled,0
10000,1.0,125.880738803562,10.609152988876303,21.64591426158785,28.26071204562673,11.18787947940399,1.6545334215751155,0.0,71.19327400000002,7.533865651886169,10.75,0.5,85,onoff,0.3,131.16188688060285,12.0,68.38922796249389,joint_full,0
10000,1.0,125.880738803562,10.609152988876303,21.64591426158785,28.26071204562673,11.18787947940399,1.6545334215751155,0.0,71.19327400000002,7.471353408338849,10.721,0.5,85,onoff,0.3,131.16188688060285,12.0,68.38922796249389,cliffserve,0
10000,0.0015,176.6401868601418,7667.266824302007,14465.678222736642,14919.13417704247,14460.007949265762,1.000100010001,0.0,71.19999800000002,35.63194849484948,42.791,0.5,85,onoff,0.6,262.3237737612057,2.0,11.398204660415647,dense,0
10000,0.0015,176.6401868601418,7667.266824302007,14465.678222736642,14919.13417704247,14460.007949265762,1.000100010001,0.0,71.19999800000002,37.206073707370734,44.655,0.5,85,onoff,0.6,262.3237737612057,2.0,11.398204660415647,static_pomt,0
10000,0.0015,176.6401868601418,7667.266824302007,14465.678222736642,14919.13417704247,14460.007949265762,1.000100010001,0.0,71.19999800000002,37.071517251725176,43.4121,0.5,85,onoff,0.6,262.3237737612057,2.0,11.398204660415647,decoupled,0
10000,0.0015,176.6401868601418,7667.266824302007,14465.678222736642,14919.13417704247,14460.007949265762,1.000100010001,0.0,71.19999800000002,38.25275167516752,44.765,0.5,85,onoff,0.6,262.3237737612057,2.0,11.398204660415647,joint_full,0
10000,0.0015,176.6401868601418,7667.266824302007,14465.678222736642,14919.13417704247,14460.007949265762,1.000100010001,0.0,71.19999800000002,38.53178157815781,46.08710000000001,0.5,85,onoff,0.6,262.3237737612057,2.0,11.398204660415647,cliffserve,0
10000,0.0049,176.9002317358446,7583.865927752782,14382.25758787088,14835.671873752102,14376.629420050904,1.0022048506714774,0.0,71.19996400000001,35.4381261775907,42.32015,0.5,85,onoff,0.6,262.3237737612057,4.0,22.796409320831295,dense,0
10000,0.0049,176.9002317358446,7583.865927752782,14382.25758787088,14835.671873752102,14376.629420050904,1.0022048506714774,0.0,71.19996400000001,36.77703407496493,44.06549999999999,0.5,85,onoff,0.6,262.3237737612057,4.0,22.796409320831295,static_pomt,0
10000,0.0049,176.9002317358446,7583.865927752782,14382.25758787088,14835.671873752102,14376.629420050904,1.0022048506714774,0.0,71.19996400000001,36.96603317298056,43.823,0.5,85,onoff,0.6,262.3237737612057,4.0,22.796409320831295,decoupled,0
10000,0.0049,176.9002317358446,7583.865927752782,14382.25758787088,14835.671873752102,14376.629420050904,1.0022048506714774,0.0,71.19996400000001,38.34322258969733,46.09715,0.5,85,onoff,0.6,262.3237737612057,4.0,22.796409320831295,joint_full,0
10000,0.0049,176.9002317358446,7583.865927752782,14382.25758787088,14835.671873752102,14376.629420050904,1.0022048506714774,0.0,71.19996400000001,38.00121597514532,44.936,0.5,85,onoff,0.6,262.3237737612057,4.0,22.796409320831295,cliffserve,0
10000,0.0106,177.4095894677381,7421.57434373789,14220.468654140755,14673.398495956882,14214.81807635717,1.006947940791461,0.0,71.19990800000004,35.47779136038667,42.636,0.5,85,onoff,0.6,262.3237737612057,8.0,45.5928186416626,dense,0
10000,0.0106,177.4095894677381,7421.57434373789,14220.468654140755,14673.398495956882,14214.81807635717,1.006947940791461,0.0,71.19990800000004,36.92289658644648,44.169,0.5,85,onoff,0.6,262.3237737612057,8.0,45.5928186416626,static_pomt,0
10000,0.0106,177.4095894677381,7421.57434373789,14220.468654140755,14673.398495956882,14214.81807635717,1.006947940791461,0.0,71.19990800000004,37.08928436209848,44.069,0.5,85,onoff,0.6,262.3237737612057,8.0,45.5928186416626,decoupled,0
10000,0.0106,177.4095894677381,7421.57434373789,14220.468654140755,14673.398495956882,14214.81807635717,1.006947940791461,0.0,71.19990800000004,38.08102930218507,44.549,0.5,85,onoff,0.6,262.3237737612057,8.0,45.5928186416626,joint_full,0
10000,0.0106,177.4095894677381,7421.57434373789,14220.468654140755,14673.398495956882,14214.81807635717,1.006947940791461,0.0,71.19990800000004,38.09133994562481,44.159000000000006,0.5,85,onoff,0.6,262.3237737612057,8.0,45.5928186416626,cliffserve,0
10000,0.0227,178.42897353681062,7099.905335850466,13898.1971792971,14351.793868690322,13892.618768266331,1.017087062652563,0.0,71.19979000000001,34.97058451993491,37.19045,0.5,85,onoff,0.6,262.3237737612057,12.0,68.38922796249389,dense,0
10000,0.0227,178.42897353681062,7099.905335850466,13898.1971792971,14351.793868690322,13892.618768266331,1.017087062652563,0.0,71.19979000000001,36.488713588283154,41.98,0.5,85,onoff,0.6,262.3237737612057,12.0,68.38922796249389,static_pomt,0
10000,0.0227,178.42897353681062,7099.905335850466,13898.1971792971,14351.793868690322,13892.618768266331,1.017087062652563,0.0,71.19979000000001,36.75660496338487,43.12649999999999,0.5,85,onoff,0.6,262.3237737612057,12.0,68.38922796249389,decoupled,0
10000,0.0227,178.42897353681062,7099.905335850466,13898.1971792971,14351.793868690322,13892.618768266331,1.017087062652563,0.0,71.19979000000001,37.96024013425549,44.033,0.5,85,onoff,0.6,262.3237737612057,12.0,68.38922796249389,joint_full,0
10000,0.0227,178.42897353681062,7099.905335850466,13898.1971792971,14351.793868690322,13892.618768266331,1.017087062652563,0.0,71.19979000000001,37.785524206672086,43.794,0.5,85,onoff,0.6,262.3237737612057,12.0,68.38922796249389,cliffserve,0
10000,0.006,175.69429461916224,12074.00994896998,24522.53187655288,25522.817465343065,24516.87325738746,1.000300090027008,0.0,71.19999400000002,34.70932169650896,40.7972,0.5,85,onoff,0.8,349.76503168160764,2.0,11.398204660415647,dense,0
10000,0.006,175.69429461916224,12074.00994896998,24522.53187655288,25522.817465343065,24516.87325738746,1.000300090027008,0.0,71.19999400000002,36.24032359707912,42.324799999999975,0.5,85,onoff,0.8,349.76503168160764,2.0,11.398204660415647,static_pomt,0
10000,0.006,175.69429461916224,12074.00994896998,24522.53187655288,25522.817465343065,24516.87325738746,1.000300090027008,0.0,71.19999400000002,36.04767080124037,40.62499999999995,0.5,85,onoff,0.8,349.76503168160764,2.0,11.398204660415647,decoupled,0
10000,0.006,175.69429461916224,12074.00994896998,24522.53187655288,25522.817465343065,24516.87325738746,1.000300090027008,0.0,71.19999400000002,37.8072710813244,44.6152,0.5,85,onoff,0.8,349.76503168160764,2.0,11.398204660415647,joint_full,0
10000,0.006,175.69429461916224,12074.00994896998,24522.53187655288,25522.817465343065,24516.87325738746,1.000300090027008,0.0,71.19999400000002,37.9781200360108,45.9872,0.5,85,onoff,0.8,349.76503168160764,2.0,11.398204660415647,cliffserve,0
10000,0.0129,175.77530596833472,12047.629565716885,24496.274341619788,25496.54208815844,24490.60579608756,1.003814495081309,0.0,71.19994000000001,34.802487452318815,41.91,0.5,85,onoff,0.8,349.76503168160764,4.0,22.796409320831295,dense,0
10000,0.0129,175.77530596833472,12047.629565716885,24496.274341619788,25496.54208815844,24490.60579608756,1.003814495081309,0.0,71.19994000000001,36.4266731580004,43.90395,0.5,85,onoff,0.8,349.76503168160764,4.0,22.796409320831295,static_pomt,0
10000,0.0129,175.77530596833472,12047.629565716885,24496.274341619788,25496.54208815844,24490.60579608756,1.003814495081309,0.0,71.19994000000001,36.56539630596266,44.4035,0.5,85,onoff,0.8,349.76503168160764,4.0,22.796409320831295,decoupled,0
10000,0.0129,175.77530596833472,12047.629565716885,24496.274341619788,25496.54208815844,24490.60579608756,1.003814495081309,0.0,71.19994000000001,37.78186799839389,44.6445,0.5,85,onoff,0.8,349.76503168160764,4.0,22.796409320831295,joint_full,0
10000,0.0129,175.77530596833472,12047.629565716885,24496.274341619788,25496.54208815844,24490.60579608756,1.003814495081309,0.0,71.19994000000001,37.81156886167437,44.64444999999999,0.5,85,onoff,0.8,349.76503168160764,4.0,22.796409320831295,cliffserve,0
10000,0.0298,176.2672255490897,11888.524016584915,24337.93363104029,25337.730216315234,24332.28787579699,1.015744032503809,0.0,71.19978600000002,35.060834332148296,41.92,0.5,85,onoff,0.8,349.76503168160764,8.0,45.5928186416626,dense,0
10000,0.0298,176.2672255490897,11888.524016584915,24337.93363104029,25337.730216315234,24332.28787579699,1.015744032503809,0.0,71.19978600000002,36.15455784662265,38.804,0.5,85,onoff,0.8,349.76503168160764,8.0,45.5928186416626,static_pomt,0
10000,0.0298,176.2672255490897,11888.524016584915,24337.93363104029,25337.730216315234,24332.28787579699,1.015744032503809,0.0,71.19978600000002,36.58835713560183,43.45099999999999,0.5,85,onoff,0.8,349.76503168160764,8.0,45.5928186416626,decoupled,0
10000,0.0298,176.2672255490897,11888.524016584915,24337.93363104029,25337.730216315234,24332.28787579699,1.015744032503809,0.0,71.19978600000002,37.96556455053327,45.2968,0.5,85,onoff,0.8,349.76503168160764,8.0,45.5928186416626,joint_full,0
10000,0.0298,176.2672255490897,11888.524016584915,24337.93363104029,25337.730216315234,24332.28787579699,1.015744032503809,0.0,71.19978600000002,37.81189192483494,44.38219999999999,0.5,85,onoff,0.8,349.76503168160764,8.0,45.5928186416626,cliffserve,0
10000,0.0391,176.39719636562205,11845.955856766266,24295.495095278457,25295.303869164432,24289.838626600937,1.0228086325048584,0.0,71.199712,35.04289904878797,41.96119999999999,0.5,85,onoff,0.8,349.76503168160764,12.0,68.38922796249389,dense,0
10000,0.0391,176.39719636562205,11845.955856766266,24295.495095278457,25295.303869164432,24289.838626600937,1.0228086325048584,0.0,71.199712,36.55903293443797,43.242,0.5,85,onoff,0.8,349.76503168160764,12.0,68.38922796249389,static_pomt,0
10000,0.0391,176.39719636562205,11845.955856766266,24295.495095278457,25295.303869164432,24289.838626600937,1.0228086325048584,0.0,71.199712,36.61404684463537,43.57299999999995,0.5,85,onoff,0.8,349.76503168160764,12.0,68.38922796249389,decoupled,0
10000,0.0391,176.39719636562205,11845.955856766266,24295.495095278457,25295.303869164432,24289.838626600937,1.0228086325048584,0.0,71.199712,37.82785803416181,45.206,0.5,85,onoff,0.8,349.76503168160764,12.0,68.38922796249389,joint_full,0
10000,0.0391,176.39719636562205,11845.955856766266,24295.495095278457,25295.303869164432,24289.838626600937,1.0228086325048584,0.0,71.199712,37.89633128771607,44.49679999999999,0.5,85,onoff,0.8,349.76503168160764,12.0,68.38922796249389,cliffserve,0
10000,0.002,176.7536603371127,16656.845403196556,29752.68197916768,31129.06925686892,29747.027396953326,1.000300090027008,0.0,71.19999400000002,35.350882064619384,41.548,0.5,85,onoff,0.95,415.345975121909,2.0,11.398204660415647,dense,0
10000,0.002,176.7536603371127,16656.845403196556,29752.68197916768,31129.06925686892,29747.027396953326,1.000300090027008,0.0,71.19999400000002,37.25700050015004,43.39479999999999,0.5,85,onoff,0.95,415.345975121909,2.0,11.398204660415647,static_pomt,0
10000,0.002,176.7536603371127,16656.845403196556,29752.68197916768,31129.06925686892,29747.027396953326,1.000300090027008,0.0,71.19999400000002,37.137025007502245,42.982,0.5,85,onoff,0.95,415.345975121909,2.0,11.398204660415647,decoupled,0
10000,0.002,176.7536603371127,16656.845403196556,29752.68197916768,31129.06925686892,29747.027396953326,1.000300090027008,0.0,71.19999400000002,38.49634270281084,44.99699999999999,0.5,85,onoff,0.95,415.345975121909,2.0,11.398204660415647,joint_full,0
10000,0.002,176.7536603371127,16656.845403196556,29752.68197916768,31129.06925686892,29747.027396953326,1.000300090027008,0.0,71.19999400000002,38.67037411223367,46.11999999999999,0.5,85,onoff,0.95,415.345975121909,2.0,11.398204660415647,cliffserve,0
10000,0.0034,176.86979443812325,16619.55244350646,29715.461827147225,31091.874910140592,29709.826911747678,1.001401962747847,0.0,71.19997800000003,35.10560795113159,40.8955,0.5,85,onoff,0.95,415.345975121909,4.0,22.796409320831295,dense,0
10000,0.0034,176.86979443812325,16619.55244350646,29715.461827147225,31091.874910140592,29709.826911747678,1.001401962747847,0.0,71.19997800000003,37.078872020829166,43.212,0.5,85,onoff,0.95,415.345975121909,4.0,22.796409320831295,static_pomt,0
10000,0.0034,176.86979443812325,16619.55244350646,29715.461827147225,31091.874910140592,29709.826911747678,1.001401962747847,0.0,71.19997800000003,36.91536270779091,42.641,0.5,85,onoff,0.95,415.345975121909,4.0,22.796409320831295,decoupled,0
10000,0.0034,176.86979443812325,16619.55244350646,29715.461827147225,31091.874910140592,29709.826911747678,1.001401962747847,0.0,71.19997800000003,38.61304926897657,44.78575,0.5,85,onoff,0.95,415.345975121909,4.0,22.796409320831295,joint_full,0
10000,0.0034,176.86979443812325,16619.55244350646,29715.461827147225,31091.874910140592,29709.826911747678,1.001401962747847,0.0,71.19997800000003,38.66209713599039,45.01575,0.5,85,onoff,0.95,415.345975121909,4.0,22.796409320831295,cliffserve,0
10000,0.0054,177.0517598735367,16561.40649152015,29657.466996515017,31033.59689823683,29651.812475025872,1.0031096398836392,0.0,71.19995800000004,35.25480449393119,41.735,0.5,85,onoff,0.95,415.345975121909,8.0,45.5928186416626,dense,0
10000,0.0054,177.0517598735367,16561.40649152015,29657.466996515017,31033.59689823683,29651.812475025872,1.0031096398836392,0.0,71.19995800000004,37.31225027585516,44.4104,0.5,85,onoff,0.95,415.345975121909,8.0,45.5928186416626,static_pomt,0
10000,0.0054,177.0517598735367,16561.40649152015,29657.466996515017,31033.59689823683,29651.812475025872,1.0031096398836392,0.0,71.19995800000004,37.29813682415488,44.34240000000001,0.5,85,onoff,0.95,415.345975121909,8.0,45.5928186416626,decoupled,0
10000,0.0054,177.0517598735367,16561.40649152015,29657.466996515017,31033.59689823683,29651.812475025872,1.0031096398836392,0.0,71.19995800000004,38.64005557227405,45.9834,0.5,85,onoff,0.95,415.345975121909,8.0,45.5928186416626,joint_full,0
10000,0.0054,177.0517598735367,16561.40649152015,29657.466996515017,31033.59689823683,29651.812475025872,1.0031096398836392,0.0,71.19995800000004,38.786000401243854,45.9234,0.5,85,onoff,0.95,415.345975121909,8.0,45.5928186416626,cliffserve,0
10000,0.0069,177.18633660065788,16518.413274290306,29614.930809414607,30990.764905129032,29609.271233427746,1.004419445560466,0.0,71.19994400000002,35.6841422257935,42.451,0.5,85,onoff,0.95,415.345975121909,12.0,68.38922796249389,dense,0
10000,0.0069,177.18633660065788,16518.413274290306,29614.930809414607,30990.764905129032,29609.271233427746,1.004419445560466,0.0,71.19994400000002,37.04617165528324,43.38225,0.5,85,onoff,0.95,415.345975121909,12.0,68.38922796249389,static_pomt,0
10000,0.0069,177.18633660065788,16518.413274290306,29614.930809414607,30990.764905129032,29609.271233427746,1.004419445560466,0.0,71.19994400000002,37.34974296906388,43.853750000000005,0.5,85,onoff,0.95,415.345975121909,12.0,68.38922796249389,decoupled,0
10000,0.0069,177.18633660065788,16518.413274290306,29614.930809414607,30990.764905129032,29609.271233427746,1.004419445560466,0.0,71.19994400000002,38.52308979509843,45.43175,0.5,85,onoff,0.95,415.345975121909,12.0,68.38922796249389,joint_full,0
10000,0.0069,177.18633660065788,16518.413274290306,29614.930809414607,30990.764905129032,29609.271233427746,1.004419445560466,0.0,71.19994400000002,38.67666613097629,45.31925,0.5,85,onoff,0.95,415.345975121909,12.0,68.38922796249389,cliffserve,0
10000,0.0021,176.8022899045922,17002.435581781552,33232.47755126048,34417.256564522126,33226.90139268924,1.0004001600640255,0.0,71.19999200000001,35.660575930372154,42.6435,0.5,85,onoff,1.1,480.9269185622105,2.0,11.398204660415647,dense,0
10000,0.0021,176.8022899045922,17002.435581781552,33232.47755126048,34417.256564522126,33226.90139268924,1.0004001600640255,0.0,71.19999200000001,37.2640394157663,44.439,0.5,85,onoff,1.1,480.9269185622105,2.0,11.398204660415647,static_pomt,0
10000,0.0021,176.8022899045922,17002.435581781552,33232.47755126048,34417.256564522126,33226.90139268924,1.0004001600640255,0.0,71.19999200000001,37.24915416166466,44.194,0.5,85,onoff,1.1,480.9269185622105,2.0,11.398204660415647,decoupled,0
10000,0.0021,176.8022899045922,17002.435581781552,33232.47755126048,34417.256564522126,33226.90139268924,1.0004001600640255,0.0,71.19999200000001,38.62775730292117,46.378,0.5,85,onoff,1.1,480.9269185622105,2.0,11.398204660415647,joint_full,0
10000,0.0021,176.8022899045922,17002.435581781552,33232.47755126048,34417.256564522126,33226.90139268924,1.0004001600640255,0.0,71.19999200000001,38.72742306922769,46.00725,0.5,85,onoff,1.1,480.9269185622105,2.0,11.398204660415647,cliffserve,0
10000,0.0034,176.8841036177983,16976.127565958188,33206.18853169966,34390.91524075065,33200.50993668128,1.001201441730076,0.0,71.19998000000002,35.49346185422507,42.59785,0.5,85,onoff,1.1,480.9269185622105,4.0,22.796409320831295,dense,0
10000,0.0034,176.8841036177983,16976.127565958188,33206.18853169966,34390.91524075065,33200.50993668128,1.001201441730076,0.0,71.19998000000002,37.06976581898278,44.264,0.5,85,onoff,1.1,480.9269185622105,4.0,22.796409320831295,static_pomt,0
10000,0.0034,176.8841036177983,16976.127565958188,33206.18853169966,34390.91524075065,33200.50993668128,1.001201441730076,0.0,71.19998000000002,37.01063175810973,44.3005,0.5,85,onoff,1.1,480.9269185622105,4.0,22.796409320831295,decoupled,0
10000,0.0034,176.8841036177983,16976.127565958188,33206.18853169966,34390.91524075065,33200.50993668128,1.001201441730076,0.0,71.19998000000002,38.31211904285142,45.346,0.5,85,onoff,1.1,480.9269185622105,4.0,22.796409320831295,joint_full,0
10000,0.0034,176.8841036177983,16976.127565958188,33206.18853169966,34390.91524075065,33200.50993668128,1.001201441730076,0.0,71.19998000000002,38.48273918702444,45.41584999999999,0.5,85,onoff,1.1,480.9269185622105,4.0,22.796409320831295,cliffserve,0
10000,0.0052,177.0458063541712,16924.604492761777,33154.61463116694,34339.21868782554,33148.93937667895,1.002707309736288,0.0,71.19996200000001,35.5874888198135,42.2746,0.5,85,onoff,1.1,480.9269185622105,8.0,45.5928186416626,dense,0
10000,0.0052,177.0458063541712,16924.604492761777,33154.61463116694,34339.21868782554,33148.93937667895,1.002707309736288,0.0,71.19996200000001,36.78939025368495,43.182,0.5,85,onoff,1.1,480.9269185622105,8.0,45.5928186416626,static_pomt,0
10000,0.0052,177.0458063541712,16924.604492761777,33154.61463116694,34339.21868782554,33148.93937667895,1.002707309736288,0.0,71.19996200000001,37.14503780206558,43.81199999999999,0.5,85,onoff,1.1,480.9269185622105,8.0,45.5928186416626,decoupled,0
10000,0.0052,177.0458063541712,16924.604492761777,33154.61463116694,34339.21868782554,33148.93937667895,1.002707309736288,0.0,71.19996200000001,38.62714900230623,45.9416,0.5,85,onoff,1.1,480.9269185622105,8.0,45.5928186416626,joint_full,0
10000,0.0052,177.0458063541712,16924.604492761777,33154.61463116694,34339.21868782554,33148.93937667895,1.002707309736288,0.0,71.19996200000001,38.29674822019452,44.769,0.5,85,onoff,1.1,480.9269185622105,8.0,45.5928186416626,cliffserve,0
10000,0.0116,177.57301103993657,16757.072652643496,32987.70992782748,34172.133753439404,32982.05022705234,1.007759750075582,0.0,71.19990000000003,35.29359639222009,41.8081,0.5,85,onoff,1.1,480.9269185622105,12.0,68.38922796249389,dense,0
10000,0.0116,177.57301103993657,16757.072652643496,32987.70992782748,34172.133753439404,32982.05022705234,1.007759750075582,0.0,71.19990000000003,37.00014017938124,43.473,0.5,85,onoff,1.1,480.9269185622105,12.0,68.38922796249389,static_pomt,0
10000,0.0116,177.57301103993657,16757.072652643496,32987.70992782748,34172.133753439404,32982.05022705234,1.007759750075582,0.0,71.19990000000003,37.27197410057442,44.024,0.5,85,onoff,1.1,480.9269185622105,12.0,68.38922796249389,decoupled,0
10000,0.0116,177.57301103993657,16757.072652643496,32987.70992782748,34172.133753439404,32982.05022705234,1.007759750075582,0.0,71.19990000000003,38.47342235211125,44.934,0.5,85,onoff,1.1,480.9269185622105,12.0,68.38922796249389,joint_full,0
10000,0.0116,177.57301103993657,16757.072652643496,32987.70992782748,34172.133753439404,32982.05022705234,1.007759750075582,0.0,71.19990000000003,38.55528257583392,45.6341,0.5,85,onoff,1.1,480.9269185622105,12.0,68.38922796249389,cliffserve,0
10000,0.6637,131.44741851071117,9.39540160028264,29.28211776491697,51.88128721910523,23.66451143657385,1.0938525486764383,0.0,71.19828400000002,7.06047954495734,8.59554999999999,0.5,86,poisson,0.3,131.16188688060285,2.0,11.398204660415647,dense,0
10000,0.6637,131.44741851071117,9.39540160028264,29.28211776491697,51.88128721910523,23.66451143657385,1.0938525486764383,0.0,71.19828400000002,7.519282542113324,9.277,0.5,86,poisson,0.3,131.16188688060285,2.0,11.398204660415647,static_pomt,0
10000,0.6637,131.44741851071117,9.39540160028264,29.28211776491697,51.88128721910523,23.66451143657385,1.0938525486764383,0.0,71.19828400000002,8.789956902209582,10.56,0.5,86,poisson,0.3,131.16188688060285,2.0,11.398204660415647,decoupled,0
10000,0.6637,131.44741851071117,9.39540160028264,29.28211776491697,51.88128721910523,23.66451143657385,1.0938525486764383,0.0,71.19828400000002,7.600436556552178,10.65,0.5,86,poisson,0.3,131.16188688060285,2.0,11.398204660415647,joint_full,0
10000,0.6637,131.44741851071117,9.39540160028264,29.28211776491697,51.88128721910523,23.66451143657385,1.0938525486764383,0.0,71.19828400000002,7.549340516298402,10.58,0.5,86,poisson,0.3,131.16188688060285,2.0,11.398204660415647,cliffserve,0
10000,0.9997,131.44760047410037,7.9079867614800605,14.509640966406002,18.16939785667466,6.808609222370976,1.2851818532322323,0.0,71.19576200000002,7.043392366019791,8.436,0.5,86,poisson,0.3,131.16188688060285,4.0,22.796409320831295,dense,0
10000,0.9997,131.44760047410037,7.9079867614800605,14.509640966406002,18.16939785667466,6.808609222370976,1.2851818532322323,0.0,71.19576200000002,7.3679419097802334,8.757,0.5,86,poisson,0.3,131.16188688060285,4.0,22.796409320831295,static_pomt,0
10000,0.9997,131.44760047410037,7.9079867614800605,14.509640966406002,18.16939785667466,6.808609222370976,1.2851818532322323,0.0,71.19576200000002,8.833496979822645,10.31,0.5,86,poisson,0.3,131.16188688060285,4.0,22.796409320831295,decoupled,0
10000,0.9997,131.44760047410037,7.9079867614800605,14.509640966406002,18.16939785667466,6.808609222370976,1.2851818532322323,0.0,71.19576200000002,6.811544531551214,8.857,0.5,86,poisson,0.3,131.16188688060285,4.0,22.796409320831295,joint_full,0
10000,0.9997,131.44760047410037,7.9079867614800605,14.509640966406002,18.16939785667466,6.808609222370976,1.2851818532322323,0.0,71.19576200000002,6.825404703765583,8.827,0.5,86,poisson,0.3,131.16188688060285,4.0,22.796409320831295,cliffserve,0
10000,1.0,131.4474547268693,7.907072067260742,14.46865945724694,18.02940579224769,6.755318027483005,1.2863390789812197,0.0,71.19575600000003,6.989481733985079,8.376,0.5,86,poisson,0.3,131.16188688060285,8.0,45.5928186416626,dense,0
10000,1.0,131.4474547268693,7.907072067260742,14.46865945724694,18.02940579224769,6.755318027483005,1.2863390789812197,0.0,71.19575600000003,7.290030357602263,8.707,0.5,86,poisson,0.3,131.16188688060285,8.0,45.5928186416626,static_pomt,0
10000,1.0,131.4474547268693,7.907072067260742,14.46865945724694,18.02940579224769,6.755318027483005,1.2863390789812197,0.0,71.19575600000003,8.849757910985335,10.309349999999998,0.5,86,poisson,0.3,131.16188688060285,8.0,45.5928186416626,decoupled,0
10000,1.0,131.4474547268693,7.907072067260742,14.46865945724694,18.02940579224769,6.755318027483005,1.2863390789812197,0.0,71.19575600000003,6.813848983792128,8.827,0.5,86,poisson,0.3,131.16188688060285,8.0,45.5928186416626,joint_full,0
10000,1.0,131.4474547268693,7.907072067260742,14.46865945724694,18.02940579224769,6.755318027483005,1.2863390789812197,0.0,71.19575600000003,6.799505402624131,8.817,0.5,86,poisson,0.3,131.16188688060285,8.0,45.5928186416626,cliffserve,0
10000,1.0,131.4474547268693,7.907072067260742,14.46865945724694,18.02940579224769,6.755318027483005,1.2863390789812197,0.0,71.19575600000003,7.030759454592231,8.406,0.5,86,poisson,0.3,131.16188688060285,12.0,68.38922796249389,dense,0
10000,1.0,131.4474547268693,7.907072067260742,14.46865945724694,18.02940579224769,6.755318027483005,1.2863390789812197,0.0,71.19575600000003,7.309442114741446,8.717,0.5,86,poisson,0.3,131.16188688060285,12.0,68.38922796249389,static_pomt,0
10000,1.0,131.4474547268693,7.907072067260742,14.46865945724694,18.02940579224769,6.755318027483005,1.2863390789812197,0.0,71.19575600000003,8.869198353485979,10.359,0.5,86,poisson,0.3,131.16188688060285,12.0,68.38922796249389,decoupled,0
10000,1.0,131.4474547268693,7.907072067260742,14.46865945724694,18.02940579224769,6.755318027483005,1.2863390789812197,0.0,71.19575600000003,6.801352585541548,8.837,0.5,86,poisson,0.3,131.16188688060285,12.0,68.38922796249389,joint_full,0
10000,1.0,131.4474547268693,7.907072067260742,14.46865945724694,18.02940579224769,6.755318027483005,1.2863390789812197,0.0,71.19575600000003,6.77654772317983,8.777,0.5,86,poisson,0.3,131.16188688060285,12.0,68.38922796249389,cliffserve,0
10000,0.0003,177.18061849162387,9115.584627269222,17538.98503039474,18321.34617051588,17533.353289514725,1.000100010001,0.0,71.19999800000002,35.049757575757575,41.459900000000005,0.5,86,poisson,0.6,262.3237737612057,2.0,11.398204660415647,dense,0
10000,0.0003,177.18061849162387,9115.584627269222,17538.98503039474,18321.34617051588,17533.353289514725,1.000100010001,0.0,71.19999800000002,35.94068766876688,42.912,0.5,86,poisson,0.6,262.3237737612057,2.0,11.398204660415647,static_pomt,0
10000,0.0003,177.18061849162387,9115.584627269222,17538.98503039474,18321.34617051588,17533.353289514725,1.000100010001,0.0,71.19999800000002,36.895162816281626,43.9131,0.5,86,poisson,0.6,262.3237737612057,2.0,11.398204660415647,decoupled,0
10000,0.0003,177.18061849162387,9115.584627269222,17538.98503039474,18321.34617051588,17533.353289514725,1.000100010001,0.0,71.19999800000002,38.30758225822582,45.49900000000001,0.5,86,poisson,0.6,262.3237737612057,2.0,11.398204660415647,joint_full,0
10000,0.0003,177.18061849162387,9115.584627269222,17538.98503039474,18321.34617051588,17533.353289514725,1.000100010001,0.0,71.19999800000002,38.10146974697469,45.226,0.5,86,poisson,0.6,262.3237737612057,2.0,11.398204660415647,cliffserve,0
10000,0.0033,177.3609665496905,9058.024529405942,17481.130322317225,18263.972432871877,17475.490167097192,1.0017028949213662,0.0,71.19997000000002,35.31987027947511,42.161,0.5,86,poisson,0.6,262.3237737612057,4.0,22.796409320831295,dense,0
10000,0.0033,177.3609665496905,9058.024529405942,17481.130322317225,18263.972432871877,17475.490167097192,1.0017028949213662,0.0,71.19997000000002,36.61369658419313,42.9791,0.5,86,poisson,0.6,262.3237737612057,4.0,22.796409320831295,static_pomt,0
10000,0.0033,177.3609665496905,9058.024529405942,17481.130322317225,18263.972432871877,17475.490167097192,1.0017028949213662,0.0,71.19997000000002,36.92916267655013,43.87199999999999,0.5,86,poisson,0.6,262.3237737612057,4.0,22.796409320831295,decoupled,0
10000,0.0033,177.3609665496905,9058.024529405942,17481.130322317225,18263.972432871877,17475.490167097192,1.0017028949213662,0.0,71.19997000000002,38.0746882700591,44.8659,0.5,86,poisson,0.6,262.3237737612057,4.0,22.796409320831295,joint_full,0
10000,0.0033,177.3609665496905,9058.024529405942,17481.130322317225,18263.972432871877,17475.490167097192,1.0017028949213662,0.0,71.19997000000002,38.34756215566463,45.206,0.5,86,poisson,0.6,262.3237737612057,4.0,22.796409320831295,cliffserve,0
10000,0.2198,190.18512480801024,5258.010915884297,13680.306951944383,14462.775987940504,13674.65606376365,1.1300711944852526,0.0,71.19816400000002,32.17167205333936,41.6356,0.5,86,poisson,0.6,262.3237737612057,8.0,45.5928186416626,dense,0
10000,0.2198,190.18512480801024,5258.010915884297,13680.306951944383,14462.775987940504,13674.65606376365,1.1300711944852526,0.0,71.19816400000002,33.65579410102836,43.3984,0.5,86,poisson,0.6,262.3237737612057,8.0,45.5928186416626,static_pomt,0
10000,0.2198,190.18512480801024,5258.010915884297,13680.306951944383,14462.775987940504,13674.65606376365,1.1300711944852526,0.0,71.19816400000002,33.623570007910494,42.59300000000001,0.5,86,poisson,0.6,262.3237737612057,8.0,45.5928186416626,decoupled,0
10000,0.2198,190.18512480801024,5258.010915884297,13680.306951944383,14462.775987940504,13674.65606376365,1.1300711944852526,0.0,71.19816400000002,34.9162899762685,45.633,0.5,86,poisson,0.6,262.3237737612057,8.0,45.5928186416626,joint_full,0
10000,0.2198,190.18512480801024,5258.010915884297,13680.306951944383,14462.775987940504,13674.65606376365,1.1300711944852526,0.0,71.19816400000002,34.94050073454628,45.5024,0.5,86,poisson,0.6,262.3237737612057,8.0,45.5928186416626,cliffserve,0
10000,1.0,262.83407382588376,13.53731484800619,28.571047913662817,39.81330434584072,14.351725905066624,2.177700348432056,0.0,71.19153200000002,8.11960975609756,10.099,0.5,86,poisson,0.6,262.3237737612057,12.0,68.38922796249389,dense,0
10000,1.0,262.83407382588376,13.53731484800619,28.571047913662817,39.81330434584072,14.351725905066624,2.177700348432056,0.0,71.19153200000002,8.522584277003485,10.59,0.5,86,poisson,0.6,262.3237737612057,12.0,68.38922796249389,static_pomt,0
10000,1.0,262.83407382588376,13.53731484800619,28.571047913662817,39.81330434584072,14.351725905066624,2.177700348432056,0.0,71.19153200000002,9.89687674216028,12.053,0.5,86,poisson,0.6,262.3237737612057,12.0,68.38922796249389,decoupled,0
10000,1.0,262.83407382588376,13.53731484800619,28.571047913662817,39.81330434584072,14.351725905066624,2.177700348432056,0.0,71.19153200000002,8.365205792682927,10.881,0.5,86,poisson,0.6,262.3237737612057,12.0,68.38922796249389,joint_full,0
10000,1.0,262.83407382588376,13.53731484800619,28.571047913662817,39.81330434584072,14.351725905066624,2.177700348432056,0.0,71.19153200000002,8.386428353658536,10.905499999999998,0.5,86,poisson,0.6,262.3237737612057,12.0,68.38922796249389,cliffserve,0
10000,0.0003,177.18061849162387,13891.477934627605,26558.87947243409,27708.40577492871,26553.24707874017,1.000100010001,0.0,71.19999800000002,35.63565806580658,42.36300000000001,0.5,86,poisson,0.8,349.76503168160764,2.0,11.398204660415647,dense,0
10000,0.0003,177.18061849162387,13891.477934627605,26558.87947243409,27708.40577492871,26553.24707874017,1.000100010001,0.0,71.19999800000002,36.93216631663166,42.7411,0.5,86,poisson,0.8,349.76503168160764,2.0,11.398204660415647,static_pomt,0
10000,0.0003,177.18061849162387,13891.477934627605,26558.87947243409,27708.40577492871,26553.24707874017,1.000100010001,0.0,71.19999800000002,37.18471517151716,43.553,0.5,86,poisson,0.8,349.76503168160764,2.0,11.398204660415647,decoupled,0
10000,0.0003,177.18061849162387,13891.477934627605,26558.87947243409,27708.40577492871,26553.24707874017,1.000100010001,0.0,71.19999800000002,38.6861203120312,45.97990000000001,0.5,86,poisson,0.8,349.76503168160764,2.0,11.398204660415647,joint_full,0
10000,0.0003,177.18061849162387,13891.477934627605,26558.87947243409,27708.40577492871,26553.24707874017,1.000100010001,0.0,71.19999800000002,38.635948994899486,45.578,0.5,86,poisson,0.8,349.76503168160764,2.0,11.398204660415647,cliffserve,0
10000,0.001,177.24236822808254,13871.782094984124,26539.079634534886,27688.69528302349,26533.372764122058,1.0006003602161295,0.0,71.19999000000001,35.46890034020412,41.68285,0.5,86,poisson,0.8,349.76503168160764,4.0,22.796409320831295,dense,0
10000,0.001,177.24236822808254,13871.782094984124,26539.079634534886,27688.69528302349,26533.372764122058,1.0006003602161295,0.0,71.19999000000001,36.92995157094256,43.102,0.5,86,poisson,0.8,349.76503168160764,4.0,22.796409320831295,static_pomt,0
10000,0.001,177.24236822808254,13871.782094984124,26539.079634534886,27688.69528302349,26533.372764122058,1.0006003602161295,0.0,71.19999000000001,37.01092025215129,43.1955,0.5,86,poisson,0.8,349.76503168160764,4.0,22.796409320831295,decoupled,0
10000,0.001,177.24236822808254,13871.782094984124,26539.079634534886,27688.69528302349,26533.372764122058,1.0006003602161295,0.0,71.19999000000001,38.41961466880128,45.116,0.5,86,poisson,0.8,349.76503168160764,4.0,22.796409320831295,joint_full,0
10000,0.001,177.24236822808254,13871.782094984124,26539.079634534886,27688.69528302349,26533.372764122058,1.0006003602161295,0.0,71.19999000000001,38.409372923754255,44.898500000000006,0.5,86,poisson,0.8,349.76503168160764,4.0,22.796409320831295,cliffserve,0
10000,0.0369,180.2152409668096,12940.426231655829,25606.35682741806,26757.638640724483,25600.700846449585,1.0263779123473262,0.0,71.19963800000001,35.2807107667043,41.147,0.5,86,poisson,0.8,349.76503168160764,8.0,45.5928186416626,dense,0
10000,0.0369,180.2152409668096,12940.426231655829,25606.35682741806,26757.638640724483,25600.700846449585,1.0263779123473262,0.0,71.19963800000001,36.79410202196448,43.17099999999999,0.5,86,poisson,0.8,349.76503168160764,8.0,45.5928186416626,static_pomt,0
10000,0.0369,180.2152409668096,12940.426231655829,25606.35682741806,26757.638640724483,25600.700846449585,1.0263779123473262,0.0,71.19963800000001,36.81314122960074,43.282,0.5,86,poisson,0.8,349.76503168160764,8.0,45.5928186416626,decoupled,0
10000,0.0369,180.2152409668096,12940.426231655829,25606.35682741806,26757.638640724483,25600.700846449585,1.0263779123473262,0.0,71.19963800000001,38.26231612439701,45.23499999999999,0.5,86,poisson,0.8,349.76503168160764,8.0,45.5928186416626,joint_full,0
10000,0.0369,180.2152409668096,12940.426231655829,25606.35682741806,26757.638640724483,25600.700846449585,1.0263779123473262,0.0,71.19963800000001,38.28391737657805,44.824,0.5,86,poisson,0.8,349.76503168160764,8.0,45.5928186416626,cliffserve,0
10000,0.1661,192.4601877316263,9411.874202665796,22078.31567019602,23228.39928105455,22072.643641225302,1.1431184270690444,0.0,71.19836400000001,34.36036774119798,41.549,0.5,86,poisson,0.8,349.76503168160764,12.0,68.38922796249389,dense,0
10000,0.1661,192.4601877316263,9411.874202665796,22078.31567019602,23228.39928105455,22072.643641225302,1.1431184270690444,0.0,71.19836400000001,35.861294238683136,43.072,0.5,86,poisson,0.8,349.76503168160764,12.0,68.38922796249389,static_pomt,0
10000,0.1661,192.4601877316263,9411.874202665796,22078.31567019602,23228.39928105455,22072.643641225302,1.1431184270690444,0.0,71.19836400000001,36.0001630086877,43.6195,0.5,86,poisson,0.8,349.76503168160764,12.0,68.38922796249389,decoupled,0
10000,0.1661,192.4601877316263,9411.874202665796,22078.31567019602,23228.39928105455,22072.643641225302,1.1431184270690444,0.0,71.19836400000001,37.32064174668496,44.855,0.5,86,poisson,0.8,349.76503168160764,12.0,68.38922796249389,joint_full,0
10000,0.1661,192.4601877316263,9411.874202665796,22078.31567019602,23228.39928105455,22072.643641225302,1.1431184270690444,0.0,71.19836400000001,37.28519398719707,44.996,0.5,86,poisson,0.8,349.76503168160764,12.0,68.38922796249389,cliffserve,0
10000,0.0002,177.18061849162387,16153.743185481624,30831.38356575564,32155.803776722107,30825.751172061715,1.000100010001,0.0,71.19999800000002,35.75421192119212,41.8019,0.5,86,poisson,0.95,415.345975121909,2.0,11.398204660415647,dense,0
10000,0.0002,177.18061849162387,16153.743185481624,30831.38356575564,32155.803776722107,30825.751172061715,1.000100010001,0.0,71.19999800000002,37.268198619861984,43.514,0.5,86,poisson,0.95,415.345975121909,2.0,11.398204660415647,static_pomt,0
10000,0.0002,177.18061849162387,16153.743185481624,30831.38356575564,32155.803776722107,30825.751172061715,1.000100010001,0.0,71.19999800000002,37.1178495849585,43.3139,0.5,86,poisson,0.95,415.345975121909,2.0,11.398204660415647,decoupled,0
10000,0.0002,177.18061849162387,16153.743185481624,30831.38356575564,32155.803776722107,30825.751172061715,1.000100010001,0.0,71.19999800000002,38.72091249124912,45.065,0.5,86,poisson,0.95,415.345975121909,2.0,11.398204660415647,joint_full,0
10000,0.0002,177.18061849162387,16153.743185481624,30831.38356575564,32155.803776722107,30825.751172061715,1.000100010001,0.0,71.19999800000002,38.67869656965696,44.606,0.5,86,poisson,0.95,415.345975121909,2.0,11.398204660415647,cliffserve,0
10000,0.001,177.24236822808254,16134.047345838146,30811.583727856432,32136.094286098632,30805.876857443607,1.0006003602161295,0.0,71.19999000000001,35.41564188513108,41.532500000000006,0.5,86,poisson,0.95,415.345975121909,4.0,22.796409320831295,dense,0
10000,0.001,177.24236822808254,16134.047345838146,30811.583727856432,32136.094286098632,30805.876857443607,1.0006003602161295,0.0,71.19999000000001,37.0041858114869,43.186150000000005,0.5,86,poisson,0.95,415.345975121909,4.0,22.796409320831295,static_pomt,0
10000,0.001,177.24236822808254,16134.047345838146,30811.583727856432,32136.094286098632,30805.876857443607,1.0006003602161295,0.0,71.19999000000001,37.21127646587953,43.433,0.5,86,poisson,0.95,415.345975121909,4.0,22.796409320831295,decoupled,0
10000,0.001,177.24236822808254,16134.047345838146,30811.583727856432,32136.094286098632,30805.876857443607,1.0006003602161295,0.0,71.19999000000001,38.65917150290174,45.246,0.5,86,poisson,0.95,415.345975121909,4.0,22.796409320831295,joint_full,0
10000,0.001,177.24236822808254,16134.047345838146,30811.583727856432,32136.094286098632,30805.876857443607,1.0006003602161295,0.0,71.19999000000001,38.48448238943366,44.962,0.5,86,poisson,0.95,415.345975121909,4.0,22.796409320831295,cliffserve,0
10000,0.0057,177.65262196131556,16003.51070567091,30681.28196589545,32005.93618519798,30675.62584275797,1.0043185698503565,0.0,71.19994400000002,34.952646881590844,41.3882,0.5,86,poisson,0.95,415.345975121909,8.0,45.5928186416626,dense,0
10000,0.0057,177.65262196131556,16003.51070567091,30681.28196589545,32005.93618519798,30675.62584275797,1.0043185698503565,0.0,71.19994400000002,35.97385296776138,42.671,0.5,86,poisson,0.95,415.345975121909,8.0,45.5928186416626,static_pomt,0
10000,0.0057,177.65262196131556,16003.51070567091,30681.28196589545,32005.93618519798,30675.62584275797,1.0043185698503565,0.0,71.19994400000002,37.26243165612132,43.9132,0.5,86,poisson,0.95,415.345975121909,8.0,45.5928186416626,decoupled,0
10000,0.0057,177.65262196131556,16003.51070567091,30681.28196589545,32005.93618519798,30675.62584275797,1.0043185698503565,0.0,71.19994400000002,38.52188701416089,44.8752,0.5,86,poisson,0.95,415.345975121909,8.0,45.5928186416626,joint_full,0
10000,0.0057,177.65262196131556,16003.51070567091,30681.28196589545,32005.93618519798,30675.62584275797,1.0043185698503565,0.0,71.19994400000002,38.82315727628804,46.45079999999999,0.5,86,poisson,0.95,415.345975121909,8.0,45.5928186416626,cliffserve,0
10000,0.0297,179.9022087491466,15299.170915088253,29975.38771848277,31301.76878643051,29969.82115053729,1.0256410256410255,0.0,71.19970400000003,35.39064461538461,41.73955,0.5,86,poisson,0.95,415.345975121909,12.0,68.38922796249389,dense,0
10000,0.0297,179.9022087491466,15299.170915088253,29975.38771848277,31301.76878643051,29969.82115053729,1.0256410256410255,0.0,71.19970400000003,37.04056656410257,42.721,0.5,86,poisson,0.95,415.345975121909,12.0,68.38922796249389,static_pomt,0
10000,0.0297,179.9022087491466,15299.170915088253,29975.38771848277,31301.76878643051,29969.82115053729,1.0256410256410255,0.0,71.19970400000003,37.25345323076923,44.024,0.5,86,poisson,0.95,415.345975121909,12.0,68.38922796249389,decoupled,0
10000,0.0297,179.9022087491466,15299.170915088253,29975.38771848277,31301.76878643051,29969.82115053729,1.0256410256410255,0.0,71.19970400000003,38.63357384615384,45.29655,0.5,86,poisson,0.95,415.345975121909,12.0,68.38922796249389,joint_full,0
10000,0.0297,179.9022087491466,15299.170915088253,29975.38771848277,31301.76878643051,29969.82115053729,1.0256410256410255,0.0,71.19970400000003,38.4703797948718,44.70094999999999,0.5,86,poisson,0.95,415.345975121909,12.0,68.38922796249389,cliffserve,0
10000,0.0002,177.18061849162387,17799.027004284493,33938.65926998934,35390.264494028415,33933.026876295415,1.000100010001,0.0,71.19999800000002,34.30006810681068,40.788,0.5,86,poisson,1.1,480.9269185622105,2.0,11.398204660415647,dense,0
10000,0.0002,177.18061849162387,17799.027004284493,33938.65926998934,35390.264494028415,33933.026876295415,1.000100010001,0.0,71.19999800000002,36.80822862286229,43.27400000000001,0.5,86,poisson,1.1,480.9269185622105,2.0,11.398204660415647,static_pomt,0
10000,0.0002,177.18061849162387,17799.027004284493,33938.65926998934,35390.264494028415,33933.026876295415,1.000100010001,0.0,71.19999800000002,37.25048894889488,43.675900000000006,0.5,86,poisson,1.1,480.9269185622105,2.0,11.398204660415647,decoupled,0
10000,0.0002,177.18061849162387,17799.027004284493,33938.65926998934,35390.264494028415,33933.026876295415,1.000100010001,0.0,71.19999800000002,38.56245244524453,45.427,0.5,86,poisson,1.1,480.9269185622105,2.0,11.398204660415647,joint_full,0
10000,0.0002,177.18061849162387,17799.027004284493,33938.65926998934,35390.264494028415,33933.026876295415,1.000100010001,0.0,71.19999800000002,38.35102690269027,40.57810000000004,0.5,86,poisson,1.1,480.9269185622105,2.0,11.398204660415647,cliffserve,0
10000,0.001,177.24946575560486,17777.076108975045,33916.551538003296,35368.37769098792,33910.90615385851,1.0007004903432404,0.0,71.19999000000001,35.576467627339134,40.2,0.5,86,poisson,1.1,480.9269185622105,4.0,22.796409320831295,dense,0
10000,0.001,177.24946575560486,17777.076108975045,33916.551538003296,35368.37769098792,33910.90615385851,1.0007004903432404,0.0,71.19999000000001,37.024728009606726,41.96,0.5,86,poisson,1.1,480.9269185622105,4.0,22.796409320831295,static_pomt,0
10000,0.001,177.24946575560486,17777.076108975045,33916.551538003296,35368.37769098792,33910.90615385851,1.0007004903432404,0.0,71.19999000000001,37.25024667267087,43.587,0.5,86,poisson,1.1,480.9269185622105,4.0,22.796409320831295,decoupled,0
10000,0.001,177.24946575560486,17777.076108975045,33916.551538003296,35368.37769098792,33910.90615385851,1.0007004903432404,0.0,71.19999000000001,38.50413979785849,44.545,0.5,86,poisson,1.1,480.9269185622105,4.0,22.796409320831295,joint_full,0
10000,0.001,177.24946575560486,17777.076108975045,33916.551538003296,35368.37769098792,33910.90615385851,1.0007004903432404,0.0,71.19999000000001,38.63634464124888,45.2998,0.5,86,poisson,1.1,480.9269185622105,4.0,22.796409320831295,cliffserve,0
10000,0.0042,177.5422827752019,17684.04119686567,33823.49826313338,35275.558638029426,33817.867560828534,1.0034115994380894,0.0,71.19995800000004,35.592163656431865,41.624,0.5,86,poisson,1.1,480.9269185622105,8.0,45.5928186416626,dense,0
10000,0.0042,177.5422827752019,17684.04119686567,33823.49826313338,35275.558638029426,33817.867560828534,1.0034115994380894,0.0,71.19995800000004,36.96970981336544,42.28,0.5,86,poisson,1.1,480.9269185622105,8.0,45.5928186416626,static_pomt,0
10000,0.0042,177.5422827752019,17684.04119686567,33823.49826313338,35275.558638029426,33817.867560828534,1.0034115994380894,0.0,71.19995800000004,36.81371623519967,42.40075,0.5,86,poisson,1.1,480.9269185622105,8.0,45.5928186416626,decoupled,0
10000,0.0042,177.5422827752019,17684.04119686567,33823.49826313338,35275.558638029426,33817.867560828534,1.0034115994380894,0.0,71.19995800000004,38.58375135460566,44.625,0.5,86,poisson,1.1,480.9269185622105,8.0,45.5928186416626,joint_full,0
10000,0.0042,177.5422827752019,17684.04119686567,33823.49826313338,35275.558638029426,33817.867560828534,1.0034115994380894,0.0,71.19995800000004,38.33982711218143,44.8525,0.5,86,poisson,1.1,480.9269185622105,8.0,45.5928186416626,cliffserve,0
10000,0.0096,178.0235352593658,17531.511420530907,33670.90528768381,35123.20499579939,33665.32699180922,1.007759750075582,0.0,71.19990400000003,35.04580983573516,41.319,0.5,86,poisson,1.1,480.9269185622105,12.0,68.38922796249389,dense,0
10000,0.0096,178.0235352593658,17531.511420530907,33670.90528768381,35123.20499579939,33665.32699180922,1.007759750075582,0.0,71.19990400000003,36.83416648191071,42.88099999999999,0.5,86,poisson,1.1,480.9269185622105,12.0,68.38922796249389,static_pomt,0
10000,0.0096,178.0235352593658,17531.511420530907,33670.90528768381,35123.20499579939,33665.32699180922,1.007759750075582,0.0,71.19990400000003,36.99713866774161,38.974,0.5,86,poisson,1.1,480.9269185622105,12.0,68.38922796249389,decoupled,0
10000,0.0096,178.0235352593658,17531.511420530907,33670.90528768381,35123.20499579939,33665.32699180922,1.007759750075582,0.0,71.19990400000003,38.62146437569284,44.9059,0.5,86,poisson,1.1,480.9269185622105,12.0,68.38922796249389,joint_full,0
10000,0.0096,178.0235352593658,17531.511420530907,33670.90528768381,35123.20499579939,33665.32699180922,1.007759750075582,0.0,71.19990400000003,38.612294366623,44.9049,0.5,86,poisson,1.1,480.9269185622105,12.0,68.38922796249389,cliffserve,0
10000,0.1794,134.38549755992412,47.54684155258474,195.20010967734757,272.1870386932963,189.5013006875454,1.02880658436214,0.0,71.19944000000001,10.501510802469136,20.399,0.5,86,onoff,0.3,131.16188688060285,2.0,11.398204660415647,dense,0
10000,0.1794,134.38549755992412,47.54684155258474,195.20010967734757,272.1870386932963,189.5013006875454,1.02880658436214,0.0,71.19944000000001,11.319715946502058,21.781,0.5,86,onoff,0.3,131.16188688060285,2.0,11.398204660415647,static_pomt,0
10000,0.1794,134.38549755992412,47.54684155258474,195.20010967734757,272.1870386932963,189.5013006875454,1.02880658436214,0.0,71.19944000000001,12.215986625514406,22.002,0.5,86,onoff,0.3,131.16188688060285,2.0,11.398204660415647,decoupled,0
10000,0.1794,134.38549755992412,47.54684155258474,195.20010967734757,272.1870386932963,189.5013006875454,1.02880658436214,0.0,71.19944000000001,12.411230041152264,23.104,0.5,86,onoff,0.3,131.16188688060285,2.0,11.398204660415647,joint_full,0
10000,0.1794,134.38549755992412,47.54684155258474,195.20010967734757,272.1870386932963,189.5013006875454,1.02880658436214,0.0,71.19944000000001,12.39079403292181,22.97305,0.5,86,onoff,0.3,131.16188688060285,2.0,11.398204660415647,cliffserve,0
10000,0.817,134.59069874277878,12.07927907521298,92.87191142325172,164.8541790782444,87.22093364481695,1.458363715910748,0.0,71.19446800000003,8.452338048709349,12.814,0.5,86,onoff,0.3,131.16188688060285,4.0,22.796409320831295,dense,0
10000,0.817,134.59069874277878,12.07927907521298,92.87191142325172,164.8541790782444,87.22093364481695,1.458363715910748,0.0,71.19446800000003,8.833620679597491,13.6552,0.5,86,onoff,0.3,131.16188688060285,4.0,22.796409320831295,static_pomt,0
10000,0.817,134.59069874277878,12.07927907521298,92.87191142325172,164.8541790782444,87.22093364481695,1.458363715910748,0.0,71.19446800000003,10.161334111127312,14.477,0.5,86,onoff,0.3,131.16188688060285,4.0,22.796409320831295,decoupled,0
10000,0.817,134.59069874277878,12.07927907521298,92.87191142325172,164.8541790782444,87.22093364481695,1.458363715910748,0.0,71.19446800000003,9.02955913664868,15.088,0.5,86,onoff,0.3,131.16188688060285,4.0,22.796409320831295,joint_full,0
10000,0.817,134.59069874277878,12.07927907521298,92.87191142325172,164.8541790782444,87.22093364481695,1.458363715910748,0.0,71.19446800000003,8.980930727723495,15.109,0.5,86,onoff,0.3,131.16188688060285,4.0,22.796409320831295,cliffserve,0
10000,1.0,134.59054136331855,10.96484960349062,21.684356603165263,28.36067222945801,11.305319062774196,1.70590242238144,0.0,71.19302600000002,7.633049300580007,10.009,0.5,86,onoff,0.3,131.16188688060285,8.0,45.5928186416626,dense,0
10000,1.0,134.59054136331855,10.96484960349062,21.684356603165263,28.36067222945801,11.305319062774196,1.70590242238144,0.0,71.19302600000002,8.011439269873764,10.52,0.5,86,onoff,0.3,131.16188688060285,8.0,45.5928186416626,static_pomt,0
10000,1.0,134.59054136331855,10.96484960349062,21.684356603165263,28.36067222945801,11.305319062774196,1.70590242238144,0.0,71.19302600000002,9.452549812350735,11.963,0.5,86,onoff,0.3,131.16188688060285,8.0,45.5928186416626,decoupled,0
10000,1.0,134.59054136331855,10.96484960349062,21.684356603165263,28.36067222945801,11.305319062774196,1.70590242238144,0.0,71.19302600000002,7.596379904469464,10.76,0.5,86,onoff,0.3,131.16188688060285,8.0,45.5928186416626,joint_full,0
10000,1.0,134.59054136331855,10.96484960349062,21.684356603165263,28.36067222945801,11.305319062774196,1.70590242238144,0.0,71.19302600000002,7.577707949505289,10.781,0.5,86,onoff,0.3,131.16188688060285,8.0,45.5928186416626,cliffserve,0
10000,1.0,134.59054136331855,10.94817493401206,21.698766999977664,28.255142240436555,11.243430468471702,1.70590242238144,0.0,71.19302000000003,7.549390651654725,9.93895,0.5,86,onoff,0.3,131.16188688060285,12.0,68.38922796249389,dense,0
10000,1.0,134.59054136331855,10.94817493401206,21.698766999977664,28.255142240436555,11.243430468471702,1.70590242238144,0.0,71.19302000000003,7.943431934493347,10.448549999999996,0.5,86,onoff,0.3,131.16188688060285,12.0,68.38922796249389,static_pomt,0
10000,1.0,134.59054136331855,10.94817493401206,21.698766999977664,28.255142240436555,11.243430468471702,1.70590242238144,0.0,71.19302000000003,9.419936711020128,11.903,0.5,86,onoff,0.3,131.16188688060285,12.0,68.38922796249389,decoupled,0
10000,1.0,134.59054136331855,10.94817493401206,21.698766999977664,28.255142240436555,11.243430468471702,1.70590242238144,0.0,71.19302000000003,7.576778744455817,10.769549999999995,0.5,86,onoff,0.3,131.16188688060285,12.0,68.38922796249389,joint_full,0
10000,1.0,134.59054136331855,10.94817493401206,21.698766999977664,28.255142240436555,11.243430468471702,1.70590242238144,0.0,71.19302000000003,7.606514329580349,10.78,0.5,86,onoff,0.3,131.16188688060285,12.0,68.38922796249389,cliffserve,0
10000,0.0002,177.16674729999195,10322.41405125628,19433.118955742528,20021.506839305483,19427.54654296558,1.0,0.0,71.20000000000002,35.5848934,41.8905,0.5,86,onoff,0.6,262.3237737612057,2.0,11.398204660415647,dense,0
10000,0.0002,177.16674729999195,10322.41405125628,19433.118955742528,20021.506839305483,19427.54654296558,1.0,0.0,71.20000000000002,37.0055337,43.6435,0.5,86,onoff,0.6,262.3237737612057,2.0,11.398204660415647,static_pomt,0
10000,0.0002,177.16674729999195,10322.41405125628,19433.118955742528,20021.506839305483,19427.54654296558,1.0,0.0,71.20000000000002,37.2806905,44.10499999999998,0.5,86,onoff,0.6,262.3237737612057,2.0,11.398204660415647,decoupled,0
10000,0.0002,177.16674729999195,10322.41405125628,19433.118955742528,20021.506839305483,19427.54654296558,1.0,0.0,71.20000000000002,38.546704600000005,45.456,0.5,86,onoff,0.6,262.3237737612057,2.0,11.398204660415647,joint_full,0
10000,0.0002,177.16674729999195,10322.41405125628,19433.118955742528,20021.506839305483,19427.54654296558,1.0,0.0,71.20000000000002,38.5845422,45.0955,0.5,86,onoff,0.6,262.3237737612057,2.0,11.398204660415647,cliffserve,0
10000,0.0008,177.21496322974383,10307.134708128076,19417.75331803482,20006.13833722743,19412.05032430809,1.0004001600640255,0.0,71.19999400000002,35.34896418567427,41.71925,0.5,86,onoff,0.6,262.3237737612057,4.0,22.796409320831295,dense,0
10000,0.0008,177.21496322974383,10307.134708128076,19417.75331803482,20006.13833722743,19412.05032430809,1.0004001600640255,0.0,71.19999400000002,37.10171698679472,44.01325,0.5,86,onoff,0.6,262.3237737612057,4.0,22.796409320831295,static_pomt,0
10000,0.0008,177.21496322974383,10307.134708128076,19417.75331803482,20006.13833722743,19412.05032430809,1.0004001600640255,0.0,71.19999400000002,37.0545662264906,43.57625,0.5,86,onoff,0.6,262.3237737612057,4.0,22.796409320831295,decoupled,0
10000,0.0008,177.21496322974383,10307.134708128076,19417.75331803482,20006.13833722743,19412.05032430809,1.0004001600640255,0.0,71.19999400000002,38.25838025210084,44.474,0.5,86,onoff,0.6,262.3237737612057,4.0,22.796409320831295,joint_full,0
10000,0.0008,177.21496322974383,10307.134708128076,19417.75331803482,20006.13833722743,19412.05032430809,1.0004001600640255,0.0,71.19999400000002,38.41319087635054,45.00775,0.5,86,onoff,0.6,262.3237737612057,4.0,22.796409320831295,cliffserve,0
10000,0.0041,177.51676814013686,10211.120771846872,19321.862404548338,19909.89992194804,19316.163814317395,1.0031096398836392,0.0,71.19996,35.02477510281874,41.389,0.5,86,onoff,0.6,262.3237737612057,8.0,45.5928186416626,dense,0
10000,0.0041,177.51676814013686,10211.120771846872,19321.862404548338,19909.89992194804,19316.163814317395,1.0031096398836392,0.0,71.19996,36.51444106730865,43.048,0.5,86,onoff,0.6,262.3237737612057,8.0,45.5928186416626,static_pomt,0
10000,0.0041,177.51676814013686,10211.120771846872,19321.862404548338,19909.89992194804,19316.163814317395,1.0031096398836392,0.0,71.19996,37.09608977831277,43.4026,0.5,86,onoff,0.6,262.3237737612057,8.0,45.5928186416626,decoupled,0
10000,0.0041,177.51676814013686,10211.120771846872,19321.862404548338,19909.89992194804,19316.163814317395,1.0031096398836392,0.0,71.19996,38.369210653024375,44.7556,0.5,86,onoff,0.6,262.3237737612057,8.0,45.5928186416626,joint_full,0
10000,0.0041,177.51676814013686,10211.120771846872,19321.862404548338,19909.89992194804,19316.163814317395,1.0031096398836392,0.0,71.19996,38.46347878423112,45.176,0.5,86,onoff,0.6,262.3237737612057,8.0,45.5928186416626,cliffserve,0
10000,0.0476,180.17242949006496,9380.723037360289,18490.544514654604,19078.52411426504,18484.969192884888,1.0383137784238397,0.0,71.19954600000003,35.15213965320319,41.6245,0.5,86,onoff,0.6,262.3237737612057,12.0,68.38922796249389,dense,0
10000,0.0476,180.17242949006496,9380.723037360289,18490.544514654604,19078.52411426504,18484.969192884888,1.0383137784238397,0.0,71.19954600000003,35.618717370989515,42.466,0.5,86,onoff,0.6,262.3237737612057,12.0,68.38922796249389,static_pomt,0
10000,0.0476,180.17242949006496,9380.723037360289,18490.544514654604,19078.52411426504,18484.969192884888,1.0383137784238397,0.0,71.19954600000003,36.54595618315855,43.202,0.5,86,onoff,0.6,262.3237737612057,12.0,68.38922796249389,decoupled,0
10000,0.0476,180.17242949006496,9380.723037360289,18490.544514654604,19078.52411426504,18484.969192884888,1.0383137784238397,0.0,71.19954600000003,37.98842612397467,45.176,0.5,86,onoff,0.6,262.3237737612057,12.0,68.38922796249389,joint_full,0
10000,0.0476,180.17242949006496,9380.723037360289,18490.544514654604,19078.52411426504,18484.969192884888,1.0383137784238397,0.0,71.19954600000003,38.111680926175886,45.151,0.5,86,onoff,0.6,262.3237737612057,12.0,68.38922796249389,cliffserve,0
10000,0.0002,177.18061849162387,12950.105350889477,26173.81290057221,27163.447380543017,26168.163385396398,1.000100010001,0.0,71.19999800000002,35.49152605260526,41.609100000000005,0.5,86,onoff,0.8,349.76503168160764,2.0,11.398204660415647,dense,0
10000,0.0002,177.18061849162387,12950.105350889477,26173.81290057221,27163.447380543017,26168.163385396398,1.000100010001,0.0,71.19999800000002,37.23035493549355,44.105,0.5,86,onoff,0.8,349.76503168160764,2.0,11.398204660415647,static_pomt,0
10000,0.0002,177.18061849162387,12950.105350889477,26173.81290057221,27163.447380543017,26168.163385396398,1.000100010001,0.0,71.19999800000002,37.29844184418442,43.7531,0.5,86,onoff,0.8,349.76503168160764,2.0,11.398204660415647,decoupled,0
10000,0.0002,177.18061849162387,12950.105350889477,26173.81290057221,27163.447380543017,26168.163385396398,1.000100010001,0.0,71.19999800000002,38.53056685668567,44.6461,0.5,86,onoff,0.8,349.76503168160764,2.0,11.398204660415647,joint_full,0
10000,0.0002,177.18061849162387,12950.105350889477,26173.81290057221,27163.447380543017,26168.163385396398,1.000100010001,0.0,71.19999800000002,38.71251585158516,45.066,0.5,86,onoff,0.8,349.76503168160764,2.0,11.398204660415647,cliffserve,0
10000,0.0008,177.22875452828367,12934.817719139368,26158.450246673023,27148.034665560983,26152.76377800027,1.0005002501250626,0.0,71.19999200000001,35.69193346673337,42.13,0.5,86,onoff,0.8,349.76503168160764,4.0,22.796409320831295,dense,0
10000,0.0008,177.22875452828367,12934.817719139368,26158.450246673023,27148.034665560983,26152.76377800027,1.0005002501250626,0.0,71.19999200000001,37.32257158579289,44.114,0.5,86,onoff,0.8,349.76503168160764,4.0,22.796409320831295,static_pomt,0
10000,0.0008,177.22875452828367,12934.817719139368,26158.450246673023,27148.034665560983,26152.76377800027,1.0005002501250626,0.0,71.19999200000001,37.34100100050025,43.813,0.5,86,onoff,0.8,349.76503168160764,4.0,22.796409320831295,decoupled,0
10000,0.0008,177.22875452828367,12934.817719139368,26158.450246673023,27148.034665560983,26152.76377800027,1.0005002501250626,0.0,71.19999200000001,38.45544722361181,44.9553,0.5,86,onoff,0.8,349.76503168160764,4.0,22.796409320831295,joint_full,0
10000,0.0008,177.22875452828367,12934.817719139368,26158.450246673023,27148.034665560983,26152.76377800027,1.0005002501250626,0.0,71.19999200000001,38.66692856428214,45.277,0.5,86,onoff,0.8,349.76503168160764,4.0,22.796409320831295,cliffserve,0
10000,0.0032,177.4525953942868,12863.573383011131,26087.25059187928,27077.165292578007,26081.58369770566,1.0026067776218168,0.0,71.19996800000001,35.55320342891518,42.157,0.5,86,onoff,0.8,349.76503168160764,8.0,45.5928186416626,dense,0
10000,0.0032,177.4525953942868,12863.573383011131,26087.25059187928,27077.165292578007,26081.58369770566,1.0026067776218168,0.0,71.19996800000001,37.088276418688594,43.52235,0.5,86,onoff,0.8,349.76503168160764,8.0,45.5928186416626,static_pomt,0
10000,0.0032,177.4525953942868,12863.573383011131,26087.25059187928,27077.165292578007,26081.58369770566,1.0026067776218168,0.0,71.19996800000001,37.52093683577301,44.59250000000002,0.5,86,onoff,0.8,349.76503168160764,8.0,45.5928186416626,decoupled,0
10000,0.0032,177.4525953942868,12863.573383011131,26087.25059187928,27077.165292578007,26081.58369770566,1.0026067776218168,0.0,71.19996800000001,38.52346190094244,45.7105,0.5,86,onoff,0.8,349.76503168160764,8.0,45.5928186416626,joint_full,0
10000,0.0032,177.4525953942868,12863.573383011131,26087.25059187928,27077.165292578007,26081.58369770566,1.0026067776218168,0.0,71.19996800000001,38.42765740926409,45.083000000000006,0.5,86,onoff,0.8,349.76503168160764,8.0,45.5928186416626,cliffserve,0
10000,0.0051,177.62494215224282,12808.711174883158,26032.65874207536,27022.35133978393,26026.97268305341,1.0043185698503565,0.0,71.19995000000003,35.44493431756553,41.69179999999999,0.5,86,onoff,0.8,349.76503168160764,12.0,68.38922796249389,dense,0
10000,0.0051,177.62494215224282,12808.711174883158,26032.65874207536,27022.35133978393,26026.97268305341,1.0043185698503565,0.0,71.19995000000003,37.11601436175555,42.94379999999999,0.5,86,onoff,0.8,349.76503168160764,12.0,68.38922796249389,static_pomt,0
10000,0.0051,177.62494215224282,12808.711174883158,26032.65874207536,27022.35133978393,26026.97268305341,1.0043185698503565,0.0,71.19995000000003,37.326757155769805,43.9332,0.5,86,onoff,0.8,349.76503168160764,12.0,68.38922796249389,decoupled,0
10000,0.0051,177.62494215224282,12808.711174883158,26032.65874207536,27022.35133978393,26026.97268305341,1.0043185698503565,0.0,71.19995000000003,38.42443888721503,44.57699999999999,0.5,86,onoff,0.8,349.76503168160764,12.0,68.38922796249389,joint_full,0
10000,0.0051,177.62494215224282,12808.711174883158,26032.65874207536,27022.35133978393,26026.97268305341,1.0043185698503565,0.0,71.19995000000003,38.56036878577885,45.49879999999999,0.5,86,onoff,0.8,349.76503168160764,12.0,68.38922796249389,cliffserve,0
10000,0.0002,177.18061849162385,14779.712434808707,29246.370872363383,30641.870272939337,29240.71957965785,1.000100010001,0.0,71.19999800000002,35.40836183618362,41.36000000000001,0.5,86,onoff,0.95,415.345975121909,2.0,11.398204660415647,dense,0
10000,0.0002,177.18061849162385,14779.712434808707,29246.370872363383,30641.870272939337,29240.71957965785,1.000100010001,0.0,71.19999800000002,37.276050505050506,44.004,0.5,86,onoff,0.95,415.345975121909,2.0,11.398204660415647,static_pomt,0
10000,0.0002,177.18061849162385,14779.712434808707,29246.370872363383,30641.870272939337,29240.71957965785,1.000100010001,0.0,71.19999800000002,37.267809580958094,43.42400000000001,0.5,86,onoff,0.95,415.345975121909,2.0,11.398204660415647,decoupled,0
10000,0.0002,177.18061849162385,14779.712434808707,29246.370872363383,30641.870272939337,29240.71957965785,1.000100010001,0.0,71.19999800000002,38.44797099709971,44.57600000000001,0.5,86,onoff,0.95,415.345975121909,2.0,11.398204660415647,joint_full,0
10000,0.0002,177.18061849162385,14779.712434808707,29246.370872363383,30641.870272939337,29240.71957965785,1.000100010001,0.0,71.19999800000002,38.615889488948895,45.467,0.5,86,onoff,0.95,415.345975121909,2.0,11.398204660415647,cliffserve,0
10000,0.0008,177.22875452828364,14764.36053113172,29231.09886475497,30626.450679552687,29225.43227280074,1.0005002501250626,0.0,71.19999200000001,35.68089924962481,41.8793,0.5,86,onoff,0.95,415.345975121909,4.0,22.796409320831295,dense,0
10000,0.0008,177.22875452828364,14764.36053113172,29231.09886475497,30626.450679552687,29225.43227280074,1.0005002501250626,0.0,71.19999200000001,37.273388594297145,43.80899999999998,0.5,86,onoff,0.95,415.345975121909,4.0,22.796409320831295,static_pomt,0
10000,0.0008,177.22875452828364,14764.36053113172,29231.09886475497,30626.450679552687,29225.43227280074,1.0005002501250626,0.0,71.19999200000001,37.47231075537768,43.77629999999999,0.5,86,onoff,0.95,415.345975121909,4.0,22.796409320831295,decoupled,0
10000,0.0008,177.22875452828364,14764.36053113172,29231.09886475497,30626.450679552687,29225.43227280074,1.0005002501250626,0.0,71.19999200000001,38.30487283641821,44.658,0.5,86,onoff,0.95,415.345975121909,4.0,22.796409320831295,joint_full,0
10000,0.0008,177.22875452828364,14764.36053113172,29231.09886475497,30626.450679552687,29225.43227280074,1.0005002501250626,0.0,71.19999200000001,38.50333236618309,44.478,0.5,86,onoff,0.95,415.345975121909,4.0,22.796409320831295,cliffserve,0
10000,0.0028,177.41220914719153,14705.873555938697,29172.597394977434,30568.17695213569,29166.95064159475,1.0022048506714774,0.0,71.19997200000002,35.76271587492483,42.06135,0.5,86,onoff,0.95,415.345975121909,8.0,45.5928186416626,dense,0
10000,0.0028,177.41220914719153,14705.873555938697,29172.597394977434,30568.17695213569,29166.95064159475,1.0022048506714774,0.0,71.19997200000002,37.38013549809581,43.3545,0.5,86,onoff,0.95,415.345975121909,8.0,45.5928186416626,static_pomt,0
10000,0.0028,177.41220914719153,14705.873555938697,29172.597394977434,30568.17695213569,29166.95064159475,1.0022048506714774,0.0,71.19997200000002,37.26165283623973,43.12349999999999,0.5,86,onoff,0.95,415.345975121909,8.0,45.5928186416626,decoupled,0
10000,0.0028,177.41220914719153,14705.873555938697,29172.597394977434,30568.17695213569,29166.95064159475,1.0022048506714774,0.0,71.19997200000002,38.268226798957706,43.573,0.5,86,onoff,0.95,415.345975121909,8.0,45.5928186416626,joint_full,0
10000,0.0028,177.41220914719153,14705.873555938697,29172.597394977434,30568.17695213569,29166.95064159475,1.0022048506714774,0.0,71.19997200000002,38.37206484265384,43.4545,0.5,86,onoff,0.95,415.345975121909,8.0,45.5928186416626,cliffserve,0
10000,0.0041,177.52687420491495,14669.59824184606,29136.335169182643,30531.693066060678,29130.630250750408,1.0033109260559847,0.0,71.19996,35.238474465736935,41.569,0.5,86,onoff,0.95,415.345975121909,12.0,68.38922796249389,dense,0
10000,0.0041,177.52687420491495,14669.59824184606,29136.335169182643,30531.693066060678,29130.630250750408,1.0033109260559847,0.0,71.19996,36.9905101836059,43.5937,0.5,86,onoff,0.95,415.345975121909,12.0,68.38922796249389,static_pomt,0
10000,0.0041,177.52687420491495,14669.59824184606,29136.335169182643,30531.693066060678,29130.630250750408,1.0033109260559847,0.0,71.19996,36.97719062907595,43.38929999999999,0.5,86,onoff,0.95,415.345975121909,12.0,68.38922796249389,decoupled,0
10000,0.0041,177.52687420491495,14669.59824184606,29136.335169182643,30531.693066060678,29130.630250750408,1.0033109260559847,0.0,71.19996,38.3207694391492,44.9057,0.5,86,onoff,0.95,415.345975121909,12.0,68.38922796249389,joint_full,0
10000,0.0041,177.52687420491495,14669.59824184606,29136.335169182643,30531.693066060678,29130.630250750408,1.0033109260559847,0.0,71.19996,37.56662084880104,42.36799999999999,0.5,86,onoff,0.95,415.345975121909,12.0,68.38922796249389,cliffserve,0
10000,0.0002,177.18061849162387,18258.058634581743,35390.398172546986,37033.67369600029,35384.765778853056,1.000100010001,0.0,71.19999800000002,35.596945694569456,40.1461,0.5,86,onoff,1.1,480.9269185622105,2.0,11.398204660415647,dense,0
10000,0.0002,177.18061849162387,18258.058634581743,35390.398172546986,37033.67369600029,35384.765778853056,1.000100010001,0.0,71.19999800000002,37.22499909990999,42.721,0.5,86,onoff,1.1,480.9269185622105,2.0,11.398204660415647,static_pomt,0
10000,0.0002,177.18061849162387,18258.058634581743,35390.398172546986,37033.67369600029,35384.765778853056,1.000100010001,0.0,71.19999800000002,37.29791209120912,42.772000000000006,0.5,86,onoff,1.1,480.9269185622105,2.0,11.398204660415647,decoupled,0
10000,0.0002,177.18061849162387,18258.058634581743,35390.398172546986,37033.67369600029,35384.765778853056,1.000100010001,0.0,71.19999800000002,38.77834183418342,45.848000000000006,0.5,86,onoff,1.1,480.9269185622105,2.0,11.398204660415647,joint_full,0
10000,0.0002,177.18061849162387,18258.058634581743,35390.398172546986,37033.67369600029,35384.765778853056,1.000100010001,0.0,71.19999800000002,38.76249524952495,45.9289,0.5,86,onoff,1.1,480.9269185622105,2.0,11.398204660415647,cliffserve,0
10000,0.0008,177.22875452828367,18242.70673090476,35375.01936314261,37018.26846735687,35369.30684647715,1.0005002501250626,0.0,71.19999200000001,35.6195487743872,42.351,0.5,86,onoff,1.1,480.9269185622105,4.0,22.796409320831295,dense,0
10000,0.0008,177.22875452828367,18242.70673090476,35375.01936314261,37018.26846735687,35369.30684647715,1.0005002501250626,0.0,71.19999200000001,37.07541440720361,43.312,0.5,86,onoff,1.1,480.9269185622105,4.0,22.796409320831295,static_pomt,0
10000,0.0008,177.22875452828367,18242.70673090476,35375.01936314261,37018.26846735687,35369.30684647715,1.0005002501250626,0.0,71.19999200000001,37.34238909454727,44.00669999999999,0.5,86,onoff,1.1,480.9269185622105,4.0,22.796409320831295,decoupled,0
10000,0.0008,177.22875452828367,18242.70673090476,35375.01936314261,37018.26846735687,35369.30684647715,1.0005002501250626,0.0,71.19999200000001,38.77756048024011,46.3203,0.5,86,onoff,1.1,480.9269185622105,4.0,22.796409320831295,joint_full,0
10000,0.0008,177.22875452828367,18242.70673090476,35375.01936314261,37018.26846735687,35369.30684647715,1.0005002501250626,0.0,71.19999200000001,38.47694207103552,45.37899999999999,0.5,86,onoff,1.1,480.9269185622105,4.0,22.796409320831295,cliffserve,0
10000,0.0027,177.39872825512992,18188.48386818427,35320.41530981219,36964.17338711949,35314.765405632614,1.002104419280489,0.0,71.19997400000003,35.82185379296523,42.752,0.5,86,onoff,1.1,480.9269185622105,8.0,45.5928186416626,dense,0
10000,0.0027,177.39872825512992,18188.48386818427,35320.41530981219,36964.17338711949,35314.765405632614,1.002104419280489,0.0,71.19997400000003,37.09357761298728,43.623,0.5,86,onoff,1.1,480.9269185622105,8.0,45.5928186416626,static_pomt,0
10000,0.0027,177.39872825512992,18188.48386818427,35320.41530981219,36964.17338711949,35314.765405632614,1.002104419280489,0.0,71.19997400000003,37.56979116143902,44.755,0.5,86,onoff,1.1,480.9269185622105,8.0,45.5928186416626,decoupled,0
10000,0.0027,177.39872825512992,18188.48386818427,35320.41530981219,36964.17338711949,35314.765405632614,1.002104419280489,0.0,71.19997400000003,38.58028319470888,44.856,0.5,86,onoff,1.1,480.9269185622105,8.0,45.5928186416626,joint_full,0
10000,0.0027,177.39872825512992,18188.48386818427,35320.41530981219,36964.17338711949,35314.765405632614,1.002104419280489,0.0,71.19997400000003,38.70539062030264,45.95000000000001,0.5,86,onoff,1.1,480.9269185622105,8.0,45.5928186416626,cliffserve,0
10000,0.0038,177.51315273531387,18152.31023365516,35284.39032740748,36928.021493823246,35278.77673061049,1.0032102728731942,0.0,71.19996200000001,35.553127508025675,41.57965,0.5,86,onoff,1.1,480.9269185622105,12.0,68.38922796249389,dense,0
10000,0.0038,177.51315273531387,18152.31023365516,35284.39032740748,36928.021493823246,35278.77673061049,1.0032102728731942,0.0,71.19996200000001,37.1501702447833,43.283,0.5,86,onoff,1.1,480.9269185622105,12.0,68.38922796249389,static_pomt,0
10000,0.0038,177.51315273531387,18152.31023365516,35284.39032740748,36928.021493823246,35278.77673061049,1.0032102728731942,0.0,71.19996200000001,37.42431370385232,44.515,0.5,86,onoff,1.1,480.9269185622105,12.0,68.38922796249389,decoupled,0
10000,0.0038,177.51315273531387,18152.31023365516,35284.39032740748,36928.021493823246,35278.77673061049,1.0032102728731942,0.0,71.19996200000001,38.40266894060995,44.7515,0.5,86,onoff,1.1,480.9269185622105,12.0,68.38922796249389,joint_full,0
10000,0.0038,177.51315273531387,18152.31023365516,35284.39032740748,36928.021493823246,35278.77673061049,1.0032102728731942,0.0,71.19996200000001,38.53435092295346,44.80799999999999,0.5,86,onoff,1.1,480.9269185622105,12.0,68.38922796249389,cliffserve,0
10000,0.6692,131.39907990068477,9.383286358402984,33.34708463097413,61.24089504388175,27.734716804685725,1.1035091591260209,0.0,71.19812400000002,7.062814500110351,9.67749999999999,0.5,87,poisson,0.3,131.16188688060285,2.0,11.398204660415647,dense,0
10000,0.6692,131.39907990068477,9.383286358402984,33.34708463097413,61.24089504388175,27.734716804685725,1.1035091591260209,0.0,71.19812400000002,7.485313838004856,10.007499999999968,0.5,87,poisson,0.3,131.16188688060285,2.0,11.398204660415647,static_pomt,0
10000,0.6692,131.39907990068477,9.383286358402984,33.34708463097413,61.24089504388175,27.734716804685725,1.1035091591260209,0.0,71.19812400000002,8.835888104171264,11.371499999999989,0.5,87,poisson,0.3,131.16188688060285,2.0,11.398204660415647,decoupled,0
10000,0.6692,131.39907990068477,9.383286358402984,33.34708463097413,61.24089504388175,27.734716804685725,1.1035091591260209,0.0,71.19812400000002,7.631850695210771,10.75,0.5,87,poisson,0.3,131.16188688060285,2.0,11.398204660415647,joint_full,0
10000,0.6692,131.39907990068477,9.383286358402984,33.34708463097413,61.24089504388175,27.734716804685725,1.1035091591260209,0.0,71.19812400000002,7.586519090708452,10.72954999999999,0.5,87,poisson,0.3,131.16188688060285,2.0,11.398204660415647,cliffserve,0
10000,0.9993,131.4140026876063,7.902239799499512,14.325676075201036,18.137981909377785,6.830312104200488,1.288659793814433,0.0,71.19568600000002,6.954814690721649,8.336,0.5,87,poisson,0.3,131.16188688060285,4.0,22.796409320831295,dense,0
10000,0.9993,131.4140026876063,7.902239799499512,14.325676075201036,18.137981909377785,6.830312104200488,1.288659793814433,0.0,71.19568600000002,7.285882603092785,8.706,0.5,87,poisson,0.3,131.16188688060285,4.0,22.796409320831295,static_pomt,0
10000,0.9993,131.4140026876063,7.902239799499512,14.325676075201036,18.137981909377785,6.830312104200488,1.288659793814433,0.0,71.19568600000002,8.776824484536084,10.249,0.5,87,poisson,0.3,131.16188688060285,4.0,22.796409320831295,decoupled,0
10000,0.9993,131.4140026876063,7.902239799499512,14.325676075201036,18.137981909377785,6.830312104200488,1.288659793814433,0.0,71.19568600000002,6.829321907216495,8.807,0.5,87,poisson,0.3,131.16188688060285,4.0,22.796409320831295,joint_full,0
10000,0.9993,131.4140026876063,7.902239799499512,14.325676075201036,18.137981909377785,6.830312104200488,1.288659793814433,0.0,71.19568600000002,6.852007216494845,8.867,0.5,87,poisson,0.3,131.16188688060285,4.0,22.796409320831295,cliffserve,0
10000,1.0,131.41402821880413,7.900479793548584,14.297277482923436,17.871794014303898,6.790606492408453,1.290822253775655,0.0,71.19567000000002,7.014366593520072,8.376,0.5,87,poisson,0.3,131.16188688060285,8.0,45.5928186416626,dense,0
10000,1.0,131.41402821880413,7.900479793548584,14.297277482923436,17.871794014303898,6.790606492408453,1.290822253775655,0.0,71.19567000000002,7.373637149864463,8.757,0.5,87,poisson,0.3,131.16188688060285,8.0,45.5928186416626,static_pomt,0
10000,1.0,131.41402821880413,7.900479793548584,14.297277482923436,17.871794014303898,6.790606492408453,1.290822253775655,0.0,71.19567000000002,8.818779527559053,10.27,0.5,87,poisson,0.3,131.16188688060285,8.0,45.5928186416626,decoupled,0
10000,1.0,131.41402821880413,7.900479793548584,14.297277482923436,17.871794014303898,6.790606492408453,1.290822253775655,0.0,71.19567000000002,6.809135149089971,8.797,0.5,87,poisson,0.3,131.16188688060285,8.0,45.5928186416626,joint_full,0
10000,1.0,131.41402821880413,7.900479793548584,14.297277482923436,17.871794014303898,6.790606492408453,1.290822253775655,0.0,71.19567000000002,6.798127533238673,8.817,0.5,87,poisson,0.3,131.16188688060285,8.0,45.5928186416626,cliffserve,0
10000,1.0,131.41402821880413,7.900479793548584,14.297277482923436,17.871794014303898,6.790606492408453,1.290822253775655,0.0,71.19567000000002,7.0372222795921004,8.396,0.5,87,poisson,0.3,131.16188688060285,12.0,68.38922796249389,dense,0
10000,1.0,131.41402821880413,7.900479793548584,14.297277482923436,17.871794014303898,6.790606492408453,1.290822253775655,0.0,71.19567000000002,7.406675616367626,8.806,0.5,87,poisson,0.3,131.16188688060285,12.0,68.38922796249389,static_pomt,0
10000,1.0,131.41402821880413,7.900479793548584,14.297277482923436,17.871794014303898,6.790606492408453,1.290822253775655,0.0,71.19567000000002,8.79572298954434,10.269,0.5,87,poisson,0.3,131.16188688060285,12.0,68.38922796249389,decoupled,0
10000,1.0,131.41402821880413,7.900479793548584,14.297277482923436,17.871794014303898,6.790606492408453,1.290822253775655,0.0,71.19567000000002,6.831625661546405,8.826,0.5,87,poisson,0.3,131.16188688060285,12.0,68.38922796249389,joint_full,0
10000,1.0,131.41402821880413,7.900479793548584,14.297277482923436,17.871794014303898,6.790606492408453,1.290822253775655,0.0,71.19567000000002,6.789330450496967,8.817,0.5,87,poisson,0.3,131.16188688060285,12.0,68.38922796249389,cliffserve,0
10000,0.0008,177.17098901522934,9173.116050430008,17495.57666946385,18199.584420291296,17489.988498220184,1.0002000400080016,0.0,71.19999600000001,35.773679135827166,42.78115,0.5,87,poisson,0.6,262.3237737612057,2.0,11.398204660415647,dense,0
10000,0.0008,177.17098901522934,9173.116050430008,17495.57666946385,18199.584420291296,17489.988498220184,1.0002000400080016,0.0,71.19999600000001,36.893314462892576,43.653,0.5,87,poisson,0.6,262.3237737612057,2.0,11.398204660415647,static_pomt,0
10000,0.0008,177.17098901522934,9173.116050430008,17495.57666946385,18199.584420291296,17489.988498220184,1.0002000400080016,0.0,71.19999600000001,37.27038717743549,43.80834999999999,0.5,87,poisson,0.6,262.3237737612057,2.0,11.398204660415647,decoupled,0
10000,0.0008,177.17098901522934,9173.116050430008,17495.57666946385,18199.584420291296,17489.988498220184,1.0002000400080016,0.0,71.19999600000001,38.49804290858172,45.74849999999999,0.5,87,poisson,0.6,262.3237737612057,2.0,11.398204660415647,joint_full,0
10000,0.0008,177.17098901522934,9173.116050430008,17495.57666946385,18199.584420291296,17489.988498220184,1.0002000400080016,0.0,71.19999600000001,38.53199499899979,45.65765,0.5,87,poisson,0.6,262.3237737612057,2.0,11.398204660415647,cliffserve,0
10000,0.0041,177.33904841578882,9119.546195663226,17441.938289501944,18145.93690251296,17436.30214858321,1.001903616872057,0.0,71.19996800000001,35.4067342951608,41.569,0.5,87,poisson,0.6,262.3237737612057,4.0,22.796409320831295,dense,0
10000,0.0041,177.33904841578882,9119.546195663226,17441.938289501944,18145.93690251296,17436.30214858321,1.001903616872057,0.0,71.19996800000001,36.74613435527503,43.462,0.5,87,poisson,0.6,262.3237737612057,4.0,22.796409320831295,static_pomt,0
10000,0.0041,177.33904841578882,9119.546195663226,17441.938289501944,18145.93690251296,17436.30214858321,1.001903616872057,0.0,71.19996800000001,37.14263270213405,43.973,0.5,87,poisson,0.6,262.3237737612057,4.0,22.796409320831295,decoupled,0
10000,0.0041,177.33904841578882,9119.546195663226,17441.938289501944,18145.93690251296,17436.30214858321,1.001903616872057,0.0,71.19996800000001,38.09514347259793,44.465,0.5,87,poisson,0.6,262.3237737612057,4.0,22.796409320831295,joint_full,0
10000,0.0041,177.33904841578882,9119.546195663226,17441.938289501944,18145.93690251296,17436.30214858321,1.001903616872057,0.0,71.19996800000001,38.39344584710951,45.136,0.5,87,poisson,0.6,262.3237737612057,4.0,22.796409320831295,cliffserve,0
10000,0.26,192.8349521738326,4588.399145007994,12910.68197466367,13615.072930189675,12904.995096173225,1.1594202898550725,0.0,71.19780000000003,31.41171315942029,41.1988,0.5,87,poisson,0.6,262.3237737612057,8.0,45.5928186416626,dense,0
10000,0.26,192.8349521738326,4588.399145007994,12910.68197466367,13615.072930189675,12904.995096173225,1.1594202898550725,0.0,71.19780000000003,33.0193315942029,43.33019999999999,0.5,87,poisson,0.6,262.3237737612057,8.0,45.5928186416626,static_pomt,0
10000,0.26,192.8349521738326,4588.399145007994,12910.68197466367,13615.072930189675,12904.995096173225,1.1594202898550725,0.0,71.19780000000003,33.194555942028984,43.032,0.5,87,poisson,0.6,262.3237737612057,8.0,45.5928186416626,decoupled,0
10000,0.26,192.8349521738326,4588.399145007994,12910.68197466367,13615.072930189675,12904.995096173225,1.1594202898550725,0.0,71.19780000000003,34.08475176811594,44.52199999999999,0.5,87,poisson,0.6,262.3237737612057,8.0,45.5928186416626,joint_full,0
10000,0.26,192.8349521738326,4588.399145007994,12910.68197466367,13615.072930189675,12904.995096173225,1.1594202898550725,0.0,71.19780000000003,34.00818631884058,44.19219999999999,0.5,87,poisson,0.6,262.3237737612057,8.0,45.5928186416626,cliffserve,0
10000,1.0,262.72938998372064,13.519473332868074,30.27316777265249,43.62260801230804,15.17210332510356,2.192982456140351,0.0,71.19148600000003,8.18809649122807,10.169,0.5,87,poisson,0.6,262.3237737612057,12.0,68.38922796249389,dense,0
10000,1.0,262.72938998372064,13.519473332868074,30.27316777265249,43.62260801230804,15.17210332510356,2.192982456140351,0.0,71.19148600000003,8.597296271929824,10.67,0.5,87,poisson,0.6,262.3237737612057,12.0,68.38922796249389,static_pomt,0
10000,1.0,262.72938998372064,13.519473332868074,30.27316777265249,43.62260801230804,15.17210332510356,2.192982456140351,0.0,71.19148600000003,10.133554824561402,12.574500000000002,0.5,87,poisson,0.6,262.3237737612057,12.0,68.38922796249389,decoupled,0
10000,1.0,262.72938998372064,13.519473332868074,30.27316777265249,43.62260801230804,15.17210332510356,2.192982456140351,0.0,71.19148600000003,8.392343859649124,10.94005,0.5,87,poisson,0.6,262.3237737612057,12.0,68.38922796249389,joint_full,0
10000,1.0,262.72938998372064,13.519473332868074,30.27316777265249,43.62260801230804,15.17210332510356,2.192982456140351,0.0,71.19148600000003,8.43515,10.981,0.5,87,poisson,0.6,262.3237737612057,12.0,68.38922796249389,cliffserve,0
10000,0.0005,177.16470790622682,13937.538935585771,26528.92391544304,27620.825616488157,26523.23515537701,1.000100010001,0.0,71.19999800000002,35.50529482948295,41.379,0.5,87,poisson,0.8,349.76503168160764,2.0,11.398204660415647,dense,0
10000,0.0005,177.16470790622682,13937.538935585771,26528.92391544304,27620.825616488157,26523.23515537701,1.000100010001,0.0,71.19999800000002,37.02429202920292,43.042,0.5,87,poisson,0.8,349.76503168160764,2.0,11.398204660415647,static_pomt,0
10000,0.0005,177.16470790622682,13937.538935585771,26528.92391544304,27620.825616488157,26523.23515537701,1.000100010001,0.0,71.19999800000002,37.22816231623162,43.20490000000001,0.5,87,poisson,0.8,349.76503168160764,2.0,11.398204660415647,decoupled,0
10000,0.0005,177.16470790622682,13937.538935585771,26528.92391544304,27620.825616488157,26523.23515537701,1.000100010001,0.0,71.19999800000002,38.58296529652965,44.726000000000006,0.5,87,poisson,0.8,349.76503168160764,2.0,11.398204660415647,joint_full,0
10000,0.0005,177.16470790622682,13937.538935585771,26528.92391544304,27620.825616488157,26523.23515537701,1.000100010001,0.0,71.19999800000002,38.32404440444044,44.8469,0.5,87,poisson,0.8,349.76503168160764,2.0,11.398204660415647,cliffserve,0
10000,0.0029,177.3379938793012,13882.318748470556,26473.63302868373,27565.62272911563,26467.998590097497,1.001602564102564,0.0,71.19997400000003,35.360175180288465,40.737,0.5,87,poisson,0.8,349.76503168160764,4.0,22.796409320831295,dense,0
10000,0.0029,177.3379938793012,13882.318748470556,26473.63302868373,27565.62272911563,26467.998590097497,1.001602564102564,0.0,71.19997400000003,36.87744000400641,40.01850000000002,0.5,87,poisson,0.8,349.76503168160764,4.0,22.796409320831295,static_pomt,0
10000,0.0029,177.3379938793012,13882.318748470556,26473.63302868373,27565.62272911563,26467.998590097497,1.001602564102564,0.0,71.19997400000003,37.11328956330128,42.4695,0.5,87,poisson,0.8,349.76503168160764,4.0,22.796409320831295,decoupled,0
10000,0.0029,177.3379938793012,13882.318748470556,26473.63302868373,27565.62272911563,26467.998590097497,1.001602564102564,0.0,71.19997400000003,38.07328715945513,44.11385,0.5,87,poisson,0.8,349.76503168160764,4.0,22.796409320831295,joint_full,0
10000,0.0029,177.3379938793012,13882.318748470556,26473.63302868373,27565.62272911563,26467.998590097497,1.001602564102564,0.0,71.19997400000003,38.40467828525641,44.34485,0.5,87,poisson,0.8,349.76503168160764,4.0,22.796409320831295,cliffserve,0
10000,0.011,178.07593310408149,13648.64983605982,26239.95948575504,27332.361089468148,26234.315364012786,1.0082677959265982,0.0,71.19989200000002,35.4265049405122,41.93135,0.5,87,poisson,0.8,349.76503168160764,8.0,45.5928186416626,dense,0
10000,0.011,178.07593310408149,13648.64983605982,26239.95948575504,27332.361089468148,26234.315364012786,1.0082677959265982,0.0,71.19989200000002,37.079505041338976,43.25585,0.5,87,poisson,0.8,349.76503168160764,8.0,45.5928186416626,static_pomt,0
10000,0.011,178.07593310408149,13648.64983605982,26239.95948575504,27332.361089468148,26234.315364012786,1.0082677959265982,0.0,71.19989200000002,37.40757773744706,44.90735,0.5,87,poisson,0.8,349.76503168160764,8.0,45.5928186416626,decoupled,0
10000,0.011,178.07593310408149,13648.64983605982,26239.95948575504,27332.361089468148,26234.315364012786,1.0082677959265982,0.0,71.19989200000002,38.59636206896551,46.268,0.5,87,poisson,0.8,349.76503168160764,8.0,45.5928186416626,joint_full,0
10000,0.011,178.07593310408149,13648.64983605982,26239.95948575504,27332.361089468148,26234.315364012786,1.0082677959265982,0.0,71.19989200000002,38.60066364186328,45.94715,0.5,87,poisson,0.8,349.76503168160764,8.0,45.5928186416626,cliffserve,0
10000,0.0359,180.25575064871109,12969.843183917386,25561.03891647641,26653.823957913635,25555.404786761443,1.0285949393128986,0.0,71.19965000000002,35.14201656037853,41.83854999999999,0.5,87,poisson,0.8,349.76503168160764,12.0,68.38922796249389,dense,0
10000,0.0359,180.25575064871109,12969.843183917386,25561.03891647641,26653.823957913635,25555.404786761443,1.0285949393128986,0.0,71.19965000000002,37.226743468422136,44.685,0.5,87,poisson,0.8,349.76503168160764,12.0,68.38922796249389,static_pomt,0
10000,0.0359,180.25575064871109,12969.843183917386,25561.03891647641,26653.823957913635,25555.404786761443,1.0285949393128986,0.0,71.19965000000002,37.2785609956799,44.50449999999999,0.5,87,poisson,0.8,349.76503168160764,12.0,68.38922796249389,decoupled,0
10000,0.0359,180.25575064871109,12969.843183917386,25561.03891647641,26653.823957913635,25555.404786761443,1.0285949393128986,0.0,71.19965000000002,38.418341699238844,45.35549999999999,0.5,87,poisson,0.8,349.76503168160764,12.0,68.38922796249389,joint_full,0
10000,0.0359,180.25575064871109,12969.843183917386,25561.03891647641,26653.823957913635,25555.404786761443,1.0285949393128986,0.0,71.19965000000002,38.084017897551945,44.745,0.5,87,poisson,0.8,349.76503168160764,12.0,68.38922796249389,cliffserve,0
10000,0.0003,177.16470790622682,16193.240657203194,30806.8826183784,32082.759951833843,30801.19385831237,1.000100010001,0.0,71.19999800000002,34.8208392839284,40.637,0.5,87,poisson,0.95,415.345975121909,2.0,11.398204660415647,dense,0
10000,0.0003,177.16470790622682,16193.240657203194,30806.8826183784,32082.759951833843,30801.19385831237,1.000100010001,0.0,71.19999800000002,37.02076937693769,42.011,0.5,87,poisson,0.95,415.345975121909,2.0,11.398204660415647,static_pomt,0
10000,0.0003,177.16470790622682,16193.240657203194,30806.8826183784,32082.759951833843,30801.19385831237,1.000100010001,0.0,71.19999800000002,37.34864186418641,43.693,0.5,87,poisson,0.95,415.345975121909,2.0,11.398204660415647,decoupled,0
10000,0.0003,177.16470790622682,16193.240657203194,30806.8826183784,32082.759951833843,30801.19385831237,1.000100010001,0.0,71.19999800000002,38.62184338433843,44.846,0.5,87,poisson,0.95,415.345975121909,2.0,11.398204660415647,joint_full,0
10000,0.0003,177.16470790622682,16193.240657203194,30806.8826183784,32082.759951833843,30801.19385831237,1.000100010001,0.0,71.19999800000002,38.66104160416042,44.374100000000006,0.5,87,poisson,0.95,415.345975121909,2.0,11.398204660415647,cliffserve,0
10000,0.0019,177.27511786498602,16158.1298078227,30771.68105945468,32047.59316660321,30766.025907682186,1.001001001001001,0.0,71.19998400000001,35.916619519519514,42.32549999999999,0.5,87,poisson,0.95,415.345975121909,4.0,22.796409320831295,dense,0
10000,0.0019,177.27511786498602,16158.1298078227,30771.68105945468,32047.59316660321,30766.025907682186,1.001001001001001,0.0,71.19998400000001,37.094763763763765,42.79299999999999,0.5,87,poisson,0.95,415.345975121909,4.0,22.796409320831295,static_pomt,0
10000,0.0019,177.27511786498602,16158.1298078227,30771.68105945468,32047.59316660321,30766.025907682186,1.001001001001001,0.0,71.19998400000001,37.268109809809815,42.831,0.5,87,poisson,0.95,415.345975121909,4.0,22.796409320831295,decoupled,0
10000,0.0019,177.27511786498602,16158.1298078227,30771.68105945468,32047.59316660321,30766.025907682186,1.001001001001001,0.0,71.19998400000001,38.53555365365366,44.124,0.5,87,poisson,0.95,415.345975121909,4.0,22.796409320831295,joint_full,0
10000,0.0019,177.27511786498602,16158.1298078227,30771.68105945468,32047.59316660321,30766.025907682186,1.001001001001001,0.0,71.19998400000001,38.55597087087087,43.92849999999999,0.5,87,poisson,0.95,415.345975121909,4.0,22.796409320831295,cliffserve,0
10000,0.0056,177.61894143320856,16049.29188882589,30662.65505552173,31938.914629553918,30657.046757959128,1.0041168792047397,0.0,71.19994600000003,35.60829902600663,40.357,0.5,87,poisson,0.95,415.345975121909,8.0,45.5928186416626,dense,0
10000,0.0056,177.61894143320856,16049.29188882589,30662.65505552173,31938.914629553918,30657.046757959128,1.0041168792047397,0.0,71.19994600000003,36.06166884225323,40.838,0.5,87,poisson,0.95,415.345975121909,8.0,45.5928186416626,static_pomt,0
10000,0.0056,177.61894143320856,16049.29188882589,30662.65505552173,31938.914629553918,30657.046757959128,1.0041168792047397,0.0,71.19994600000003,37.300990360477954,44.424,0.5,87,poisson,0.95,415.345975121909,8.0,45.5928186416626,decoupled,0
10000,0.0056,177.61894143320856,16049.29188882589,30662.65505552173,31938.914629553918,30657.046757959128,1.0041168792047397,0.0,71.19994600000003,38.59323677076012,45.568000000000005,0.5,87,poisson,0.95,415.345975121909,8.0,45.5928186416626,joint_full,0
10000,0.0056,177.61894143320856,16049.29188882589,30662.65505552173,31938.914629553918,30657.046757959128,1.0041168792047397,0.0,71.19994600000003,38.55761662817552,45.1179,0.5,87,poisson,0.95,415.345975121909,8.0,45.5928186416626,cliffserve,0
10000,0.0106,178.08573912363406,15901.20817481756,30514.89863614917,31791.14585110104,30509.24067945361,1.0085728693898135,0.0,71.19989600000002,35.93390105900151,42.77469999999999,0.5,87,poisson,0.95,415.345975121909,12.0,68.38922796249389,dense,0
10000,0.0106,178.08573912363406,15901.20817481756,30514.89863614917,31791.14585110104,30509.24067945361,1.0085728693898135,0.0,71.19989600000002,37.11998224911751,43.142,0.5,87,poisson,0.95,415.345975121909,12.0,68.38922796249389,static_pomt,0
10000,0.0106,178.08573912363406,15901.20817481756,30514.89863614917,31791.14585110104,30509.24067945361,1.0085728693898135,0.0,71.19989600000002,36.97665859808371,43.085,0.5,87,poisson,0.95,415.345975121909,12.0,68.38922796249389,decoupled,0
10000,0.0106,178.08573912363406,15901.20817481756,30514.89863614917,31791.14585110104,30509.24067945361,1.0085728693898135,0.0,71.19989600000002,38.52798134140191,45.236,0.5,87,poisson,0.95,415.345975121909,12.0,68.38922796249389,joint_full,0
10000,0.0106,178.08573912363406,15901.20817481756,30514.89863614917,31791.14585110104,30509.24067945361,1.0085728693898135,0.0,71.19989600000002,38.857592536560766,45.59969999999999,0.5,87,poisson,0.95,415.345975121909,12.0,68.38922796249389,cliffserve,0
10000,0.0002,177.15084563278364,17838.20701794178,33922.5371020079,35332.22276461306,33916.85158352855,1.0,0.0,71.20000000000002,35.5533765,41.468,0.5,87,poisson,1.1,480.9269185622105,2.0,11.398204660415647,dense,0
10000,0.0002,177.15084563278364,17838.20701794178,33922.5371020079,35332.22276461306,33916.85158352855,1.0,0.0,71.20000000000002,37.32087390000001,43.69349999999999,0.5,87,poisson,1.1,480.9269185622105,2.0,11.398204660415647,static_pomt,0
10000,0.0002,177.15084563278364,17838.20701794178,33922.5371020079,35332.22276461306,33916.85158352855,1.0,0.0,71.20000000000002,37.276428,43.43394999999999,0.5,87,poisson,1.1,480.9269185622105,2.0,11.398204660415647,decoupled,0
10000,0.0002,177.15084563278364,17838.20701794178,33922.5371020079,35332.22276461306,33916.85158352855,1.0,0.0,71.20000000000002,38.6162284,45.607,0.5,87,poisson,1.1,480.9269185622105,2.0,11.398204660415647,joint_full,0
10000,0.0002,177.15084563278364,17838.20701794178,33922.5371020079,35332.22276461306,33916.85158352855,1.0,0.0,71.20000000000002,38.6626477,45.2765,0.5,87,poisson,1.1,480.9269185622105,2.0,11.398204660415647,cliffserve,0
10000,0.0017,177.27483769262872,17798.795672221488,33883.012904357936,35292.725471441176,33877.35775258544,1.001001001001001,0.0,71.19998400000001,35.79742012012013,42.421,0.5,87,poisson,1.1,480.9269185622105,4.0,22.796409320831295,dense,0
10000,0.0017,177.27483769262872,17798.795672221488,33883.012904357936,35292.725471441176,33877.35775258544,1.001001001001001,0.0,71.19998400000001,37.33732882882883,44.15499999999999,0.5,87,poisson,1.1,480.9269185622105,4.0,22.796409320831295,static_pomt,0
10000,0.0017,177.27483769262872,17798.795672221488,33883.012904357936,35292.725471441176,33877.35775258544,1.001001001001001,0.0,71.19998400000001,37.42283573573573,44.34994999999999,0.5,87,poisson,1.1,480.9269185622105,4.0,22.796409320831295,decoupled,0
10000,0.0017,177.27483769262872,17798.795672221488,33883.012904357936,35292.725471441176,33877.35775258544,1.001001001001001,0.0,71.19998400000001,38.85664124124124,45.026,0.5,87,poisson,1.1,480.9269185622105,4.0,22.796409320831295,joint_full,0
10000,0.0017,177.27483769262872,17798.795672221488,33883.012904357936,35292.725471441176,33877.35775258544,1.001001001001001,0.0,71.19998400000001,39.00076386386387,46.268,0.5,87,poisson,1.1,480.9269185622105,4.0,22.796409320831295,cliffserve,0
10000,0.0044,177.52049589893224,17721.00499872715,33805.22721674445,35215.10593327704,33799.54658954147,1.0033109260559847,0.0,71.19995800000004,35.5158697702418,41.68629999999999,0.5,87,poisson,1.1,480.9269185622105,8.0,45.5928186416626,dense,0
10000,0.0044,177.52049589893224,17721.00499872715,33805.22721674445,35215.10593327704,33799.54658954147,1.0033109260559847,0.0,71.19995800000004,37.09225915521221,43.95469999999997,0.5,87,poisson,1.1,480.9269185622105,8.0,45.5928186416626,static_pomt,0
10000,0.0044,177.52049589893224,17721.00499872715,33805.22721674445,35215.10593327704,33799.54658954147,1.0033109260559847,0.0,71.19995800000004,37.46235637604094,44.465999999999966,0.5,87,poisson,1.1,480.9269185622105,8.0,45.5928186416626,decoupled,0
10000,0.0044,177.52049589893224,17721.00499872715,33805.22721674445,35215.10593327704,33799.54658954147,1.0033109260559847,0.0,71.19995800000004,38.68326055984749,46.45499999999999,0.5,87,poisson,1.1,480.9269185622105,8.0,45.5928186416626,joint_full,0
10000,0.0044,177.52049589893224,17721.00499872715,33805.22721674445,35215.10593327704,33799.54658954147,1.0033109260559847,0.0,71.19995800000004,38.770408648540176,45.58429999999996,0.5,87,poisson,1.1,480.9269185622105,8.0,45.5928186416626,cliffserve,0
10000,0.0082,177.87489235764718,17608.618906779593,33692.95670886042,35102.893042737865,33687.29673755172,1.0067451927917044,0.0,71.19992000000002,35.76069123124937,42.4104,0.5,87,poisson,1.1,480.9269185622105,12.0,68.38922796249389,dense,0
10000,0.0082,177.87489235764718,17608.618906779593,33692.95670886042,35102.893042737865,33687.29673755172,1.0067451927917044,0.0,71.19992000000002,36.96584093425954,43.6874,0.5,87,poisson,1.1,480.9269185622105,12.0,68.38922796249389,static_pomt,0
10000,0.0082,177.87489235764718,17608.618906779593,33692.95670886042,35102.893042737865,33687.29673755172,1.0067451927917044,0.0,71.19992000000002,37.52229165408235,44.675,0.5,87,poisson,1.1,480.9269185622105,12.0,68.38922796249389,decoupled,0
10000,0.0082,177.87489235764718,17608.618906779593,33692.95670886042,35102.893042737865,33687.29673755172,1.0067451927917044,0.0,71.19992000000002,38.68796647538508,44.806,0.5,87,poisson,1.1,480.9269185622105,12.0,68.38922796249389,joint_full,0
10000,0.0082,177.87489235764718,17608.618906779593,33692.95670886042,35102.893042737865,33687.29673755172,1.0067451927917044,0.0,71.19992000000002,38.879181214134704,46.228,0.5,87,poisson,1.1,480.9269185622105,12.0,68.38922796249389,cliffserve,0
10000,0.1949,130.92108927405394,48.02564244487076,175.20186786834333,223.7210877843249,169.55802157107922,1.030502885408079,0.0,71.19940800000002,10.212495877988458,18.880000000000013,0.5,87,onoff,0.3,131.16188688060285,2.0,11.398204660415647,dense,0
10000,0.1949,130.92108927405394,48.02564244487076,175.20186786834333,223.7210877843249,169.55802157107922,1.030502885408079,0.0,71.19940800000002,10.91382120774938,19.557,0.5,87,onoff,0.3,131.16188688060285,2.0,11.398204660415647,static_pomt,0
10000,0.1949,130.92108927405394,48.02564244487076,175.20186786834333,223.7210877843249,169.55802157107922,1.030502885408079,0.0,71.19940800000002,12.0201312860676,21.215000000000035,0.5,87,onoff,0.3,131.16188688060285,2.0,11.398204660415647,decoupled,0
10000,0.1949,130.92108927405394,48.02564244487076,175.20186786834333,223.7210877843249,169.55802157107922,1.030502885408079,0.0,71.19940800000002,12.072493404781532,22.02665000000001,0.5,87,onoff,0.3,131.16188688060285,2.0,11.398204660415647,joint_full,0
10000,0.1949,130.92108927405394,48.02564244487076,175.20186786834333,223.7210877843249,169.55802157107922,1.030502885408079,0.0,71.19940800000002,12.118243920032974,22.260500000000004,0.5,87,onoff,0.3,131.16188688060285,2.0,11.398204660415647,cliffserve,0
10000,0.8089,130.9627008453888,12.041537392580722,93.23599501518522,168.26922610275608,87.6310242866895,1.442585112521639,0.0,71.19459800000003,8.526740623196769,12.914,0.5,87,onoff,0.3,131.16188688060285,4.0,22.796409320831295,dense,0
10000,0.8089,130.9627008453888,12.041537392580722,93.23599501518522,168.26922610275608,87.6310242866895,1.442585112521639,0.0,71.19459800000003,8.963579053664166,13.746,0.5,87,onoff,0.3,131.16188688060285,4.0,22.796409320831295,static_pomt,0
10000,0.8089,130.9627008453888,12.041537392580722,93.23599501518522,168.26922610275608,87.6310242866895,1.442585112521639,0.0,71.19459800000003,10.318178447778417,14.728,0.5,87,onoff,0.3,131.16188688060285,4.0,22.796409320831295,decoupled,0
10000,0.8089,130.9627008453888,12.041537392580722,93.23599501518522,168.26922610275608,87.6310242866895,1.442585112521639,0.0,71.19459800000003,9.132672388920946,15.284049999999995,0.5,87,onoff,0.3,131.16188688060285,4.0,22.796409320831295,joint_full,0
10000,0.8089,130.9627008453888,12.041537392580722,93.23599501518522,168.26922610275608,87.6310242866895,1.442585112521639,0.0,71.19459800000003,9.094235718407386,15.259,0.5,87,onoff,0.3,131.16188688060285,4.0,22.796409320831295,cliffserve,0
10000,1.0,131.0261337026662,10.948553046000145,23.11783418435951,32.2908647866211,11.790015776489234,1.7053206002728514,0.0,71.19306200000004,7.568177523874488,9.979,0.5,87,onoff,0.3,131.16188688060285,8.0,45.5928186416626,dense,0
10000,1.0,131.0261337026662,10.948553046000145,23.11783418435951,32.2908647866211,11.790015776489234,1.7053206002728514,0.0,71.19306200000004,7.946521316507503,10.479,0.5,87,onoff,0.3,131.16188688060285,8.0,45.5928186416626,static_pomt,0
10000,1.0,131.0261337026662,10.948553046000145,23.11783418435951,32.2908647866211,11.790015776489234,1.7053206002728514,0.0,71.19306200000004,9.410966916780357,11.973,0.5,87,onoff,0.3,131.16188688060285,8.0,45.5928186416626,decoupled,0
10000,1.0,131.0261337026662,10.948553046000145,23.11783418435951,32.2908647866211,11.790015776489234,1.7053206002728514,0.0,71.19306200000004,7.54869133697135,10.71,0.5,87,onoff,0.3,131.16188688060285,8.0,45.5928186416626,joint_full,0
10000,1.0,131.0261337026662,10.948553046000145,23.11783418435951,32.2908647866211,11.790015776489234,1.7053206002728514,0.0,71.19306200000004,7.569041780354707,10.751,0.5,87,onoff,0.3,131.16188688060285,8.0,45.5928186416626,cliffserve,0
10000,1.0,131.02615941328227,10.930410356231732,22.93921314928363,32.223841190994584,11.648185984373407,1.70590242238144,0.0,71.19306200000004,7.59097782326851,9.989,0.5,87,onoff,0.3,131.16188688060285,12.0,68.38922796249389,dense,0
10000,1.0,131.02615941328227,10.930410356231732,22.93921314928363,32.223841190994584,11.648185984373407,1.70590242238144,0.0,71.19306200000004,7.954020129648584,10.499499999999998,0.5,87,onoff,0.3,131.16188688060285,12.0,68.38922796249389,static_pomt,0
10000,1.0,131.02615941328227,10.930410356231732,22.93921314928363,32.223841190994584,11.648185984373407,1.70590242238144,0.0,71.19306200000004,9.428622995564654,11.963,0.5,87,onoff,0.3,131.16188688060285,12.0,68.38922796249389,decoupled,0
10000,1.0,131.02615941328227,10.930410356231732,22.93921314928363,32.223841190994584,11.648185984373407,1.70590242238144,0.0,71.19306200000004,7.582585636301603,10.761,0.5,87,onoff,0.3,131.16188688060285,12.0,68.38922796249389,joint_full,0
10000,1.0,131.02615941328227,10.930410356231732,22.93921314928363,32.223841190994584,11.648185984373407,1.70590242238144,0.0,71.19306200000004,7.559102865916069,10.8,0.5,87,onoff,0.3,131.16188688060285,12.0,68.38922796249389,cliffserve,0
10000,0.0006,177.10239887984778,6443.531919287072,14629.958437980398,15124.511423936792,14624.385948241934,1.000100010001,0.0,71.19999800000002,35.448694169416946,42.541,0.5,87,onoff,0.6,262.3237737612057,2.0,11.398204660415647,dense,0
10000,0.0006,177.10239887984778,6443.531919287072,14629.958437980398,15124.511423936792,14624.385948241934,1.000100010001,0.0,71.19999800000002,36.89409280928093,44.095000000000006,0.5,87,onoff,0.6,262.3237737612057,2.0,11.398204660415647,static_pomt,0
10000,0.0006,177.10239887984778,6443.531919287072,14629.958437980398,15124.511423936792,14624.385948241934,1.000100010001,0.0,71.19999800000002,37.124673267326735,44.185,0.5,87,onoff,0.6,262.3237737612057,2.0,11.398204660415647,decoupled,0
10000,0.0006,177.10239887984778,6443.531919287072,14629.958437980398,15124.511423936792,14624.385948241934,1.000100010001,0.0,71.19999800000002,38.31084888488849,45.568000000000005,0.5,87,onoff,0.6,262.3237737612057,2.0,11.398204660415647,joint_full,0
10000,0.0006,177.10239887984778,6443.531919287072,14629.958437980398,15124.511423936792,14624.385948241934,1.000100010001,0.0,71.19999800000002,38.38312541254126,45.80800000000001,0.5,87,onoff,0.6,262.3237737612057,2.0,11.398204660415647,cliffserve,0
10000,0.0015,177.17163978846585,6421.609069155084,14607.947241080985,15102.58675375075,14602.307455338225,1.00080064051241,0.0,71.19998800000002,35.44485908726982,42.23,0.5,87,onoff,0.6,262.3237737612057,4.0,22.796409320831295,dense,0
10000,0.0015,177.17163978846585,6421.609069155084,14607.947241080985,15102.58675375075,14602.307455338225,1.00080064051241,0.0,71.19998800000002,36.87042844275421,44.244,0.5,87,onoff,0.6,262.3237737612057,4.0,22.796409320831295,static_pomt,0
10000,0.0015,177.17163978846585,6421.609069155084,14607.947241080985,15102.58675375075,14602.307455338225,1.00080064051241,0.0,71.19998800000002,36.991179843875095,44.244,0.5,87,onoff,0.6,262.3237737612057,4.0,22.796409320831295,decoupled,0
10000,0.0015,177.17163978846585,6421.609069155084,14607.947241080985,15102.58675375075,14602.307455338225,1.00080064051241,0.0,71.19998800000002,38.22689871897519,44.815,0.5,87,onoff,0.6,262.3237737612057,4.0,22.796409320831295,joint_full,0
10000,0.0015,177.17163978846585,6421.609069155084,14607.947241080985,15102.58675375075,14602.307455338225,1.00080064051241,0.0,71.19998800000002,38.17667824259407,44.45445,0.5,87,onoff,0.6,262.3237737612057,4.0,22.796409320831295,cliffserve,0
10000,0.0217,178.60553659680528,5968.167890393468,14154.67210269222,14650.21135116082,14149.00804994354,1.015640869388584,0.0,71.19979800000002,35.024694596790575,42.24825,0.5,87,onoff,0.6,262.3237737612057,8.0,45.5928186416626,dense,0
10000,0.0217,178.60553659680528,5968.167890393468,14154.67210269222,14650.21135116082,14149.00804994354,1.015640869388584,0.0,71.19979800000002,36.22630448913264,43.1295,0.5,87,onoff,0.6,262.3237737612057,8.0,45.5928186416626,static_pomt,0
10000,0.0217,178.60553659680528,5968.167890393468,14154.67210269222,14650.21135116082,14149.00804994354,1.015640869388584,0.0,71.19979800000002,36.65736593540524,43.9215,0.5,87,onoff,0.6,262.3237737612057,8.0,45.5928186416626,decoupled,0
10000,0.0217,178.60553659680528,5968.167890393468,14154.67210269222,14650.21135116082,14149.00804994354,1.015640869388584,0.0,71.19979800000002,37.942852732073945,45.15575,0.5,87,onoff,0.6,262.3237737612057,8.0,45.5928186416626,joint_full,0
10000,0.0217,178.60553659680528,5968.167890393468,14154.67210269222,14650.21135116082,14149.00804994354,1.015640869388584,0.0,71.19979800000002,37.66656134470851,44.835,0.5,87,onoff,0.6,262.3237737612057,8.0,45.5928186416626,cliffserve,0
10000,0.0553,180.32800888368536,5433.87377747649,13618.736023527685,14114.698708266043,13613.1019849363,1.0428616122640526,0.0,71.19948800000002,35.15826665971425,42.611,0.5,87,onoff,0.6,262.3237737612057,12.0,68.38922796249389,dense,0
10000,0.0553,180.32800888368536,5433.87377747649,13618.736023527685,14114.698708266043,13613.1019849363,1.0428616122640526,0.0,71.19948800000002,36.37084419647513,43.5484,0.5,87,onoff,0.6,262.3237737612057,12.0,68.38922796249389,static_pomt,0
10000,0.0553,180.32800888368536,5433.87377747649,13618.736023527685,14114.698708266043,13613.1019849363,1.0428616122640526,0.0,71.19948800000002,36.45937782876213,43.2384,0.5,87,onoff,0.6,262.3237737612057,12.0,68.38922796249389,decoupled,0
10000,0.0553,180.32800888368536,5433.87377747649,13618.736023527685,14114.698708266043,13613.1019849363,1.0428616122640526,0.0,71.19948800000002,37.982173845030765,45.537,0.5,87,onoff,0.6,262.3237737612057,12.0,68.38922796249389,joint_full,0
10000,0.0553,180.32800888368536,5433.87377747649,13618.736023527685,14114.698708266043,13613.1019849363,1.0428616122640526,0.0,71.19948800000002,38.02759651684221,45.9634,0.5,87,onoff,0.6,262.3237737612057,12.0,68.38922796249389,cliffserve,0
10000,0.0016,176.7214234186688,15176.304010777416,28186.244188680703,29707.478956699542,28180.65407344347,1.0002000400080016,0.0,71.19999600000001,35.59215173034607,42.371,0.5,87,onoff,0.8,349.76503168160764,2.0,11.398204660415647,dense,0
10000,0.0016,176.7214234186688,15176.304010777416,28186.244188680703,29707.478956699542,28180.65407344347,1.0002000400080016,0.0,71.19999600000001,36.81528895779155,43.4635,0.5,87,onoff,0.8,349.76503168160764,2.0,11.398204660415647,static_pomt,0
10000,0.0016,176.7214234186688,15176.304010777416,28186.244188680703,29707.478956699542,28180.65407344347,1.0002000400080016,0.0,71.19999600000001,37.235650030006,44.044,0.5,87,onoff,0.8,349.76503168160764,2.0,11.398204660415647,decoupled,0
10000,0.0016,176.7214234186688,15176.304010777416,28186.244188680703,29707.478956699542,28180.65407344347,1.0002000400080016,0.0,71.19999600000001,38.22190898179637,45.11749999999999,0.5,87,onoff,0.8,349.76503168160764,2.0,11.398204660415647,joint_full,0
10000,0.0016,176.7214234186688,15176.304010777416,28186.244188680703,29707.478956699542,28180.65407344347,1.0002000400080016,0.0,71.19999600000001,38.02682626525306,44.9665,0.5,87,onoff,0.8,349.76503168160764,2.0,11.398204660415647,cliffserve,0
10000,0.0042,176.76929504231424,15160.88301792616,28170.788680281697,29692.053434672525,28165.15424169546,1.001602564102564,0.0,71.19997400000003,35.71080238381411,41.91700000000001,0.5,87,onoff,0.8,349.76503168160764,4.0,22.796409320831295,dense,0
10000,0.0042,176.76929504231424,15160.88301792616,28170.788680281697,29692.053434672525,28165.15424169546,1.001602564102564,0.0,71.19997400000003,37.17541296073718,44.351000000000006,0.5,87,onoff,0.8,349.76503168160764,4.0,22.796409320831295,static_pomt,0
10000,0.0042,176.76929504231424,15160.88301792616,28170.788680281697,29692.053434672525,28165.15424169546,1.001602564102564,0.0,71.19997400000003,37.44819701522436,44.503350000000005,0.5,87,onoff,0.8,349.76503168160764,4.0,22.796409320831295,decoupled,0
10000,0.0042,176.76929504231424,15160.88301792616,28170.788680281697,29692.053434672525,28165.15424169546,1.001602564102564,0.0,71.19997400000003,38.410516626602565,45.18450000000001,0.5,87,onoff,0.8,349.76503168160764,4.0,22.796409320831295,joint_full,0
10000,0.0042,176.76929504231424,15160.88301792616,28170.788680281697,29692.053434672525,28165.15424169546,1.001602564102564,0.0,71.19997400000003,38.73310917467949,46.065650000000005,0.5,87,onoff,0.8,349.76503168160764,4.0,22.796409320831295,cliffserve,0
10000,0.0092,177.1103357403963,15052.11799517149,28061.927872219145,29583.5305889942,28056.226371207293,1.0054293183189222,0.0,71.19993000000002,35.102962799115225,41.5765,0.5,87,onoff,0.8,349.76503168160764,8.0,45.5928186416626,dense,0
10000,0.0092,177.1103357403963,15052.11799517149,28061.927872219145,29583.5305889942,28056.226371207293,1.0054293183189222,0.0,71.19993000000002,36.70747375829479,43.209500000000006,0.5,87,onoff,0.8,349.76503168160764,8.0,45.5928186416626,static_pomt,0
10000,0.0092,177.1103357403963,15052.11799517149,28061.927872219145,29583.5305889942,28056.226371207293,1.0054293183189222,0.0,71.19993000000002,37.28368198270661,44.6225,0.5,87,onoff,0.8,349.76503168160764,8.0,45.5928186416626,decoupled,0
10000,0.0092,177.1103357403963,15052.11799517149,28061.927872219145,29583.5305889942,28056.226371207293,1.0054293183189222,0.0,71.19993000000002,38.45850784234869,45.84775,0.5,87,onoff,0.8,349.76503168160764,8.0,45.5928186416626,joint_full,0
10000,0.0092,177.1103357403963,15052.11799517149,28061.927872219145,29583.5305889942,28056.226371207293,1.0054293183189222,0.0,71.19993000000002,38.33269927609089,44.72,0.5,87,onoff,0.8,349.76503168160764,8.0,45.5928186416626,cliffserve,0
10000,0.0112,177.29563143967977,14993.04735198492,28002.95560299402,29524.341740193537,27997.281745543536,1.0072522159548751,0.0,71.19991,34.96225503626108,41.0645,0.5,87,onoff,0.8,349.76503168160764,12.0,68.38922796249389,dense,0
10000,0.0112,177.29563143967977,14993.04735198492,28002.95560299402,29524.341740193537,27997.281745543536,1.0072522159548751,0.0,71.19991,37.123978041901694,43.1885,0.5,87,onoff,0.8,349.76503168160764,12.0,68.38922796249389,static_pomt,0
10000,0.0112,177.29563143967977,14993.04735198492,28002.95560299402,29524.341740193537,27997.281745543536,1.0072522159548751,0.0,71.19991,37.058623388396455,42.24364999999999,0.5,87,onoff,0.8,349.76503168160764,12.0,68.38922796249389,decoupled,0
10000,0.0112,177.29563143967977,14993.04735198492,28002.95560299402,29524.341740193537,27997.281745543536,1.0072522159548751,0.0,71.19991,38.246797844480255,43.1785,0.5,87,onoff,0.8,349.76503168160764,12.0,68.38922796249389,joint_full,0
10000,0.0112,177.29563143967977,14993.04735198492,28002.95560299402,29524.341740193537,27997.281745543536,1.0072522159548751,0.0,71.19991,38.55691277195809,44.865,0.5,87,onoff,0.8,349.76503168160764,12.0,68.38922796249389,cliffserve,0
10000,0.0017,176.8949528908681,16253.82688154811,30508.93238209124,31880.217322601085,30503.271445902537,1.0004001600640255,0.0,71.19999200000001,35.411524409763906,41.699,0.5,87,onoff,0.95,415.345975121909,2.0,11.398204660415647,dense,0
10000,0.0017,176.8949528908681,16253.82688154811,30508.93238209124,31880.217322601085,30503.271445902537,1.0004001600640255,0.0,71.19999200000001,37.2132856142457,43.913,0.5,87,onoff,0.95,415.345975121909,2.0,11.398204660415647,static_pomt,0
10000,0.0017,176.8949528908681,16253.82688154811,30508.93238209124,31880.217322601085,30503.271445902537,1.0004001600640255,0.0,71.19999200000001,37.10001420568227,43.53225,0.5,87,onoff,0.95,415.345975121909,2.0,11.398204660415647,decoupled,0
10000,0.0017,176.8949528908681,16253.82688154811,30508.93238209124,31880.217322601085,30503.271445902537,1.0004001600640255,0.0,71.19999200000001,38.6229674869948,45.419250000000005,0.5,87,onoff,0.95,415.345975121909,2.0,11.398204660415647,joint_full,0
10000,0.0017,176.8949528908681,16253.82688154811,30508.93238209124,31880.217322601085,30503.271445902537,1.0004001600640255,0.0,71.19999200000001,38.65840346138455,45.241,0.5,87,onoff,0.95,415.345975121909,2.0,11.398204660415647,cliffserve,0
10000,0.0033,176.9846548901966,16225.039760967436,30480.15892489786,31851.4565529573,30474.524486311624,1.001602564102564,0.0,71.19997600000002,34.93461929086539,41.3875,0.5,87,onoff,0.95,415.345975121909,4.0,22.796409320831295,dense,0
10000,0.0033,176.9846548901966,16225.039760967436,30480.15892489786,31851.4565529573,30474.524486311624,1.001602564102564,0.0,71.19997600000002,37.34639583333334,44.13250000000001,0.5,87,onoff,0.95,415.345975121909,4.0,22.796409320831295,static_pomt,0
10000,0.0033,176.9846548901966,16225.039760967436,30480.15892489786,31851.4565529573,30474.524486311624,1.001602564102564,0.0,71.19997600000002,37.366186298076926,43.850150000000006,0.5,87,onoff,0.95,415.345975121909,4.0,22.796409320831295,decoupled,0
10000,0.0033,176.9846548901966,16225.039760967436,30480.15892489786,31851.4565529573,30474.524486311624,1.001602564102564,0.0,71.19997600000002,38.64647045272436,45.036,0.5,87,onoff,0.95,415.345975121909,4.0,22.796409320831295,joint_full,0
10000,0.0033,176.9846548901966,16225.039760967436,30480.15892489786,31851.4565529573,30474.524486311624,1.001602564102564,0.0,71.19997600000002,38.644078325320514,44.786,0.5,87,onoff,0.95,415.345975121909,4.0,22.796409320831295,cliffserve,0
10000,0.0043,177.07318316807508,16196.977440973464,30452.01517926092,31823.50376546741,30446.35298584337,1.0024057738572574,0.0,71.19996600000002,34.66715898155574,40.24875,0.5,87,onoff,0.95,415.345975121909,8.0,45.5928186416626,dense,0
10000,0.0043,177.07318316807508,16196.977440973464,30452.01517926092,31823.50376546741,30446.35298584337,1.0024057738572574,0.0,71.19996600000002,36.30513372093023,42.852,0.5,87,onoff,0.95,415.345975121909,8.0,45.5928186416626,static_pomt,0
10000,0.0043,177.07318316807508,16196.977440973464,30452.01517926092,31823.50376546741,30446.35298584337,1.0024057738572574,0.0,71.19996600000002,37.116959502806736,43.86325,0.5,87,onoff,0.95,415.345975121909,8.0,45.5928186416626,decoupled,0
10000,0.0043,177.07318316807508,16196.977440973464,30452.01517926092,31823.50376546741,30446.35298584337,1.0024057738572574,0.0,71.19996600000002,38.19147504009624,44.6675,0.5,87,onoff,0.95,415.345975121909,8.0,45.5928186416626,joint_full,0
10000,0.0043,177.07318316807508,16196.977440973464,30452.01517926092,31823.50376546741,30446.35298584337,1.0024057738572574,0.0,71.19996600000002,38.62898195669607,46.218,0.5,87,onoff,0.95,415.345975121909,8.0,45.5928186416626,cliffserve,0
10000,0.0061,177.2428189708903,16143.152690311614,30398.030956252765,31769.640060199505,30392.43844731684,1.0040160642570282,0.0,71.19994800000002,35.847475,42.48005,0.5,87,onoff,0.95,415.345975121909,12.0,68.38922796249389,dense,0
10000,0.0061,177.2428189708903,16143.152690311614,30398.030956252765,31769.640060199505,30392.43844731684,1.0040160642570282,0.0,71.19994800000002,37.491310240963855,44.655,0.5,87,onoff,0.95,415.345975121909,12.0,68.38922796249389,static_pomt,0
10000,0.0061,177.2428189708903,16143.152690311614,30398.030956252765,31769.640060199505,30392.43844731684,1.0040160642570282,0.0,71.19994800000002,37.36888855421687,44.06549999999998,0.5,87,onoff,0.95,415.345975121909,12.0,68.38922796249389,decoupled,0
10000,0.0061,177.2428189708903,16143.152690311614,30398.030956252765,31769.640060199505,30392.43844731684,1.0040160642570282,0.0,71.19994800000002,38.74550351405623,45.727,0.5,87,onoff,0.95,415.345975121909,12.0,68.38922796249389,joint_full,0
10000,0.0061,177.2428189708903,16143.152690311614,30398.030956252765,31769.640060199505,30392.43844731684,1.0040160642570282,0.0,71.19994800000002,38.76868162650602,45.84994999999997,0.5,87,onoff,0.95,415.345975121909,12.0,68.38922796249389,cliffserve,0
10000,0.0038,176.57476080957218,17962.340409242686,32755.40831312809,34361.170349129105,32749.7190093008,1.0007004903432404,0.0,71.19998600000001,35.74662153507455,42.64959999999999,0.5,87,onoff,1.1,480.9269185622105,2.0,11.398204660415647,dense,0
10000,0.0038,176.57476080957218,17962.340409242686,32755.40831312809,34361.170349129105,32749.7190093008,1.0007004903432404,0.0,71.19998600000001,36.81873531472031,43.974,0.5,87,onoff,1.1,480.9269185622105,2.0,11.398204660415647,static_pomt,0
10000,0.0038,176.57476080957218,17962.340409242686,32755.40831312809,34361.170349129105,32749.7190093008,1.0007004903432404,0.0,71.19998600000001,37.38801090763535,43.927,0.5,87,onoff,1.1,480.9269185622105,2.0,11.398204660415647,decoupled,0
10000,0.0038,176.57476080957218,17962.340409242686,32755.40831312809,34361.170349129105,32749.7190093008,1.0007004903432404,0.0,71.19998600000001,38.35757800460322,45.1096,0.5,87,onoff,1.1,480.9269185622105,2.0,11.398204660415647,joint_full,0
10000,0.0038,176.57476080957218,17962.340409242686,32755.40831312809,34361.170349129105,32749.7190093008,1.0007004903432404,0.0,71.19998600000001,38.80889232462724,46.769,0.5,87,onoff,1.1,480.9269185622105,2.0,11.398204660415647,cliffserve,0
10000,0.006,176.62279247771926,17946.757321559962,32739.921059676737,34345.78184714165,32734.24982940826,1.0018032458425166,0.0,71.19996800000001,34.22077930274494,41.01749999999999,0.5,87,onoff,1.1,480.9269185622105,4.0,22.796409320831295,dense,0
10000,0.006,176.62279247771926,17946.757321559962,32739.921059676737,34345.78184714165,32734.24982940826,1.0018032458425166,0.0,71.19996800000001,37.03419835704268,43.373,0.5,87,onoff,1.1,480.9269185622105,4.0,22.796409320831295,static_pomt,0
10000,0.006,176.62279247771926,17946.757321559962,32739.921059676737,34345.78184714165,32734.24982940826,1.0018032458425166,0.0,71.19996800000001,37.15027820076136,43.48149999999999,0.5,87,onoff,1.1,480.9269185622105,4.0,22.796409320831295,decoupled,0
10000,0.006,176.62279247771926,17946.757321559962,32739.921059676737,34345.78184714165,32734.24982940826,1.0018032458425166,0.0,71.19996800000001,38.3469107393308,43.82249999999999,0.5,87,onoff,1.1,480.9269185622105,4.0,22.796409320831295,joint_full,0
10000,0.006,176.62279247771926,17946.757321559962,32739.921059676737,34345.78184714165,32734.24982940826,1.0018032458425166,0.0,71.19996800000001,38.222609597275095,42.89054999999999,0.5,87,onoff,1.1,480.9269185622105,4.0,22.796409320831295,cliffserve,0
10000,0.0082,176.7801669433547,17896.672840559062,32689.84636430416,34295.750395606425,32684.17655293617,1.0035122930255895,0.0,71.19994600000003,35.344872052182644,41.22199999999998,0.5,87,onoff,1.1,480.9269185622105,8.0,45.5928186416626,dense,0
10000,0.0082,176.7801669433547,17896.672840559062,32689.84636430416,34295.750395606425,32684.17655293617,1.0035122930255895,0.0,71.19994600000003,37.21845910687406,44.03199999999999,0.5,87,onoff,1.1,480.9269185622105,8.0,45.5928186416626,static_pomt,0
10000,0.0082,176.7801669433547,17896.672840559062,32689.84636430416,34295.750395606425,32684.17655293617,1.0035122930255895,0.0,71.19994600000003,37.41795283492223,44.9258,0.5,87,onoff,1.1,480.9269185622105,8.0,45.5928186416626,decoupled,0
10000,0.0082,176.7801669433547,17896.672840559062,32689.84636430416,34295.750395606425,32684.17655293617,1.0035122930255895,0.0,71.19994600000003,38.5364007024586,45.68499999999999,0.5,87,onoff,1.1,480.9269185622105,8.0,45.5928186416626,joint_full,0
10000,0.0082,176.7801669433547,17896.672840559062,32689.84636430416,34295.750395606425,32684.17655293617,1.0035122930255895,0.0,71.19994600000003,38.537535474159554,44.835,0.5,87,onoff,1.1,480.9269185622105,8.0,45.5928186416626,cliffserve,0
10000,0.0194,177.46671759526453,17677.507243492415,32470.70973278221,34076.78294644226,32465.132515107955,1.0119409026512851,0.0,71.19984600000002,34.89068275652701,41.279,0.5,87,onoff,1.1,480.9269185622105,12.0,68.38922796249389,dense,0
10000,0.0194,177.46671759526453,17677.507243492415,32470.70973278221,34076.78294644226,32465.132515107955,1.0119409026512851,0.0,71.19984600000002,36.85882199959523,43.42154999999999,0.5,87,onoff,1.1,480.9269185622105,12.0,68.38922796249389,static_pomt,0
10000,0.0194,177.46671759526453,17677.507243492415,32470.70973278221,34076.78294644226,32465.132515107955,1.0119409026512851,0.0,71.19984600000002,37.48120775146732,44.45449999999999,0.5,87,onoff,1.1,480.9269185622105,12.0,68.38922796249389,decoupled,0
10000,0.0194,177.46671759526453,17677.507243492415,32470.70973278221,34076.78294644226,32465.132515107955,1.0119409026512851,0.0,71.19984600000002,38.60131309451528,46.146999999999984,0.5,87,onoff,1.1,480.9269185622105,12.0,68.38922796249389,joint_full,0
10000,0.0194,177.46671759526453,17677.507243492415,32470.70973278221,34076.78294644226,32465.132515107955,1.0119409026512851,0.0,71.19984600000002,38.47606203197733,45.67549999999997,0.5,87,onoff,1.1,480.9269185622105,12.0,68.38922796249389,cliffserve,0
10000,0.6762,130.6537072066693,9.299563834032597,31.09021688796596,52.53009534472047,25.466262652430352,1.101442890186144,0.0,71.19815800000002,7.01486529353453,8.516,0.5,88,poisson,0.3,131.16188688060285,2.0,11.398204660415647,dense,0
10000,0.6762,130.6537072066693,9.299563834032597,31.09021688796596,52.53009534472047,25.466262652430352,1.101442890186144,0.0,71.19815800000002,7.4940986892829615,9.327,0.5,88,poisson,0.3,131.16188688060285,2.0,11.398204660415647,static_pomt,0
10000,0.6762,130.6537072066693,9.299563834032597,31.09021688796596,52.53009534472047,25.466262652430352,1.101442890186144,0.0,71.19815800000002,8.847386386165878,10.52,0.5,88,poisson,0.3,131.16188688060285,2.0,11.398204660415647,decoupled,0
10000,0.6762,130.6537072066693,9.299563834032597,31.09021688796596,52.53009534472047,25.466262652430352,1.101442890186144,0.0,71.19815800000002,7.524504130410838,10.54,0.5,88,poisson,0.3,131.16188688060285,2.0,11.398204660415647,joint_full,0
10000,0.6762,130.6537072066693,9.299563834032597,31.09021688796596,52.53009534472047,25.466262652430352,1.101442890186144,0.0,71.19815800000002,7.433978962440798,10.47,0.5,88,poisson,0.3,131.16188688060285,2.0,11.398204660415647,cliffserve,0
10000,0.9958,130.65376199566475,7.919968128204346,14.538253476630956,18.72215880417258,6.893817205464802,1.2825445684237526,0.0,71.19577200000002,6.872443375657305,8.2752,0.5,88,poisson,0.3,131.16188688060285,4.0,22.796409320831295,dense,0
10000,0.9958,130.65376199566475,7.919968128204346,14.538253476630956,18.72215880417258,6.893817205464802,1.2825445684237526,0.0,71.19577200000002,7.358317686289599,8.797,0.5,88,poisson,0.3,131.16188688060285,4.0,22.796409320831295,static_pomt,0
10000,0.9958,130.65376199566475,7.919968128204346,14.538253476630956,18.72215880417258,6.893817205464802,1.2825445684237526,0.0,71.19577200000002,8.889154161857125,10.3692,0.5,88,poisson,0.3,131.16188688060285,4.0,22.796409320831295,decoupled,0
10000,0.9958,130.65376199566475,7.919968128204346,14.538253476630956,18.72215880417258,6.893817205464802,1.2825445684237526,0.0,71.19577200000002,6.869591894318328,8.877,0.5,88,poisson,0.3,131.16188688060285,4.0,22.796409320831295,joint_full,0
10000,0.9958,130.65376199566475,7.919968128204346,14.538253476630956,18.72215880417258,6.893817205464802,1.2825445684237526,0.0,71.19577200000002,6.839547903039631,8.887,0.5,88,poisson,0.3,131.16188688060285,4.0,22.796409320831295,cliffserve,0
10000,1.0,130.6537571882969,7.917512214909948,14.371263105580145,17.95062473855571,6.761645494390904,1.2874983906270117,0.0,71.19573400000003,6.9120988798764,8.316,0.5,88,poisson,0.3,131.16188688060285,8.0,45.5928186416626,dense,0
10000,1.0,130.6537571882969,7.917512214909948,14.371263105580145,17.95062473855571,6.761645494390904,1.2874983906270117,0.0,71.19573400000003,7.288544096819879,8.736,0.5,88,poisson,0.3,131.16188688060285,8.0,45.5928186416626,static_pomt,0
10000,1.0,130.6537571882969,7.917512214909948,14.371263105580145,17.95062473855571,6.761645494390904,1.2874983906270117,0.0,71.19573400000003,8.77726380842024,10.246299999999998,0.5,88,poisson,0.3,131.16188688060285,8.0,45.5928186416626,decoupled,0
10000,1.0,130.6537571882969,7.917512214909948,14.371263105580145,17.95062473855571,6.761645494390904,1.2874983906270117,0.0,71.19573400000003,6.855187459765674,8.867,0.5,88,poisson,0.3,131.16188688060285,8.0,45.5928186416626,joint_full,0
10000,1.0,130.6537571882969,7.917512214909948,14.371263105580145,17.95062473855571,6.761645494390904,1.2874983906270117,0.0,71.19573400000003,6.870867902665122,8.877,0.5,88,poisson,0.3,131.16188688060285,8.0,45.5928186416626,cliffserve,0
10000,1.0,130.6537571882969,7.917512214909948,14.371263105580145,17.95062473855571,6.761645494390904,1.2874983906270117,0.0,71.19573400000003,7.076770181537273,8.466,0.5,88,poisson,0.3,131.16188688060285,12.0,68.38922796249389,dense,0
10000,1.0,130.6537571882969,7.917512214909948,14.371263105580145,17.95062473855571,6.761645494390904,1.2874983906270117,0.0,71.19573400000003,7.373035663705421,8.7967,0.5,88,poisson,0.3,131.16188688060285,12.0,68.38922796249389,static_pomt,0
10000,1.0,130.6537571882969,7.917512214909948,14.371263105580145,17.95062473855571,6.761645494390904,1.2874983906270117,0.0,71.19573400000003,8.82154100682374,10.3197,0.5,88,poisson,0.3,131.16188688060285,12.0,68.38922796249389,decoupled,0
10000,1.0,130.6537571882969,7.917512214909948,14.371263105580145,17.95062473855571,6.761645494390904,1.2874983906270117,0.0,71.19573400000003,6.73294502381872,8.7567,0.5,88,poisson,0.3,131.16188688060285,12.0,68.38922796249389,joint_full,0
10000,1.0,130.6537571882969,7.917512214909948,14.371263105580145,17.95062473855571,6.761645494390904,1.2874983906270117,0.0,71.19573400000003,6.779774172782283,8.803299999999998,0.5,88,poisson,0.3,131.16188688060285,12.0,68.38922796249389,cliffserve,0
10000,0.0003,177.13285732170945,8725.639722254718,17200.717297367704,18016.024292361464,17195.055420665394,1.0,0.0,71.20000000000002,35.149024100000005,41.008,0.5,88,poisson,0.6,262.3237737612057,2.0,11.398204660415647,dense,0
10000,0.0003,177.13285732170945,8725.639722254718,17200.717297367704,18016.024292361464,17195.055420665394,1.0,0.0,71.20000000000002,36.63220450000001,43.32205,0.5,88,poisson,0.6,262.3237737612057,2.0,11.398204660415647,static_pomt,0
10000,0.0003,177.13285732170945,8725.639722254718,17200.717297367704,18016.024292361464,17195.055420665394,1.0,0.0,71.20000000000002,36.99939619999999,44.19499999999999,0.5,88,poisson,0.6,262.3237737612057,2.0,11.398204660415647,decoupled,0
10000,0.0003,177.13285732170945,8725.639722254718,17200.717297367704,18016.024292361464,17195.055420665394,1.0,0.0,71.20000000000002,37.7007489,43.653,0.5,88,poisson,0.6,262.3237737612057,2.0,11.398204660415647,joint_full,0
10000,0.0003,177.13285732170945,8725.639722254718,17200.717297367704,18016.024292361464,17195.055420665394,1.0,0.0,71.20000000000002,38.4128554,45.3665,0.5,88,poisson,0.6,262.3237737612057,2.0,11.398204660415647,cliffserve,0
10000,0.001,177.19487317950214,8705.785849717106,17180.810711626662,17996.14608041021,17175.185511437914,1.0005002501250626,0.0,71.19999200000001,35.53580710355177,41.719,0.5,88,poisson,0.6,262.3237737612057,4.0,22.796409320831295,dense,0
10000,0.001,177.19487317950214,8705.785849717106,17180.810711626662,17996.14608041021,17175.185511437914,1.0005002501250626,0.0,71.19999200000001,36.88207483741871,42.76699999999999,0.5,88,poisson,0.6,262.3237737612057,4.0,22.796409320831295,static_pomt,0
10000,0.001,177.19487317950214,8705.785849717106,17180.810711626662,17996.14608041021,17175.185511437914,1.0005002501250626,0.0,71.19999200000001,37.48454517258629,44.908,0.5,88,poisson,0.6,262.3237737612057,4.0,22.796409320831295,decoupled,0
10000,0.001,177.19487317950214,8705.785849717106,17180.810711626662,17996.14608041021,17175.185511437914,1.0005002501250626,0.0,71.19999200000001,38.62893086543272,46.07099999999999,0.5,88,poisson,0.6,262.3237737612057,4.0,22.796409320831295,joint_full,0
10000,0.001,177.19487317950214,8705.785849717106,17180.810711626662,17996.14608041021,17175.185511437914,1.0005002501250626,0.0,71.19999200000001,38.75134787393697,45.63,0.5,88,poisson,0.6,262.3237737612057,4.0,22.796409320831295,cliffserve,0
10000,0.8883,247.8408939990898,14.327527955729238,1094.5188688802332,1909.6415895134476,1088.8227586555092,1.9051247856734617,0.0,71.19249400000002,13.33289617069918,34.776,0.5,88,poisson,0.6,262.3237737612057,8.0,45.5928186416626,dense,0
10000,0.8883,247.8408939990898,14.327527955729238,1094.5188688802332,1909.6415895134476,1088.8227586555092,1.9051247856734617,0.0,71.19249400000002,13.980466184035055,36.259,0.5,88,poisson,0.6,262.3237737612057,8.0,45.5928186416626,static_pomt,0
10000,0.8883,247.8408939990898,14.327527955729238,1094.5188688802332,1909.6415895134476,1088.8227586555092,1.9051247856734617,0.0,71.19249400000002,15.146584682796725,36.499,0.5,88,poisson,0.6,262.3237737612057,8.0,45.5928186416626,decoupled,0
10000,0.8883,247.8408939990898,14.327527955729238,1094.5188688802332,1909.6415895134476,1088.8227586555092,1.9051247856734617,0.0,71.19249400000002,14.07744313202515,37.6216,0.5,88,poisson,0.6,262.3237737612057,8.0,45.5928186416626,joint_full,0
10000,0.8883,247.8408939990898,14.327527955729238,1094.5188688802332,1909.6415895134476,1088.8227586555092,1.9051247856734617,0.0,71.19249400000002,14.047613259668507,37.81739999999999,0.5,88,poisson,0.6,262.3237737612057,8.0,45.5928186416626,cliffserve,0
10000,1.0,261.25948187084776,13.467029869016187,29.0385676245849,40.10436058688826,14.664370527617027,2.169197396963124,0.0,71.19153600000004,8.034153362255966,9.999,0.5,88,poisson,0.6,262.3237737612057,12.0,68.38922796249389,dense,0
10000,1.0,261.25948187084776,13.467029869016187,29.0385676245849,40.10436058688826,14.664370527617027,2.169197396963124,0.0,71.19153600000004,8.548089370932754,10.64,0.5,88,poisson,0.6,262.3237737612057,12.0,68.38922796249389,static_pomt,0
10000,1.0,261.25948187084776,13.467029869016187,29.0385676245849,40.10436058688826,14.664370527617027,2.169197396963124,0.0,71.19153600000004,10.013167028199566,12.1185,0.5,88,poisson,0.6,262.3237737612057,12.0,68.38922796249389,decoupled,0
10000,1.0,261.25948187084776,13.467029869016187,29.0385676245849,40.10436058688826,14.664370527617027,2.169197396963124,0.0,71.19153600000004,8.327639913232105,10.871,0.5,88,poisson,0.6,262.3237737612057,12.0,68.38922796249389,joint_full,0
10000,1.0,261.25948187084776,13.467029869016187,29.0385676245849,40.10436058688826,14.664370527617027,2.169197396963124,0.0,71.19153600000004,8.33763557483731,10.89,0.5,88,poisson,0.6,262.3237737612057,12.0,68.38922796249389,cliffserve,0
10000,0.0003,177.1408042502438,13595.759275792894,26292.535847077936,27485.114697281853,26286.87819748935,1.0,0.0,71.20000000000002,35.4557514,41.62999999999998,0.5,88,poisson,0.8,349.76503168160764,2.0,11.398204660415647,dense,0
10000,0.0003,177.1408042502438,13595.759275792894,26292.535847077936,27485.114697281853,26286.87819748935,1.0,0.0,71.20000000000002,36.9087445,42.0,0.5,88,poisson,0.8,349.76503168160764,2.0,11.398204660415647,static_pomt,0
10000,0.0003,177.1408042502438,13595.759275792894,26292.535847077936,27485.114697281853,26286.87819748935,1.0,0.0,71.20000000000002,37.1594137,43.31249999999999,0.5,88,poisson,0.8,349.76503168160764,2.0,11.398204660415647,decoupled,0
10000,0.0003,177.1408042502438,13595.759275792894,26292.535847077936,27485.114697281853,26286.87819748935,1.0,0.0,71.20000000000002,38.4130138,44.926,0.5,88,poisson,0.8,349.76503168160764,2.0,11.398204660415647,joint_full,0
10000,0.0003,177.1408042502438,13595.759275792894,26292.535847077936,27485.114697281853,26286.87819748935,1.0,0.0,71.20000000000002,38.582194900000005,44.825,0.5,88,poisson,0.8,349.76503168160764,2.0,11.398204660415647,cliffserve,0
10000,0.0008,177.1890479554651,13580.39617144948,26277.01703594741,27469.72125485613,26271.370080552664,1.0004001600640255,0.0,71.19999400000002,35.396352841136455,41.6015,0.5,88,poisson,0.8,349.76503168160764,4.0,22.796409320831295,dense,0
10000,0.0008,177.1890479554651,13580.39617144948,26277.01703594741,27469.72125485613,26271.370080552664,1.0004001600640255,0.0,71.19999400000002,37.138566326530615,43.806250000000006,0.5,88,poisson,0.8,349.76503168160764,4.0,22.796409320831295,static_pomt,0
10000,0.0008,177.1890479554651,13580.39617144948,26277.01703594741,27469.72125485613,26271.370080552664,1.0004001600640255,0.0,71.19999400000002,37.38270958383353,43.623,0.5,88,poisson,0.8,349.76503168160764,4.0,22.796409320831295,decoupled,0
10000,0.0008,177.1890479554651,13580.39617144948,26277.01703594741,27469.72125485613,26271.370080552664,1.0004001600640255,0.0,71.19999400000002,38.59060944377751,45.02525,0.5,88,poisson,0.8,349.76503168160764,4.0,22.796409320831295,joint_full,0
10000,0.0008,177.1890479554651,13580.39617144948,26277.01703594741,27469.72125485613,26271.370080552664,1.0004001600640255,0.0,71.19999400000002,38.70896398559424,45.316,0.5,88,poisson,0.8,349.76503168160764,4.0,22.796409320831295,cliffserve,0
10000,0.0101,178.01790088895868,13317.712582229433,26013.96056779441,27206.468670517937,26008.396660791008,1.0079629069650238,0.0,71.19990200000002,35.65448140308437,41.96,0.5,88,poisson,0.8,349.76503168160764,8.0,45.5928186416626,dense,0
10000,0.0101,178.01790088895868,13317.712582229433,26013.96056779441,27206.468670517937,26008.396660791008,1.0079629069650238,0.0,71.19990200000002,37.07564711218628,43.563,0.5,88,poisson,0.8,349.76503168160764,8.0,45.5928186416626,static_pomt,0
10000,0.0101,178.01790088895868,13317.712582229433,26013.96056779441,27206.468670517937,26008.396660791008,1.0079629069650238,0.0,71.19990200000002,37.373672714444105,44.004,0.5,88,poisson,0.8,349.76503168160764,8.0,45.5928186416626,decoupled,0
10000,0.0101,178.01790088895868,13317.712582229433,26013.96056779441,27206.468670517937,26008.396660791008,1.0079629069650238,0.0,71.19990200000002,38.58594657796593,45.687,0.5,88,poisson,0.8,349.76503168160764,8.0,45.5928186416626,joint_full,0
10000,0.0101,178.01790088895868,13317.712582229433,26013.96056779441,27206.468670517937,26008.396660791008,1.0079629069650238,0.0,71.19990200000002,38.55092208446729,45.336,0.5,88,poisson,0.8,349.76503168160764,8.0,45.5928186416626,cliffserve,0
10000,0.4054,219.56859030431008,2683.8288312584955,15383.958172895896,16577.096398900903,15378.278868725289,1.4450867052023122,0.0,71.19602600000002,31.48530144508671,40.96754999999999,0.5,88,poisson,0.8,349.76503168160764,12.0,68.38922796249389,dense,0
10000,0.4054,219.56859030431008,2683.8288312584955,15383.958172895896,16577.096398900903,15378.278868725289,1.4450867052023122,0.0,71.19602600000002,33.32729219653179,43.07345,0.5,88,poisson,0.8,349.76503168160764,12.0,68.38922796249389,static_pomt,0
10000,0.4054,219.56859030431008,2683.8288312584955,15383.958172895896,16577.096398900903,15378.278868725289,1.4450867052023122,0.0,71.19602600000002,33.5518799132948,43.4235,0.5,88,poisson,0.8,349.76503168160764,12.0,68.38922796249389,decoupled,0
10000,0.4054,219.56859030431008,2683.8288312584955,15383.958172895896,16577.096398900903,15378.278868725289,1.4450867052023122,0.0,71.19602600000002,34.39856661849711,44.505,0.5,88,poisson,0.8,349.76503168160764,12.0,68.38922796249389,joint_full,0
10000,0.4054,219.56859030431008,2683.8288312584955,15383.958172895896,16577.096398900903,15378.278868725289,1.4450867052023122,0.0,71.19602600000002,34.2416989884393,44.87505,0.5,88,poisson,0.8,349.76503168160764,12.0,68.38922796249389,cliffserve,0
10000,0.0003,177.14456883369965,15905.301220905774,30607.83265111286,31968.561137434364,30602.17500152428,1.0,0.0,71.20000000000002,35.7511194,42.1705,0.5,88,poisson,0.95,415.345975121909,2.0,11.398204660415647,dense,0
10000,0.0003,177.14456883369965,15905.301220905774,30607.83265111286,31968.561137434364,30602.17500152428,1.0,0.0,71.20000000000002,37.3903621,44.29499999999998,0.5,88,poisson,0.95,415.345975121909,2.0,11.398204660415647,static_pomt,0
10000,0.0003,177.14456883369965,15905.301220905774,30607.83265111286,31968.561137434364,30602.17500152428,1.0,0.0,71.20000000000002,37.6297967,44.76505,0.5,88,poisson,0.95,415.345975121909,2.0,11.398204660415647,decoupled,0
10000,0.0003,177.14456883369965,15905.301220905774,30607.83265111286,31968.561137434364,30602.17500152428,1.0,0.0,71.20000000000002,38.6573372,45.1365,0.5,88,poisson,0.95,415.345975121909,2.0,11.398204660415647,joint_full,0
10000,0.0003,177.14456883369965,15905.301220905774,30607.83265111286,31968.561137434364,30602.17500152428,1.0,0.0,71.20000000000002,38.8469461,45.887999999999984,0.5,88,poisson,0.95,415.345975121909,2.0,11.398204660415647,cliffserve,0
10000,0.0008,177.1928145897654,15889.95430876016,30592.31383998234,31953.16769500864,30586.666884587597,1.0004001600640255,0.0,71.19999400000002,35.54565096038415,41.82475,0.5,88,poisson,0.95,415.345975121909,4.0,22.796409320831295,dense,0
10000,0.0008,177.1928145897654,15889.95430876016,30592.31383998234,31953.16769500864,30586.666884587597,1.0004001600640255,0.0,71.19999400000002,37.17278151260505,43.7855,0.5,88,poisson,0.95,415.345975121909,4.0,22.796409320831295,static_pomt,0
10000,0.0008,177.1928145897654,15889.95430876016,30592.31383998234,31953.16769500864,30586.666884587597,1.0004001600640255,0.0,71.19999400000002,37.28356342537015,43.32225,0.5,88,poisson,0.95,415.345975121909,4.0,22.796409320831295,decoupled,0
10000,0.0008,177.1928145897654,15889.95430876016,30592.31383998234,31953.16769500864,30586.666884587597,1.0004001600640255,0.0,71.19999400000002,38.03712525010005,44.695,0.5,88,poisson,0.95,415.345975121909,4.0,22.796409320831295,joint_full,0
10000,0.0008,177.1928145897654,15889.95430876016,30592.31383998234,31953.16769500864,30586.666884587597,1.0004001600640255,0.0,71.19999400000002,38.6996318527411,44.90525,0.5,88,poisson,0.95,415.345975121909,4.0,22.796409320831295,cliffserve,0
10000,0.0041,177.47925922649318,15798.507956755157,30500.587892006228,31861.547662636163,30494.920527432747,1.0030090270812435,0.0,71.19996200000001,35.62597502507523,41.569,0.5,88,poisson,0.95,415.345975121909,8.0,45.5928186416626,dense,0
10000,0.0041,177.47925922649318,15798.507956755157,30500.587892006228,31861.547662636163,30494.920527432747,1.0030090270812435,0.0,71.19996200000001,37.108706619859575,43.6285,0.5,88,poisson,0.95,415.345975121909,8.0,45.5928186416626,static_pomt,0
10000,0.0041,177.47925922649318,15798.507956755157,30500.587892006228,31861.547662636163,30494.920527432747,1.0030090270812435,0.0,71.19996200000001,37.45633941825477,44.485,0.5,88,poisson,0.95,415.345975121909,8.0,45.5928186416626,decoupled,0
10000,0.0041,177.47925922649318,15798.507956755157,30500.587892006228,31861.547662636163,30494.920527432747,1.0030090270812435,0.0,71.19996200000001,38.37201404212638,45.547,0.5,88,poisson,0.95,415.345975121909,8.0,45.5928186416626,joint_full,0
10000,0.0041,177.47925922649318,15798.507956755157,30500.587892006228,31861.547662636163,30494.920527432747,1.0030090270812435,0.0,71.19996200000001,38.63636389167503,45.04654999999998,0.5,88,poisson,0.95,415.345975121909,8.0,45.5928186416626,cliffserve,0
10000,0.0087,177.90151509462302,15665.07542754411,30367.11964328129,31728.013180362108,30361.44781462986,1.006947940791461,0.0,71.19991600000002,35.768453529352534,42.025000000000006,0.5,88,poisson,0.95,415.345975121909,12.0,68.38922796249389,dense,0
10000,0.0087,177.90151509462302,15665.07542754411,30367.11964328129,31728.013180362108,30361.44781462986,1.006947940791461,0.0,71.19991600000002,37.32621155976236,44.42,0.5,88,poisson,0.95,415.345975121909,12.0,68.38922796249389,static_pomt,0
10000,0.0087,177.90151509462302,15665.07542754411,30367.11964328129,31728.013180362108,30361.44781462986,1.006947940791461,0.0,71.19991600000002,37.46019625415367,44.4495,0.5,88,poisson,0.95,415.345975121909,12.0,68.38922796249389,decoupled,0
10000,0.0087,177.90151509462302,15665.07542754411,30367.11964328129,31728.013180362108,30361.44781462986,1.006947940791461,0.0,71.19991600000002,38.37797633672339,44.995,0.5,88,poisson,0.95,415.345975121909,12.0,68.38922796249389,joint_full,0
10000,0.0087,177.90151509462302,15665.07542754411,30367.11964328129,31728.013180362108,30361.44781462986,1.006947940791461,0.0,71.19991600000002,38.83723260497432,45.617,0.5,88,poisson,0.95,415.345975121909,12.0,68.38922796249389,cliffserve,0
10000,0.0003,177.1469650066271,17585.19380967982,33746.33924786684,35229.35837863751,33740.68159827826,1.0,0.0,71.20000000000002,34.43311140000001,40.80844999999999,0.5,88,poisson,1.1,480.9269185622105,2.0,11.398204660415647,dense,0
10000,0.0003,177.1469650066271,17585.19380967982,33746.33924786684,35229.35837863751,33740.68159827826,1.0,0.0,71.20000000000002,37.2045309,43.94305,0.5,88,poisson,1.1,480.9269185622105,2.0,11.398204660415647,static_pomt,0
10000,0.0003,177.1469650066271,17585.19380967982,33746.33924786684,35229.35837863751,33740.68159827826,1.0,0.0,71.20000000000002,37.3865985,43.222,0.5,88,poisson,1.1,480.9269185622105,2.0,11.398204660415647,decoupled,0
10000,0.0003,177.1469650066271,17585.19380967982,33746.33924786684,35229.35837863751,33740.68159827826,1.0,0.0,71.20000000000002,38.1826517,45.01505,0.5,88,poisson,1.1,480.9269185622105,2.0,11.398204660415647,joint_full,0
10000,0.0003,177.1469650066271,17585.19380967982,33746.33924786684,35229.35837863751,33740.68159827826,1.0,0.0,71.20000000000002,38.64720620000001,45.687,0.5,88,poisson,1.1,480.9269185622105,2.0,11.398204660415647,cliffserve,0
10000,0.0008,177.1952120680865,17569.846897534204,33730.820436736314,35213.96493621178,33725.17348134157,1.0004001600640255,0.0,71.19999400000002,35.585531812725094,41.92,0.5,88,poisson,1.1,480.9269185622105,4.0,22.796409320831295,dense,0
10000,0.0008,177.1952120680865,17569.846897534204,33730.820436736314,35213.96493621178,33725.17348134157,1.0004001600640255,0.0,71.19999400000002,37.4044724889956,44.50425,0.5,88,poisson,1.1,480.9269185622105,4.0,22.796409320831295,static_pomt,0
10000,0.0008,177.1952120680865,17569.846897534204,33730.820436736314,35213.96493621178,33725.17348134157,1.0004001600640255,0.0,71.19999400000002,37.33550360144058,43.523,0.5,88,poisson,1.1,480.9269185622105,4.0,22.796409320831295,decoupled,0
10000,0.0008,177.1952120680865,17569.846897534204,33730.820436736314,35213.96493621178,33725.17348134157,1.0004001600640255,0.0,71.19999400000002,38.622399959984,45.63125,0.5,88,poisson,1.1,480.9269185622105,4.0,22.796409320831295,joint_full,0
10000,0.0008,177.1952120680865,17569.846897534204,33730.820436736314,35213.96493621178,33725.17348134157,1.0004001600640255,0.0,71.19999400000002,38.87357683073229,46.2205,0.5,88,poisson,1.1,480.9269185622105,4.0,22.796409320831295,cliffserve,0
10000,0.0028,177.37796433694012,17511.482849053216,33672.31685130236,35155.53557504483,33666.59865758059,1.002104419280489,0.0,71.19997400000003,35.75066028660187,42.391,0.5,88,poisson,1.1,480.9269185622105,8.0,45.5928186416626,dense,0
10000,0.0028,177.37796433694012,17511.482849053216,33672.31685130236,35155.53557504483,33666.59865758059,1.002104419280489,0.0,71.19997400000003,36.78117727227177,43.2621,0.5,88,poisson,1.1,480.9269185622105,8.0,45.5928186416626,static_pomt,0
10000,0.0028,177.37796433694012,17511.482849053216,33672.31685130236,35155.53557504483,33666.59865758059,1.002104419280489,0.0,71.19997400000003,37.50546878444734,44.666,0.5,88,poisson,1.1,480.9269185622105,8.0,45.5928186416626,decoupled,0
10000,0.0028,177.37796433694012,17511.482849053216,33672.31685130236,35155.53557504483,33666.59865758059,1.002104419280489,0.0,71.19997400000003,38.6004326084778,44.6359,0.5,88,poisson,1.1,480.9269185622105,8.0,45.5928186416626,joint_full,0
10000,0.0028,177.37796433694012,17511.482849053216,33672.31685130236,35155.53557504483,33666.59865758059,1.002104419280489,0.0,71.19997400000003,38.75518458763403,45.49810000000001,0.5,88,poisson,1.1,480.9269185622105,8.0,45.5928186416626,cliffserve,0
10000,0.0056,177.63622691210406,17429.534912279916,33590.050111242504,35073.40337728806,33584.352610584465,1.0045203415369162,0.0,71.19994600000003,35.733359216474135,42.16,0.5,88,poisson,1.1,480.9269185622105,12.0,68.38922796249389,dense,0
10000,0.0056,177.63622691210406,17429.534912279916,33590.050111242504,35073.40337728806,33584.352610584465,1.0045203415369162,0.0,71.19994600000003,37.33859678553491,43.65199999999998,0.5,88,poisson,1.1,480.9269185622105,12.0,68.38922796249389,static_pomt,0
10000,0.0056,177.63622691210406,17429.534912279916,33590.050111242504,35073.40337728806,33584.352610584465,1.0045203415369162,0.0,71.19994600000003,37.51499768960322,43.81699999999999,0.5,88,poisson,1.1,480.9269185622105,12.0,68.38922796249389,decoupled,0
10000,0.0056,177.63622691210406,17429.534912279916,33590.050111242504,35073.40337728806,33584.352610584465,1.0045203415369162,0.0,71.19994600000003,38.52854304369664,45.179,0.5,88,poisson,1.1,480.9269185622105,12.0,68.38922796249389,joint_full,0
10000,0.0056,177.63622691210406,17429.534912279916,33590.050111242504,35073.40337728806,33584.352610584465,1.0045203415369162,0.0,71.19994600000003,38.71107142139629,45.43899999999999,0.5,88,poisson,1.1,480.9269185622105,12.0,68.38922796249389,cliffserve,0
10000,0.2013,128.62171603883036,44.417073892206645,208.3337424626064,272.30526312500734,202.6835312952709,1.0303967027305512,0.0,71.19941000000001,10.512838330757342,20.617199999999997,0.5,88,onoff,0.3,131.16188688060285,2.0,11.398204660415647,dense,0
10000,0.2013,128.62171603883036,44.417073892206645,208.3337424626064,272.30526312500734,202.6835312952709,1.0303967027305512,0.0,71.19941000000001,11.151504688304998,21.681,0.5,88,onoff,0.3,131.16188688060285,2.0,11.398204660415647,static_pomt,0
10000,0.2013,128.62171603883036,44.417073892206645,208.3337424626064,272.30526312500734,202.6835312952709,1.0303967027305512,0.0,71.19941000000001,12.137824729520863,22.222,0.5,88,onoff,0.3,131.16188688060285,2.0,11.398204660415647,decoupled,0
10000,0.2013,128.62171603883036,44.417073892206645,208.3337424626064,272.30526312500734,202.6835312952709,1.0303967027305512,0.0,71.19941000000001,12.22049840288511,23.155,0.5,88,onoff,0.3,131.16188688060285,2.0,11.398204660415647,joint_full,0
10000,0.2013,128.62171603883036,44.417073892206645,208.3337424626064,272.30526312500734,202.6835312952709,1.0303967027305512,0.0,71.19941000000001,12.274202782071097,23.254,0.5,88,onoff,0.3,131.16188688060285,2.0,11.398204660415647,cliffserve,0
10000,0.7722,128.62155425693345,12.046795588220448,139.62416552004936,214.77166034444951,133.96894958911062,1.38811771238201,0.0,71.19504400000002,9.064091476957246,16.512,0.5,88,onoff,0.3,131.16188688060285,4.0,22.796409320831295,dense,0
10000,0.7722,128.62155425693345,12.046795588220448,139.62416552004936,214.77166034444951,133.96894958911062,1.38811771238201,0.0,71.19504400000002,9.59536674069961,17.463,0.5,88,onoff,0.3,131.16188688060285,4.0,22.796409320831295,static_pomt,0
10000,0.7722,128.62155425693345,12.046795588220448,139.62416552004936,214.77166034444951,133.96894958911062,1.38811771238201,0.0,71.19504400000002,10.833873403664631,18.105,0.5,88,onoff,0.3,131.16188688060285,4.0,22.796409320831295,decoupled,0
10000,0.7722,128.62155425693345,12.046795588220448,139.62416552004936,214.77166034444951,133.96894958911062,1.38811771238201,0.0,71.19504400000002,9.746926985008328,18.886,0.5,88,onoff,0.3,131.16188688060285,4.0,22.796409320831295,joint_full,0
10000,0.7722,128.62155425693345,12.046795588220448,139.62416552004936,214.77166034444951,133.96894958911062,1.38811771238201,0.0,71.19504400000002,9.72615102720711,18.926,0.5,88,onoff,0.3,131.16188688060285,4.0,22.796409320831295,cliffserve,0
10000,1.0,128.62180640728093,10.615170094148198,22.255646887232423,31.325890567933925,11.443534615895988,1.6619577862722288,0.0,71.19326600000001,7.486458367957455,9.9492,0.5,88,onoff,0.3,131.16188688060285,8.0,45.5928186416626,dense,0
10000,1.0,128.62180640728093,10.615170094148198,22.255646887232423,31.325890567933925,11.443534615895988,1.6619577862722288,0.0,71.19326600000001,7.919381086920392,10.52,0.5,88,onoff,0.3,131.16188688060285,8.0,45.5928186416626,static_pomt,0
10000,1.0,128.62180640728093,10.615170094148198,22.255646887232423,31.325890567933925,11.443534615895988,1.6619577862722288,0.0,71.19326600000001,9.394408176832307,11.9722,0.5,88,onoff,0.3,131.16188688060285,8.0,45.5928186416626,decoupled,0
10000,1.0,128.62180640728093,10.615170094148198,22.255646887232423,31.325890567933925,11.443534615895988,1.6619577862722288,0.0,71.19326600000001,7.586884161542296,10.821,0.5,88,onoff,0.3,131.16188688060285,8.0,45.5928186416626,joint_full,0
10000,1.0,128.62180640728093,10.615170094148198,22.255646887232423,31.325890567933925,11.443534615895988,1.6619577862722288,0.0,71.19326600000001,7.51094432441416,10.761,0.5,88,onoff,0.3,131.16188688060285,8.0,45.5928186416626,cliffserve,0
10000,1.0,128.6216656939492,10.604536168641062,22.255646887232423,31.234034927270407,11.411264436181586,1.662510390689942,0.0,71.19326400000001,7.512775561097257,10.019,0.5,88,onoff,0.3,131.16188688060285,12.0,68.38922796249389,dense,0
10000,1.0,128.6216656939492,10.604536168641062,22.255646887232423,31.234034927270407,11.411264436181586,1.662510390689942,0.0,71.19326400000001,7.906001662510391,10.48,0.5,88,onoff,0.3,131.16188688060285,12.0,68.38922796249389,static_pomt,0
10000,1.0,128.6216656939492,10.604536168641062,22.255646887232423,31.234034927270407,11.411264436181586,1.662510390689942,0.0,71.19326400000001,9.247222111388195,11.783,0.5,88,onoff,0.3,131.16188688060285,12.0,68.38922796249389,decoupled,0
10000,1.0,128.6216656939492,10.604536168641062,22.255646887232423,31.234034927270407,11.411264436181586,1.662510390689942,0.0,71.19326400000001,7.464462842892769,10.743700000000002,0.5,88,onoff,0.3,131.16188688060285,12.0,68.38922796249389,joint_full,0
10000,1.0,128.6216656939492,10.604536168641062,22.255646887232423,31.234034927270407,11.411264436181586,1.662510390689942,0.0,71.19326400000001,7.550565752285951,10.821,0.5,88,onoff,0.3,131.16188688060285,12.0,68.38922796249389,cliffserve,0
10000,0.0029,176.90104622724397,7099.027914233779,17095.03434073155,17892.87719507844,17089.37571353142,1.0006003602161295,0.0,71.19998800000002,34.820466680008,42.29035,0.5,88,onoff,0.6,262.3237737612057,2.0,11.398204660415647,dense,0
10000,0.0029,176.90104622724397,7099.027914233779,17095.03434073155,17892.87719507844,17089.37571353142,1.0006003602161295,0.0,71.19998800000002,36.32755673404043,43.222,0.5,88,onoff,0.6,262.3237737612057,2.0,11.398204660415647,static_pomt,0
10000,0.0029,176.90104622724397,7099.027914233779,17095.03434073155,17892.87719507844,17089.37571353142,1.0006003602161295,0.0,71.19998800000002,36.54882209325595,43.796850000000006,0.5,88,onoff,0.6,262.3237737612057,2.0,11.398204660415647,decoupled,0
10000,0.0029,176.90104622724397,7099.027914233779,17095.03434073155,17892.87719507844,17089.37571353142,1.0006003602161295,0.0,71.19998800000002,37.73114168501101,44.969150000000006,0.5,88,onoff,0.6,262.3237737612057,2.0,11.398204660415647,joint_full,0
10000,0.0029,176.90104622724397,7099.027914233779,17095.03434073155,17892.87719507844,17089.37571353142,1.0006003602161295,0.0,71.19998800000002,37.72062647588553,45.40015,0.5,88,onoff,0.6,262.3237737612057,2.0,11.398204660415647,cliffserve,0
10000,0.012,176.96227022388393,7079.198570199584,17074.79727002804,17872.99997018495,17069.239505187914,1.0053282396702523,0.0,71.199914,34.79240585101035,42.23829999999996,0.5,88,onoff,0.6,262.3237737612057,4.0,22.796409320831295,dense,0
10000,0.012,176.96227022388393,7079.198570199584,17074.79727002804,17872.99997018495,17069.239505187914,1.0053282396702523,0.0,71.199914,36.40927737006132,43.503,0.5,88,onoff,0.6,262.3237737612057,4.0,22.796409320831295,static_pomt,0
10000,0.012,176.96227022388393,7079.198570199584,17074.79727002804,17872.99997018495,17069.239505187914,1.0053282396702523,0.0,71.199914,36.33524097717905,43.46999999999999,0.5,88,onoff,0.6,262.3237737612057,4.0,22.796409320831295,decoupled,0
10000,0.012,176.96227022388393,7079.198570199584,17074.79727002804,17872.99997018495,17069.239505187914,1.0053282396702523,0.0,71.199914,38.01457846586911,46.13499999999999,0.5,88,onoff,0.6,262.3237737612057,4.0,22.796409320831295,joint_full,0
10000,0.012,176.96227022388393,7079.198570199584,17074.79727002804,17872.99997018495,17069.239505187914,1.0053282396702523,0.0,71.199914,37.67783492510305,45.0357,0.5,88,onoff,0.6,262.3237737612057,4.0,22.796409320831295,cliffserve,0
10000,0.038,177.60891858197402,6874.089161783879,16871.12992358495,17667.865801781052,16865.488405135166,1.023331968890708,0.0,71.19968800000001,35.13593532541957,42.47494999999999,0.5,88,onoff,0.6,262.3237737612057,8.0,45.5928186416626,dense,0
10000,0.038,177.60891858197402,6874.089161783879,16871.12992358495,17667.865801781052,16865.488405135166,1.023331968890708,0.0,71.19968800000001,36.55412085550552,43.80345,0.5,88,onoff,0.6,262.3237737612057,8.0,45.5928186416626,static_pomt,0
10000,0.038,177.60891858197402,6874.089161783879,16871.12992358495,17667.865801781052,16865.488405135166,1.023331968890708,0.0,71.19968800000001,36.677822247237,43.834,0.5,88,onoff,0.6,262.3237737612057,8.0,45.5928186416626,decoupled,0
10000,0.038,177.60891858197402,6874.089161783879,16871.12992358495,17667.865801781052,16865.488405135166,1.023331968890708,0.0,71.19968800000001,37.98291618911175,45.92654999999998,0.5,88,onoff,0.6,262.3237737612057,8.0,45.5928186416626,joint_full,0
10000,0.038,177.60891858197402,6874.089161783879,16871.12992358495,17667.865801781052,16865.488405135166,1.023331968890708,0.0,71.19968800000001,38.15274058534589,46.04194999999999,0.5,88,onoff,0.6,262.3237737612057,8.0,45.5928186416626,cliffserve,0
10000,0.0419,177.97402219601926,6758.358503967946,16755.596001008045,17552.467472089167,16749.895469596875,1.0271158586688578,0.0,71.19965000000002,34.81516269515201,41.499,0.5,88,onoff,0.6,262.3237737612057,12.0,68.38922796249389,dense,0
10000,0.0419,177.97402219601926,6758.358503967946,16755.596001008045,17552.467472089167,16749.895469596875,1.0271158586688578,0.0,71.19965000000002,36.38589215283484,43.37225,0.5,88,onoff,0.6,262.3237737612057,12.0,68.38922796249389,static_pomt,0
10000,0.0419,177.97402219601926,6758.358503967946,16755.596001008045,17552.467472089167,16749.895469596875,1.0271158586688578,0.0,71.19965000000002,36.51066731717338,43.6155,0.5,88,onoff,0.6,262.3237737612057,12.0,68.38922796249389,decoupled,0
10000,0.0419,177.97402219601926,6758.358503967946,16755.596001008045,17552.467472089167,16749.895469596875,1.0271158586688578,0.0,71.19965000000002,37.86082785538208,45.752,0.5,88,onoff,0.6,262.3237737612057,12.0,68.38922796249389,joint_full,0
10000,0.0419,177.97402219601926,6758.358503967946,16755.596001008045,17552.467472089167,16749.895469596875,1.0271158586688578,0.0,71.19965000000002,37.92684079704191,45.5945,0.5,88,onoff,0.6,262.3237737612057,12.0,68.38922796249389,cliffserve,0
10000,0.0002,177.16034308096317,14923.43870993198,28165.274599625573,29291.12349282772,28159.60901067446,1.000100010001,0.0,71.19999800000002,35.65841324132413,42.23290000000001,0.5,88,onoff,0.8,349.76503168160764,2.0,11.398204660415647,dense,0
10000,0.0002,177.16034308096317,14923.43870993198,28165.274599625573,29291.12349282772,28159.60901067446,1.000100010001,0.0,71.19999800000002,37.06398569856986,43.9241,0.5,88,onoff,0.8,349.76503168160764,2.0,11.398204660415647,static_pomt,0
10000,0.0002,177.16034308096317,14923.43870993198,28165.274599625573,29291.12349282772,28159.60901067446,1.000100010001,0.0,71.19999800000002,37.27659165916592,43.8749,0.5,88,onoff,0.8,349.76503168160764,2.0,11.398204660415647,decoupled,0
10000,0.0002,177.16034308096317,14923.43870993198,28165.274599625573,29291.12349282772,28159.60901067446,1.000100010001,0.0,71.19999800000002,38.53785818581858,45.5161,0.5,88,onoff,0.8,349.76503168160764,2.0,11.398204660415647,joint_full,0
10000,0.0002,177.16034308096317,14923.43870993198,28165.274599625573,29291.12349282772,28159.60901067446,1.000100010001,0.0,71.19999800000002,38.63166886688669,45.8671,0.5,88,onoff,0.8,349.76503168160764,2.0,11.398204660415647,cliffserve,0
10000,0.0007,177.1950861747898,14912.421126084932,28154.293932106004,29280.119840231244,28148.670300199494,1.0004001600640255,0.0,71.19999400000002,35.774104341736695,42.85125,0.5,88,onoff,0.8,349.76503168160764,4.0,22.796409320831295,dense,0
10000,0.0007,177.1950861747898,14912.421126084932,28154.293932106004,29280.119840231244,28148.670300199494,1.0004001600640255,0.0,71.19999400000002,37.24923109243698,43.453,0.5,88,onoff,0.8,349.76503168160764,4.0,22.796409320831295,static_pomt,0
10000,0.0007,177.1950861747898,14912.421126084932,28154.293932106004,29280.119840231244,28148.670300199494,1.0004001600640255,0.0,71.19999400000002,37.08461774709884,43.55225,0.5,88,onoff,0.8,349.76503168160764,4.0,22.796409320831295,decoupled,0
10000,0.0007,177.1950861747898,14912.421126084932,28154.293932106004,29280.119840231244,28148.670300199494,1.0004001600640255,0.0,71.19999400000002,38.59100710284114,45.3385,0.5,88,onoff,0.8,349.76503168160764,4.0,22.796409320831295,joint_full,0
10000,0.0007,177.1950861747898,14912.421126084932,28154.293932106004,29280.119840231244,28148.670300199494,1.0004001600640255,0.0,71.19999400000002,38.373713385354144,44.44975,0.5,88,onoff,0.8,349.76503168160764,4.0,22.796409320831295,cliffserve,0
10000,0.0052,177.5395323830348,14802.637810558404,28044.387492599908,29170.030039013647,28038.685345378344,1.003814495081309,0.0,71.19995000000003,35.24816864083518,41.008,0.5,88,onoff,0.8,349.76503168160764,8.0,45.5928186416626,dense,0
10000,0.0052,177.5395323830348,14802.637810558404,28044.387492599908,29170.030039013647,28038.685345378344,1.003814495081309,0.0,71.19995000000003,37.17088446095162,44.22349999999999,0.5,88,onoff,0.8,349.76503168160764,8.0,45.5928186416626,static_pomt,0
10000,0.0052,177.5395323830348,14802.637810558404,28044.387492599908,29170.030039013647,28038.685345378344,1.003814495081309,0.0,71.19995000000003,37.26848464163823,44.23154999999996,0.5,88,onoff,0.8,349.76503168160764,8.0,45.5928186416626,decoupled,0
10000,0.0052,177.5395323830348,14802.637810558404,28044.387492599908,29170.030039013647,28038.685345378344,1.003814495081309,0.0,71.19995000000003,38.51592601887171,45.65549999999996,0.5,88,onoff,0.8,349.76503168160764,8.0,45.5928186416626,joint_full,0
10000,0.0052,177.5395323830348,14802.637810558404,28044.387492599908,29170.030039013647,28038.685345378344,1.003814495081309,0.0,71.19995000000003,38.52296366191528,45.17454999999999,0.5,88,onoff,0.8,349.76503168160764,8.0,45.5928186416626,cliffserve,0
10000,0.0074,177.7396270140728,14739.410851329889,27981.17519783969,29106.864946550155,27975.510700130413,1.0059350165979275,0.0,71.19992800000003,35.10741072326727,40.417,0.5,88,onoff,0.8,349.76503168160764,12.0,68.38922796249389,dense,0
10000,0.0074,177.7396270140728,14739.410851329889,27981.17519783969,29106.864946550155,27975.510700130413,1.0059350165979275,0.0,71.19992800000003,35.812661402273406,42.02,0.5,88,onoff,0.8,349.76503168160764,12.0,68.38922796249389,static_pomt,0
10000,0.0074,177.7396270140728,14739.410851329889,27981.17519783969,29106.864946550155,27975.510700130413,1.0059350165979275,0.0,71.19992800000003,36.98412393119404,43.593,0.5,88,onoff,0.8,349.76503168160764,12.0,68.38922796249389,decoupled,0
10000,0.0074,177.7396270140728,14739.410851329889,27981.17519783969,29106.864946550155,27975.510700130413,1.0059350165979275,0.0,71.19992800000003,38.31962709988935,45.026,0.5,88,onoff,0.8,349.76503168160764,12.0,68.38922796249389,joint_full,0
10000,0.0074,177.7396270140728,14739.410851329889,27981.17519783969,29106.864946550155,27975.510700130413,1.0059350165979275,0.0,71.19992800000003,38.1392908158133,44.655,0.5,88,onoff,0.8,349.76503168160764,12.0,68.38922796249389,cliffserve,0
10000,0.0002,177.16034308096314,15802.840459096124,31980.770641051007,33303.96393821642,31975.08294807501,1.000100010001,0.0,71.19999800000002,35.63193159315931,42.481,0.5,88,onoff,0.95,415.345975121909,2.0,11.398204660415647,dense,0
10000,0.0002,177.16034308096314,15802.840459096124,31980.770641051007,33303.96393821642,31975.08294807501,1.000100010001,0.0,71.19999800000002,37.2393202320232,43.955000000000005,0.5,88,onoff,0.95,415.345975121909,2.0,11.398204660415647,static_pomt,0
10000,0.0002,177.16034308096314,15802.840459096124,31980.770641051007,33303.96393821642,31975.08294807501,1.000100010001,0.0,71.19999800000002,37.16720622062206,43.1739,0.5,88,onoff,0.95,415.345975121909,2.0,11.398204660415647,decoupled,0
10000,0.0002,177.16034308096314,15802.840459096124,31980.770641051007,33303.96393821642,31975.08294807501,1.000100010001,0.0,71.19999800000002,38.5222201220122,44.8669,0.5,88,onoff,0.95,415.345975121909,2.0,11.398204660415647,joint_full,0
10000,0.0002,177.16034308096314,15802.840459096124,31980.770641051007,33303.96393821642,31975.08294807501,1.000100010001,0.0,71.19999800000002,38.75261916191619,45.367,0.5,88,onoff,0.95,415.345975121909,2.0,11.398204660415647,cliffserve,0
10000,0.0007,177.1950861747898,15791.804394709758,31969.68723095484,33292.96028561994,31964.04843410082,1.0004001600640255,0.0,71.19999400000002,35.028734993997595,41.3605,0.5,88,onoff,0.95,415.345975121909,4.0,22.796409320831295,dense,0
10000,0.0007,177.1950861747898,15791.804394709758,31969.68723095484,33292.96028561994,31964.04843410082,1.0004001600640255,0.0,71.19999400000002,37.299455282112845,44.605,0.5,88,onoff,0.95,415.345975121909,4.0,22.796409320831295,static_pomt,0
10000,0.0007,177.1950861747898,15791.804394709758,31969.68723095484,33292.96028561994,31964.04843410082,1.0004001600640255,0.0,71.19999400000002,37.2452575030012,43.93325,0.5,88,onoff,0.95,415.345975121909,4.0,22.796409320831295,decoupled,0
10000,0.0007,177.1950861747898,15791.804394709758,31969.68723095484,33292.96028561994,31964.04843410082,1.0004001600640255,0.0,71.19999400000002,38.47388495398159,44.6075,0.5,88,onoff,0.95,415.345975121909,4.0,22.796409320831295,joint_full,0
10000,0.0007,177.1950861747898,15791.804394709758,31969.68723095484,33292.96028561994,31964.04843410082,1.0004001600640255,0.0,71.19999400000002,38.60431232492997,45.887,0.5,88,onoff,0.95,415.345975121909,4.0,22.796409320831295,cliffserve,0
10000,0.0035,177.44491867485996,15711.944587695292,31889.67926639147,33212.95802982733,31884.01719919272,1.002707309736288,0.0,71.19996600000002,35.534323573648855,41.873,0.5,88,onoff,0.95,415.345975121909,8.0,45.5928186416626,dense,0
10000,0.0035,177.44491867485996,15711.944587695292,31889.67926639147,33212.95802982733,31884.01719919272,1.002707309736288,0.0,71.19996600000002,36.397001905143895,43.052,0.5,88,onoff,0.95,415.345975121909,8.0,45.5928186416626,static_pomt,0
10000,0.0035,177.44491867485996,15711.944587695292,31889.67926639147,33212.95802982733,31884.01719919272,1.002707309736288,0.0,71.19996600000002,37.45519643036198,44.45259999999999,0.5,88,onoff,0.95,415.345975121909,8.0,45.5928186416626,decoupled,0
10000,0.0035,177.44491867485996,15711.944587695292,31889.67926639147,33212.95802982733,31884.01719919272,1.002707309736288,0.0,71.19996600000002,38.61107941441894,45.13,0.5,88,onoff,0.95,415.345975121909,8.0,45.5928186416626,joint_full,0
10000,0.0035,177.44491867485996,15711.944587695292,31889.67926639147,33212.95802982733,31884.01719919272,1.002707309736288,0.0,71.19996600000002,38.666785621177176,44.8554,0.5,88,onoff,0.95,415.345975121909,8.0,45.5928186416626,cliffserve,0
10000,0.012,178.1899226073103,15476.901339867356,31654.179147793075,32977.213585057056,31648.61698958995,1.00999899000101,0.0,71.19988200000003,35.77067639632361,41.96,0.5,88,onoff,0.95,415.345975121909,12.0,68.38922796249389,dense,0
10000,0.012,178.1899226073103,15476.901339867356,31654.179147793075,32977.213585057056,31648.61698958995,1.00999899000101,0.0,71.19988200000003,37.27550156549843,43.993,0.5,88,onoff,0.95,415.345975121909,12.0,68.38922796249389,static_pomt,0
10000,0.012,178.1899226073103,15476.901339867356,31654.179147793075,32977.213585057056,31648.61698958995,1.00999899000101,0.0,71.19988200000003,37.14372406827593,43.502,0.5,88,onoff,0.95,415.345975121909,12.0,68.38922796249389,decoupled,0
10000,0.012,178.1899226073103,15476.901339867356,31654.179147793075,32977.213585057056,31648.61698958995,1.00999899000101,0.0,71.19988200000003,38.45234178365821,44.855,0.5,88,onoff,0.95,415.345975121909,12.0,68.38922796249389,joint_full,0
10000,0.012,178.1899226073103,15476.901339867356,31654.179147793075,32977.213585057056,31648.61698958995,1.00999899000101,0.0,71.19988200000003,38.76986506413493,46.438,0.5,88,onoff,0.95,415.345975121909,12.0,68.38922796249389,cliffserve,0
10000,0.0002,177.16034308096314,17608.90102517529,32316.473539270683,33901.47245425738,32310.77535864286,1.000100010001,0.0,71.19999800000002,35.66472117211721,42.14200000000001,0.5,88,onoff,1.1,480.9269185622105,2.0,11.398204660415647,dense,0
10000,0.0002,177.16034308096314,17608.90102517529,32316.473539270683,33901.47245425738,32310.77535864286,1.000100010001,0.0,71.19999800000002,36.8426198619862,43.0129,0.5,88,onoff,1.1,480.9269185622105,2.0,11.398204660415647,static_pomt,0
10000,0.0002,177.16034308096314,17608.90102517529,32316.473539270683,33901.47245425738,32310.77535864286,1.000100010001,0.0,71.19999800000002,37.297248024802485,43.673,0.5,88,onoff,1.1,480.9269185622105,2.0,11.398204660415647,decoupled,0
10000,0.0002,177.16034308096314,17608.90102517529,32316.473539270683,33901.47245425738,32310.77535864286,1.000100010001,0.0,71.19999800000002,38.28014611461146,44.956,0.5,88,onoff,1.1,480.9269185622105,2.0,11.398204660415647,joint_full,0
10000,0.0002,177.16034308096314,17608.90102517529,32316.473539270683,33901.47245425738,32310.77535864286,1.000100010001,0.0,71.19999800000002,38.55336803680368,45.576,0.5,88,onoff,1.1,480.9269185622105,2.0,11.398204660415647,cliffserve,0
10000,0.0006,177.1950861747898,17597.908721327025,32305.3609219449,33890.46880166091,32299.713966550156,1.0004001600640255,0.0,71.19999400000002,35.02241916766707,41.56825,0.5,88,onoff,1.1,480.9269185622105,4.0,22.796409320831295,dense,0
10000,0.0006,177.1950861747898,17597.908721327025,32305.3609219449,33890.46880166091,32299.713966550156,1.0004001600640255,0.0,71.19999400000002,37.00594147659064,43.6655,0.5,88,onoff,1.1,480.9269185622105,4.0,22.796409320831295,static_pomt,0
10000,0.0006,177.1950861747898,17597.908721327025,32305.3609219449,33890.46880166091,32299.713966550156,1.0004001600640255,0.0,71.19999400000002,37.10712014805923,43.41525,0.5,88,onoff,1.1,480.9269185622105,4.0,22.796409320831295,decoupled,0
10000,0.0006,177.1950861747898,17597.908721327025,32305.3609219449,33890.46880166091,32299.713966550156,1.0004001600640255,0.0,71.19999400000002,38.566165566226495,45.467,0.5,88,onoff,1.1,480.9269185622105,4.0,22.796409320831295,joint_full,0
10000,0.0006,177.1950861747898,17597.908721327025,32305.3609219449,33890.46880166091,32299.713966550156,1.0004001600640255,0.0,71.19999400000002,38.601571328531406,45.49925,0.5,88,onoff,1.1,480.9269185622105,4.0,22.796409320831295,cliffserve,0
10000,0.01,177.64232040912745,17455.620747568475,32162.70799466843,33748.046520722906,32157.136330811925,1.006137438374082,0.0,71.199914,35.36685441191266,41.6209,0.5,88,onoff,1.1,480.9269185622105,8.0,45.5928186416626,dense,0
10000,0.01,177.64232040912745,17455.620747568475,32162.70799466843,33748.046520722906,32157.136330811925,1.006137438374082,0.0,71.199914,36.96462330214307,42.4911,0.5,88,onoff,1.1,480.9269185622105,8.0,45.5928186416626,static_pomt,0
10000,0.01,177.64232040912745,17455.620747568475,32162.70799466843,33748.046520722906,32157.136330811925,1.006137438374082,0.0,71.199914,37.072935204748966,42.55200000000001,0.5,88,onoff,1.1,480.9269185622105,8.0,45.5928186416626,decoupled,0
10000,0.01,177.64232040912745,17455.620747568475,32162.70799466843,33748.046520722906,32157.136330811925,1.006137438374082,0.0,71.199914,38.47728302646141,44.434,0.5,88,onoff,1.1,480.9269185622105,8.0,45.5928186416626,joint_full,0
10000,0.01,177.64232040912745,17455.620747568475,32162.70799466843,33748.046520722906,32157.136330811925,1.006137438374082,0.0,71.199914,38.22064443102928,43.743,0.5,88,onoff,1.1,480.9269185622105,8.0,45.5928186416626,cliffserve,0
10000,0.0154,177.79480942615913,17407.56658601986,32114.848910753677,33699.46114226679,32109.164230864,1.0101010101010102,0.0,71.19987200000003,34.89189070707071,40.998,0.5,88,onoff,1.1,480.9269185622105,12.0,68.38922796249389,dense,0
10000,0.0154,177.79480942615913,17407.56658601986,32114.848910753677,33699.46114226679,32109.164230864,1.0101010101010102,0.0,71.19987200000003,37.14515909090909,43.73494999999999,0.5,88,onoff,1.1,480.9269185622105,12.0,68.38922796249389,static_pomt,0
10000,0.0154,177.79480942615913,17407.56658601986,32114.848910753677,33699.46114226679,32109.164230864,1.0101010101010102,0.0,71.19987200000003,37.269996767676766,44.0645,0.5,88,onoff,1.1,480.9269185622105,12.0,68.38922796249389,decoupled,0
10000,0.0154,177.79480942615913,17407.56658601986,32114.848910753677,33699.46114226679,32109.164230864,1.0101010101010102,0.0,71.19987200000003,38.79886232323233,45.87799999999999,0.5,88,onoff,1.1,480.9269185622105,12.0,68.38922796249389,joint_full,0
10000,0.0154,177.79480942615913,17407.56658601986,32114.848910753677,33699.46114226679,32109.164230864,1.0101010101010102,0.0,71.19987200000003,38.49306101010101,44.7255,0.5,88,onoff,1.1,480.9269185622105,12.0,68.38922796249389,cliffserve,0
10000,0.6952,128.89998623271555,8.987424196327083,27.45506356156438,39.92354313086561,21.7903690922634,1.1063170704723977,0.0,71.19807800000002,7.008053877641332,8.496,1.0,84,poisson,0.3,131.16188688060285,2.0,11.398204660415647,dense,0
10000,0.6952,128.89998623271555,8.987424196327083,27.45506356156438,39.92354313086561,21.7903690922634,1.1063170704723977,0.0,71.19807800000002,7.435004867795109,9.1371,1.0,84,poisson,0.3,131.16188688060285,2.0,11.398204660415647,static_pomt,0
10000,0.6952,128.89998623271555,8.987424196327083,27.45506356156438,39.92354313086561,21.7903690922634,1.1063170704723977,0.0,71.19807800000002,9.028141387321606,10.6,1.0,84,poisson,0.3,131.16188688060285,2.0,11.398204660415647,decoupled,0
10000,0.6952,128.89998623271555,8.987424196327083,27.45506356156438,39.92354313086561,21.7903690922634,1.1063170704723977,0.0,71.19807800000002,7.933347936718664,10.911,1.0,84,poisson,0.3,131.16188688060285,2.0,11.398204660415647,joint_full,0
10000,0.6952,128.89998623271555,8.987424196327083,27.45506356156438,39.92354313086561,21.7903690922634,1.1063170704723977,0.0,71.19807800000002,7.486407124681933,10.58,1.0,84,poisson,0.3,131.16188688060285,2.0,11.398204660415647,cliffserve,0
10000,1.0,128.8999373699791,7.892360815649226,14.064693109711508,17.421430309102,6.664379662653889,1.279263144428809,0.0,71.19579200000003,6.981638736088014,8.356,1.0,84,poisson,0.3,131.16188688060285,4.0,22.796409320831295,dense,0
10000,1.0,128.8999373699791,7.892360815649226,14.064693109711508,17.421430309102,6.664379662653889,1.279263144428809,0.0,71.19579200000003,7.36204950748369,8.778799999999997,1.0,84,poisson,0.3,131.16188688060285,4.0,22.796409320831295,static_pomt,0
10000,1.0,128.8999373699791,7.892360815649226,14.064693109711508,17.421430309102,6.664379662653889,1.279263144428809,0.0,71.19579200000003,9.08949494691058,10.582,1.0,84,poisson,0.3,131.16188688060285,4.0,22.796409320831295,decoupled,0
10000,1.0,128.8999373699791,7.892360815649226,14.064693109711508,17.421430309102,6.664379662653889,1.279263144428809,0.0,71.19579200000003,7.604995522578995,9.728,1.0,84,poisson,0.3,131.16188688060285,4.0,22.796409320831295,joint_full,0
10000,1.0,128.8999373699791,7.892360815649226,14.064693109711508,17.421430309102,6.664379662653889,1.279263144428809,0.0,71.19579200000003,6.816342330817449,8.827,1.0,84,poisson,0.3,131.16188688060285,4.0,22.796409320831295,cliffserve,0
10000,1.0,128.8999373699791,7.892704010009766,14.064693109711508,17.430303798589087,6.662420212409368,1.279263144428809,0.0,71.19579400000003,7.022821542791352,8.396,1.0,84,poisson,0.3,131.16188688060285,8.0,45.5928186416626,dense,0
10000,1.0,128.8999373699791,7.892704010009766,14.064693109711508,17.430303798589087,6.662420212409368,1.279263144428809,0.0,71.19579400000003,7.371385953690675,8.767,1.0,84,poisson,0.3,131.16188688060285,8.0,45.5928186416626,static_pomt,0
10000,1.0,128.8999373699791,7.892704010009766,14.064693109711508,17.430303798589087,6.662420212409368,1.279263144428809,0.0,71.19579400000003,9.03232045541768,10.51,1.0,84,poisson,0.3,131.16188688060285,8.0,45.5928186416626,decoupled,0
10000,1.0,128.8999373699791,7.892704010009766,14.064693109711508,17.430303798589087,6.662420212409368,1.279263144428809,0.0,71.19579400000003,7.544423052321863,9.6782,1.0,84,poisson,0.3,131.16188688060285,8.0,45.5928186416626,joint_full,0
10000,1.0,128.8999373699791,7.892704010009766,14.064693109711508,17.430303798589087,6.662420212409368,1.279263144428809,0.0,71.19579400000003,6.799664321350901,8.817,1.0,84,poisson,0.3,131.16188688060285,8.0,45.5928186416626,cliffserve,0
10000,1.0,128.8999373699791,7.892704010009766,14.064693109711508,17.430303798589087,6.662420212409368,1.279263144428809,0.0,71.19579400000003,6.975975438147627,8.335,1.0,84,poisson,0.3,131.16188688060285,12.0,68.38922796249389,dense,0
10000,1.0,128.8999373699791,7.892704010009766,14.064693109711508,17.430303798589087,6.662420212409368,1.279263144428809,0.0,71.19579400000003,7.350346808238454,8.766,1.0,84,poisson,0.3,131.16188688060285,12.0,68.38922796249389,static_pomt,0
10000,1.0,128.8999373699791,7.892704010009766,14.064693109711508,17.430303798589087,6.662420212409368,1.279263144428809,0.0,71.19579400000003,9.07500805935781,10.53,1.0,84,poisson,0.3,131.16188688060285,12.0,68.38922796249389,decoupled,0
10000,1.0,128.8999373699791,7.892704010009766,14.064693109711508,17.430303798589087,6.662420212409368,1.279263144428809,0.0,71.19579400000003,7.522579762057055,9.629,1.0,84,poisson,0.3,131.16188688060285,12.0,68.38922796249389,joint_full,0
10000,1.0,128.8999373699791,7.892704010009766,14.064693109711508,17.430303798589087,6.662420212409368,1.279263144428809,0.0,71.19579400000003,6.7974646283740565,8.817,1.0,84,poisson,0.3,131.16188688060285,12.0,68.38922796249389,cliffserve,0
10000,0.0008,177.14259361515994,8784.767449027117,16868.712592600885,17536.98598351552,16863.071867870396,1.0002000400080016,0.0,71.19999600000001,35.73532156431286,42.9425,1.0,84,poisson,0.6,262.3237737612057,2.0,11.398204660415647,dense,0
10000,0.0008,177.14259361515994,8784.767449027117,16868.712592600885,17536.98598351552,16863.071867870396,1.0002000400080016,0.0,71.19999600000001,37.03471924384877,43.78315,1.0,84,poisson,0.6,262.3237737612057,2.0,11.398204660415647,static_pomt,0
10000,0.0008,177.14259361515994,8784.767449027117,16868.712592600885,17536.98598351552,16863.071867870396,1.0002000400080016,0.0,71.19999600000001,37.25697519503901,44.284,1.0,84,poisson,0.6,262.3237737612057,2.0,11.398204660415647,decoupled,0
10000,0.0008,177.14259361515994,8784.767449027117,16868.712592600885,17536.98598351552,16863.071867870396,1.0002000400080016,0.0,71.19999600000001,39.63894058811763,46.70184999999999,1.0,84,poisson,0.6,262.3237737612057,2.0,11.398204660415647,joint_full,0
10000,0.0008,177.14259361515994,8784.767449027117,16868.712592600885,17536.98598351552,16863.071867870396,1.0002000400080016,0.0,71.19999600000001,39.15009751950391,46.49034999999999,1.0,84,poisson,0.6,262.3237737612057,2.0,11.398204660415647,cliffserve,0
10000,0.0283,178.6560461373385,8306.408664711093,16390.580828620063,17058.517827451527,16384.924687982664,1.0134792743488397,0.0,71.19977000000002,34.7516058579102,41.31599999999999,1.0,84,poisson,0.6,262.3237737612057,4.0,22.796409320831295,dense,0
10000,0.0283,178.6560461373385,8306.408664711093,16390.580828620063,17058.517827451527,16384.924687982664,1.0134792743488397,0.0,71.19977000000002,36.4252881321577,43.8337,1.0,84,poisson,0.6,262.3237737612057,4.0,22.796409320831295,static_pomt,0
10000,0.0283,178.6560461373385,8306.408664711093,16390.580828620063,17058.517827451527,16384.924687982664,1.0134792743488397,0.0,71.19977000000002,36.54733809668593,43.303,1.0,84,poisson,0.6,262.3237737612057,4.0,22.796409320831295,decoupled,0
10000,0.0283,178.6560461373385,8306.408664711093,16390.580828620063,17058.517827451527,16384.924687982664,1.0134792743488397,0.0,71.19977000000002,38.91230799635147,46.4987,1.0,84,poisson,0.6,262.3237737612057,4.0,22.796409320831295,joint_full,0
10000,0.0283,178.6560461373385,8306.408664711093,16390.580828620063,17058.517827451527,16384.924687982664,1.0134792743488397,0.0,71.19977000000002,38.70638978412891,45.777,1.0,84,poisson,0.6,262.3237737612057,4.0,22.796409320831295,cliffserve,0
10000,1.0,257.7591578383389,13.17948861034347,26.748066753711093,34.52992356995268,13.750278690365116,2.1172983273343213,0.0,71.19160400000003,8.083545204319288,10.07,1.0,84,poisson,0.6,262.3237737612057,8.0,45.5928186416626,dense,0
10000,1.0,257.7591578383389,13.17948861034347,26.748066753711093,34.52992356995268,13.750278690365116,2.1172983273343213,0.0,71.19160400000003,8.477134024984121,10.55,1.0,84,poisson,0.6,262.3237737612057,8.0,45.5928186416626,static_pomt,0
10000,1.0,257.7587319867795,13.191970101970355,26.462190816151463,33.824667161430376,13.688771613187049,2.113718030014796,1.728,71.15958200000001,10.259802155992393,12.6945,1.0,84,poisson,0.6,262.3237737612057,8.0,45.5928186416626,decoupled,0
10000,1.0,257.7587319867795,13.200975166076432,26.41447331377976,33.62594000625421,13.597431097615706,2.113718030014796,1.7664,71.15886800000001,9.263319171422534,12.113,1.0,84,poisson,0.6,262.3237737612057,8.0,45.5928186416626,joint_full,0
10000,1.0,257.7587319867795,13.200975166076432,26.41447331377976,33.62594000625421,13.597431097615706,2.113718030014796,1.7664,71.15886800000001,8.332118790953286,10.891,1.0,84,poisson,0.6,262.3237737612057,8.0,45.5928186416626,cliffserve,0
10000,1.0,257.7590204919569,13.181334021537625,26.703123762866188,34.332535057528084,13.700715220169648,2.1190930281839373,0.0,71.19160600000002,7.995056155965247,9.959899999999994,1.0,84,poisson,0.6,262.3237737612057,12.0,68.38922796249389,dense,0
10000,1.0,257.7590204919569,13.181334021537625,26.703123762866188,34.332535057528084,13.700715220169648,2.1190930281839373,0.0,71.19160600000002,8.449207883026064,10.53,1.0,84,poisson,0.6,262.3237737612057,12.0,68.38922796249389,static_pomt,0
10000,1.0,257.7587319867795,13.199833974420471,26.408158066876723,33.60283224818192,13.578825487631851,2.113718030014796,1.8048,71.15815800000001,10.221926865356162,12.644,1.0,84,poisson,0.6,262.3237737612057,12.0,68.38922796249389,decoupled,0
10000,1.0,257.7587319867795,13.199833974420471,26.408158066876723,33.60283224818192,13.578825487631851,2.113718030014796,1.8048,71.15815800000001,9.19954280279011,12.053,1.0,84,poisson,0.6,262.3237737612057,12.0,68.38922796249389,joint_full,0
10000,1.0,257.7587319867795,13.199833974420471,26.408158066876723,33.60283224818192,13.578825487631851,2.113718030014796,1.8048,71.15815800000001,8.276534770661593,10.851,1.0,84,poisson,0.6,262.3237737612057,12.0,68.38922796249389,cliffserve,0
10000,0.0008,177.16815764313327,13637.675910046584,26044.80044352069,27116.459937703585,26039.130469265125,1.0002000400080016,0.0,71.19999600000001,35.63165333066613,42.2015,1.0,84,poisson,0.8,349.76503168160764,2.0,11.398204660415647,dense,0
10000,0.0008,177.16815764313327,13637.675910046584,26044.80044352069,27116.459937703585,26039.130469265125,1.0002000400080016,0.0,71.19999600000001,37.24574054810962,43.9145,1.0,84,poisson,0.8,349.76503168160764,2.0,11.398204660415647,static_pomt,0
10000,0.0008,177.16815764313327,13637.675910046584,26044.80044352069,27116.459937703585,26039.130469265125,1.0002000400080016,0.0,71.19999600000001,37.49748879775955,44.2055,1.0,84,poisson,0.8,349.76503168160764,2.0,11.398204660415647,decoupled,0
10000,0.0008,177.16815764313327,13637.675910046584,26044.80044352069,27116.459937703585,26039.130469265125,1.0002000400080016,0.0,71.19999600000001,39.57026055211042,46.39035,1.0,84,poisson,0.8,349.76503168160764,2.0,11.398204660415647,joint_full,0
10000,0.0008,177.16815764313327,13637.675910046584,26044.80044352069,27116.459937703585,26039.130469265125,1.0002000400080016,0.0,71.19999600000001,39.22105671134227,45.64834999999999,1.0,84,poisson,0.8,349.76503168160764,2.0,11.398204660415647,cliffserve,0
10000,0.0017,177.23684313696387,13615.766725829131,26022.76210826888,27094.552186663124,26017.06317225947,1.00080064051241,0.0,71.19998800000002,34.36878622898319,40.918,1.0,84,poisson,0.8,349.76503168160764,4.0,22.796409320831295,dense,0
10000,0.0017,177.23684313696387,13615.766725829131,26022.76210826888,27094.552186663124,26017.06317225947,1.00080064051241,0.0,71.19998800000002,35.51388310648519,42.28504999999999,1.0,84,poisson,0.8,349.76503168160764,4.0,22.796409320831295,static_pomt,0
10000,0.0017,177.23684313696387,13615.766725829131,26022.76210826888,27094.552186663124,26017.06317225947,1.00080064051241,0.0,71.19998800000002,36.86185698558848,43.15704999999999,1.0,84,poisson,0.8,349.76503168160764,4.0,22.796409320831295,decoupled,0
10000,0.0017,177.23684313696387,13615.766725829131,26022.76210826888,27094.552186663124,26017.06317225947,1.00080064051241,0.0,71.19998800000002,39.56507395916733,46.51304999999999,1.0,84,poisson,0.8,349.76503168160764,4.0,22.796409320831295,joint_full,0
10000,0.0017,177.23684313696387,13615.766725829131,26022.76210826888,27094.552186663124,26017.06317225947,1.00080064051241,0.0,71.19998800000002,39.25441463170536,46.54294999999998,1.0,84,poisson,0.8,349.76503168160764,4.0,22.796409320831295,cliffserve,0
10000,0.0152,178.34206731106715,13266.009286787716,25672.95103563295,26744.771958872967,25667.26966766344,1.0105092966855296,0.0,71.19985800000003,35.73221443007276,42.4335,1.0,84,poisson,0.8,349.76503168160764,8.0,45.5928186416626,dense,0
10000,0.0152,178.34206731106715,13266.009286787716,25672.95103563295,26744.771958872967,25667.26966766344,1.0105092966855296,0.0,71.19985800000003,37.11875212206952,43.73075,1.0,84,poisson,0.8,349.76503168160764,8.0,45.5928186416626,static_pomt,0
10000,0.045,181.03497212685315,12432.142195608822,24839.27948581205,25910.03689002245,24833.63660112844,1.0344470880314471,0.6528,71.18745600000003,37.26609082445433,44.729999999999976,1.0,84,poisson,0.8,349.76503168160764,8.0,45.5928186416626,decoupled,0
10000,0.033,179.92719865196383,12772.112315585237,25179.46218096184,26250.78095613152,25173.82220968174,1.024590163934426,0.4992,71.19042600000003,39.48280963114754,45.91844999999999,1.0,84,poisson,0.8,349.76503168160764,8.0,45.5928186416626,joint_full,0
10000,0.033,179.92719865196383,12772.112315585237,25179.46218096184,26250.78095613152,25173.82220968174,1.024590163934426,0.4992,71.19042600000003,39.36849948770492,46.9795,1.0,84,poisson,0.8,349.76503168160764,8.0,45.5928186416626,cliffserve,0
10000,0.049,181.43588590538255,12309.911066701034,24717.390009679068,25788.342742082183,24711.75690723824,1.0391769718383042,0.0,71.19952200000002,35.38108864179569,42.2891,1.0,84,poisson,0.8,349.76503168160764,12.0,68.38922796249389,dense,0
10000,0.049,181.43588590538255,12309.911066701034,24717.390009679068,25788.342742082183,24711.75690723824,1.0391769718383042,0.0,71.19952200000002,36.67260334614984,43.392,1.0,84,poisson,0.8,349.76503168160764,12.0,68.38922796249389,static_pomt,0
10000,0.0502,181.5626013679453,12271.586032774654,24679.0221115254,25749.829500839405,24673.39788276182,1.0398253093480296,1.1904,71.17744200000001,37.0457646875325,43.60699999999998,1.0,84,poisson,0.8,349.76503168160764,12.0,68.38922796249389,decoupled,0
10000,0.0503,181.59106151345196,12262.860272791591,24670.358065142493,25741.08197450846,24664.712311615807,1.040149781568546,1.2288,71.17672800000003,39.42009298939047,46.94635000000001,1.0,84,poisson,0.8,349.76503168160764,12.0,68.38922796249389,joint_full,0
10000,0.0503,181.59106151345196,12262.860272791591,24670.358065142493,25741.08197450846,24664.712311615807,1.040149781568546,1.2288,71.17672800000003,39.087250780112335,46.489,1.0,84,poisson,0.8,349.76503168160764,12.0,68.38922796249389,cliffserve,0
10000,0.0006,177.16199083245476,15942.43251210379,30400.90695494869,31659.994244546,30395.25900470474,1.000100010001,0.0,71.19999800000002,35.39236583658366,41.6801,1.0,84,poisson,0.95,415.345975121909,2.0,11.398204660415647,dense,0
10000,0.0006,177.16199083245476,15942.43251210379,30400.90695494869,31659.994244546,30395.25900470474,1.000100010001,0.0,71.19999800000002,36.26997579757976,42.791,1.0,84,poisson,0.95,415.345975121909,2.0,11.398204660415647,static_pomt,0
10000,0.0006,177.16199083245476,15942.43251210379,30400.90695494869,31659.994244546,30395.25900470474,1.000100010001,0.0,71.19999800000002,37.36534343434344,43.763,1.0,84,poisson,0.95,415.345975121909,2.0,11.398204660415647,decoupled,0
10000,0.0006,177.16199083245476,15942.43251210379,30400.90695494869,31659.994244546,30395.25900470474,1.000100010001,0.0,71.19999800000002,39.64356385638564,46.979,1.0,84,poisson,0.95,415.345975121909,2.0,11.398204660415647,joint_full,0
10000,0.0006,177.16199083245476,15942.43251210379,30400.90695494869,31659.994244546,30395.25900470474,1.000100010001,0.0,71.19999800000002,39.387624162416245,46.108,1.0,84,poisson,0.95,415.345975121909,2.0,11.398204660415647,cliffserve,0
10000,0.0014,177.22593838633526,15921.946757359148,30380.36047146336,31639.57846030421,30374.65787165181,1.0007004903432404,0.0,71.19998800000002,35.63626098268789,42.1544,1.0,84,poisson,0.95,415.345975121909,4.0,22.796409320831295,dense,0
10000,0.0014,177.22593838633526,15921.946757359148,30380.36047146336,31639.57846030421,30374.65787165181,1.0007004903432404,0.0,71.19998800000002,36.93659601721205,43.162,1.0,84,poisson,0.95,415.345975121909,4.0,22.796409320831295,static_pomt,0
10000,0.0014,177.22593838633526,15921.946757359148,30380.36047146336,31639.57846030421,30374.65787165181,1.0007004903432404,0.0,71.19998800000002,37.577702091464026,44.47839999999999,1.0,84,poisson,0.95,415.345975121909,4.0,22.796409320831295,decoupled,0
10000,0.0014,177.22593838633526,15921.946757359148,30380.36047146336,31639.57846030421,30374.65787165181,1.0007004903432404,0.0,71.19998800000002,39.616492945061545,46.819,1.0,84,poisson,0.95,415.345975121909,4.0,22.796409320831295,joint_full,0
10000,0.0014,177.22593838633526,15921.946757359148,30380.36047146336,31639.57846030421,30374.65787165181,1.0007004903432404,0.0,71.19998800000002,39.46199259481637,46.613,1.0,84,poisson,0.95,415.345975121909,4.0,22.796409320831295,cliffserve,0
10000,0.0085,177.83503576651893,15728.36898092711,30187.083748531502,31446.253242203664,30181.40052776353,1.006137438374082,0.0,71.19991800000001,35.30221813059664,41.479,1.0,84,poisson,0.95,415.345975121909,8.0,45.5928186416626,dense,0
10000,0.0085,177.83503576651893,15728.36898092711,30187.083748531502,31446.253242203664,30181.40052776353,1.006137438374082,0.0,71.19991800000001,36.76122346312506,43.2321,1.0,84,poisson,0.95,415.345975121909,8.0,45.5928186416626,static_pomt,0
10000,0.0087,177.8558111058075,15721.841109079958,30180.50443201081,31439.715044218967,30174.821251225632,1.0062386798148522,0.1152,71.19778000000002,37.18740138860938,43.80535,1.0,84,poisson,0.95,415.345975121909,8.0,45.5928186416626,decoupled,0
10000,0.0087,177.8558111058075,15721.841109079958,30180.50443201081,31439.715044218967,30174.821251225632,1.0062386798148522,0.1152,71.19778000000002,39.53044998993761,45.5185,1.0,84,poisson,0.95,415.345975121909,8.0,45.5928186416626,joint_full,0
10000,0.0087,177.8558111058075,15721.841109079958,30180.50443201081,31439.715044218967,30174.821251225632,1.0062386798148522,0.1152,71.19778000000002,39.41571996377541,46.06715,1.0,84,poisson,0.95,415.345975121909,8.0,45.5928186416626,cliffserve,0
10000,0.0136,178.3137666254349,15577.53499822104,30035.78747253434,31295.10628268428,30030.09821164624,1.010611419909045,0.0,71.19986600000001,35.0961571500758,41.19169999999999,1.0,84,poisson,0.95,415.345975121909,12.0,68.38922796249389,dense,0
10000,0.0136,178.3137666254349,15577.53499822104,30035.78747253434,31295.10628268428,30030.09821164624,1.010611419909045,0.0,71.19986600000001,36.66525790803436,43.42569999999999,1.0,84,poisson,0.95,415.345975121909,12.0,68.38922796249389,static_pomt,0
10000,0.0148,178.44105314596897,15537.674402279496,29995.994042110604,31255.021435310315,29990.34072217957,1.0116337885685385,0.3456,71.19344600000002,37.325318158826505,43.99199999999999,1.0,84,poisson,0.95,415.345975121909,12.0,68.38922796249389,decoupled,0
10000,0.0148,178.44105314596897,15537.674402279496,29995.994042110604,31255.021435310315,29990.34072217957,1.0116337885685385,0.3456,71.19344600000002,39.34663925139101,45.236,1.0,84,poisson,0.95,415.345975121909,12.0,68.38922796249389,joint_full,0
10000,0.0148,178.44105314596897,15537.674402279496,29995.994042110604,31255.021435310315,29990.34072217957,1.0116337885685385,0.3456,71.19344600000002,39.205377541729895,44.835,1.0,84,poisson,0.95,415.345975121909,12.0,68.38922796249389,cliffserve,0
10000,0.0004,177.16199083245476,17617.125534108436,33567.52769885084,34962.90435267203,33561.87974860689,1.000100010001,0.0,71.19999800000002,35.51214141414141,41.069,1.0,84,poisson,1.1,480.9269185622105,2.0,11.398204660415647,dense,0
10000,0.0004,177.16199083245476,17617.125534108436,33567.52769885084,34962.90435267203,33561.87974860689,1.000100010001,0.0,71.19999800000002,37.0544399439944,42.5421,1.0,84,poisson,1.1,480.9269185622105,2.0,11.398204660415647,static_pomt,0
10000,0.0004,177.16199083245476,17617.125534108436,33567.52769885084,34962.90435267203,33561.87974860689,1.000100010001,0.0,71.19999800000002,37.39412871287129,44.474,1.0,84,poisson,1.1,480.9269185622105,2.0,11.398204660415647,decoupled,0
10000,0.0004,177.16199083245476,17617.125534108436,33567.52769885084,34962.90435267203,33561.87974860689,1.000100010001,0.0,71.19999800000002,39.73035693569357,46.64900000000001,1.0,84,poisson,1.1,480.9269185622105,2.0,11.398204660415647,joint_full,0
10000,0.0004,177.16199083245476,17617.125534108436,33567.52769885084,34962.90435267203,33561.87974860689,1.000100010001,0.0,71.19999800000002,39.44714681468147,45.80800000000001,1.0,84,poisson,1.1,480.9269185622105,2.0,11.398204660415647,cliffserve,0
10000,0.0015,177.2467513864495,17590.008631634588,33540.28962800198,34935.80967200661,33534.58344719105,1.00080064051241,0.0,71.19998600000001,35.400153322658134,41.76404999999999,1.0,84,poisson,1.1,480.9269185622105,4.0,22.796409320831295,dense,0
10000,0.0015,177.2467513864495,17590.008631634588,33540.28962800198,34935.80967200661,33534.58344719105,1.00080064051241,0.0,71.19998600000001,36.95625060048039,43.53245,1.0,84,poisson,1.1,480.9269185622105,4.0,22.796409320831295,static_pomt,0
10000,0.0015,177.2467513864495,17590.008631634588,33540.28962800198,34935.80967200661,33534.58344719105,1.00080064051241,0.0,71.19998600000001,37.4852243795036,44.21445,1.0,84,poisson,1.1,480.9269185622105,4.0,22.796409320831295,decoupled,0
10000,0.0015,177.2467513864495,17590.008631634588,33540.28962800198,34935.80967200661,33534.58344719105,1.00080064051241,0.0,71.19998600000001,39.76570696557246,47.03945,1.0,84,poisson,1.1,480.9269185622105,4.0,22.796409320831295,joint_full,0
10000,0.0015,177.2467513864495,17590.008631634588,33540.28962800198,34935.80967200661,33534.58344719105,1.00080064051241,0.0,71.19998600000001,39.484192954363486,46.82349999999999,1.0,84,poisson,1.1,480.9269185622105,4.0,22.796409320831295,cliffserve,0
10000,0.0073,177.78460066581644,17418.92636172759,33369.672518655585,34765.13382155324,33363.99503528766,1.0058338362502517,0.0,71.19992800000003,35.96560561255281,42.51044999999999,1.0,84,poisson,1.1,480.9269185622105,8.0,45.5928186416626,dense,0
10000,0.0073,177.78460066581644,17418.92636172759,33369.672518655585,34765.13382155324,33363.99503528766,1.0058338362502517,0.0,71.19992800000003,37.51322882719774,44.73449999999999,1.0,84,poisson,1.1,480.9269185622105,8.0,45.5928186416626,static_pomt,0
10000,0.0074,177.7876055949529,17417.960472273702,33368.72441630058,34764.17593161488,33363.08288519077,1.0057326762546517,0.192,71.19636800000002,37.69681715779946,44.67299999999999,1.0,84,poisson,1.1,480.9269185622105,8.0,45.5928186416626,decoupled,0
10000,0.0074,177.7876055949529,17417.960472273702,33368.72441630058,34764.17593161488,33363.08288519077,1.0057326762546517,0.192,71.19636800000002,39.89820054309564,46.85609999999999,1.0,84,poisson,1.1,480.9269185622105,8.0,45.5928186416626,joint_full,0
10000,0.0074,177.7876055949529,17417.960472273702,33368.72441630058,34764.17593161488,33363.08288519077,1.0057326762546517,0.192,71.19636800000002,39.55182108015689,46.6089,1.0,84,poisson,1.1,480.9269185622105,8.0,45.5928186416626,cliffserve,0
10000,0.0105,178.07276602195708,17327.782455134267,33278.19669823341,34673.76432702923,33272.51570927791,1.0085728693898135,0.0,71.19989600000002,35.76614321734745,42.404,1.0,84,poisson,1.1,480.9269185622105,12.0,68.38922796249389,dense,0
10000,0.0105,178.07276602195708,17327.782455134267,33278.19669823341,34673.76432702923,33272.51570927791,1.0085728693898135,0.0,71.19989600000002,36.97481754916792,43.723,1.0,84,poisson,1.1,480.9269185622105,12.0,68.38922796249389,static_pomt,0
10000,0.0111,178.14099636487552,17306.260663914556,33256.6015179842,34652.13461295033,33250.90609407119,1.008979921299566,0.3072,71.19419400000002,37.40481808092019,43.572500000000005,1.0,84,poisson,1.1,480.9269185622105,12.0,68.38922796249389,decoupled,0
10000,0.0112,178.1543186306677,17301.9974610089,33252.30052025013,34647.83394366646,33246.67562126808,1.0091835704914724,0.3456,71.19349800000002,39.67326914925825,46.8754,1.0,84,poisson,1.1,480.9269185622105,12.0,68.38922796249389,joint_full,0
10000,0.0112,178.1543186306677,17301.9974610089,33252.30052025013,34647.83394366646,33246.67562126808,1.0091835704914724,0.3456,71.19349800000002,39.59234897567868,47.3,1.0,84,poisson,1.1,480.9269185622105,12.0,68.38922796249389,cliffserve,0
10000,0.1926,129.66465906889476,41.216157036942604,168.34738233833266,258.6551640357919,162.67626237027503,1.031140441328109,0.0,71.19939600000002,10.157376469375128,17.026649999999986,1.0,84,onoff,0.3,131.16188688060285,2.0,11.398204660415647,dense,0
10000,0.1926,129.66465906889476,41.216157036942604,168.34738233833266,258.6551640357919,162.67626237027503,1.031140441328109,0.0,71.19939600000002,10.91975974427717,19.06615,1.0,84,onoff,0.3,131.16188688060285,2.0,11.398204660415647,static_pomt,0
10000,0.1926,129.66465906889476,41.216157036942604,168.34738233833266,258.6551640357919,162.67626237027505,1.031140441328109,0.0,71.19939600000002,11.968702309754589,18.93799999999999,1.0,84,onoff,0.3,131.16188688060285,2.0,11.398204660415649,decoupled,0
10000,0.1926,129.66465906889476,41.216157036942604,168.34738233833266,258.6551640357919,162.67626237027505,1.031140441328109,0.0,71.19939600000002,12.362588162507734,20.249499999999998,1.0,84,onoff,0.3,131.16188688060285,2.0,11.398204660415649,joint_full,0
10000,0.1926,129.66465906889476,41.216157036942604,168.34738233833266,258.6551640357919,162.67626237027505,1.031140441328109,0.0,71.19939600000002,12.043383687358219,19.858499999999996,1.0,84,onoff,0.3,131.16188688060285,2.0,11.398204660415649,cliffserve,0
10000,0.8276,129.7417768024444,11.764012980529515,97.13587215945984,190.80641607362608,91.56569930122167,1.4480162177816391,0.0,71.19453000000003,8.599077613669273,13.195,1.0,84,onoff,0.3,131.16188688060285,4.0,22.796409320831298,dense,0
10000,0.8276,129.7417768024444,11.764012980529515,97.13587215945984,190.80641607362608,91.56569930122167,1.4480162177816391,0.0,71.19453000000003,8.921101361135245,13.78275,1.0,84,onoff,0.3,131.16188688060285,4.0,22.796409320831298,static_pomt,0
10000,0.8276,129.7417768024444,11.764012980529515,97.13587215945984,190.80641607362608,91.56569930122167,1.4480162177816391,0.0,71.19453000000003,10.498567043150882,14.847750000000001,1.0,84,onoff,0.3,131.16188688060285,4.0,22.796409320831298,decoupled,0
10000,0.8276,129.7417768024444,11.764012980529515,97.13587215945984,190.80641607362608,91.56569930122167,1.4480162177816391,0.0,71.19453000000003,9.830291340863017,16.07,1.0,84,onoff,0.3,131.16188688060285,4.0,22.796409320831298,joint_full,0
10000,0.8276,129.7417768024444,11.764012980529515,97.13587215945984,190.80641607362608,91.56569930122167,1.4480162177816391,0.0,71.19453000000003,9.190120185346077,15.78,1.0,84,onoff,0.3,131.16188688060285,4.0,22.796409320831298,cliffserve,0
10000,1.0,129.74210290417386,10.693259683379438,21.658714186901307,27.6780220045538,11.267677581222596,1.6730801405387319,0.0,71.19318000000001,7.724189559979923,10.159,1.0,84,onoff,0.3,131.16188688060285,8.0,45.592818641662596,dense,0
10000,1.0,129.74210290417386,10.693259683379438,21.658714186901307,27.6780220045538,11.267677581222596,1.6730801405387319,0.0,71.19318000000001,7.936534883720929,10.471799999999998,1.0,84,onoff,0.3,131.16188688060285,8.0,45.592818641662596,static_pomt,0
10000,1.0,129.74210290417386,10.692789055386129,21.58785135588543,27.401439050107374,11.249939129991613,1.6730801405387319,0.4224,71.18534600000002,9.666131504099045,12.1822,1.0,84,onoff,0.3,131.16188688060285,8.0,45.592818641662596,decoupled,0
10000,1.0,129.74210290417386,10.692789055386129,21.58785135588543,27.401439050107374,11.249939129991613,1.6730801405387319,0.4224,71.18534600000002,8.45118738497574,12.043,1.0,84,onoff,0.3,131.16188688060285,8.0,45.592818641662596,joint_full,0
10000,1.0,129.74210290417386,10.692789055386129,21.58785135588543,27.401439050107374,11.249939129991613,1.6730801405387319,0.4224,71.18534600000002,7.66221131002175,10.851,1.0,84,onoff,0.3,131.16188688060285,8.0,45.592818641662596,cliffserve,0
10000,1.0,129.74210290417386,10.693259683379438,21.658714186901307,27.6780220045538,11.267677581222596,1.6730801405387319,0.0,71.19318000000001,7.664770286096704,10.049,1.0,84,onoff,0.3,131.16188688060285,12.0,68.38922796249389,dense,0
10000,1.0,129.74210290417386,10.693259683379438,21.658714186901307,27.6780220045538,11.267677581222596,1.6730801405387319,0.0,71.19318000000001,7.9079297306340965,10.421799999999998,1.0,84,onoff,0.3,131.16188688060285,12.0,68.38922796249389,static_pomt,0
10000,1.0,129.74210290417386,10.692789055386129,21.58785135588543,27.401439050107374,11.249939129991613,1.6730801405387319,0.4224,71.18534600000002,9.644443533545257,12.142,1.0,84,onoff,0.3,131.16188688060285,12.0,68.38922796249389,decoupled,0
10000,1.0,129.74210290417386,10.692789055386129,21.58785135588543,27.401439050107374,11.249939129991613,1.6730801405387319,0.4224,71.18534600000002,8.409609001171155,12.043,1.0,84,onoff,0.3,131.16188688060285,12.0,68.38922796249389,joint_full,0
10000,1.0,129.74210290417386,10.692789055386129,21.58785135588543,27.401439050107374,11.249939129991613,1.6730801405387319,0.4224,71.18534600000002,7.727686966705706,10.89,1.0,84,onoff,0.3,131.16188688060285,12.0,68.38922796249389,cliffserve,0
10000,0.0006,177.15785403733668,8812.992391334437,17426.748488603444,18453.332598504,17421.077755628437,1.000100010001,0.0,71.19999800000002,35.8169606960696,39.27600000000001,1.0,84,onoff,0.6,262.3237737612057,2.0,11.398204660415649,dense,0
10000,0.0006,177.15785403733668,8812.992391334437,17426.748488603444,18453.332598504,17421.077755628437,1.000100010001,0.0,71.19999800000002,37.03534113411341,39.31690000000001,1.0,84,onoff,0.6,262.3237737612057,2.0,11.398204660415649,static_pomt,0
10000,0.0006,177.15785403733668,8812.992391334437,17426.748488603444,18453.332598504,17421.077755628437,1.000100010001,0.0,71.19999800000002,37.48031713171317,39.3341,1.0,84,onoff,0.6,262.3237737612057,2.0,11.398204660415649,decoupled,0
10000,0.0006,177.15785403733668,8812.992391334437,17426.748488603444,18453.332598504,17421.077755628437,1.000100010001,0.0,71.19999800000002,39.829663566356636,41.899100000000004,1.0,84,onoff,0.6,262.3237737612057,2.0,11.398204660415649,joint_full,0
10000,0.0006,177.15785403733668,8812.992391334437,17426.748488603444,18453.332598504,17421.077755628437,1.000100010001,0.0,71.19999800000002,39.51687508750875,41.0381,1.0,84,onoff,0.6,262.3237737612057,2.0,11.398204660415649,cliffserve,0
10000,0.0014,177.23354607992104,8788.759142862224,17402.598573432773,18429.020984691553,17396.95782123646,1.0007004903432404,0.0,71.19998800000002,35.55751255879115,37.05,1.0,84,onoff,0.6,262.3237737612057,4.0,22.796409320831298,dense,0
10000,0.0014,177.23354607992104,8788.759142862224,17402.598573432773,18429.020984691553,17396.95782123646,1.0007004903432404,0.0,71.19998800000002,37.04980956669669,38.9824,1.0,84,onoff,0.6,262.3237737612057,4.0,22.796409320831298,static_pomt,0
10000,0.0014,177.23354607992104,8788.759142862224,17402.598573432773,18429.020984691553,17396.95782123646,1.0007004903432404,0.0,71.19998800000002,37.420027719403585,39.367599999999996,1.0,84,onoff,0.6,262.3237737612057,4.0,22.796409320831298,decoupled,0
10000,0.0014,177.23354607992104,8788.759142862224,17402.598573432773,18429.020984691553,17396.95782123646,1.0007004903432404,0.0,71.19998800000002,39.59820394275993,41.2416,1.0,84,onoff,0.6,262.3237737612057,4.0,22.796409320831298,joint_full,0
10000,0.0014,177.23354607992104,8788.759142862224,17402.598573432773,18429.020984691553,17396.95782123646,1.0007004903432404,0.0,71.19998800000002,39.256304713299315,40.456,1.0,84,onoff,0.6,262.3237737612057,4.0,22.796409320831298,cliffserve,0
10000,0.0072,177.76629977328716,8619.63989907958,17233.406322823375,18259.8609676637,17227.726129065362,1.005631536604988,0.0,71.19993000000002,35.802944288012874,37.52,1.0,84,onoff,0.6,262.3237737612057,8.0,45.592818641662596,dense,0
10000,0.0072,177.76629977328716,8619.63989907958,17233.406322823375,18259.8609676637,17227.726129065362,1.005631536604988,0.0,71.19993000000002,36.95292005229284,38.92065,1.0,84,onoff,0.6,262.3237737612057,8.0,45.592818641662596,static_pomt,0
10000,0.0091,177.93392585764795,8566.49384568777,17180.255328188745,18206.812114080363,17174.579153834195,1.0070493454179255,0.192,71.19635200000002,37.342976032225586,39.374,1.0,84,onoff,0.6,262.3237737612057,8.0,45.592818641662596,decoupled,0
10000,0.0091,177.93392585764795,8566.49384568777,17180.255328188745,18206.812114080363,17174.579153834195,1.0070493454179255,0.192,71.19635200000002,39.63507542799597,41.337,1.0,84,onoff,0.6,262.3237737612057,8.0,45.592818641662596,joint_full,0
10000,0.0091,177.93392585764795,8566.49384568777,17180.255328188745,18206.812114080363,17174.579153834195,1.0070493454179255,0.192,71.19635200000002,39.50152638469285,41.022499999999994,1.0,84,onoff,0.6,262.3237737612057,8.0,45.592818641662596,cliffserve,0
10000,0.0232,178.7353848759821,8314.772276625821,16928.394752029202,17954.73226254164,16922.71637444856,1.0182262498727217,0.0,71.19978000000003,35.66278627431015,37.49,1.0,84,onoff,0.6,262.3237737612057,12.0,68.38922796249389,dense,0
10000,0.0232,178.7353848759821,8314.772276625821,16928.394752029202,17954.73226254164,16922.71637444856,1.0182262498727217,0.0,71.19978000000003,36.79556379187456,38.752,1.0,84,onoff,0.6,262.3237737612057,12.0,68.38922796249389,static_pomt,0
10000,0.0233,178.7581435921694,8307.649138198087,16921.271613601468,17947.609124113904,16915.593236020824,1.0182262498727217,0.6528,71.18767400000002,37.13333102535383,38.833,1.0,84,onoff,0.6,262.3237737612057,12.0,68.38922796249389,decoupled,0
10000,0.0237,178.80173817281795,8294.03826092262,16907.566730216764,17933.884674641475,16901.988102940344,1.0186411327289395,0.6528,71.18768600000001,39.42036467352551,41.017,1.0,84,onoff,0.6,262.3237737612057,12.0,68.38922796249389,joint_full,0
10000,0.0237,178.80173817281795,8294.03826092262,16907.566730216764,17933.884674641475,16901.988102940344,1.0186411327289395,0.6528,71.18768600000001,39.24331292655597,40.697999999999986,1.0,84,onoff,0.6,262.3237737612057,12.0,68.38922796249389,cliffserve,0
10000,0.0004,177.16177067711035,12995.922053216493,26420.158546652932,27848.474941661094,26414.511132326264,1.000100010001,0.0,71.19999800000002,35.90089688968897,37.59100000000001,1.0,84,onoff,0.8,349.76503168160764,2.0,11.398204660415649,dense,0
10000,0.0004,177.16177067711035,12995.922053216493,26420.158546652932,27848.474941661094,26414.511132326264,1.000100010001,0.0,71.19999800000002,37.29968976897689,39.3049,1.0,84,onoff,0.8,349.76503168160764,2.0,11.398204660415649,static_pomt,0
10000,0.0004,177.16177067711035,12995.922053216493,26420.158546652932,27848.474941661094,26414.511132326264,1.000100010001,0.0,71.19999800000002,37.753681968196815,39.734,1.0,84,onoff,0.8,349.76503168160764,2.0,11.398204660415649,decoupled,0
10000,0.0004,177.16177067711035,12995.922053216493,26420.158546652932,27848.474941661094,26414.511132326264,1.000100010001,0.0,71.19999800000002,39.91894419441944,41.668,1.0,84,onoff,0.8,349.76503168160764,2.0,11.398204660415649,joint_full,0
10000,0.0004,177.16177067711035,12995.922053216493,26420.158546652932,27848.474941661094,26414.511132326264,1.000100010001,0.0,71.19999800000002,39.60394149414942,40.978,1.0,84,onoff,0.8,349.76503168160764,2.0,11.398204660415649,cliffserve,0
10000,0.001,177.21039179257468,12980.373781798875,26404.53028539671,27833.009784896112,26398.826507773534,1.0005002501250626,0.0,71.19999200000001,35.93727683841921,37.7303,1.0,84,onoff,0.8,349.76503168160764,4.0,22.796409320831298,dense,0
10000,0.001,177.21039179257468,12980.373781798875,26404.53028539671,27833.009784896112,26398.826507773534,1.0005002501250626,0.0,71.19999200000001,37.14906833416708,39.134,1.0,84,onoff,0.8,349.76503168160764,4.0,22.796409320831298,static_pomt,0
10000,0.001,177.21039179257468,12980.373781798875,26404.53028539671,27833.009784896112,26398.826507773534,1.0005002501250626,0.0,71.19999200000001,37.49948554277138,39.5143,1.0,84,onoff,0.8,349.76503168160764,4.0,22.796409320831298,decoupled,0
10000,0.001,177.21039179257468,12980.373781798875,26404.53028539671,27833.009784896112,26398.826507773534,1.0005002501250626,0.0,71.19999200000001,39.710935867933976,41.690999999999995,1.0,84,onoff,0.8,349.76503168160764,4.0,22.796409320831298,joint_full,0
10000,0.001,177.21039179257468,12980.373781798875,26404.53028539671,27833.009784896112,26398.826507773534,1.0005002501250626,0.0,71.19999200000001,39.5468148074037,41.34029999999999,1.0,84,onoff,0.8,349.76503168160764,4.0,22.796409320831298,cliffserve,0
10000,0.0028,177.37398751639756,12928.285780786073,26352.426753649193,27780.819723980163,26346.86342745729,1.002004008016032,0.0,71.19997400000003,35.975016933867735,37.911,1.0,84,onoff,0.8,349.76503168160764,8.0,45.592818641662596,dense,0
10000,0.0028,177.37398751639756,12928.285780786073,26352.426753649193,27780.819723980163,26346.86342745729,1.002004008016032,0.0,71.19997400000003,37.22464679358717,39.50449999999999,1.0,84,onoff,0.8,349.76503168160764,8.0,45.592818641662596,static_pomt,0
10000,0.0028,177.37593402078969,12927.667094110047,26351.808066973168,27780.201037304138,26346.244740781265,1.002004008016032,0.0384,71.199262,37.5809119238477,39.815,1.0,84,onoff,0.8,349.76503168160764,8.0,45.592818641662596,decoupled,0
10000,0.0028,177.37593402078969,12927.667094110047,26351.808066973168,27780.201037304138,26346.244740781265,1.002004008016032,0.0384,71.199262,39.70458857715432,41.718,1.0,84,onoff,0.8,349.76503168160764,8.0,45.592818641662596,joint_full,0
10000,0.0028,177.37593402078969,12927.667094110047,26351.808066973168,27780.201037304138,26346.244740781265,1.002004008016032,0.0384,71.199262,39.57984549098197,41.518,1.0,84,onoff,0.8,349.76503168160764,8.0,45.592818641662596,cliffserve,0
10000,0.0116,178.1787062981313,12673.174741385972,26097.472074332374,27525.811521866057,26091.832453408377,1.0094891984655765,0.0,71.199886,35.863475267514644,37.841,1.0,84,onoff,0.8,349.76503168160764,12.0,68.38922796249389,dense,0
10000,0.0116,178.1787062981313,12673.174741385972,26097.472074332374,27525.811521866057,26091.832453408377,1.0094891984655765,0.0,71.199886,36.97103755299818,39.254,1.0,84,onoff,0.8,349.76503168160764,12.0,68.38922796249389,static_pomt,0
10000,0.0126,178.28039111852954,12641.469525455033,26065.577570566613,27493.988389327264,26059.909772142848,1.0102030508132134,0.4224,71.19204400000002,37.280056874431764,39.384,1.0,84,onoff,0.8,349.76503168160764,12.0,68.38922796249389,decoupled,0
10000,0.0126,178.28039111852954,12641.469525455033,26065.577570566613,27493.988389327264,26059.909772142848,1.0102030508132134,0.4224,71.19204400000002,39.32968501868876,41.05800000000001,1.0,84,onoff,0.8,349.76503168160764,12.0,68.38922796249389,joint_full,0
10000,0.0126,178.28039111852954,12641.469525455033,26065.577570566613,27493.988389327264,26059.909772142848,1.0102030508132134,0.4224,71.19204400000002,39.18187614910597,41.427,1.0,84,onoff,0.8,349.76503168160764,12.0,68.38922796249389,cliffserve,0
10000,0.0004,177.16177067711033,13901.643639079204,28314.12016930302,29751.520455103575,28308.47221905907,1.000100010001,0.0,71.19999800000002,35.87483598359836,37.891,1.0,84,onoff,0.95,415.345975121909,2.0,11.398204660415649,dense,0
10000,0.0004,177.16177067711033,13901.643639079204,28314.12016930302,29751.520455103575,28308.47221905907,1.000100010001,0.0,71.19999800000002,37.2897900790079,39.214,1.0,84,onoff,0.95,415.345975121909,2.0,11.398204660415649,static_pomt,0
10000,0.0004,177.16177067711033,13901.643639079204,28314.12016930302,29751.520455103575,28308.47221905907,1.000100010001,0.0,71.19999800000002,37.59229492949295,39.3149,1.0,84,onoff,0.95,415.345975121909,2.0,11.398204660415649,decoupled,0
10000,0.0004,177.16177067711033,13901.643639079204,28314.12016930302,29751.520455103575,28308.47221905907,1.000100010001,0.0,71.19999800000002,39.94027652765276,41.267,1.0,84,onoff,0.95,415.345975121909,2.0,11.398204660415649,joint_full,0
10000,0.0004,177.16177067711033,13901.643639079204,28314.12016930302,29751.520455103575,28308.47221905907,1.000100010001,0.0,71.19999800000002,39.717191219121915,41.1389,1.0,84,onoff,0.95,415.345975121909,2.0,11.398204660415649,cliffserve,0
10000,0.0009,177.19633126521745,13890.542311421505,28302.995424482422,29740.538510080038,28297.347634169655,1.0004001600640255,0.0,71.19999400000002,35.908405762304916,37.673249999999996,1.0,84,onoff,0.95,415.345975121909,4.0,22.796409320831298,dense,0
10000,0.0009,177.19633126521745,13890.542311421505,28302.995424482422,29740.538510080038,28297.347634169655,1.0004001600640255,0.0,71.19999400000002,37.12872939175671,39.024,1.0,84,onoff,0.95,415.345975121909,4.0,22.796409320831298,static_pomt,0
10000,0.0009,177.19633126521745,13890.542311421505,28302.995424482422,29740.538510080038,28297.347634169655,1.0004001600640255,0.0,71.19999400000002,37.59327350940376,39.369,1.0,84,onoff,0.95,415.345975121909,4.0,22.796409320831298,decoupled,0
10000,0.0009,177.19633126521745,13890.542311421505,28302.995424482422,29740.538510080038,28297.347634169655,1.0004001600640255,0.0,71.19999400000002,39.78038835534214,41.317,1.0,84,onoff,0.95,415.345975121909,4.0,22.796409320831298,joint_full,0
10000,0.0009,177.19633126521745,13890.542311421505,28302.995424482422,29740.538510080038,28297.347634169655,1.0004001600640255,0.0,71.19999400000002,39.560989295718294,40.907,1.0,84,onoff,0.95,415.345975121909,4.0,22.796409320831298,cliffserve,0
10000,0.0026,177.35908979694673,13838.72183012115,28251.129787609178,29688.38601604527,28245.49590141495,1.001903616872057,0.0,71.19997600000002,35.94302494740006,37.681,1.0,84,onoff,0.95,415.345975121909,8.0,45.592818641662596,dense,0
10000,0.0026,177.35908979694673,13838.72183012115,28251.129787609178,29688.38601604527,28245.49590141495,1.001903616872057,0.0,71.19997600000002,37.18212403566777,38.863,1.0,84,onoff,0.95,415.345975121909,8.0,45.592818641662596,static_pomt,0
10000,0.0026,177.3620103871064,13837.79338430511,28250.201341793138,29687.45757022923,28244.56745559891,1.001903616872057,0.0768,71.19855200000002,37.58289449954914,39.023,1.0,84,onoff,0.95,415.345975121909,8.0,45.592818641662596,decoupled,0
10000,0.0026,177.3620103871064,13837.79338430511,28250.201341793138,29687.45757022923,28244.56745559891,1.001903616872057,0.0768,71.19855200000002,39.87265203887386,41.658,1.0,84,onoff,0.95,415.345975121909,8.0,45.592818641662596,joint_full,0
10000,0.0026,177.3620103871064,13837.79338430511,28250.201341793138,29687.45757022923,28244.56745559891,1.001903616872057,0.0768,71.19855200000002,39.62533413485623,41.337,1.0,84,onoff,0.95,415.345975121909,8.0,45.592818641662596,cliffserve,0
10000,0.005,177.57887276546583,13768.956854096523,28181.375465294917,29618.672275644003,28175.645758196908,1.0040160642570282,0.0,71.19995200000002,35.69700612449799,37.691,1.0,84,onoff,0.95,415.345975121909,12.0,68.38922796249389,dense,0
10000,0.005,177.57887276546583,13768.956854096523,28181.375465294917,29618.672275644003,28175.645758196908,1.0040160642570282,0.0,71.19995200000002,36.98111054216868,39.043,1.0,84,onoff,0.95,415.345975121909,12.0,68.38922796249389,static_pomt,0
10000,0.0056,177.64683969563873,13747.421640626064,28159.8489423724,29597.15604017323,28154.2866192313,1.0045203415369162,0.192,71.19640200000002,37.52193701657458,39.61699999999999,1.0,84,onoff,0.95,415.345975121909,12.0,68.38922796249389,decoupled,0
10000,0.0056,177.64683969563873,13747.421640626064,28159.8489423724,29597.15604017323,28154.2866192313,1.0045203415369162,0.192,71.19640200000002,39.71525796082371,41.808,1.0,84,onoff,0.95,415.345975121909,12.0,68.38922796249389,joint_full,0
10000,0.0056,177.64683969563873,13747.421640626064,28159.8489423724,29597.15604017323,28154.2866192313,1.0045203415369162,0.192,71.19640200000002,39.393674033149175,41.177299999999995,1.0,84,onoff,0.95,415.345975121909,12.0,68.38922796249389,cliffserve,0
10000,0.0003,177.14794933142687,17157.569062808434,33144.30149145714,34367.009744224604,33138.68579538456,1.0,0.0,71.20000000000002,36.227268,38.5425,1.0,84,onoff,1.1,480.9269185622105,2.0,11.398204660415649,dense,0
10000,0.0003,177.14794933142687,17157.569062808434,33144.30149145714,34367.009744224604,33138.68579538456,1.0,0.0,71.20000000000002,37.3448801,39.374,1.0,84,onoff,1.1,480.9269185622105,2.0,11.398204660415649,static_pomt,0
10000,0.0003,177.14794933142687,17157.569062808434,33144.30149145714,34367.009744224604,33138.68579538456,1.0,0.0,71.20000000000002,37.9329566,39.965,1.0,84,onoff,1.1,480.9269185622105,2.0,11.398204660415649,decoupled,0
10000,0.0003,177.14794933142687,17157.569062808434,33144.30149145714,34367.009744224604,33138.68579538456,1.0,0.0,71.20000000000002,39.9985657,42.1795,1.0,84,onoff,1.1,480.9269185622105,2.0,11.398204660415649,joint_full,0
10000,0.0003,177.14794933142687,17157.569062808434,33144.30149145714,34367.009744224604,33138.68579538456,1.0,0.0,71.20000000000002,39.7851651,41.91805,1.0,84,onoff,1.1,480.9269185622105,2.0,11.398204660415649,cliffserve,0
10000,0.0008,177.19627148357677,17142.099654534737,33128.896204954304,34351.535382304246,33123.21877945057,1.0004001600640255,0.0,71.19999400000002,36.01628211284514,37.891,1.0,84,onoff,1.1,480.9269185622105,4.0,22.796409320831298,dense,0
10000,0.0008,177.19627148357677,17142.099654534737,33128.896204954304,34351.535382304246,33123.21877945057,1.0004001600640255,0.0,71.19999400000002,37.130272709083634,39.1165,1.0,84,onoff,1.1,480.9269185622105,4.0,22.796409320831298,static_pomt,0
10000,0.0008,177.19627148357677,17142.099654534737,33128.896204954304,34351.535382304246,33123.21877945057,1.0004001600640255,0.0,71.19999400000002,37.57046398559424,39.54425,1.0,84,onoff,1.1,480.9269185622105,4.0,22.796409320831298,decoupled,0
10000,0.0008,177.19627148357677,17142.099654534737,33128.896204954304,34351.535382304246,33123.21877945057,1.0004001600640255,0.0,71.19999400000002,39.86106732693078,41.7705,1.0,84,onoff,1.1,480.9269185622105,4.0,22.796409320831298,joint_full,0
10000,0.0008,177.19627148357677,17142.099654534737,33128.896204954304,34351.535382304246,33123.21877945057,1.0004001600640255,0.0,71.19999400000002,39.53076200480192,41.007,1.0,84,onoff,1.1,480.9269185622105,4.0,22.796409320831298,cliffserve,0
10000,0.0022,177.31862143439508,17103.00394234983,33089.691618329205,34312.3296825028,33084.00642305009,1.0015022533800702,0.0,71.19998000000002,36.48140240360541,38.753,1.0,84,onoff,1.1,480.9269185622105,8.0,45.592818641662596,dense,0
10000,0.0022,177.31862143439508,17103.00394234983,33089.691618329205,34312.3296825028,33084.00642305009,1.0015022533800702,0.0,71.19998000000002,37.44027160741111,39.4248,1.0,84,onoff,1.1,480.9269185622105,8.0,45.592818641662596,static_pomt,0
10000,0.0022,177.31959538113392,17102.694183209816,33089.38185918919,34312.019923362786,33083.69666391007,1.0015022533800702,0.0384,71.19926800000002,37.64274792188282,39.474,1.0,84,onoff,1.1,480.9269185622105,8.0,45.592818641662596,decoupled,0
10000,0.0022,177.31959538113392,17102.694183209816,33089.38185918919,34312.019923362786,33083.69666391007,1.0015022533800702,0.0384,71.19926800000002,40.13315883825739,41.428,1.0,84,onoff,1.1,480.9269185622105,8.0,45.592818641662596,joint_full,0
10000,0.0022,177.31959538113392,17102.694183209816,33089.38185918919,34312.019923362786,33083.69666391007,1.0015022533800702,0.0384,71.19926800000002,39.780080520781176,41.75619999999999,1.0,84,onoff,1.1,480.9269185622105,8.0,45.592818641662596,cliffserve,0
10000,0.004,177.4887644448294,17049.199878075997,33035.958591300165,34258.42436886316,33030.26182184807,1.0031096398836392,0.0,71.19996200000001,36.114486809108236,38.042,1.0,84,onoff,1.1,480.9269185622105,12.0,68.38922796249389,dense,0
10000,0.004,177.4887644448294,17049.199878075997,33035.958591300165,34258.42436886316,33030.26182184807,1.0031096398836392,0.0,71.19996200000001,37.44247025779917,39.384,1.0,84,onoff,1.1,480.9269185622105,12.0,68.38922796249389,static_pomt,0
10000,0.0041,177.49282413831412,17047.911208489815,33034.66992171398,34257.13569927698,33028.97315226189,1.0031096398836392,0.1152,71.19782600000002,37.356107232420506,39.514,1.0,84,onoff,1.1,480.9269185622105,12.0,68.38922796249389,decoupled,0
10000,0.0045,177.54170765417473,17032.307927945534,33018.94109733692,34241.57581593519,33013.319819146316,1.0036130068245686,0.1536,71.19712600000003,40.17898966278603,41.63665,1.0,84,onoff,1.1,480.9269185622105,12.0,68.38922796249389,joint_full,0
10000,0.0045,177.54170765417473,17032.307927945534,33018.94109733692,34241.57581593519,33013.319819146316,1.0036130068245686,0.1536,71.19712600000003,39.86327388598956,41.43500000000001,1.0,84,onoff,1.1,480.9269185622105,12.0,68.38922796249389,cliffserve,0
10000,0.6666,129.95007579820196,9.398305433156565,28.930945488240827,43.01359182973682,23.27791344418855,1.0991426687183996,0.0,71.19819600000002,7.230325785887007,8.717,1.0,85,poisson,0.3,131.16188688060285,2.0,11.398204660415649,dense,0
10000,0.6666,129.95007579820196,9.398305433156565,28.930945488240827,43.01359182973682,23.27791344418855,1.0991426687183996,0.0,71.19819600000002,7.47105550670477,9.157,1.0,85,poisson,0.3,131.16188688060285,2.0,11.398204660415649,static_pomt,0
10000,0.6666,129.95007579820196,9.398305433156565,28.930945488240827,43.01359182973682,23.27791344418855,1.0991426687183996,0.0,71.19819600000002,9.057853704110794,10.47,1.0,85,poisson,0.3,131.16188688060285,2.0,11.398204660415649,decoupled,0
10000,0.6666,129.95007579820196,9.398305433156565,28.930945488240827,43.01359182973682,23.27791344418855,1.0991426687183996,0.0,71.19819600000002,8.012160035172567,10.881,1.0,85,poisson,0.3,131.16188688060285,2.0,11.398204660415649,joint_full,0
10000,0.6666,129.95007579820196,9.398305433156565,28.930945488240827,43.01359182973682,23.27791344418855,1.0991426687183996,0.0,71.19819600000002,7.665600241811386,10.57,1.0,85,poisson,0.3,131.16188688060285,2.0,11.398204660415649,cliffserve,0
10000,0.9997,129.94998739140522,7.913474612054415,14.662731122780125,17.857715173239015,6.853394028722502,1.2866700977869274,0.0,71.19575400000002,7.0898579516212035,8.506,1.0,85,poisson,0.3,131.16188688060285,4.0,22.796409320831298,dense,0
10000,0.9997,129.94998739140522,7.913474612054415,14.662731122780125,17.857715173239015,6.853394028722502,1.2866700977869274,0.0,71.19575400000002,7.298674601132269,8.716,1.0,85,poisson,0.3,131.16188688060285,4.0,22.796409320831298,static_pomt,0
10000,0.9997,129.94998739140522,7.913474612054415,14.662731122780125,17.857715173239015,6.853394028722502,1.2866700977869274,0.0,71.19575400000002,9.026685280494082,10.51,1.0,85,poisson,0.3,131.16188688060285,4.0,22.796409320831298,decoupled,0
10000,0.9997,129.94998739140522,7.913474612054415,14.662731122780125,17.857715173239015,6.853394028722502,1.2866700977869274,0.0,71.19575400000002,7.5967215645908395,9.728449999999999,1.0,85,poisson,0.3,131.16188688060285,4.0,22.796409320831298,joint_full,0
10000,0.9997,129.94998739140522,7.913474612054415,14.662731122780125,17.857715173239015,6.853394028722502,1.2866700977869274,0.0,71.19575400000002,6.878722207925888,8.867,1.0,85,poisson,0.3,131.16188688060285,4.0,22.796409320831298,cliffserve,0
10000,1.0,129.95009952126313,7.915839910507202,14.661223936927126,17.767546867363055,6.857500471798443,1.2873326467559216,0.0,71.19575000000002,7.058263130792997,8.476,1.0,85,poisson,0.3,131.16188688060285,8.0,45.592818641662596,dense,0
10000,1.0,129.95009952126313,7.915839910507202,14.661223936927126,17.767546867363055,6.857500471798443,1.2873326467559216,0.0,71.19575000000002,7.35032131822863,8.787,1.0,85,poisson,0.3,131.16188688060285,8.0,45.592818641662596,static_pomt,0
10000,1.0,129.95009952126313,7.915839910507202,14.661223936927126,17.767546867363055,6.857500471798443,1.2873326467559216,0.0,71.19575000000002,9.132261199794026,10.58,1.0,85,poisson,0.3,131.16188688060285,8.0,45.592818641662596,decoupled,0
10000,1.0,129.95009952126313,7.915839910507202,14.661223936927126,17.767546867363055,6.857500471798443,1.2873326467559216,0.0,71.19575000000002,7.617046601441813,9.719,1.0,85,poisson,0.3,131.16188688060285,8.0,45.592818641662596,joint_full,0
10000,1.0,129.95009952126313,7.915839910507202,14.661223936927126,17.767546867363055,6.857500471798443,1.2873326467559216,0.0,71.19575000000002,6.8503881307929975,8.846,1.0,85,poisson,0.3,131.16188688060285,8.0,45.592818641662596,cliffserve,0
10000,1.0,129.95009952126313,7.915839910507202,14.661223936927126,17.767546867363055,6.857500471798443,1.2873326467559216,0.0,71.19575000000002,7.121258625128733,8.496,1.0,85,poisson,0.3,131.16188688060285,12.0,68.38922796249389,dense,0
10000,1.0,129.95009952126313,7.915839910507202,14.661223936927126,17.767546867363055,6.857500471798443,1.2873326467559216,0.0,71.19575000000002,7.300510813594233,8.707,1.0,85,poisson,0.3,131.16188688060285,12.0,68.38922796249389,static_pomt,0
10000,1.0,129.95009952126313,7.915839910507202,14.661223936927126,17.767546867363055,6.857500471798443,1.2873326467559216,0.0,71.19575000000002,9.124418640576724,10.61,1.0,85,poisson,0.3,131.16188688060285,12.0,68.38922796249389,decoupled,0
10000,1.0,129.95009952126313,7.915839910507202,14.661223936927126,17.767546867363055,6.857500471798443,1.2873326467559216,0.0,71.19575000000002,7.623369335736354,9.768,1.0,85,poisson,0.3,131.16188688060285,12.0,68.38922796249389,joint_full,0
10000,1.0,129.95009952126313,7.915839910507202,14.661223936927126,17.767546867363055,6.857500471798443,1.2873326467559216,0.0,71.19575000000002,6.912725154479918,8.867,1.0,85,poisson,0.3,131.16188688060285,12.0,68.38922796249389,cliffserve,0
10000,0.0011,177.15766978612956,9262.57083199924,17263.12426771115,17826.545830842788,17257.45654944371,1.0002000400080016,0.0,71.19999600000001,35.81017103420684,38.161,1.0,85,poisson,0.6,262.3237737612057,2.0,11.398204660415649,dense,0
10000,0.0011,177.15766978612956,9262.57083199924,17263.12426771115,17826.545830842788,17257.45654944371,1.0002000400080016,0.0,71.19999600000001,36.84463222644529,39.073,1.0,85,poisson,0.6,262.3237737612057,2.0,11.398204660415649,static_pomt,0
10000,0.0011,177.15766978612956,9262.57083199924,17263.12426771115,17826.545830842788,17257.45654944371,1.0002000400080016,0.0,71.19999600000001,37.35745779155831,39.685,1.0,85,poisson,0.6,262.3237737612057,2.0,11.398204660415649,decoupled,0
10000,0.0011,177.15766978612956,9262.57083199924,17263.12426771115,17826.545830842788,17257.45654944371,1.0002000400080016,0.0,71.19999600000001,39.53642338467693,41.68815,1.0,85,poisson,0.6,262.3237737612057,2.0,11.398204660415649,joint_full,0
10000,0.0011,177.15766978612956,9262.57083199924,17263.12426771115,17826.545830842788,17257.45654944371,1.0002000400080016,0.0,71.19999600000001,39.22726825365073,40.77615,1.0,85,poisson,0.6,262.3237737612057,2.0,11.398204660415649,cliffserve,0
10000,0.0154,177.87400074593177,9034.986734242473,17035.968916821566,17599.51651973001,17030.314779329387,1.0067451927917044,0.0,71.19988400000001,35.58460082553106,38.1614,1.0,85,poisson,0.6,262.3237737612057,4.0,22.796409320831298,dense,0
10000,0.0154,177.87400074593177,9034.986734242473,17035.968916821566,17599.51651973001,17030.314779329387,1.0067451927917044,0.0,71.19988400000001,36.765246853921276,39.2876,1.0,85,poisson,0.6,262.3237737612057,4.0,22.796409320831298,static_pomt,0
10000,0.0154,177.87400074593177,9034.986734242473,17035.968916821566,17599.51651973001,17030.314779329387,1.0067451927917044,0.0,71.19988400000001,37.13404480016107,39.625,1.0,85,poisson,0.6,262.3237737612057,4.0,22.796409320831298,decoupled,0
10000,0.0154,177.87400074593177,9034.986734242473,17035.968916821566,17599.51651973001,17030.314779329387,1.0067451927917044,0.0,71.19988400000001,39.211121111446694,41.448,1.0,85,poisson,0.6,262.3237737612057,4.0,22.796409320831298,joint_full,0
10000,0.0154,177.87400074593177,9034.986734242473,17035.968916821566,17599.51651973001,17030.314779329387,1.0067451927917044,0.0,71.19988400000001,39.00958340883923,40.867,1.0,85,poisson,0.6,262.3237737612057,4.0,22.796409320831298,cliffserve,0
10000,1.0,259.87743148734876,13.35178543154234,27.138971200250577,35.60997568411651,13.99571142936038,2.1459227467811157,0.0,71.19154200000001,8.24542896995708,10.249,1.0,85,poisson,0.6,262.3237737612057,8.0,45.592818641662596,dense,0
10000,1.0,259.87743148734876,13.35178543154234,27.138971200250577,35.60997568411651,13.99571142936038,2.1459227467811157,0.0,71.19154200000001,8.582915665236053,10.64,1.0,85,poisson,0.6,262.3237737612057,8.0,45.592818641662596,static_pomt,0
10000,1.0,259.877841027035,13.33070055045846,26.845155828722316,34.94107419402295,14.07287960110115,2.139952921035737,2.1504,71.15167000000002,10.253511448748128,12.333,1.0,85,poisson,0.6,262.3237737612057,8.0,45.592818641662596,decoupled,0
10000,1.0,259.877841027035,13.33070055045846,26.845155828722316,34.94107419402295,14.07287960110115,2.139952921035737,2.1504,71.15167000000002,9.328029959340894,12.263,1.0,85,poisson,0.6,262.3237737612057,8.0,45.592818641662596,joint_full,0
10000,1.0,259.877841027035,13.33070055045846,26.845155828722316,34.94107419402295,14.07287960110115,2.139952921035737,2.1504,71.15167000000002,8.397759469291676,10.981,1.0,85,poisson,0.6,262.3237737612057,8.0,45.592818641662596,cliffserve,0
10000,1.0,259.87824386957806,13.361762912687482,27.149021866769445,35.558260201980616,14.020960464235372,2.1473051320592655,0.0,71.19154800000003,8.28764161477346,10.281799999999997,1.0,85,poisson,0.6,262.3237737612057,12.0,68.38922796249389,dense,0
10000,1.0,259.87824386957806,13.361762912687482,27.149021866769445,35.558260201980616,14.020960464235372,2.1473051320592655,0.0,71.19154800000003,8.492190251234701,10.591999999999999,1.0,85,poisson,0.6,262.3237737612057,12.0,68.38922796249389,static_pomt,0
10000,1.0,259.8775950860144,13.31394942115503,26.779758063353796,34.889965332238795,14.006434658679966,2.1390374331550803,2.1504,71.15166800000002,10.343213262032087,12.363,1.0,85,poisson,0.6,262.3237737612057,12.0,68.38922796249389,decoupled,0
10000,1.0,259.8775950860144,13.31394942115503,26.779758063353796,34.889965332238795,14.006434658679966,2.1390374331550803,2.1504,71.15166800000002,9.351147593582889,12.253,1.0,85,poisson,0.6,262.3237737612057,12.0,68.38922796249389,joint_full,0
10000,1.0,259.8775950860144,13.31394942115503,26.779758063353796,34.889965332238795,14.006434658679966,2.1390374331550803,2.1504,71.15166800000002,8.515735614973261,11.131,1.0,85,poisson,0.6,262.3237737612057,12.0,68.38922796249389,cliffserve,0
10000,0.0002,177.13961722135141,14009.074717762885,26356.21812188512,27343.206642987934,26350.520743011075,1.0,0.0,71.20000000000002,36.189370600000004,38.272,1.0,85,poisson,0.8,349.76503168160764,2.0,11.398204660415649,dense,0
10000,0.0002,177.13961722135141,14009.074717762885,26356.21812188512,27343.206642987934,26350.520743011075,1.0,0.0,71.20000000000002,37.09311629999999,39.11444999999999,1.0,85,poisson,0.8,349.76503168160764,2.0,11.398204660415649,static_pomt,0
10000,0.0002,177.13961722135141,14009.074717762885,26356.21812188512,27343.206642987934,26350.520743011075,1.0,0.0,71.20000000000002,37.5742992,39.67544999999999,1.0,85,poisson,0.8,349.76503168160764,2.0,11.398204660415649,decoupled,0
10000,0.0002,177.13961722135141,14009.074717762885,26356.21812188512,27343.206642987934,26350.520743011075,1.0,0.0,71.20000000000002,39.8431464,41.28849999999999,1.0,85,poisson,0.8,349.76503168160764,2.0,11.398204660415649,joint_full,0
10000,0.0002,177.13961722135141,14009.074717762885,26356.21812188512,27343.206642987934,26350.520743011075,1.0,0.0,71.20000000000002,39.6419566,41.538,1.0,85,poisson,0.8,349.76503168160764,2.0,11.398204660415649,cliffserve,0
10000,0.007,177.58736137016265,13866.494702341972,26213.651536535082,27200.651125943867,26208.06115803583,1.0035122930255895,0.0,71.19994000000001,35.892190265930765,38.2218,1.0,85,poisson,0.8,349.76503168160764,4.0,22.796409320831298,dense,0
10000,0.007,177.58736137016265,13866.494702341972,26213.651536535082,27200.651125943867,26208.06115803583,1.0035122930255895,0.0,71.19994000000001,37.052138484696435,39.174,1.0,85,poisson,0.8,349.76503168160764,4.0,22.796409320831298,static_pomt,0
10000,0.007,177.58736137016265,13866.494702341972,26213.651536535082,27200.651125943867,26208.06115803583,1.0035122930255895,0.0,71.19994000000001,37.39952102358254,39.424,1.0,85,poisson,0.8,349.76503168160764,4.0,22.796409320831298,decoupled,0
10000,0.007,177.58736137016265,13866.494702341972,26213.651536535082,27200.651125943867,26208.06115803583,1.0035122930255895,0.0,71.19994000000001,39.61854691419969,41.09499999999999,1.0,85,poisson,0.8,349.76503168160764,4.0,22.796409320831298,joint_full,0
10000,0.007,177.58736137016265,13866.494702341972,26213.651536535082,27200.651125943867,26208.06115803583,1.0035122930255895,0.0,71.19994000000001,39.55027375815354,41.124399999999994,1.0,85,poisson,0.8,349.76503168160764,4.0,22.796409320831298,cliffserve,0
10000,0.0365,180.13616524747758,13068.872845753276,25416.904109863503,26403.799781936043,25411.31219454215,1.0266940451745379,0.0,71.19965200000003,35.730912731006164,38.061,1.0,85,poisson,0.8,349.76503168160764,8.0,45.592818641662596,dense,0
10000,0.0365,180.13616524747758,13068.872845753276,25416.904109863503,26403.799781936043,25411.31219454215,1.0266940451745379,0.0,71.19965200000003,36.888976283367555,39.114,1.0,85,poisson,0.8,349.76503168160764,8.0,45.592818641662596,static_pomt,0
10000,0.0441,180.8120600303196,12861.797452553355,25210.22805176185,26196.839240334863,25204.540272692902,1.0324179227751393,0.6528,71.18747200000001,37.242022403468916,39.283,1.0,85,poisson,0.8,349.76503168160764,8.0,45.592818641662596,decoupled,0
10000,0.0441,180.8120600303196,12861.797452553355,25210.22805176185,26196.839240334863,25204.540272692902,1.0324179227751393,0.6528,71.18747200000001,39.465858249019206,41.1045,1.0,85,poisson,0.8,349.76503168160764,8.0,45.592818641662596,joint_full,0
10000,0.0441,180.8120600303196,12861.797452553355,25210.22805176185,26196.839240334863,25204.540272692902,1.0324179227751393,0.6528,71.18747200000001,39.2471697295065,40.7135,1.0,85,poisson,0.8,349.76503168160764,8.0,45.592818641662596,cliffserve,0
10000,0.226,199.19274770105392,7758.1736090841605,20106.5166190049,21093.24009775049,20100.841740741424,1.217878455730118,0.0,71.19777600000002,34.479412373645104,37.736000000000004,1.0,85,poisson,0.8,349.76503168160764,12.0,68.38922796249389,dense,0
10000,0.226,199.19274770105392,7758.1736090841605,20106.5166190049,21093.24009775049,20100.841740741424,1.217878455730118,0.0,71.19777600000002,35.582635001826816,39.0485,1.0,85,poisson,0.8,349.76503168160764,12.0,68.38922796249389,static_pomt,0
10000,0.28,205.46502329840095,6225.802359635532,18574.022217681726,19560.698112742397,18568.367802503646,1.2790995139421848,7.104,71.06554400000002,35.34846354566385,39.205349999999996,1.0,85,poisson,0.8,349.76503168160764,12.0,68.38922796249389,decoupled,0
10000,0.28,205.46502329840095,6225.802359635532,18574.022217681726,19560.698112742397,18568.367802503646,1.2790995139421848,7.104,71.06554400000002,37.398829240214894,40.997,1.0,85,poisson,0.8,349.76503168160764,12.0,68.38922796249389,joint_full,0
10000,0.28,205.46502329840095,6225.802359635532,18574.022217681726,19560.698112742397,18568.367802503646,1.2790995139421848,7.104,71.06554400000002,37.103663085188025,40.666,1.0,85,poisson,0.8,349.76503168160764,12.0,68.38922796249389,cliffserve,0
10000,0.0002,177.13961722135141,16254.70885863038,30662.64930664891,31850.292781974724,30656.94214014405,1.0,0.0,71.20000000000002,35.9164958,37.61,1.0,85,poisson,0.95,415.345975121909,2.0,11.398204660415649,dense,0
10000,0.0002,177.13961722135141,16254.70885863038,30662.64930664891,31850.292781974724,30656.94214014405,1.0,0.0,71.20000000000002,37.13194620000001,39.143,1.0,85,poisson,0.95,415.345975121909,2.0,11.398204660415649,static_pomt,0
10000,0.0002,177.13961722135141,16254.70885863038,30662.64930664891,31850.292781974724,30656.94214014405,1.0,0.0,71.20000000000002,37.5676993,39.36449999999999,1.0,85,poisson,0.95,415.345975121909,2.0,11.398204660415649,decoupled,0
10000,0.0002,177.13961722135141,16254.70885863038,30662.64930664891,31850.292781974724,30656.94214014405,1.0,0.0,71.20000000000002,39.795899399999996,41.40705,1.0,85,poisson,0.95,415.345975121909,2.0,11.398204660415649,joint_full,0
10000,0.0002,177.13961722135141,16254.70885863038,30662.64930664891,31850.292781974724,30656.94214014405,1.0,0.0,71.20000000000002,39.613163400000005,41.45705,1.0,85,poisson,0.95,415.345975121909,2.0,11.398204660415649,cliffserve,0
10000,0.0019,177.2770570329302,16210.786058566293,30618.69771041268,31806.4388031215,30613.035628813446,1.0011012113324658,0.0,71.19998200000003,36.04914025427971,37.991,1.0,85,poisson,0.95,415.345975121909,4.0,22.796409320831298,dense,0
10000,0.0019,177.2770570329302,16210.786058566293,30618.69771041268,31806.4388031215,30613.035628813446,1.0011012113324658,0.0,71.19998200000003,37.197980378416254,39.104,1.0,85,poisson,0.95,415.345975121909,4.0,22.796409320831298,static_pomt,0
10000,0.0019,177.2770570329302,16210.786058566293,30618.69771041268,31806.4388031215,30613.035628813446,1.0011012113324658,0.0,71.19998200000003,37.53977655420963,39.414,1.0,85,poisson,0.95,415.345975121909,4.0,22.796409320831298,decoupled,0
10000,0.0019,177.2770570329302,16210.786058566293,30618.69771041268,31806.4388031215,30613.035628813446,1.0011012113324658,0.0,71.19998200000003,40.11758073881269,41.347,1.0,85,poisson,0.95,415.345975121909,4.0,22.796409320831298,joint_full,0
10000,0.0019,177.2770570329302,16210.786058566293,30618.69771041268,31806.4388031215,30613.035628813446,1.0011012113324658,0.0,71.19998200000003,39.781422464711184,41.053000000000004,1.0,85,poisson,0.95,415.345975121909,4.0,22.796409320831298,cliffserve,0
10000,0.0136,178.25654916382058,15900.511689326486,30309.319491785704,31496.878984181338,30303.6775780856,1.0096930533117932,0.0,71.19986800000002,36.01720415993538,38.021,1.0,85,poisson,0.95,415.345975121909,8.0,45.592818641662596,dense,0
10000,0.0136,178.25654916382058,15900.511689326486,30309.319491785704,31496.878984181338,30303.6775780856,1.0096930533117932,0.0,71.19986800000002,37.15207108239095,39.084,1.0,85,poisson,0.95,415.345975121909,8.0,45.592818641662596,static_pomt,0
10000,0.0137,178.26992755717356,15896.261610171518,30305.098634833037,31492.662544581348,30299.45909861916,1.0097950116126426,0.192,71.196308,37.59298889225487,39.665,1.0,85,poisson,0.95,415.345975121909,8.0,45.592818641662596,decoupled,0
10000,0.0137,178.26992755717356,15896.261610171518,30305.098634833037,31492.662544581348,30299.45909861916,1.0097950116126426,0.192,71.196308,39.835402504291636,41.668,1.0,85,poisson,0.95,415.345975121909,8.0,45.592818641662596,joint_full,0
10000,0.0137,178.26992755717356,15896.261610171518,30305.098634833037,31492.662544581348,30299.45909861916,1.0097950116126426,0.192,71.196308,39.53587912753711,41.145999999999994,1.0,85,poisson,0.95,415.345975121909,8.0,45.592818641662596,cliffserve,0
10000,0.0185,178.7232438501094,15753.908392569741,30162.62036628121,31350.69762961095,30156.969657319725,1.0141987829614605,0.0,71.19982000000002,35.867035902636914,37.811,1.0,85,poisson,0.95,415.345975121909,12.0,68.38922796249389,dense,0
10000,0.0185,178.7232438501094,15753.908392569741,30162.62036628121,31350.69762961095,30156.969657319725,1.0141987829614605,0.0,71.19982000000002,37.287436815415816,39.174,1.0,85,poisson,0.95,415.345975121909,12.0,68.38922796249389,static_pomt,0
10000,0.0188,178.7606023276792,15742.217033288201,30150.91650618905,31339.05143793767,30145.285471123396,1.0143016533116949,0.4224,71.191984,37.69534100821585,39.8241,1.0,85,poisson,0.95,415.345975121909,12.0,68.38922796249389,decoupled,0
10000,0.0188,178.7606023276792,15742.217033288201,30150.91650618905,31339.05143793767,30145.285471123396,1.0143016533116949,0.4224,71.191984,39.84789552692971,41.709900000000005,1.0,85,poisson,0.95,415.345975121909,12.0,68.38922796249389,joint_full,0
10000,0.0188,178.7606023276792,15742.217033288201,30150.91650618905,31339.05143793767,30145.285471123396,1.0143016533116949,0.4224,71.191984,39.546764377725935,41.328900000000004,1.0,85,poisson,0.95,415.345975121909,12.0,68.38922796249389,cliffserve,0
10000,0.0002,177.13961722135141,17887.897324715857,33794.59925920445,35128.17361032884,33788.89209269959,1.0,0.0,71.20000000000002,35.8944434,37.791,1.0,85,poisson,1.1,480.9269185622105,2.0,11.398204660415649,dense,0
10000,0.0002,177.13961722135141,17887.897324715857,33794.59925920445,35128.17361032884,33788.89209269959,1.0,0.0,71.20000000000002,36.9613416,38.843,1.0,85,poisson,1.1,480.9269185622105,2.0,11.398204660415649,static_pomt,0
10000,0.0002,177.13961722135141,17887.897324715857,33794.59925920445,35128.17361032884,33788.89209269959,1.0,0.0,71.20000000000002,37.5281542,39.534,1.0,85,poisson,1.1,480.9269185622105,2.0,11.398204660415649,decoupled,0
10000,0.0002,177.13961722135141,17887.897324715857,33794.59925920445,35128.17361032884,33788.89209269959,1.0,0.0,71.20000000000002,39.8623843,41.127,1.0,85,poisson,1.1,480.9269185622105,2.0,11.398204660415649,joint_full,0
10000,0.0002,177.13961722135141,17887.897324715857,33794.59925920445,35128.17361032884,33788.89209269959,1.0,0.0,71.20000000000002,39.5754498,41.689499999999995,1.0,85,poisson,1.1,480.9269185622105,2.0,11.398204660415649,cliffserve,0
10000,0.0017,177.27008068204654,17846.194460068946,33752.8675983854,35086.53956689279,33747.20551678616,1.0011012113324658,0.0,71.19998400000001,36.379057663429776,38.638400000000004,1.0,85,poisson,1.1,480.9269185622105,4.0,22.796409320831298,dense,0
10000,0.0017,177.27008068204654,17846.194460068946,33752.8675983854,35086.53956689279,33747.20551678616,1.0011012113324658,0.0,71.19998400000001,37.335269596556216,39.514,1.0,85,poisson,1.1,480.9269185622105,4.0,22.796409320831298,static_pomt,0
10000,0.0017,177.27008068204654,17846.194460068946,33752.8675983854,35086.53956689279,33747.20551678616,1.0011012113324658,0.0,71.19998400000001,37.76697136850536,39.7746,1.0,85,poisson,1.1,480.9269185622105,4.0,22.796409320831298,decoupled,0
10000,0.0017,177.27008068204654,17846.194460068946,33752.8675983854,35086.53956689279,33747.20551678616,1.0011012113324658,0.0,71.19998400000001,40.13248423265592,41.734,1.0,85,poisson,1.1,480.9269185622105,4.0,22.796409320831298,joint_full,0
10000,0.0017,177.27008068204654,17846.194460068946,33752.8675983854,35086.53956689279,33747.20551678616,1.0011012113324658,0.0,71.19998400000001,39.88600350385424,41.969,1.0,85,poisson,1.1,480.9269185622105,4.0,22.796409320831298,cliffserve,0
10000,0.0076,177.79111250307554,17680.743756209617,33587.70114225823,34921.26532945554,33582.0199580856,1.0058338362502515,0.0,71.19992600000002,36.18273747736874,38.282,1.0,85,poisson,1.1,480.9269185622105,8.0,45.592818641662596,dense,0
10000,0.0076,177.79111250307554,17680.743756209617,33587.70114225823,34921.26532945554,33582.0199580856,1.0058338362502515,0.0,71.19992600000002,37.361791088312216,39.474,1.0,85,poisson,1.1,480.9269185622105,8.0,45.592818641662596,static_pomt,0
10000,0.0077,177.81832436175762,17672.175355111365,33579.116395563666,34912.66457441251,33573.43720020729,1.0060362173038229,0.1536,71.19707600000002,37.806827967806846,39.92405,1.0,85,poisson,1.1,480.9269185622105,8.0,45.592818641662596,decoupled,0
10000,0.0077,177.81832436175762,17672.175355111365,33579.116395563666,34912.66457441251,33573.43720020729,1.0060362173038229,0.1536,71.19707600000002,39.885853722334005,42.09949999999999,1.0,85,poisson,1.1,480.9269185622105,8.0,45.592818641662596,joint_full,0
10000,0.0077,177.81832436175762,17672.175355111365,33579.116395563666,34912.66457441251,33573.43720020729,1.0060362173038229,0.1536,71.19707600000002,39.588187625754536,41.147499999999994,1.0,85,poisson,1.1,480.9269185622105,8.0,45.592818641662596,cliffserve,0
10000,0.0143,178.4051815391102,17486.527132426505,33394.36178123433,34728.20243956964,33388.69232680279,1.0116337885685383,0.0,71.19986000000002,36.393169347496205,38.392,1.0,85,poisson,1.1,480.9269185622105,12.0,68.38922796249389,dense,0
10000,0.0143,178.4051815391102,17486.527132426505,33394.36178123433,34728.20243956964,33388.69232680279,1.0116337885685383,0.0,71.19986000000002,37.63599635811836,39.7348,1.0,85,poisson,1.1,480.9269185622105,12.0,68.38922796249389,static_pomt,0
10000,0.0149,178.50290324108832,17456.022601758246,33363.77607602555,34697.75234795492,33358.106997747,1.0123506782749545,0.4608,71.191308,37.83270894917999,39.784,1.0,85,poisson,1.1,480.9269185622105,12.0,68.38922796249389,decoupled,0
10000,0.0149,178.5086183215866,17454.267081652884,33361.99035765606,34695.98849713247,33356.3345577665,1.0124531740407006,0.4608,71.19132400000002,40.174670446491845,42.189,1.0,85,poisson,1.1,480.9269185622105,12.0,68.38922796249389,joint_full,0
10000,0.0149,178.5086183215866,17454.267081652884,33361.99035765606,34695.98849713247,33356.3345577665,1.0124531740407006,0.4608,71.19132400000002,39.81357922446087,41.89999999999999,1.0,85,poisson,1.1,480.9269185622105,12.0,68.38922796249389,cliffserve,0
10000,0.2224,125.7377814754172,37.91571857188683,146.32360905527048,233.98449327473628,140.70654820321974,1.0357327809425168,0.0,71.19931000000003,9.881710409114447,16.641,1.0,85,onoff,0.3,131.16188688060285,2.0,11.398204660415649,dense,0
10000,0.2224,125.7377814754172,37.91571857188683,146.32360905527048,233.98449327473628,140.70654820321974,1.0357327809425168,0.0,71.19931000000003,10.368624236147076,17.393,1.0,85,onoff,0.3,131.16188688060285,2.0,11.398204660415649,static_pomt,0
10000,0.2224,125.7377814754172,37.91571857188683,146.32360905527048,233.98449327473628,140.70654820321974,1.0357327809425168,0.0,71.19931000000003,11.588469394096323,18.305,1.0,85,onoff,0.3,131.16188688060285,2.0,11.398204660415649,decoupled,0
10000,0.2224,125.7377814754172,37.91571857188683,146.32360905527048,233.98449327473628,140.70654820321974,1.0357327809425168,0.0,71.19931000000003,11.831562402900051,19.617,1.0,85,onoff,0.3,131.16188688060285,2.0,11.398204660415649,joint_full,0
10000,0.2224,125.7377814754172,37.91571857188683,146.32360905527048,233.98449327473628,140.70654820321974,1.0357327809425168,0.0,71.19931000000003,11.521570378042464,19.346,1.0,85,onoff,0.3,131.16188688060285,2.0,11.398204660415649,cliffserve,0
10000,0.8436,125.8665715729707,11.470334500292665,81.58868515002615,143.6052753579026,75.94995482585664,1.447178002894356,0.0,71.19452600000002,8.39460520984081,13.034,1.0,85,onoff,0.3,131.16188688060285,4.0,22.796409320831298,dense,0
10000,0.8436,125.8665715729707,11.470334500292665,81.58868515002615,143.6052753579026,75.94995482585664,1.447178002894356,0.0,71.19452600000002,8.717613458755427,13.816,1.0,85,onoff,0.3,131.16188688060285,4.0,22.796409320831298,static_pomt,0
10000,0.8436,125.8665715729707,11.470334500292665,81.58868515002615,143.6052753579026,75.94995482585664,1.447178002894356,0.0,71.19452600000002,10.450625036179451,14.897549999999999,1.0,85,onoff,0.3,131.16188688060285,4.0,22.796409320831298,decoupled,0
10000,0.8436,125.8665715729707,11.470334500292665,81.58868515002615,143.6052753579026,75.94995482585664,1.447178002894356,0.0,71.19452600000002,9.588684081041968,15.854949999999993,1.0,85,onoff,0.3,131.16188688060285,4.0,22.796409320831298,joint_full,0
10000,0.8436,125.8665715729707,11.470334500292665,81.58868515002615,143.6052753579026,75.94995482585664,1.447178002894356,0.0,71.19452600000002,8.914626772793055,15.659,1.0,85,onoff,0.3,131.16188688060285,4.0,22.796409320831298,cliffserve,0
10000,1.0,125.880738803562,10.585669879783381,21.65207827225222,28.058247529561,11.257838923330194,1.6545334215751157,0.0,71.19327200000002,7.576673560555923,10.009,1.0,85,onoff,0.3,131.16188688060285,8.0,45.592818641662596,dense,0
10000,1.0,125.880738803562,10.585669879783381,21.65207827225222,28.058247529561,11.257838923330194,1.6545334215751157,0.0,71.19327200000002,7.818673891462608,10.329,1.0,85,onoff,0.3,131.16188688060285,8.0,45.592818641662596,static_pomt,0
10000,1.0,125.880738803562,10.595568333797019,21.65167175074384,27.828467869731178,11.229081740334092,1.6545334215751157,0.576,71.18259000000003,9.615426538716083,12.083,1.0,85,onoff,0.3,131.16188688060285,8.0,45.592818641662596,decoupled,0
10000,1.0,125.880738803562,10.595568333797019,21.65167175074384,27.828467869731178,11.229081740334092,1.6545334215751157,0.576,71.18259000000003,8.381059894109862,12.032,1.0,85,onoff,0.3,131.16188688060285,8.0,45.592818641662596,joint_full,0
10000,1.0,125.880738803562,10.595568333797019,21.65167175074384,27.828467869731178,11.229081740334092,1.6545334215751157,0.576,71.18259000000003,7.562744705493051,10.79,1.0,85,onoff,0.3,131.16188688060285,8.0,45.592818641662596,cliffserve,0
10000,1.0,125.880738803562,10.609152988876303,21.645914261587855,28.260712045626732,11.18787947940399,1.6545334215751157,0.0,71.19327400000002,7.563043348775645,10.009,1.0,85,onoff,0.3,131.16188688060285,12.0,68.38922796249389,dense,0
10000,1.0,125.880738803562,10.609152988876303,21.645914261587855,28.260712045626732,11.18787947940399,1.6545334215751157,0.0,71.19327400000002,7.8784247187293195,10.389,1.0,85,onoff,0.3,131.16188688060285,12.0,68.38922796249389,static_pomt,0
10000,1.0,125.880738803562,10.612127980217338,21.635162000607306,27.84997211880008,11.177616566214601,1.6545334215751157,0.6144,71.18188000000002,9.620723031105227,12.103,1.0,85,onoff,0.3,131.16188688060285,12.0,68.38922796249389,decoupled,0
10000,1.0,125.880738803562,10.612127980217338,21.635162000607306,27.84997211880008,11.177616566214601,1.6545334215751157,0.6144,71.18188000000002,8.34360820648577,11.983,1.0,85,onoff,0.3,131.16188688060285,12.0,68.38922796249389,joint_full,0
10000,1.0,125.880738803562,10.612127980217338,21.635162000607306,27.84997211880008,11.177616566214601,1.6545334215751157,0.6144,71.18188000000002,7.599578755790868,10.80085,1.0,85,onoff,0.3,131.16188688060285,12.0,68.38922796249389,cliffserve,0
10000,0.0015,176.6401868601418,7667.266824302007,14465.678222736642,14919.13417704247,14460.007949265762,1.000100010001,0.0,71.19999800000002,35.848356835683575,37.76200000000001,1.0,85,onoff,0.6,262.3237737612057,2.0,11.398204660415649,dense,0
10000,0.0015,176.6401868601418,7667.266824302007,14465.678222736642,14919.13417704247,14460.007949265762,1.000100010001,0.0,71.19999800000002,37.013626062606264,38.9431,1.0,85,onoff,0.6,262.3237737612057,2.0,11.398204660415649,static_pomt,0
10000,0.0015,176.6401868601418,7667.266824302007,14465.678222736642,14919.13417704247,14460.007949265762,1.000100010001,0.0,71.19999800000002,37.34768776877687,38.48500000000001,1.0,85,onoff,0.6,262.3237737612057,2.0,11.398204660415649,decoupled,0
10000,0.0015,176.6401868601418,7667.266824302007,14465.678222736642,14919.13417704247,14460.007949265762,1.000100010001,0.0,71.19999800000002,39.78370897089709,41.998,1.0,85,onoff,0.6,262.3237737612057,2.0,11.398204660415649,joint_full,0
10000,0.0015,176.6401868601418,7667.266824302007,14465.678222736642,14919.13417704247,14460.007949265762,1.000100010001,0.0,71.19999800000002,39.363802880288034,40.85090000000002,1.0,85,onoff,0.6,262.3237737612057,2.0,11.398204660415649,cliffserve,0
10000,0.0049,176.90023173584459,7583.865927752782,14382.257587870881,14835.671873752102,14376.629420050904,1.0022048506714774,0.0,71.19996400000001,35.834378232110645,37.831,1.0,85,onoff,0.6,262.3237737612057,4.0,22.796409320831298,dense,0
10000,0.0049,176.90023173584459,7583.865927752782,14382.257587870881,14835.671873752102,14376.629420050904,1.0022048506714774,0.0,71.19996400000001,36.93134245339748,38.983,1.0,85,onoff,0.6,262.3237737612057,4.0,22.796409320831298,static_pomt,0
10000,0.0049,176.90023173584459,7583.865927752782,14382.257587870881,14835.671873752102,14376.629420050904,1.0022048506714774,0.0,71.19996400000001,37.44680617358189,39.444,1.0,85,onoff,0.6,262.3237737612057,4.0,22.796409320831298,decoupled,0
10000,0.0049,176.90023173584459,7583.865927752782,14382.257587870881,14835.671873752102,14376.629420050904,1.0022048506714774,0.0,71.19996400000001,39.68049919823613,40.977,1.0,85,onoff,0.6,262.3237737612057,4.0,22.796409320831298,joint_full,0
10000,0.0049,176.90023173584459,7583.865927752782,14382.257587870881,14835.671873752102,14376.629420050904,1.0022048506714774,0.0,71.19996400000001,39.35483383443576,41.047,1.0,85,onoff,0.6,262.3237737612057,4.0,22.796409320831298,cliffserve,0
10000,0.0106,177.4095894677381,7421.57434373789,14220.468654140755,14673.398495956882,14214.81807635717,1.006947940791461,0.0,71.19990800000004,35.833828315376095,37.841,1.0,85,onoff,0.6,262.3237737612057,8.0,45.592818641662596,dense,0
10000,0.0106,177.4095894677381,7421.57434373789,14220.468654140755,14673.398495956882,14214.81807635717,1.006947940791461,0.0,71.19990800000004,36.982977545060926,38.948,1.0,85,onoff,0.6,262.3237737612057,8.0,45.592818641662596,static_pomt,0
10000,0.0119,177.54258246840578,7379.442137059499,14178.545675906464,14631.252321683392,14172.841888579651,1.0080645161290323,0.192,71.19633400000001,37.34621673387097,38.76349999999999,1.0,85,onoff,0.6,262.3237737612057,8.0,45.592818641662596,decoupled,0
10000,0.0119,177.54258246840578,7379.442137059499,14178.545675906464,14631.252321683392,14172.841888579651,1.0080645161290323,0.192,71.19633400000001,39.72549929435483,41.217,1.0,85,onoff,0.6,262.3237737612057,8.0,45.592818641662596,joint_full,0
10000,0.0119,177.54258246840578,7379.442137059499,14178.545675906464,14631.252321683392,14172.841888579651,1.0080645161290323,0.192,71.19633400000001,39.30914989919355,41.037,1.0,85,onoff,0.6,262.3237737612057,8.0,45.592818641662596,cliffserve,0
10000,0.0227,178.42897353681062,7099.905335850466,13898.1971792971,14351.793868690322,13892.618768266331,1.017087062652563,0.0,71.19979000000001,35.73069894222946,37.39449999999999,1.0,85,onoff,0.6,262.3237737612057,12.0,68.38922796249389,dense,0
10000,0.0227,178.42897353681062,7099.905335850466,13898.1971792971,14351.793868690322,13892.618768266331,1.017087062652563,0.0,71.19979000000001,36.79685954027665,38.80704999999999,1.0,85,onoff,0.6,262.3237737612057,12.0,68.38922796249389,static_pomt,0
10000,0.0352,179.64627048480307,6719.9142322143925,13518.439748362194,13971.475099755118,13512.75828771938,1.0283833813245578,1.1136,71.17901600000002,37.44745680789798,39.49485,1.0,85,onoff,0.6,262.3237737612057,12.0,68.38922796249389,decoupled,0
10000,0.0352,179.64627048480307,6719.9142322143925,13518.439748362194,13971.475099755118,13512.75828771938,1.0283833813245578,1.1136,71.17901600000002,39.634657754010696,41.736650000000004,1.0,85,onoff,0.6,262.3237737612057,12.0,68.38922796249389,joint_full,0
10000,0.0352,179.64627048480307,6719.9142322143925,13518.439748362194,13971.475099755118,13512.75828771938,1.0283833813245578,1.1136,71.17901600000002,39.240271184697654,40.601500000000016,1.0,85,onoff,0.6,262.3237737612057,12.0,68.38922796249389,cliffserve,0
10000,0.006,175.69429461916224,12074.00994896998,24522.53187655288,25522.817465343065,24516.87325738746,1.000300090027008,0.0,71.19999400000002,35.47662358707612,37.991,1.0,85,onoff,0.8,349.76503168160764,2.0,11.398204660415649,dense,0
10000,0.006,175.69429461916224,12074.00994896998,24522.53187655288,25522.817465343065,24516.87325738746,1.000300090027008,0.0,71.19999400000002,36.68845103531059,39.274,1.0,85,onoff,0.8,349.76503168160764,2.0,11.398204660415649,static_pomt,0
10000,0.006,175.69429461916224,12074.00994896998,24522.53187655288,25522.817465343065,24516.87325738746,1.000300090027008,0.0,71.19999400000002,37.05462658797639,39.5542,1.0,85,onoff,0.8,349.76503168160764,2.0,11.398204660415649,decoupled,0
10000,0.006,175.69429461916224,12074.00994896998,24522.53187655288,25522.817465343065,24516.87325738746,1.000300090027008,0.0,71.19999400000002,39.06863178953686,41.09979999999999,1.0,85,onoff,0.8,349.76503168160764,2.0,11.398204660415649,joint_full,0
10000,0.006,175.69429461916224,12074.00994896998,24522.53187655288,25522.817465343065,24516.87325738746,1.000300090027008,0.0,71.19999400000002,38.8233266980094,41.32999999999999,1.0,85,onoff,0.8,349.76503168160764,2.0,11.398204660415649,cliffserve,0
10000,0.0129,175.77530596833472,12047.629565716883,24496.274341619788,25496.54208815844,24490.605796087562,1.003814495081309,0.0,71.19994000000001,35.17775205781972,37.82049999999999,1.0,85,onoff,0.8,349.76503168160764,4.0,22.796409320831298,dense,0
10000,0.0129,175.77530596833472,12047.629565716883,24496.274341619788,25496.54208815844,24490.605796087562,1.003814495081309,0.0,71.19994000000001,36.56468871712507,39.174,1.0,85,onoff,0.8,349.76503168160764,4.0,22.796409320831298,static_pomt,0
10000,0.0129,175.77530596833472,12047.629565716883,24496.274341619788,25496.54208815844,24490.605796087562,1.003814495081309,0.0,71.19994000000001,36.862962457337886,39.414,1.0,85,onoff,0.8,349.76503168160764,4.0,22.796409320831298,decoupled,0
10000,0.0129,175.77530596833472,12047.629565716883,24496.274341619788,25496.54208815844,24490.605796087562,1.003814495081309,0.0,71.19994000000001,39.17644358562538,41.618,1.0,85,onoff,0.8,349.76503168160764,4.0,22.796409320831298,joint_full,0
10000,0.0129,175.77530596833472,12047.629565716883,24496.274341619788,25496.54208815844,24490.605796087562,1.003814495081309,0.0,71.19994000000001,39.03506213611725,41.638,1.0,85,onoff,0.8,349.76503168160764,4.0,22.796409320831298,cliffserve,0
10000,0.0298,176.2672255490897,11888.524016584915,24337.93363104029,25337.730216315234,24332.28787579699,1.015744032503809,0.0,71.19978600000002,35.34905992889792,37.92899999999999,1.0,85,onoff,0.8,349.76503168160764,8.0,45.592818641662596,dense,0
10000,0.0298,176.2672255490897,11888.524016584915,24337.93363104029,25337.730216315234,24332.28787579699,1.015744032503809,0.0,71.19978600000002,36.521386490604364,38.913,1.0,85,onoff,0.8,349.76503168160764,8.0,45.592818641662596,static_pomt,0
10000,0.0303,176.29576468312635,11879.248176779312,24328.67281413241,25328.425435660327,24323.02195663615,1.0163634515702815,0.3072,71.194084,36.99724839922756,39.2349,1.0,85,onoff,0.8,349.76503168160764,8.0,45.592818641662596,decoupled,0
10000,0.0303,176.29576468312635,11879.248176779312,24328.67281413241,25328.425435660327,24323.02195663615,1.0163634515702815,0.3072,71.194084,39.152446183555234,41.499,1.0,85,onoff,0.8,349.76503168160764,8.0,45.592818641662596,joint_full,0
10000,0.0303,176.29576468312635,11879.248176779312,24328.67281413241,25328.425435660327,24323.02195663615,1.0163634515702815,0.3072,71.194084,38.79321567232443,41.348,1.0,85,onoff,0.8,349.76503168160764,8.0,45.592818641662596,cliffserve,0
10000,0.0391,176.39719636562205,11845.955856766266,24295.495095278457,25295.303869164432,24289.838626600937,1.0228086325048584,0.0,71.199712,35.49649759639972,37.951,1.0,85,onoff,0.8,349.76503168160764,12.0,68.38922796249389,dense,0
10000,0.0391,176.39719636562205,11845.955856766266,24295.495095278457,25295.303869164432,24289.838626600937,1.0228086325048584,0.0,71.199712,37.067607855170294,39.604,1.0,85,onoff,0.8,349.76503168160764,12.0,68.38922796249389,static_pomt,0
10000,0.0396,176.43196090085374,11834.808688368363,24284.572517420485,25284.34550487324,24278.942491652208,1.0235414534288638,0.6912,71.18694,37.24278741044013,39.47499999999999,1.0,85,onoff,0.8,349.76503168160764,12.0,68.38922796249389,decoupled,0
10000,0.0398,176.43130834864095,11834.833826984925,24284.656697251037,25284.39625968739,24278.978113080695,1.0238558410975735,0.7296,71.18624200000002,39.41178458073103,42.08299999999998,1.0,85,onoff,0.8,349.76503168160764,12.0,68.38922796249389,joint_full,0
10000,0.0398,176.43130834864095,11834.833826984925,24284.656697251037,25284.39625968739,24278.978113080695,1.0238558410975735,0.7296,71.18624200000002,39.14722197194635,41.56499999999999,1.0,85,onoff,0.8,349.76503168160764,12.0,68.38922796249389,cliffserve,0
10000,0.002,176.7536603371127,16656.845403196556,29752.68197916768,31129.069256868916,29747.027396953326,1.000300090027008,0.0,71.19999400000002,36.18572181654496,38.122,1.0,85,onoff,0.95,415.345975121909,2.0,11.398204660415649,dense,0
10000,0.002,176.7536603371127,16656.845403196556,29752.68197916768,31129.069256868916,29747.027396953326,1.000300090027008,0.0,71.19999400000002,37.21343693107933,39.123,1.0,85,onoff,0.95,415.345975121909,2.0,11.398204660415649,static_pomt,0
10000,0.002,176.7536603371127,16656.845403196556,29752.68197916768,31129.069256868916,29747.027396953326,1.000300090027008,0.0,71.19999400000002,37.74809482844853,39.624,1.0,85,onoff,0.95,415.345975121909,2.0,11.398204660415649,decoupled,0
10000,0.002,176.7536603371127,16656.845403196556,29752.68197916768,31129.069256868916,29747.027396953326,1.000300090027008,0.0,71.19999400000002,40.08358677603281,41.969,1.0,85,onoff,0.95,415.345975121909,2.0,11.398204660415649,joint_full,0
10000,0.002,176.7536603371127,16656.845403196556,29752.68197916768,31129.069256868916,29747.027396953326,1.000300090027008,0.0,71.19999400000002,39.750960188056425,41.66079999999999,1.0,85,onoff,0.95,415.345975121909,2.0,11.398204660415649,cliffserve,0
10000,0.0034,176.86979443812325,16619.55244350646,29715.461827147225,31091.874910140592,29709.826911747674,1.001401962747847,0.0,71.19997800000003,36.205346485079104,37.661,1.0,85,onoff,0.95,415.345975121909,4.0,22.796409320831298,dense,0
10000,0.0034,176.86979443812325,16619.55244350646,29715.461827147225,31091.874910140592,29709.826911747674,1.001401962747847,0.0,71.19997800000003,37.28427668736231,39.234,1.0,85,onoff,0.95,415.345975121909,4.0,22.796409320831298,static_pomt,0
10000,0.0034,176.86979443812325,16619.55244350646,29715.461827147225,31091.874910140592,29709.826911747674,1.001401962747847,0.0,71.19997800000003,37.70526467053875,39.39125,1.0,85,onoff,0.95,415.345975121909,4.0,22.796409320831298,decoupled,0
10000,0.0034,176.86979443812325,16619.55244350646,29715.461827147225,31091.874910140592,29709.826911747674,1.001401962747847,0.0,71.19997800000003,40.057544161826556,41.989,1.0,85,onoff,0.95,415.345975121909,4.0,22.796409320831298,joint_full,0
10000,0.0034,176.86979443812325,16619.55244350646,29715.461827147225,31091.874910140592,29709.826911747674,1.001401962747847,0.0,71.19997800000003,39.614974464249954,41.478,1.0,85,onoff,0.95,415.345975121909,4.0,22.796409320831298,cliffserve,0
10000,0.0054,177.0517598735367,16561.40649152015,29657.466996515017,31033.59689823683,29651.812475025872,1.0031096398836392,0.0,71.19995800000004,36.10055301434448,37.9474,1.0,85,onoff,0.95,415.345975121909,8.0,45.592818641662596,dense,0
10000,0.0054,177.0517598735367,16561.40649152015,29657.466996515017,31033.59689823683,29651.812475025872,1.0031096398836392,0.0,71.19995800000004,37.3745819039021,39.2436,1.0,85,onoff,0.95,415.345975121909,8.0,45.592818641662596,static_pomt,0
10000,0.0055,177.05496057078878,16560.38546681617,29656.445971811037,31032.57587353285,29650.791450321893,1.0031096398836392,0.0768,71.19853400000001,37.81443906108937,39.5146,1.0,85,onoff,0.95,415.345975121909,8.0,45.592818641662596,decoupled,0
10000,0.0055,177.05496057078878,16560.38546681617,29656.445971811037,31032.57587353285,29650.791450321893,1.0031096398836392,0.0768,71.19853400000001,40.06952352292106,41.358,1.0,85,onoff,0.95,415.345975121909,8.0,45.592818641662596,joint_full,0
10000,0.0055,177.05496057078878,16560.38546681617,29656.445971811037,31032.57587353285,29650.791450321893,1.0031096398836392,0.0768,71.19853400000001,39.785286889357,41.147600000000004,1.0,85,onoff,0.95,415.345975121909,8.0,45.592818641662596,cliffserve,0
10000,0.0069,177.18633660065788,16518.413274290306,29614.930809414607,30990.764905129032,29609.271233427742,1.004419445560466,0.0,71.19994400000002,36.29114714744877,38.264250000000004,1.0,85,onoff,0.95,415.345975121909,12.0,68.38922796249389,dense,0
10000,0.0069,177.18633660065788,16518.413274290306,29614.930809414607,30990.764905129032,29609.271233427742,1.004419445560466,0.0,71.19994400000002,37.48971434310968,39.304,1.0,85,onoff,0.95,415.345975121909,12.0,68.38922796249389,static_pomt,0
10000,0.007,177.2067060074085,16511.867674114448,29608.407649386147,30984.347117214755,29602.775196659783,1.0045203415369162,0.1536,71.19709400000002,37.707975489703664,38.885999999999996,1.0,85,onoff,0.95,415.345975121909,12.0,68.38922796249389,decoupled,0
10000,0.007,177.2067060074085,16511.867674114448,29608.407649386147,30984.347117214755,29602.775196659783,1.0045203415369162,0.1536,71.19709400000002,40.03314796584631,41.878299999999996,1.0,85,onoff,0.95,415.345975121909,12.0,68.38922796249389,joint_full,0
10000,0.007,177.2067060074085,16511.867674114448,29608.407649386147,30984.347117214755,29602.775196659783,1.0045203415369162,0.1536,71.19709400000002,39.77929693621296,41.28069999999999,1.0,85,onoff,0.95,415.345975121909,12.0,68.38922796249389,cliffserve,0
10000,0.0021,176.8022899045922,17002.435581781552,33232.47755126048,34417.256564522126,33226.90139268924,1.0004001600640255,0.0,71.19999200000001,35.86253231292517,37.192499999999995,1.0,85,onoff,1.1,480.9269185622105,2.0,11.398204660415649,dense,0
10000,0.0021,176.8022899045922,17002.435581781552,33232.47755126048,34417.256564522126,33226.90139268924,1.0004001600640255,0.0,71.19999200000001,37.3130893357343,39.244,1.0,85,onoff,1.1,480.9269185622105,2.0,11.398204660415649,static_pomt,0
10000,0.0021,176.8022899045922,17002.435581781552,33232.47755126048,34417.256564522126,33226.90139268924,1.0004001600640255,0.0,71.19999200000001,37.824401060424165,39.935,1.0,85,onoff,1.1,480.9269185622105,2.0,11.398204660415649,decoupled,0
10000,0.0021,176.8022899045922,17002.435581781552,33232.47755126048,34417.256564522126,33226.90139268924,1.0004001600640255,0.0,71.19999200000001,39.87239465786315,41.63825,1.0,85,onoff,1.1,480.9269185622105,2.0,11.398204660415649,joint_full,0
10000,0.0021,176.8022899045922,17002.435581781552,33232.47755126048,34417.256564522126,33226.90139268924,1.0004001600640255,0.0,71.19999200000001,39.634872048819524,41.430499999999995,1.0,85,onoff,1.1,480.9269185622105,2.0,11.398204660415649,cliffserve,0
10000,0.0034,176.8841036177983,16976.127565958188,33206.18853169966,34390.91524075065,33200.50993668128,1.001201441730076,0.0,71.19998000000002,36.15347106527833,37.9475,1.0,85,onoff,1.1,480.9269185622105,4.0,22.796409320831298,dense,0
10000,0.0034,176.8841036177983,16976.127565958188,33206.18853169966,34390.91524075065,33200.50993668128,1.001201441730076,0.0,71.19998000000002,37.07577332799359,39.00365,1.0,85,onoff,1.1,480.9269185622105,4.0,22.796409320831298,static_pomt,0
10000,0.0034,176.8841036177983,16976.127565958188,33206.18853169966,34390.91524075065,33200.50993668128,1.001201441730076,0.0,71.19998000000002,37.48361553864637,39.464,1.0,85,onoff,1.1,480.9269185622105,4.0,22.796409320831298,decoupled,0
10000,0.0034,176.8841036177983,16976.127565958188,33206.18853169966,34390.91524075065,33200.50993668128,1.001201441730076,0.0,71.19998000000002,39.89690798958751,41.678,1.0,85,onoff,1.1,480.9269185622105,4.0,22.796409320831298,joint_full,0
10000,0.0034,176.8841036177983,16976.127565958188,33206.18853169966,34390.91524075065,33200.50993668128,1.001201441730076,0.0,71.19998000000002,39.34294022827393,40.91665,1.0,85,onoff,1.1,480.9269185622105,4.0,22.796409320831298,cliffserve,0
10000,0.0052,177.0458063541712,16924.604492761777,33154.61463116694,34339.21868782554,33148.93937667895,1.002707309736288,0.0,71.19996200000001,36.05996239847588,38.161,1.0,85,onoff,1.1,480.9269185622105,8.0,45.592818641662596,dense,0
10000,0.0052,177.0458063541712,16924.604492761777,33154.61463116694,34339.21868782554,33148.93937667895,1.002707309736288,0.0,71.19996200000001,37.37218730572546,39.408,1.0,85,onoff,1.1,480.9269185622105,8.0,45.592818641662596,static_pomt,0
10000,0.0053,177.0640044994276,16918.846188404248,33148.83748849917,34333.46204083476,33143.14919232417,1.0028078620136383,0.0768,71.198536,37.651866526273565,39.805,1.0,85,onoff,1.1,480.9269185622105,8.0,45.592818641662596,decoupled,0
10000,0.0053,177.0640044994276,16918.846188404248,33148.83748849917,34333.46204083476,33143.14919232417,1.0028078620136383,0.0768,71.198536,39.79658152827919,41.98845,1.0,85,onoff,1.1,480.9269185622105,8.0,45.592818641662596,joint_full,0
10000,0.0053,177.0640044994276,16918.846188404248,33148.83748849917,34333.46204083476,33143.14919232417,1.0028078620136383,0.0768,71.198536,39.49501875250702,41.55304999999999,1.0,85,onoff,1.1,480.9269185622105,8.0,45.592818641662596,cliffserve,0
10000,0.0116,177.57301103993655,16757.072652643496,32987.70992782748,34172.133753439404,32982.05022705234,1.007759750075582,0.0,71.19990000000003,35.66782616144312,38.212,1.0,85,onoff,1.1,480.9269185622105,12.0,68.38922796249389,dense,0
10000,0.0116,177.57301103993655,16757.072652643496,32987.70992782748,34172.133753439404,32982.05022705234,1.007759750075582,0.0,71.19990000000003,37.2596524236622,39.394,1.0,85,onoff,1.1,480.9269185622105,12.0,68.38922796249389,static_pomt,0
10000,0.0117,177.5785888329227,16755.29797918158,32985.933777696264,34170.36898617886,32980.30039537586,1.0078613182826044,0.3072,71.19420400000003,37.70765299334811,39.885,1.0,85,onoff,1.1,480.9269185622105,12.0,68.38922796249389,decoupled,0
10000,0.0125,177.60710804899844,16746.378893917376,32976.72797992862,34161.3339214959,32971.08949528373,1.0085728693898135,0.3072,71.19423000000003,39.82223499747857,41.979,1.0,85,onoff,1.1,480.9269185622105,12.0,68.38922796249389,joint_full,0
10000,0.0125,177.60710804899844,16746.378893917376,32976.72797992862,34161.3339214959,32971.08949528373,1.0085728693898135,0.3072,71.19423000000003,39.63014795763994,41.66199999999999,1.0,85,onoff,1.1,480.9269185622105,12.0,68.38922796249389,cliffserve,0
10000,0.6637,131.44741851071115,9.39540160028264,29.282117764916972,51.88128721910523,23.66451143657385,1.0938525486764383,0.0,71.19828400000002,7.243792168015751,8.786,1.0,86,poisson,0.3,131.16188688060285,2.0,11.398204660415649,dense,0
10000,0.6637,131.44741851071115,9.39540160028264,29.282117764916972,51.88128721910523,23.66451143657385,1.0938525486764383,0.0,71.19828400000002,7.53441774228834,9.278,1.0,86,poisson,0.3,131.16188688060285,2.0,11.398204660415649,static_pomt,0
10000,0.6637,131.44741851071115,9.39540160028264,29.282117764916972,51.88128721910523,23.66451143657385,1.0938525486764383,0.0,71.19828400000002,9.046243491577336,10.519,1.0,86,poisson,0.3,131.16188688060285,2.0,11.398204660415649,decoupled,0
10000,0.6637,131.44741851071115,9.39540160028264,29.282117764916972,51.88128721910523,23.66451143657385,1.0938525486764383,0.0,71.19828400000002,8.091697221614526,11.02,1.0,86,poisson,0.3,131.16188688060285,2.0,11.398204660415649,joint_full,0
10000,0.6637,131.44741851071115,9.39540160028264,29.282117764916972,51.88128721910523,23.66451143657385,1.0938525486764383,0.0,71.19828400000002,7.653337891052287,10.58,1.0,86,poisson,0.3,131.16188688060285,2.0,11.398204660415649,cliffserve,0
10000,0.9997,131.44760047410037,7.9079867614800605,14.509640966406002,18.16939785667466,6.808609222370976,1.2851818532322323,0.0,71.19576200000002,7.158825857858887,8.596,1.0,86,poisson,0.3,131.16188688060285,4.0,22.796409320831298,dense,0
10000,0.9997,131.44760047410037,7.9079867614800605,14.509640966406002,18.16939785667466,6.808609222370976,1.2851818532322323,0.0,71.19576200000002,7.398983035599538,8.847,1.0,86,poisson,0.3,131.16188688060285,4.0,22.796409320831298,static_pomt,0
10000,0.9997,131.44760047410037,7.9079867614800605,14.509640966406002,18.16939785667466,6.808609222370976,1.2851818532322323,0.0,71.19576200000002,9.147270016707363,10.62,1.0,86,poisson,0.3,131.16188688060285,4.0,22.796409320831298,decoupled,0
10000,0.9997,131.44760047410037,7.9079867614800605,14.509640966406002,18.16939785667466,6.808609222370976,1.2851818532322323,0.0,71.19576200000002,7.758309728826628,9.868,1.0,86,poisson,0.3,131.16188688060285,4.0,22.796409320831298,joint_full,0
10000,0.9997,131.44760047410037,7.9079867614800605,14.509640966406002,18.16939785667466,6.808609222370976,1.2851818532322323,0.0,71.19576200000002,6.9518912736152165,8.957,1.0,86,poisson,0.3,131.16188688060285,4.0,22.796409320831298,cliffserve,0
10000,1.0,131.4474547268693,7.907072067260742,14.46865945724694,18.02940579224769,6.755318027483005,1.2863390789812195,0.0,71.19575600000003,7.165194494468742,8.596,1.0,86,poisson,0.3,131.16188688060285,8.0,45.592818641662596,dense,0
10000,1.0,131.4474547268693,7.907072067260742,14.46865945724694,18.02940579224769,6.755318027483005,1.2863390789812195,0.0,71.19575600000003,7.391917288397221,8.837,1.0,86,poisson,0.3,131.16188688060285,8.0,45.592818641662596,static_pomt,0
10000,1.0,131.4474547268693,7.907072067260742,14.46865945724694,18.02940579224769,6.755318027483005,1.2863390789812195,0.0,71.19575600000003,9.129147414458451,10.62,1.0,86,poisson,0.3,131.16188688060285,8.0,45.592818641662596,decoupled,0
10000,1.0,131.4474547268693,7.907072067260742,14.46865945724694,18.02940579224769,6.755318027483005,1.2863390789812195,0.0,71.19575600000003,7.6848606894777465,9.848,1.0,86,poisson,0.3,131.16188688060285,8.0,45.592818641662596,joint_full,0
10000,1.0,131.4474547268693,7.907072067260742,14.46865945724694,18.02940579224769,6.755318027483005,1.2863390789812195,0.0,71.19575600000003,6.891888217134036,8.897,1.0,86,poisson,0.3,131.16188688060285,8.0,45.592818641662596,cliffserve,0
10000,1.0,131.4474547268693,7.907072067260742,14.46865945724694,18.02940579224769,6.755318027483005,1.2863390789812195,0.0,71.19575600000003,7.158280550553125,8.596,1.0,86,poisson,0.3,131.16188688060285,12.0,68.38922796249389,dense,0
10000,1.0,131.4474547268693,7.907072067260742,14.46865945724694,18.02940579224769,6.755318027483005,1.2863390789812195,0.0,71.19575600000003,7.413454463596605,8.886349999999998,1.0,86,poisson,0.3,131.16188688060285,12.0,68.38922796249389,static_pomt,0
10000,1.0,131.4474547268693,7.907072067260742,14.46865945724694,18.02940579224769,6.755318027483005,1.2863390789812195,0.0,71.19575600000003,9.128231026498586,10.61,1.0,86,poisson,0.3,131.16188688060285,12.0,68.38922796249389,decoupled,0
10000,1.0,131.4474547268693,7.907072067260742,14.46865945724694,18.02940579224769,6.755318027483005,1.2863390789812195,0.0,71.19575600000003,7.648214561358374,9.798,1.0,86,poisson,0.3,131.16188688060285,12.0,68.38922796249389,joint_full,0
10000,1.0,131.4474547268693,7.907072067260742,14.46865945724694,18.02940579224769,6.755318027483005,1.2863390789812195,0.0,71.19575600000003,6.948685618729097,8.997,1.0,86,poisson,0.3,131.16188688060285,12.0,68.38922796249389,cliffserve,0
10000,0.0003,177.18061849162387,9115.584627269222,17538.98503039474,18321.34617051588,17533.353289514725,1.000100010001,0.0,71.19999800000002,35.687431543154325,37.812000000000005,1.0,86,poisson,0.6,262.3237737612057,2.0,11.398204660415649,dense,0
10000,0.0003,177.18061849162387,9115.584627269222,17538.98503039474,18321.34617051588,17533.353289514725,1.000100010001,0.0,71.19999800000002,37.09609250925092,39.183,1.0,86,poisson,0.6,262.3237737612057,2.0,11.398204660415649,static_pomt,0
10000,0.0003,177.18061849162387,9115.584627269222,17538.98503039474,18321.34617051588,17533.353289514725,1.000100010001,0.0,71.19999800000002,37.383137313731375,39.524,1.0,86,poisson,0.6,262.3237737612057,2.0,11.398204660415649,decoupled,0
10000,0.0003,177.18061849162387,9115.584627269222,17538.98503039474,18321.34617051588,17533.353289514725,1.000100010001,0.0,71.19999800000002,39.65323052305231,41.538,1.0,86,poisson,0.6,262.3237737612057,2.0,11.398204660415649,joint_full,0
10000,0.0003,177.18061849162387,9115.584627269222,17538.98503039474,18321.34617051588,17533.353289514725,1.000100010001,0.0,71.19999800000002,39.299589558955894,41.2571,1.0,86,poisson,0.6,262.3237737612057,2.0,11.398204660415649,cliffserve,0
10000,0.0033,177.3609665496905,9058.024529405942,17481.130322317225,18263.972432871873,17475.490167097192,1.0017028949213662,0.0,71.19997000000002,35.811883702293905,37.951,1.0,86,poisson,0.6,262.3237737612057,4.0,22.796409320831298,dense,0
10000,0.0033,177.3609665496905,9058.024529405942,17481.130322317225,18263.972432871873,17475.490167097192,1.0017028949213662,0.0,71.19997000000002,36.944057798257035,39.154,1.0,86,poisson,0.6,262.3237737612057,4.0,22.796409320831298,static_pomt,0
10000,0.0033,177.3609665496905,9058.024529405942,17481.130322317225,18263.972432871873,17475.490167097192,1.0017028949213662,0.0,71.19997000000002,37.388884002804765,39.753099999999996,1.0,86,poisson,0.6,262.3237737612057,4.0,22.796409320831298,decoupled,0
10000,0.0033,177.3609665496905,9058.024529405942,17481.130322317225,18263.972432871873,17475.490167097192,1.0017028949213662,0.0,71.19997000000002,39.53557147150155,41.8289,1.0,86,poisson,0.6,262.3237737612057,4.0,22.796409320831298,joint_full,0
10000,0.0033,177.3609665496905,9058.024529405942,17481.130322317225,18263.972432871873,17475.490167097192,1.0017028949213662,0.0,71.19997000000002,39.37679945908044,41.598,1.0,86,poisson,0.6,262.3237737612057,4.0,22.796409320831298,cliffserve,0
10000,0.2198,190.18512480801022,5258.010915884297,13680.306951944383,14462.775987940504,13674.65606376365,1.1300711944852526,0.0,71.19816400000002,32.63685501186574,37.981,1.0,86,poisson,0.6,262.3237737612057,8.0,45.592818641662596,dense,0
10000,0.2198,190.18512480801022,5258.010915884297,13680.306951944383,14462.775987940504,13674.65606376365,1.1300711944852526,0.0,71.19816400000002,33.531017968132,38.913,1.0,86,poisson,0.6,262.3237737612057,8.0,45.592818641662596,static_pomt,0
10000,0.2187,190.06334071389054,5291.384227880757,13714.105649797471,14496.285053067877,13708.425448362383,1.1290504685559444,0.4224,71.19034400000002,34.12512148583041,39.4432,1.0,86,poisson,0.6,262.3237737612057,8.0,45.592818641662596,decoupled,0
10000,0.2198,190.18356793407483,5258.457523474019,13680.726943223031,14463.205465651228,13675.05630642608,1.1301989150090417,0.4608,71.18962000000002,36.08244394213382,41.297,1.0,86,poisson,0.6,262.3237737612057,8.0,45.592818641662596,joint_full,0
10000,0.2198,190.18356793407483,5258.457523474019,13680.726943223031,14463.205465651228,13675.05630642608,1.1301989150090417,0.4608,71.18962000000002,35.70216026220615,40.647,1.0,86,poisson,0.6,262.3237737612057,8.0,45.592818641662596,cliffserve,0
10000,1.0,262.83407382588376,13.53731484800619,28.571047913662817,39.81330434584072,14.351725905066624,2.177700348432056,0.0,71.19153200000002,8.362354311846689,10.369,1.0,86,poisson,0.6,262.3237737612057,12.0,68.38922796249389,dense,0
10000,1.0,262.83407382588376,13.53731484800619,28.571047913662817,39.81330434584072,14.351725905066624,2.177700348432056,0.0,71.19153200000002,8.636342552264809,10.7,1.0,86,poisson,0.6,262.3237737612057,12.0,68.38922796249389,static_pomt,0
10000,1.0,262.8329599162361,13.489126869051688,28.200627623995093,37.95793640209277,14.050077950040963,2.1715526601520088,2.688,71.14168800000002,10.386191748099892,12.403,1.0,86,poisson,0.6,262.3237737612057,12.0,68.38922796249389,decoupled,0
10000,1.0,262.8329599162361,13.489126869051688,28.200627623995093,37.95793640209277,14.050077950040963,2.1715526601520088,2.688,71.14168800000002,9.4311667752443,12.293,1.0,86,poisson,0.6,262.3237737612057,12.0,68.38922796249389,joint_full,0
10000,1.0,262.8329599162361,13.489126869051688,28.200627623995093,37.95793640209277,14.050077950040963,2.1715526601520088,2.688,71.14168800000002,8.456381758957656,11.031,1.0,86,poisson,0.6,262.3237737612057,12.0,68.38922796249389,cliffserve,0
10000,0.0003,177.18061849162387,13891.477934627603,26558.87947243409,27708.40577492871,26553.24707874017,1.000100010001,0.0,71.19999800000002,36.259547754775475,38.292,1.0,86,poisson,0.8,349.76503168160764,2.0,11.398204660415649,dense,0
10000,0.0003,177.18061849162387,13891.477934627603,26558.87947243409,27708.40577492871,26553.24707874017,1.000100010001,0.0,71.19999800000002,37.365397239723976,39.254,1.0,86,poisson,0.8,349.76503168160764,2.0,11.398204660415649,static_pomt,0
10000,0.0003,177.18061849162387,13891.477934627603,26558.87947243409,27708.40577492871,26553.24707874017,1.000100010001,0.0,71.19999800000002,37.69415711571157,39.684,1.0,86,poisson,0.8,349.76503168160764,2.0,11.398204660415649,decoupled,0
10000,0.0003,177.18061849162387,13891.477934627603,26558.87947243409,27708.40577492871,26553.24707874017,1.000100010001,0.0,71.19999800000002,40.09607430743074,41.9981,1.0,86,poisson,0.8,349.76503168160764,2.0,11.398204660415649,joint_full,0
10000,0.0003,177.18061849162387,13891.477934627603,26558.87947243409,27708.40577492871,26553.24707874017,1.000100010001,0.0,71.19999800000002,39.61488168816882,40.9179,1.0,86,poisson,0.8,349.76503168160764,2.0,11.398204660415649,cliffserve,0
10000,0.001,177.24236822808254,13871.782094984124,26539.079634534886,27688.695283023495,26533.372764122058,1.0006003602161297,0.0,71.19999000000001,36.17306754052432,38.222,1.0,86,poisson,0.8,349.76503168160764,4.0,22.796409320831298,dense,0
10000,0.001,177.24236822808254,13871.782094984124,26539.079634534886,27688.695283023495,26533.372764122058,1.0006003602161297,0.0,71.19999000000001,37.21397928757254,39.133,1.0,86,poisson,0.8,349.76503168160764,4.0,22.796409320831298,static_pomt,0
10000,0.001,177.24236822808254,13871.782094984124,26539.079634534886,27688.695283023495,26533.372764122058,1.0006003602161297,0.0,71.19999000000001,37.78057974784871,39.814,1.0,86,poisson,0.8,349.76503168160764,4.0,22.796409320831298,decoupled,0
10000,0.001,177.24236822808254,13871.782094984124,26539.079634534886,27688.695283023495,26533.372764122058,1.0006003602161297,0.0,71.19999000000001,39.98570682409446,41.858,1.0,86,poisson,0.8,349.76503168160764,4.0,22.796409320831298,joint_full,0
10000,0.001,177.24236822808254,13871.782094984124,26539.079634534886,27688.695283023495,26533.372764122058,1.0006003602161297,0.0,71.19999000000001,39.90816960176105,41.43115,1.0,86,poisson,0.8,349.76503168160764,4.0,22.796409320831298,cliffserve,0
10000,0.0369,180.21524096680957,12940.426231655829,25606.35682741806,26757.638640724483,25600.700846449585,1.0263779123473262,0.0,71.19963800000001,35.82010869342091,37.821,1.0,86,poisson,0.8,349.76503168160764,8.0,45.592818641662596,dense,0
10000,0.0369,180.21524096680957,12940.426231655829,25606.35682741806,26757.638640724483,25600.700846449585,1.0263779123473262,0.0,71.19963800000001,37.259381504670024,39.414,1.0,86,poisson,0.8,349.76503168160764,8.0,45.592818641662596,static_pomt,0
10000,0.0369,180.21656086563095,12939.982934984915,25605.946286074373,26757.224496795,25600.303194681856,1.026272577996716,0.2304,71.19536600000002,37.29062992610837,39.3725,1.0,86,poisson,0.8,349.76503168160764,8.0,45.592818641662596,decoupled,0
10000,0.0369,180.21656086563095,12939.982934984915,25605.946286074373,26757.224496795,25600.303194681856,1.026272577996716,0.2304,71.19536600000002,39.62098378489326,41.668,1.0,86,poisson,0.8,349.76503168160764,8.0,45.592818641662596,joint_full,0
10000,0.0369,180.21656086563095,12939.982934984915,25605.946286074373,26757.224496795,25600.303194681856,1.026272577996716,0.2304,71.19536600000002,39.3318467775041,41.39565,1.0,86,poisson,0.8,349.76503168160764,8.0,45.592818641662596,cliffserve,0
10000,0.1661,192.4601877316263,9411.874202665795,22078.31567019602,23228.39928105455,22072.643641225302,1.1431184270690444,0.0,71.19836400000001,34.97076245999085,37.881,1.0,86,poisson,0.8,349.76503168160764,12.0,68.38922796249389,dense,0
10000,0.1661,192.4601877316263,9411.874202665795,22078.31567019602,23228.39928105455,22072.643641225302,1.1431184270690444,0.0,71.19836400000001,36.056464106081386,39.143,1.0,86,poisson,0.8,349.76503168160764,12.0,68.38922796249389,static_pomt,0
10000,0.2208,198.20167297148987,7906.883141453245,20572.352009286362,21723.01121168523,20566.793209495027,1.1990407673860912,4.3008,71.11812000000002,36.17659472422063,39.725449999999995,1.0,86,poisson,0.8,349.76503168160764,12.0,68.38922796249389,decoupled,0
10000,0.274,204.60462822594596,6326.902589971998,18994.100423349817,20143.864942988443,18988.45237523504,1.267427122940431,6.0672,71.08489800000002,37.73515513307984,41.528,1.0,86,poisson,0.8,349.76503168160764,12.0,68.38922796249389,joint_full,0
10000,0.274,204.60462822594596,6326.902589971998,18994.100423349817,20143.864942988443,18988.45237523504,1.267427122940431,6.0672,71.08489800000002,37.39363586818758,40.887,1.0,86,poisson,0.8,349.76503168160764,12.0,68.38922796249389,cliffserve,0
10000,0.0002,177.18061849162387,16153.743185481624,30831.38356575564,32155.803776722107,30825.751172061715,1.000100010001,0.0,71.19999800000002,36.44100450045004,38.533,1.0,86,poisson,0.95,415.345975121909,2.0,11.398204660415649,dense,0
10000,0.0002,177.18061849162387,16153.743185481624,30831.38356575564,32155.803776722107,30825.751172061715,1.000100010001,0.0,71.19999800000002,37.54258775877588,39.404,1.0,86,poisson,0.95,415.345975121909,2.0,11.398204660415649,static_pomt,0
10000,0.0002,177.18061849162387,16153.743185481624,30831.38356575564,32155.803776722107,30825.751172061715,1.000100010001,0.0,71.19999800000002,37.93034043404341,39.905,1.0,86,poisson,0.95,415.345975121909,2.0,11.398204660415649,decoupled,0
10000,0.0002,177.18061849162387,16153.743185481624,30831.38356575564,32155.803776722107,30825.751172061715,1.000100010001,0.0,71.19999800000002,40.212975197519754,41.79900000000001,1.0,86,poisson,0.95,415.345975121909,2.0,11.398204660415649,joint_full,0
10000,0.0002,177.18061849162387,16153.743185481624,30831.38356575564,32155.803776722107,30825.751172061715,1.000100010001,0.0,71.19999800000002,39.848988898889885,41.2171,1.0,86,poisson,0.95,415.345975121909,2.0,11.398204660415649,cliffserve,0
10000,0.001,177.24236822808254,16134.047345838146,30811.583727856432,32136.094286098632,30805.876857443607,1.0006003602161297,0.0,71.19999000000001,36.29935821492895,38.191,1.0,86,poisson,0.95,415.345975121909,4.0,22.796409320831298,dense,0
10000,0.001,177.24236822808254,16134.047345838146,30811.583727856432,32136.094286098632,30805.876857443607,1.0006003602161297,0.0,71.19999000000001,37.461682009205525,39.317150000000005,1.0,86,poisson,0.95,415.345975121909,4.0,22.796409320831298,static_pomt,0
10000,0.001,177.24236822808254,16134.047345838146,30811.583727856432,32136.094286098632,30805.876857443607,1.0006003602161297,0.0,71.19999000000001,37.93088723233941,39.995,1.0,86,poisson,0.95,415.345975121909,4.0,22.796409320831298,decoupled,0
10000,0.001,177.24236822808254,16134.047345838146,30811.583727856432,32136.094286098632,30805.876857443607,1.0006003602161297,0.0,71.19999000000001,40.167704922953774,41.90835,1.0,86,poisson,0.95,415.345975121909,4.0,22.796409320831298,joint_full,0
10000,0.001,177.24236822808254,16134.047345838146,30811.583727856432,32136.094286098632,30805.876857443607,1.0006003602161297,0.0,71.19999000000001,39.7962158294977,41.358,1.0,86,poisson,0.95,415.345975121909,4.0,22.796409320831298,cliffserve,0
10000,0.0057,177.65262196131556,16003.51070567091,30681.28196589545,32005.93618519798,30675.625842757974,1.0043185698503565,0.0,71.19994400000002,36.35033122426434,38.452,1.0,86,poisson,0.95,415.345975121909,8.0,45.592818641662596,dense,0
10000,0.0057,177.65262196131556,16003.51070567091,30681.28196589545,32005.93618519798,30675.625842757974,1.0043185698503565,0.0,71.19994400000002,37.56640233001908,39.554,1.0,86,poisson,0.95,415.345975121909,8.0,45.592818641662596,static_pomt,0
10000,0.006,177.69265721402,15990.932977637844,30668.65990342692,31993.3054553701,30662.965301819597,1.0046212577858147,0.1536,71.19709200000001,37.98693711070926,40.075,1.0,86,poisson,0.95,415.345975121909,8.0,45.592818641662596,decoupled,0
10000,0.006,177.69265721402,15990.932977637844,30668.65990342692,31993.3054553701,30662.965301819597,1.0046212577858147,0.1536,71.19709200000001,39.877751557162945,41.48735,1.0,86,poisson,0.95,415.345975121909,8.0,45.592818641662596,joint_full,0
10000,0.006,177.69265721402,15990.932977637844,30668.65990342692,31993.3054553701,30662.965301819597,1.0046212577858147,0.1536,71.19709200000001,39.873614124974885,41.5415,1.0,86,poisson,0.95,415.345975121909,8.0,45.592818641662596,cliffserve,0
10000,0.0297,179.9022087491466,15299.170915088253,29975.38771848277,31301.76878643051,29969.821150537286,1.0256410256410255,0.0,71.19970400000003,36.54044892307692,39.068949999999994,1.0,86,poisson,0.95,415.345975121909,12.0,68.38922796249389,dense,0
10000,0.0297,179.9022087491466,15299.170915088253,29975.38771848277,31301.76878643051,29969.821150537286,1.0256410256410255,0.0,71.19970400000003,37.297123897435895,39.674549999999996,1.0,86,poisson,0.95,415.345975121909,12.0,68.38922796249389,static_pomt,0
10000,0.0338,180.354555802212,15159.993708571987,29835.84438609675,31162.431834149513,29830.19899737433,1.029336078229542,1.3056,71.17545400000003,37.76366103962943,39.94769999999999,1.0,86,poisson,0.95,415.345975121909,12.0,68.38922796249389,decoupled,0
10000,0.0338,180.354555802212,15159.993708571987,29835.84438609675,31162.431834149513,29830.19899737433,1.029336078229542,1.3056,71.17545400000003,39.96930231600618,42.37569999999999,1.0,86,poisson,0.95,415.345975121909,12.0,68.38922796249389,joint_full,0
10000,0.0338,180.354555802212,15159.993708571987,29835.84438609675,31162.431834149513,29830.19899737433,1.029336078229542,1.3056,71.17545400000003,39.66504240864643,41.38099999999999,1.0,86,poisson,0.95,415.345975121909,12.0,68.38922796249389,cliffserve,0
10000,0.0002,177.18061849162387,17799.027004284493,33938.65926998934,35390.264494028415,33933.026876295415,1.000100010001,0.0,71.19999800000002,36.32589058905891,38.423,1.0,86,poisson,1.1,480.9269185622105,2.0,11.398204660415649,dense,0
10000,0.0002,177.18061849162387,17799.027004284493,33938.65926998934,35390.264494028415,33933.026876295415,1.000100010001,0.0,71.19999800000002,37.55975247524753,39.624,1.0,86,poisson,1.1,480.9269185622105,2.0,11.398204660415649,static_pomt,0
10000,0.0002,177.18061849162387,17799.027004284493,33938.65926998934,35390.264494028415,33933.026876295415,1.000100010001,0.0,71.19999800000002,38.16180448044805,40.125,1.0,86,poisson,1.1,480.9269185622105,2.0,11.398204660415649,decoupled,0
10000,0.0002,177.18061849162387,17799.027004284493,33938.65926998934,35390.264494028415,33933.026876295415,1.000100010001,0.0,71.19999800000002,40.16380718071808,42.129,1.0,86,poisson,1.1,480.9269185622105,2.0,11.398204660415649,joint_full,0
10000,0.0002,177.18061849162387,17799.027004284493,33938.65926998934,35390.264494028415,33933.026876295415,1.000100010001,0.0,71.19999800000002,39.94486138613861,41.948,1.0,86,poisson,1.1,480.9269185622105,2.0,11.398204660415649,cliffserve,0
10000,0.001,177.24946575560486,17777.076108975045,33916.551538003296,35368.377690987916,33910.90615385851,1.0007004903432404,0.0,71.19999000000001,36.22024206944862,38.19959999999999,1.0,86,poisson,1.1,480.9269185622105,4.0,22.796409320831298,dense,0
10000,0.001,177.24946575560486,17777.076108975045,33916.551538003296,35368.377690987916,33910.90615385851,1.0007004903432404,0.0,71.19999000000001,37.52493905734014,39.5644,1.0,86,poisson,1.1,480.9269185622105,4.0,22.796409320831298,static_pomt,0
10000,0.001,177.24946575560486,17777.076108975045,33916.551538003296,35368.377690987916,33910.90615385851,1.0007004903432404,0.0,71.19999000000001,37.92993575502852,39.8286,1.0,86,poisson,1.1,480.9269185622105,4.0,22.796409320831298,decoupled,0
10000,0.001,177.24946575560486,17777.076108975045,33916.551538003296,35368.377690987916,33910.90615385851,1.0007004903432404,0.0,71.19999000000001,40.30082067447213,42.35,1.0,86,poisson,1.1,480.9269185622105,4.0,22.796409320831298,joint_full,0
10000,0.001,177.24946575560486,17777.076108975045,33916.551538003296,35368.377690987916,33910.90615385851,1.0007004903432404,0.0,71.19999000000001,39.91463384369058,42.013,1.0,86,poisson,1.1,480.9269185622105,4.0,22.796409320831298,cliffserve,0
10000,0.0042,177.5422827752019,17684.04119686567,33823.49826313338,35275.558638029426,33817.867560828534,1.0034115994380894,0.0,71.19995800000004,36.38645524784266,38.492,1.0,86,poisson,1.1,480.9269185622105,8.0,45.592818641662596,dense,0
10000,0.0042,177.5422827752019,17684.04119686567,33823.49826313338,35275.558638029426,33817.867560828534,1.0034115994380894,0.0,71.19995800000004,37.35998193859121,39.24375,1.0,86,poisson,1.1,480.9269185622105,8.0,45.592818641662596,static_pomt,0
10000,0.0049,177.58957615227214,17668.85812501394,33808.44807783445,35260.3997195867,33802.81156431517,1.003713740841112,0.1152,71.19781600000002,37.75062872628726,39.815,1.0,86,poisson,1.1,480.9269185622105,8.0,45.592818641662596,decoupled,0
10000,0.0049,177.58957615227214,17668.85812501394,33808.44807783445,35260.3997195867,33802.81156431517,1.003713740841112,0.1152,71.19781600000002,39.85172227240791,41.8289,1.0,86,poisson,1.1,480.9269185622105,8.0,45.592818641662596,joint_full,0
10000,0.0049,177.58957615227214,17668.85812501394,33808.44807783445,35260.3997195867,33802.81156431517,1.003713740841112,0.1152,71.19781600000002,39.580179965873725,41.5361,1.0,86,poisson,1.1,480.9269185622105,8.0,45.592818641662596,cliffserve,0
10000,0.0096,178.0235352593658,17531.511420530907,33670.90528768381,35123.20499579939,33665.32699180922,1.007759750075582,0.0,71.19990400000003,36.508907789982864,38.582,1.0,86,poisson,1.1,480.9269185622105,12.0,68.38922796249389,dense,0
10000,0.0096,178.0235352593658,17531.511420530907,33670.90528768381,35123.20499579939,33665.32699180922,1.007759750075582,0.0,71.19990400000003,37.65228963015217,39.74399999999999,1.0,86,poisson,1.1,480.9269185622105,12.0,68.38922796249389,static_pomt,0
10000,0.0115,178.21733634478144,17470.245740694634,33609.712602461186,35062.23361134562,33604.03385695299,1.0094891984655765,0.384,71.19276600000002,38.11377387441954,40.493750000000006,1.0,86,poisson,1.1,480.9269185622105,12.0,68.38922796249389,decoupled,0
10000,0.0115,178.21733634478144,17470.245740694634,33609.712602461186,35062.23361134562,33604.03385695299,1.0094891984655765,0.384,71.19276600000002,40.354949828386836,42.25975,1.0,86,poisson,1.1,480.9269185622105,12.0,68.38922796249389,joint_full,0
10000,0.0115,178.21733634478144,17470.245740694634,33609.712602461186,35062.23361134562,33604.03385695299,1.0094891984655765,0.384,71.19276600000002,40.267312537855844,42.34675,1.0,86,poisson,1.1,480.9269185622105,12.0,68.38922796249389,cliffserve,0
10000,0.1794,134.38549755992412,47.54684155258474,195.20010967734754,272.1870386932963,189.5013006875454,1.02880658436214,0.0,71.19944000000001,10.936274794238683,21.02,1.0,86,onoff,0.3,131.16188688060285,2.0,11.398204660415649,dense,0
10000,0.1794,134.38549755992412,47.54684155258474,195.20010967734754,272.1870386932963,189.5013006875454,1.02880658436214,0.0,71.19944000000001,11.458119855967077,21.992449999999995,1.0,86,onoff,0.3,131.16188688060285,2.0,11.398204660415649,static_pomt,0
10000,0.1794,134.38549755992412,47.54684155258474,195.20010967734754,272.1870386932963,189.5013006875454,1.02880658436214,0.0,71.19944000000001,12.642350411522633,22.723,1.0,86,onoff,0.3,131.16188688060285,2.0,11.398204660415649,decoupled,0
10000,0.1794,134.38549755992412,47.54684155258474,195.20010967734754,272.1870386932963,189.5013006875454,1.02880658436214,0.0,71.19944000000001,13.129747736625514,24.386,1.0,86,onoff,0.3,131.16188688060285,2.0,11.398204660415649,joint_full,0
10000,0.1794,134.38549755992412,47.54684155258474,195.20010967734754,272.1870386932963,189.5013006875454,1.02880658436214,0.0,71.19944000000001,12.861378086419752,24.165049999999997,1.0,86,onoff,0.3,131.16188688060285,2.0,11.398204660415649,cliffserve,0
10000,0.817,134.59069874277878,12.07927907521298,92.87191142325172,164.85417907824439,87.22093364481695,1.458363715910748,0.0,71.19446800000003,8.753399154149045,13.395,1.0,86,onoff,0.3,131.16188688060285,4.0,22.796409320831298,dense,0
10000,0.817,134.59069874277878,12.07927907521298,92.87191142325172,164.85417907824439,87.22093364481695,1.458363715910748,0.0,71.19446800000003,9.03006227213067,14.037999999999998,1.0,86,onoff,0.3,131.16188688060285,4.0,22.796409320831298,static_pomt,0
10000,0.817,134.59069874277878,12.07927907521298,92.87191142325172,164.85417907824439,87.22093364481695,1.458363715910748,0.0,71.19446800000003,10.626870497302027,15.008,1.0,86,onoff,0.3,131.16188688060285,4.0,22.796409320831298,decoupled,0
10000,0.817,134.59069874277878,12.07927907521298,92.87191142325172,164.85417907824439,87.22093364481695,1.458363715910748,0.0,71.19446800000003,9.893620387924747,16.05,1.0,86,onoff,0.3,131.16188688060285,4.0,22.796409320831298,joint_full,0
10000,0.817,134.59069874277878,12.07927907521298,92.87191142325172,164.85417907824439,87.22093364481695,1.458363715910748,0.0,71.19446800000003,9.321369549365611,15.95,1.0,86,onoff,0.3,131.16188688060285,4.0,22.796409320831298,cliffserve,0
10000,1.0,134.59054136331855,10.96484960349062,21.684356603165266,28.36067222945801,11.305319062774196,1.7059024223814399,0.0,71.19302600000002,7.863414193108155,10.309,1.0,86,onoff,0.3,131.16188688060285,8.0,45.592818641662596,dense,0
10000,1.0,134.59054136331855,10.96484960349062,21.684356603165266,28.36067222945801,11.305319062774196,1.7059024223814399,0.0,71.19302600000002,8.077908393039918,10.59,1.0,86,onoff,0.3,131.16188688060285,8.0,45.592818641662596,static_pomt,0
10000,1.0,134.59054136331855,10.956440848069612,21.681335762078742,27.965720203735984,11.287647906747951,1.7059024223814399,0.4608,71.18448200000002,9.870264926646197,12.354,1.0,86,onoff,0.3,131.16188688060285,8.0,45.592818641662596,decoupled,0
10000,1.0,134.59054136331855,10.956440848069612,21.681335762078742,27.965720203735984,11.287647906747951,1.7059024223814399,0.4608,71.18448200000002,8.683941146366429,12.253,1.0,86,onoff,0.3,131.16188688060285,8.0,45.592818641662596,joint_full,0
10000,1.0,134.59054136331855,10.956440848069612,21.681335762078742,27.965720203735984,11.287647906747951,1.7059024223814399,0.4608,71.18448200000002,7.8166441487546905,11.020950000000001,1.0,86,onoff,0.3,131.16188688060285,8.0,45.592818641662596,cliffserve,0
10000,1.0,134.59054136331855,10.948174934012059,21.698766999977664,28.255142240436555,11.243430468471702,1.7059024223814399,0.0,71.19302000000003,7.887278573865575,10.349,1.0,86,onoff,0.3,131.16188688060285,12.0,68.38922796249389,dense,0
10000,1.0,134.59054136331855,10.948174934012059,21.698766999977664,28.255142240436555,11.243430468471702,1.7059024223814399,0.0,71.19302000000003,8.013732173319687,10.568549999999998,1.0,86,onoff,0.3,131.16188688060285,12.0,68.38922796249389,static_pomt,0
10000,1.0,134.59054136331855,10.95150047357356,21.668800096761203,27.85666695033952,11.264291700558259,1.7059024223814399,0.4992,71.18376800000003,9.847752132378028,12.334,1.0,86,onoff,0.3,131.16188688060285,12.0,68.38922796249389,decoupled,0
10000,1.0,134.59054136331855,10.95150047357356,21.668800096761203,27.85666695033952,11.264291700558259,1.7059024223814399,0.4992,71.18376800000003,8.687628283862162,12.313,1.0,86,onoff,0.3,131.16188688060285,12.0,68.38922796249389,joint_full,0
10000,1.0,134.59054136331855,10.95150047357356,21.668800096761203,27.85666695033952,11.264291700558259,1.7059024223814399,0.4992,71.18376800000003,7.8908850221767315,11.081,1.0,86,onoff,0.3,131.16188688060285,12.0,68.38922796249389,cliffserve,0
10000,0.0002,177.16674729999195,10322.41405125628,19433.118955742528,20021.506839305483,19427.54654296558,1.0,0.0,71.20000000000002,35.8513745,37.891,1.0,86,onoff,0.6,262.3237737612057,2.0,11.398204660415649,dense,0
10000,0.0002,177.16674729999195,10322.41405125628,19433.118955742528,20021.506839305483,19427.54654296558,1.0,0.0,71.20000000000002,37.2907839,39.414,1.0,86,onoff,0.6,262.3237737612057,2.0,11.398204660415649,static_pomt,0
10000,0.0002,177.16674729999195,10322.41405125628,19433.118955742528,20021.506839305483,19427.54654296558,1.0,0.0,71.20000000000002,37.689255700000004,39.855,1.0,86,onoff,0.6,262.3237737612057,2.0,11.398204660415649,decoupled,0
10000,0.0002,177.16674729999195,10322.41405125628,19433.118955742528,20021.506839305483,19427.54654296558,1.0,0.0,71.20000000000002,39.726144500000004,41.7285,1.0,86,onoff,0.6,262.3237737612057,2.0,11.398204660415649,joint_full,0
10000,0.0002,177.16674729999195,10322.41405125628,19433.118955742528,20021.506839305483,19427.54654296558,1.0,0.0,71.20000000000002,39.6811679,41.939,1.0,86,onoff,0.6,262.3237737612057,2.0,11.398204660415649,cliffserve,0
10000,0.0008,177.21496322974383,10307.134708128076,19417.75331803482,20006.13833722743,19412.05032430809,1.0004001600640255,0.0,71.19999400000002,36.11311524609844,38.08425,1.0,86,onoff,0.6,262.3237737612057,4.0,22.796409320831298,dense,0
10000,0.0008,177.21496322974383,10307.134708128076,19417.75331803482,20006.13833722743,19412.05032430809,1.0004001600640255,0.0,71.19999400000002,37.033702681072434,38.963,1.0,86,onoff,0.6,262.3237737612057,4.0,22.796409320831298,static_pomt,0
10000,0.0008,177.21496322974383,10307.134708128076,19417.75331803482,20006.13833722743,19412.05032430809,1.0004001600640255,0.0,71.19999400000002,37.764132152861144,39.5865,1.0,86,onoff,0.6,262.3237737612057,4.0,22.796409320831298,decoupled,0
10000,0.0008,177.21496322974383,10307.134708128076,19417.75331803482,20006.13833722743,19412.05032430809,1.0004001600640255,0.0,71.19999400000002,39.79072238895558,41.518,1.0,86,onoff,0.6,262.3237737612057,4.0,22.796409320831298,joint_full,0
10000,0.0008,177.21496322974383,10307.134708128076,19417.75331803482,20006.13833722743,19412.05032430809,1.0004001600640255,0.0,71.19999400000002,39.46887474989996,41.32025,1.0,86,onoff,0.6,262.3237737612057,4.0,22.796409320831298,cliffserve,0
10000,0.0041,177.51676814013686,10211.120771846872,19321.862404548338,19909.89992194804,19316.163814317395,1.0031096398836392,0.0,71.19996,35.809717825258296,37.6664,1.0,86,onoff,0.6,262.3237737612057,8.0,45.592818641662596,dense,0
10000,0.0041,177.51676814013686,10211.120771846872,19321.862404548338,19909.89992194804,19316.163814317395,1.0031096398836392,0.0,71.19996,37.22881863777711,39.233,1.0,86,onoff,0.6,262.3237737612057,8.0,45.592818641662596,static_pomt,0
10000,0.0041,177.52011868296387,10210.057539424997,19320.799172126463,19908.836689526164,19315.10058189552,1.0031096398836392,0.0768,71.198536,37.510765974521014,39.614,1.0,86,onoff,0.6,262.3237737612057,8.0,45.592818641662596,decoupled,0
10000,0.0041,177.52011868296387,10210.057539424997,19320.799172126463,19908.836689526164,19315.10058189552,1.0031096398836392,0.0768,71.198536,39.719462634165914,41.774,1.0,86,onoff,0.6,262.3237737612057,8.0,45.592818641662596,joint_full,0
10000,0.0041,177.52011868296387,10210.057539424997,19320.799172126463,19908.836689526164,19315.10058189552,1.0031096398836392,0.0768,71.198536,39.52859564650416,41.498,1.0,86,onoff,0.6,262.3237737612057,8.0,45.592818641662596,cliffserve,0
10000,0.0476,180.17242949006496,9380.723037360287,18490.544514654604,19078.52411426504,18484.969192884888,1.0383137784238397,0.0,71.19954600000003,35.66885577821618,38.357,1.0,86,onoff,0.6,262.3237737612057,12.0,68.38922796249389,dense,0
10000,0.0476,180.17242949006496,9380.723037360287,18490.544514654604,19078.52411426504,18484.969192884888,1.0383137784238397,0.0,71.19954600000003,37.04606126051293,39.549,1.0,86,onoff,0.6,262.3237737612057,12.0,68.38922796249389,static_pomt,0
10000,0.0503,180.41845762157533,9304.800476906872,18414.720431278674,19002.226896833974,18409.0833130345,1.0409076714895389,1.6128,71.16961600000002,37.42065598001458,39.96199999999999,1.0,86,onoff,0.6,262.3237737612057,12.0,68.38922796249389,decoupled,0
10000,0.0505,180.44828972839701,9295.728365777111,18405.554283140627,18993.03378375967,18399.913060663668,1.0412328196584757,1.6512,71.16891800000002,39.46337984173261,41.678,1.0,86,onoff,0.6,262.3237737612057,12.0,68.38922796249389,joint_full,0
10000,0.0505,180.44828972839701,9295.728365777111,18405.554283140627,18993.03378375967,18399.913060663668,1.0412328196584757,1.6512,71.16891800000002,39.22514795918367,41.457,1.0,86,onoff,0.6,262.3237737612057,12.0,68.38922796249389,cliffserve,0
10000,0.0002,177.18061849162387,12950.105350889475,26173.812900572215,27163.447380543017,26168.163385396394,1.000100010001,0.0,71.19999800000002,36.443268026802684,37.86400000000001,1.0,86,onoff,0.8,349.76503168160764,2.0,11.398204660415649,dense,0
10000,0.0002,177.18061849162387,12950.105350889475,26173.812900572215,27163.447380543017,26168.163385396394,1.000100010001,0.0,71.19999800000002,37.49993589358936,39.454,1.0,86,onoff,0.8,349.76503168160764,2.0,11.398204660415649,static_pomt,0
10000,0.0002,177.18061849162387,12950.105350889475,26173.812900572215,27163.447380543017,26168.163385396394,1.000100010001,0.0,71.19999800000002,38.02512901290129,39.32600000000001,1.0,86,onoff,0.8,349.76503168160764,2.0,11.398204660415649,decoupled,0
10000,0.0002,177.18061849162387,12950.105350889475,26173.812900572215,27163.447380543017,26168.163385396394,1.000100010001,0.0,71.19999800000002,40.086366136613655,41.8781,1.0,86,onoff,0.8,349.76503168160764,2.0,11.398204660415649,joint_full,0
10000,0.0002,177.18061849162387,12950.105350889475,26173.812900572215,27163.447380543017,26168.163385396394,1.000100010001,0.0,71.19999800000002,39.8092599259926,41.709,1.0,86,onoff,0.8,349.76503168160764,2.0,11.398204660415649,cliffserve,0
10000,0.0008,177.22875452828367,12934.817719139368,26158.450246673023,27148.034665560986,26152.76377800027,1.0005002501250626,0.0,71.19999200000001,36.015546473236626,38.1913,1.0,86,onoff,0.8,349.76503168160764,4.0,22.796409320831298,dense,0
10000,0.0008,177.22875452828367,12934.817719139368,26158.450246673023,27148.034665560986,26152.76377800027,1.0005002501250626,0.0,71.19999200000001,37.458138269134565,39.585,1.0,86,onoff,0.8,349.76503168160764,4.0,22.796409320831298,static_pomt,0
10000,0.0008,177.22875452828367,12934.817719139368,26158.450246673023,27148.034665560986,26152.76377800027,1.0005002501250626,0.0,71.19999200000001,37.91128084042021,40.075,1.0,86,onoff,0.8,349.76503168160764,4.0,22.796409320831298,decoupled,0
10000,0.0008,177.22875452828367,12934.817719139368,26158.450246673023,27148.034665560986,26152.76377800027,1.0005002501250626,0.0,71.19999200000001,40.13365162581291,42.24769999999995,1.0,86,onoff,0.8,349.76503168160764,4.0,22.796409320831298,joint_full,0
10000,0.0008,177.22875452828367,12934.817719139368,26158.450246673023,27148.034665560986,26152.76377800027,1.0005002501250626,0.0,71.19999200000001,39.72072746373186,41.65169999999999,1.0,86,onoff,0.8,349.76503168160764,4.0,22.796409320831298,cliffserve,0
10000,0.0032,177.4525953942868,12863.573383011133,26087.25059187928,27077.165292578007,26081.58369770566,1.0026067776218168,0.0,71.19996800000001,36.157102967716064,37.67700000000001,1.0,86,onoff,0.8,349.76503168160764,8.0,45.592818641662596,dense,0
10000,0.0032,177.4525953942868,12863.573383011133,26087.25059187928,27077.165292578007,26081.58369770566,1.0026067776218168,0.0,71.19996800000001,37.436698616402644,39.584,1.0,86,onoff,0.8,349.76503168160764,8.0,45.592818641662596,static_pomt,0
10000,0.0034,177.4775647297091,12855.670070804865,26079.309436421787,27069.226683721805,26073.661018853578,1.0028078620136383,0.1152,71.19783000000002,37.71157210188528,39.764450000000004,1.0,86,onoff,0.8,349.76503168160764,8.0,45.592818641662596,decoupled,0
10000,0.0036,177.4980658829107,12849.138182081491,26072.735731821453,27062.615115604665,26067.041591101082,1.0030090270812437,0.1536,71.19711600000001,40.00924042126379,41.879449999999984,1.0,86,onoff,0.8,349.76503168160764,8.0,45.592818641662596,joint_full,0
10000,0.0036,177.4980658829107,12849.138182081491,26072.735731821453,27062.615115604665,26067.041591101082,1.0030090270812437,0.1536,71.19711600000001,39.70996980942828,41.374499999999976,1.0,86,onoff,0.8,349.76503168160764,8.0,45.592818641662596,cliffserve,0
10000,0.0051,177.62494215224282,12808.711174883158,26032.658742075357,27022.35133978393,26026.97268305341,1.0043185698503565,0.0,71.19995000000003,36.161078537712164,38.03299999999999,1.0,86,onoff,0.8,349.76503168160764,12.0,68.38922796249389,dense,0
10000,0.0051,177.62494215224282,12808.711174883158,26032.658742075357,27022.35133978393,26026.97268305341,1.0043185698503565,0.0,71.19995000000003,37.533662749824245,39.83679999999999,1.0,86,onoff,0.8,349.76503168160764,12.0,68.38922796249389,static_pomt,0
10000,0.0052,177.65004263708946,12800.78113976887,26024.70707998792,27014.463162007596,26019.050020890627,1.004419445560466,0.192,71.19640400000003,37.96015377661712,40.178250000000006,1.0,86,onoff,0.8,349.76503168160764,12.0,68.38922796249389,decoupled,0
10000,0.0052,177.65004263708946,12800.78113976887,26024.70707998792,27014.463162007596,26019.050020890627,1.004419445560466,0.192,71.19640400000003,40.17875462032945,42.2465,1.0,86,onoff,0.8,349.76503168160764,12.0,68.38922796249389,joint_full,0
10000,0.0052,177.65004263708946,12800.78113976887,26024.70707998792,27014.463162007596,26019.050020890627,1.004419445560466,0.192,71.19640400000003,40.0790775411812,42.46425,1.0,86,onoff,0.8,349.76503168160764,12.0,68.38922796249389,cliffserve,0
10000,0.0002,177.18061849162385,14779.712434808707,29246.370872363386,30641.870272939337,29240.71957965785,1.000100010001,0.0,71.19999800000002,36.26168656865686,38.4212,1.0,86,onoff,0.95,415.345975121909,2.0,11.398204660415649,dense,0
10000,0.0002,177.18061849162385,14779.712434808707,29246.370872363386,30641.870272939337,29240.71957965785,1.000100010001,0.0,71.19999800000002,37.2929807980798,39.2749,1.0,86,onoff,0.95,415.345975121909,2.0,11.398204660415649,static_pomt,0
10000,0.0002,177.18061849162385,14779.712434808707,29246.370872363386,30641.870272939337,29240.71957965785,1.000100010001,0.0,71.19999800000002,37.80898189818982,39.534,1.0,86,onoff,0.95,415.345975121909,2.0,11.398204660415649,decoupled,0
10000,0.0002,177.18061849162385,14779.712434808707,29246.370872363386,30641.870272939337,29240.71957965785,1.000100010001,0.0,71.19999800000002,40.04170547054705,42.13,1.0,86,onoff,0.95,415.345975121909,2.0,11.398204660415649,joint_full,0
10000,0.0002,177.18061849162385,14779.712434808707,29246.370872363386,30641.870272939337,29240.71957965785,1.000100010001,0.0,71.19999800000002,39.7610204020402,41.489000000000004,1.0,86,onoff,0.95,415.345975121909,2.0,11.398204660415649,cliffserve,0
10000,0.0008,177.22875452828364,14764.36053113172,29231.09886475497,30626.450679552687,29225.43227280074,1.0005002501250626,0.0,71.19999200000001,36.2460284142071,38.1813,1.0,86,onoff,0.95,415.345975121909,4.0,22.796409320831298,dense,0
10000,0.0008,177.22875452828364,14764.36053113172,29231.09886475497,30626.450679552687,29225.43227280074,1.0005002501250626,0.0,71.19999200000001,37.33985692846423,39.10669999999999,1.0,86,onoff,0.95,415.345975121909,4.0,22.796409320831298,static_pomt,0
10000,0.0008,177.22875452828364,14764.36053113172,29231.09886475497,30626.450679552687,29225.43227280074,1.0005002501250626,0.0,71.19999200000001,37.87129764882441,39.6543,1.0,86,onoff,0.95,415.345975121909,4.0,22.796409320831298,decoupled,0
10000,0.0008,177.22875452828364,14764.36053113172,29231.09886475497,30626.450679552687,29225.43227280074,1.0005002501250626,0.0,71.19999200000001,40.10825292646323,42.04169999999999,1.0,86,onoff,0.95,415.345975121909,4.0,22.796409320831298,joint_full,0
10000,0.0008,177.22875452828364,14764.36053113172,29231.09886475497,30626.450679552687,29225.43227280074,1.0005002501250626,0.0,71.19999200000001,39.8688452226113,41.43069999999999,1.0,86,onoff,0.95,415.345975121909,4.0,22.796409320831298,cliffserve,0
10000,0.0028,177.41220914719153,14705.873555938697,29172.597394977434,30568.176952135695,29166.95064159475,1.0022048506714774,0.0,71.19997200000002,36.1816664662257,37.29149999999999,1.0,86,onoff,0.95,415.345975121909,8.0,45.592818641662596,dense,0
10000,0.0028,177.41220914719153,14705.873555938697,29172.597394977434,30568.176952135695,29166.95064159475,1.0022048506714774,0.0,71.19997200000002,37.2940718580878,39.073,1.0,86,onoff,0.95,415.345975121909,8.0,45.592818641662596,static_pomt,0
10000,0.003,177.43632819147516,14698.331618349051,29165.003966580254,30560.565074174534,29159.389657793865,1.0024057738572574,0.0768,71.19854600000002,38.07817000801925,40.005,1.0,86,onoff,0.95,415.345975121909,8.0,45.592818641662596,decoupled,0
10000,0.003,177.43632819147516,14698.331618349051,29165.003966580254,30560.565074174534,29159.389657793865,1.0024057738572574,0.0768,71.19854600000002,40.1954370489174,41.72075,1.0,86,onoff,0.95,415.345975121909,8.0,45.592818641662596,joint_full,0
10000,0.003,177.43632819147516,14698.331618349051,29165.003966580254,30560.565074174534,29159.389657793865,1.0024057738572574,0.0768,71.19854600000002,39.76021371291099,41.238,1.0,86,onoff,0.95,415.345975121909,8.0,45.592818641662596,cliffserve,0
10000,0.0041,177.52687420491495,14669.59824184606,29136.335169182643,30531.693066060674,29130.630250750408,1.0033109260559847,0.0,71.19996,36.45919072940704,38.45829999999999,1.0,86,onoff,0.95,415.345975121909,12.0,68.38922796249389,dense,0
10000,0.0041,177.52687420491495,14669.59824184606,29136.335169182643,30531.693066060674,29130.630250750408,1.0033109260559847,0.0,71.19996,37.518260459516405,39.363699999999994,1.0,86,onoff,0.95,415.345975121909,12.0,68.38922796249389,static_pomt,0
10000,0.0046,177.5880379222356,14650.031441728568,29116.807156120165,30512.327113087307,29111.10235448919,1.003814495081309,0.192,71.19639400000001,37.6954495081309,40.18595,1.0,86,onoff,0.95,415.345975121909,12.0,68.38922796249389,decoupled,0
10000,0.0046,177.5952727676149,14647.721794645286,29114.465395413263,30510.04232951416,29108.785980854853,1.0039152695512499,0.192,71.19641000000001,40.29108041361309,42.209,1.0,86,onoff,0.95,415.345975121909,12.0,68.38922796249389,joint_full,0
10000,0.0046,177.5952727676149,14647.721794645286,29114.465395413263,30510.04232951416,29108.785980854853,1.0039152695512499,0.192,71.19641000000001,40.001884549744,42.069,1.0,86,onoff,0.95,415.345975121909,12.0,68.38922796249389,cliffserve,0
10000,0.0002,177.18061849162387,18258.058634581746,35390.398172546986,37033.67369600029,35384.765778853056,1.000100010001,0.0,71.19999800000002,36.19315051505151,38.193900000000006,1.0,86,onoff,1.1,480.9269185622105,2.0,11.398204660415649,dense,0
10000,0.0002,177.18061849162387,18258.058634581746,35390.398172546986,37033.67369600029,35384.765778853056,1.000100010001,0.0,71.19999800000002,37.42690379037903,39.484,1.0,86,onoff,1.1,480.9269185622105,2.0,11.398204660415649,static_pomt,0
10000,0.0002,177.18061849162387,18258.058634581746,35390.398172546986,37033.67369600029,35384.765778853056,1.000100010001,0.0,71.19999800000002,37.91903790379039,40.0861,1.0,86,onoff,1.1,480.9269185622105,2.0,11.398204660415649,decoupled,0
10000,0.0002,177.18061849162387,18258.058634581746,35390.398172546986,37033.67369600029,35384.765778853056,1.000100010001,0.0,71.19999800000002,40.11116101610161,41.9699,1.0,86,onoff,1.1,480.9269185622105,2.0,11.398204660415649,joint_full,0
10000,0.0002,177.18061849162387,18258.058634581746,35390.398172546986,37033.67369600029,35384.765778853056,1.000100010001,0.0,71.19999800000002,39.83428492849285,41.569900000000004,1.0,86,onoff,1.1,480.9269185622105,2.0,11.398204660415649,cliffserve,0
10000,0.0008,177.22875452828367,18242.70673090476,35375.01936314261,37018.26846735687,35369.30684647715,1.0005002501250626,0.0,71.19999200000001,36.34354487243622,38.44499999999999,1.0,86,onoff,1.1,480.9269185622105,4.0,22.796409320831298,dense,0
10000,0.0008,177.22875452828367,18242.70673090476,35375.01936314261,37018.26846735687,35369.30684647715,1.0005002501250626,0.0,71.19999200000001,37.539424912456234,39.42969999999998,1.0,86,onoff,1.1,480.9269185622105,4.0,22.796409320831298,static_pomt,0
10000,0.0008,177.22875452828367,18242.70673090476,35375.01936314261,37018.26846735687,35369.30684647715,1.0005002501250626,0.0,71.19999200000001,37.92452816408204,39.8243,1.0,86,onoff,1.1,480.9269185622105,4.0,22.796409320831298,decoupled,0
10000,0.0008,177.22875452828367,18242.70673090476,35375.01936314261,37018.26846735687,35369.30684647715,1.0005002501250626,0.0,71.19999200000001,40.173773586793395,42.03499999999999,1.0,86,onoff,1.1,480.9269185622105,4.0,22.796409320831298,joint_full,0
10000,0.0008,177.22875452828367,18242.70673090476,35375.01936314261,37018.26846735687,35369.30684647715,1.0005002501250626,0.0,71.19999200000001,39.99913046523262,42.071999999999996,1.0,86,onoff,1.1,480.9269185622105,4.0,22.796409320831298,cliffserve,0
10000,0.0027,177.39872825512992,18188.48386818427,35320.41530981219,36964.17338711949,35314.765405632614,1.002104419280489,0.0,71.19997400000003,36.35331756689047,38.572,1.0,86,onoff,1.1,480.9269185622105,8.0,45.592818641662596,dense,0
10000,0.0027,177.39872825512992,18188.48386818427,35320.41530981219,36964.17338711949,35314.765405632614,1.002104419280489,0.0,71.19997400000003,37.809113438220265,40.0961,1.0,86,onoff,1.1,480.9269185622105,8.0,45.592818641662596,static_pomt,0
10000,0.0027,177.40140513974276,18187.633274617376,35319.564716245295,36963.322793552594,35313.91481206572,1.002104419280489,0.0768,71.19855000000003,38.10192444132679,40.1251,1.0,86,onoff,1.1,480.9269185622105,8.0,45.592818641662596,decoupled,0
10000,0.0027,177.40140513974276,18187.633274617376,35319.564716245295,36963.322793552594,35313.91481206572,1.002104419280489,0.0768,71.19855000000003,40.33358122056318,42.120000000000005,1.0,86,onoff,1.1,480.9269185622105,8.0,45.592818641662596,joint_full,0
10000,0.0027,177.40140513974276,18187.633274617376,35319.564716245295,36963.322793552594,35313.91481206572,1.002104419280489,0.0768,71.19855000000003,39.984709389718404,41.8391,1.0,86,onoff,1.1,480.9269185622105,8.0,45.592818641662596,cliffserve,0
10000,0.0038,177.51315273531387,18152.310233655156,35284.39032740748,36928.021493823246,35278.77673061049,1.0032102728731942,0.0,71.19996200000001,36.212761536918144,37.46049999999999,1.0,86,onoff,1.1,480.9269185622105,12.0,68.38922796249389,dense,0
10000,0.0038,177.51315273531387,18152.310233655156,35284.39032740748,36928.021493823246,35278.77673061049,1.0032102728731942,0.0,71.19996200000001,37.41422321428571,39.134,1.0,86,onoff,1.1,480.9269185622105,12.0,68.38922796249389,static_pomt,0
10000,0.0039,177.51954650498854,18150.281241955938,35282.36133570826,36925.99250212403,35276.74773891127,1.0032102728731942,0.1536,71.19711400000001,37.88127076645265,39.634,1.0,86,onoff,1.1,480.9269185622105,12.0,68.38922796249389,decoupled,0
10000,0.0039,177.51954650498854,18150.281241955938,35282.36133570826,36925.99250212403,35276.74773891127,1.0032102728731942,0.1536,71.19711400000001,40.24091332263242,41.547499999999985,1.0,86,onoff,1.1,480.9269185622105,12.0,68.38922796249389,joint_full,0
10000,0.0039,177.51954650498854,18150.281241955938,35282.36133570826,36925.99250212403,35276.74773891127,1.0032102728731942,0.1536,71.19711400000001,39.97442957463885,41.528,1.0,86,onoff,1.1,480.9269185622105,12.0,68.38922796249389,cliffserve,0
10000,0.6692,131.39907990068477,9.383286358402984,33.34708463097413,61.24089504388175,27.734716804685725,1.1035091591260207,0.0,71.19812400000002,7.4063080997572275,8.937,1.0,87,poisson,0.3,131.16188688060285,2.0,11.398204660415649,dense,0
10000,0.6692,131.39907990068477,9.383286358402984,33.34708463097413,61.24089504388175,27.734716804685725,1.1035091591260207,0.0,71.19812400000002,7.652692120944604,9.41654999999999,1.0,87,poisson,0.3,131.16188688060285,2.0,11.398204660415649,static_pomt,0
10000,0.6692,131.39907990068477,9.383286358402984,33.34708463097413,61.24089504388175,27.734716804685725,1.1035091591260207,0.0,71.19812400000002,9.094921540498785,10.57,1.0,87,poisson,0.3,131.16188688060285,2.0,11.398204660415649,decoupled,0
10000,0.6692,131.39907990068477,9.383286358402984,33.34708463097413,61.24089504388175,27.734716804685725,1.1035091591260207,0.0,71.19812400000002,8.20755208563231,11.141,1.0,87,poisson,0.3,131.16188688060285,2.0,11.398204660415649,joint_full,0
10000,0.6692,131.39907990068477,9.383286358402984,33.34708463097413,61.24089504388175,27.734716804685725,1.1035091591260207,0.0,71.19812400000002,7.830734937099979,10.811,1.0,87,poisson,0.3,131.16188688060285,2.0,11.398204660415649,cliffserve,0
10000,0.9993,131.4140026876063,7.902239799499512,14.325676075201036,18.137981909377785,6.830312104200488,1.288659793814433,0.0,71.19568600000002,7.203065206185567,8.576,1.0,87,poisson,0.3,131.16188688060285,4.0,22.796409320831298,dense,0
10000,0.9993,131.4140026876063,7.902239799499512,14.325676075201036,18.137981909377785,6.830312104200488,1.288659793814433,0.0,71.19568600000002,7.430749355670103,8.836,1.0,87,poisson,0.3,131.16188688060285,4.0,22.796409320831298,static_pomt,0
10000,0.9993,131.4140026876063,7.902239799499512,14.325676075201036,18.137981909377785,6.830312104200488,1.288659793814433,0.0,71.19568600000002,9.196147809278349,10.62,1.0,87,poisson,0.3,131.16188688060285,4.0,22.796409320831298,decoupled,0
10000,0.9993,131.4140026876063,7.902239799499512,14.325676075201036,18.137981909377785,6.830312104200488,1.288659793814433,0.0,71.19568600000002,7.753004896907217,9.839449999999994,1.0,87,poisson,0.3,131.16188688060285,4.0,22.796409320831298,joint_full,0
10000,0.9993,131.4140026876063,7.902239799499512,14.325676075201036,18.137981909377785,6.830312104200488,1.288659793814433,0.0,71.19568600000002,6.97505425257732,8.967,1.0,87,poisson,0.3,131.16188688060285,4.0,22.796409320831298,cliffserve,0
10000,1.0,131.41402821880413,7.900479793548584,14.297277482923436,17.871794014303898,6.790606492408453,1.290822253775655,0.0,71.19567000000002,7.1740946172712015,8.576,1.0,87,poisson,0.3,131.16188688060285,8.0,45.592818641662596,dense,0
10000,1.0,131.41402821880413,7.900479793548584,14.297277482923436,17.871794014303898,6.790606492408453,1.290822253775655,0.0,71.19567000000002,7.351265134890926,8.786,1.0,87,poisson,0.3,131.16188688060285,8.0,45.592818641662596,static_pomt,0
10000,1.0,131.41402821880413,7.900479793548584,14.297277482923436,17.871794014303898,6.790606492408453,1.290822253775655,0.0,71.19567000000002,9.126715631857493,10.57,1.0,87,poisson,0.3,131.16188688060285,8.0,45.592818641662596,decoupled,0
10000,1.0,131.41402821880413,7.900479793548584,14.297277482923436,17.871794014303898,6.790606492408453,1.290822253775655,0.0,71.19567000000002,7.776640893249,9.858,1.0,87,poisson,0.3,131.16188688060285,8.0,45.592818641662596,joint_full,0
10000,1.0,131.41402821880413,7.900479793548584,14.297277482923436,17.871794014303898,6.790606492408453,1.290822253775655,0.0,71.19567000000002,7.024453982186653,9.007,1.0,87,poisson,0.3,131.16188688060285,8.0,45.592818641662596,cliffserve,0
10000,1.0,131.41402821880413,7.900479793548584,14.297277482923436,17.871794014303898,6.790606492408453,1.290822253775655,0.0,71.19567000000002,7.190558280624757,8.586,1.0,87,poisson,0.3,131.16188688060285,12.0,68.38922796249389,dense,0
10000,1.0,131.41402821880413,7.900479793548584,14.297277482923436,17.871794014303898,6.790606492408453,1.290822253775655,0.0,71.19567000000002,7.388209113205113,8.816,1.0,87,poisson,0.3,131.16188688060285,12.0,68.38922796249389,static_pomt,0
10000,1.0,131.41402821880413,7.900479793548584,14.297277482923436,17.871794014303898,6.790606492408453,1.290822253775655,0.0,71.19567000000002,9.234912998580095,10.69,1.0,87,poisson,0.3,131.16188688060285,12.0,68.38922796249389,decoupled,0
10000,1.0,131.41402821880413,7.900479793548584,14.297277482923436,17.871794014303898,6.790606492408453,1.290822253775655,0.0,71.19567000000002,7.797178907964373,9.885299999999997,1.0,87,poisson,0.3,131.16188688060285,12.0,68.38922796249389,joint_full,0
10000,1.0,131.41402821880413,7.900479793548584,14.297277482923436,17.871794014303898,6.790606492408453,1.290822253775655,0.0,71.19567000000002,7.001062346714857,9.027,1.0,87,poisson,0.3,131.16188688060285,12.0,68.38922796249389,cliffserve,0
10000,0.0008,177.17098901522934,9173.116050430008,17495.57666946385,18199.584420291296,17489.988498220184,1.0002000400080016,0.0,71.19999600000001,35.69966843368674,37.56015,1.0,87,poisson,0.6,262.3237737612057,2.0,11.398204660415649,dense,0
10000,0.0008,177.17098901522934,9173.116050430008,17495.57666946385,18199.584420291296,17489.988498220184,1.0002000400080016,0.0,71.19999600000001,36.84409291858372,38.714349999999996,1.0,87,poisson,0.6,262.3237737612057,2.0,11.398204660415649,static_pomt,0
10000,0.0008,177.17098901522934,9173.116050430008,17495.57666946385,18199.584420291296,17489.988498220184,1.0002000400080016,0.0,71.19999600000001,37.520018303660734,39.57635,1.0,87,poisson,0.6,262.3237737612057,2.0,11.398204660415649,decoupled,0
10000,0.0008,177.17098901522934,9173.116050430008,17495.57666946385,18199.584420291296,17489.988498220184,1.0002000400080016,0.0,71.19999600000001,39.52327705541108,41.35934999999999,1.0,87,poisson,0.6,262.3237737612057,2.0,11.398204660415649,joint_full,0
10000,0.0008,177.17098901522934,9173.116050430008,17495.57666946385,18199.584420291296,17489.988498220184,1.0002000400080016,0.0,71.19999600000001,39.38622364472895,41.128499999999995,1.0,87,poisson,0.6,262.3237737612057,2.0,11.398204660415649,cliffserve,0
10000,0.0041,177.33904841578882,9119.546195663226,17441.938289501944,18145.936902512956,17436.30214858321,1.001903616872057,0.0,71.19996800000001,35.751707043382424,36.809,1.0,87,poisson,0.6,262.3237737612057,4.0,22.796409320831298,dense,0
10000,0.0041,177.33904841578882,9119.546195663226,17441.938289501944,18145.936902512956,17436.30214858321,1.001903616872057,0.0,71.19996800000001,37.14838012223224,39.214,1.0,87,poisson,0.6,262.3237737612057,4.0,22.796409320831298,static_pomt,0
10000,0.0041,177.33904841578882,9119.546195663226,17441.938289501944,18145.936902512956,17436.30214858321,1.001903616872057,0.0,71.19996800000001,37.289678188558256,39.114,1.0,87,poisson,0.6,262.3237737612057,4.0,22.796409320831298,decoupled,0
10000,0.0041,177.33904841578882,9119.546195663226,17441.938289501944,18145.936902512956,17436.30214858321,1.001903616872057,0.0,71.19996800000001,39.59812233243163,41.537,1.0,87,poisson,0.6,262.3237737612057,4.0,22.796409320831298,joint_full,0
10000,0.0041,177.33904841578882,9119.546195663226,17441.938289501944,18145.936902512956,17436.30214858321,1.001903616872057,0.0,71.19996800000001,39.38853251177236,41.227,1.0,87,poisson,0.6,262.3237737612057,4.0,22.796409320831298,cliffserve,0
10000,0.26,192.8349521738326,4588.399145007994,12910.68197466367,13615.072930189677,12904.995096173223,1.1594202898550725,0.0,71.19780000000003,31.775855188405796,37.11,1.0,87,poisson,0.6,262.3237737612057,8.0,45.592818641662596,dense,0
10000,0.26,192.8349521738326,4588.399145007994,12910.68197466367,13615.072930189677,12904.995096173223,1.1594202898550725,0.0,71.19780000000003,32.814298898550724,38.883,1.0,87,poisson,0.6,262.3237737612057,8.0,45.592818641662596,static_pomt,0
10000,0.26,192.8390264612294,4587.303497196104,12909.58632685178,13613.977282377788,12903.899448361333,1.1594202898550725,0.4224,71.18996800000002,33.45074226086957,39.545,1.0,87,poisson,0.6,262.3237737612057,8.0,45.592818641662596,decoupled,0
10000,0.2602,192.87188658683635,4578.391945720579,12900.52897223466,13605.128357397623,12894.83529383176,1.1598237067965669,0.4608,71.18925400000003,35.090181164463004,41.327,1.0,87,poisson,0.6,262.3237737612057,8.0,45.592818641662596,joint_full,0
10000,0.2602,192.87188658683635,4578.391945720579,12900.52897223466,13605.128357397623,12894.83529383176,1.1598237067965669,0.4608,71.18925400000003,34.73026873115286,40.365,1.0,87,poisson,0.6,262.3237737612057,8.0,45.592818641662596,cliffserve,0
10000,1.0,262.72938998372064,13.519473332868074,30.273167772652492,43.622608012308035,15.17210332510356,2.192982456140351,0.0,71.19148600000003,8.236953508771931,10.2,1.0,87,poisson,0.6,262.3237737612057,12.0,68.38922796249389,dense,0
10000,1.0,262.72938998372064,13.519473332868074,30.273167772652492,43.622608012308035,15.17210332510356,2.192982456140351,0.0,71.19148600000003,8.54842192982456,10.61905,1.0,87,poisson,0.6,262.3237737612057,12.0,68.38922796249389,static_pomt,0
10000,1.0,262.7307753924129,13.46545125137527,29.206124695626734,41.06645108191323,14.77599642887227,2.1896211955331726,2.9568,71.13666000000002,10.266595358003064,12.273,1.0,87,poisson,0.6,262.3237737612057,12.0,68.38922796249389,decoupled,0
10000,1.0,262.7307753924129,13.46545125137527,29.206124695626734,41.06645108191323,14.77599642887227,2.1896211955331726,2.9568,71.13666000000002,9.386552222465513,12.243,1.0,87,poisson,0.6,262.3237737612057,12.0,68.38922796249389,joint_full,0
10000,1.0,262.7307753924129,13.46545125137527,29.206124695626734,41.06645108191323,14.77599642887227,2.1896211955331726,2.9568,71.13666000000002,8.483961024742719,10.99,1.0,87,poisson,0.6,262.3237737612057,12.0,68.38922796249389,cliffserve,0
10000,0.0005,177.16470790622682,13937.538935585773,26528.92391544304,27620.825616488153,26523.23515537701,1.000100010001,0.0,71.19999800000002,35.87113471347135,37.911,1.0,87,poisson,0.8,349.76503168160764,2.0,11.398204660415649,dense,0
10000,0.0005,177.16470790622682,13937.538935585773,26528.92391544304,27620.825616488153,26523.23515537701,1.000100010001,0.0,71.19999800000002,37.255705570557055,39.274,1.0,87,poisson,0.8,349.76503168160764,2.0,11.398204660415649,static_pomt,0
10000,0.0005,177.16470790622682,13937.538935585773,26528.92391544304,27620.825616488153,26523.23515537701,1.000100010001,0.0,71.19999800000002,37.864131813181324,39.875,1.0,87,poisson,0.8,349.76503168160764,2.0,11.398204660415649,decoupled,0
10000,0.0005,177.16470790622682,13937.538935585773,26528.92391544304,27620.825616488153,26523.23515537701,1.000100010001,0.0,71.19999800000002,39.8960502050205,41.688,1.0,87,poisson,0.8,349.76503168160764,2.0,11.398204660415649,joint_full,0
10000,0.0005,177.16470790622682,13937.538935585773,26528.92391544304,27620.825616488153,26523.23515537701,1.000100010001,0.0,71.19999800000002,39.60681408140814,41.14900000000001,1.0,87,poisson,0.8,349.76503168160764,2.0,11.398204660415649,cliffserve,0
10000,0.0029,177.3379938793012,13882.318748470556,26473.63302868373,27565.62272911563,26467.998590097497,1.001602564102564,0.0,71.19997400000003,35.983777844551284,37.95185,1.0,87,poisson,0.8,349.76503168160764,4.0,22.796409320831298,dense,0
10000,0.0029,177.3379938793012,13882.318748470556,26473.63302868373,27565.62272911563,26467.998590097497,1.001602564102564,0.0,71.19997400000003,37.21309515224359,39.163,1.0,87,poisson,0.8,349.76503168160764,4.0,22.796409320831298,static_pomt,0
10000,0.0029,177.3379938793012,13882.318748470556,26473.63302868373,27565.62272911563,26467.998590097497,1.001602564102564,0.0,71.19997400000003,37.703632912660254,39.61265,1.0,87,poisson,0.8,349.76503168160764,4.0,22.796409320831298,decoupled,0
10000,0.0029,177.3379938793012,13882.318748470556,26473.63302868373,27565.62272911563,26467.998590097497,1.001602564102564,0.0,71.19997400000003,39.92902013221154,41.818,1.0,87,poisson,0.8,349.76503168160764,4.0,22.796409320831298,joint_full,0
10000,0.0029,177.3379938793012,13882.318748470556,26473.63302868373,27565.62272911563,26467.998590097497,1.001602564102564,0.0,71.19997400000003,39.71258463541667,41.43335000000001,1.0,87,poisson,0.8,349.76503168160764,4.0,22.796409320831298,cliffserve,0
10000,0.011,178.07593310408149,13648.64983605982,26239.959485755036,27332.361089468148,26234.315364012786,1.0082677959265982,0.0,71.19989200000002,35.91829612825167,38.021,1.0,87,poisson,0.8,349.76503168160764,8.0,45.592818641662596,dense,0
10000,0.011,178.07593310408149,13648.64983605982,26239.959485755036,27332.361089468148,26234.315364012786,1.0082677959265982,0.0,71.19989200000002,37.165107985480944,39.17315,1.0,87,poisson,0.8,349.76503168160764,8.0,45.592818641662596,static_pomt,0
10000,0.0122,178.19468417835884,13611.171420093786,26202.51991146571,27294.781263418343,26196.858869919844,1.0092854259184498,0.192,71.19632000000001,37.485904824384335,39.564,1.0,87,poisson,0.8,349.76503168160764,8.0,45.592818641662596,decoupled,0
10000,0.0124,178.2231648238186,13602.093756195318,26193.43192637927,27285.748273358487,26187.791630301545,1.0095911155981827,0.2304,71.19560600000003,39.84953780918728,41.698,1.0,87,poisson,0.8,349.76503168160764,8.0,45.592818641662596,joint_full,0
10000,0.0124,178.2231648238186,13602.093756195318,26193.43192637927,27285.748273358487,26187.791630301545,1.0095911155981827,0.2304,71.19560600000003,39.43207420494699,41.067,1.0,87,poisson,0.8,349.76503168160764,8.0,45.592818641662596,cliffserve,0
10000,0.0359,180.25575064871109,12969.843183917386,25561.03891647641,26653.823957913635,25555.404786761443,1.0285949393128986,0.0,71.19965000000002,35.87332668175273,37.941,1.0,87,poisson,0.8,349.76503168160764,12.0,68.38922796249389,dense,0
10000,0.0359,180.25575064871109,12969.843183917386,25561.03891647641,26653.823957913635,25555.404786761443,1.0285949393128986,0.0,71.19965000000002,36.845234211067684,38.923,1.0,87,poisson,0.8,349.76503168160764,12.0,68.38922796249389,static_pomt,0
10000,0.0399,180.63239130187898,12854.231228513105,25445.03184929673,26537.905745962376,25439.35142532174,1.0315659170621003,0.8832,71.18323400000001,37.35394408912729,38.9165,1.0,87,poisson,0.8,349.76503168160764,12.0,68.38922796249389,decoupled,0
10000,0.0405,180.68924560395882,12836.876235885007,25427.482535393876,26520.532627089735,25421.84138165299,1.0320982557539478,0.9216,71.18251600000002,39.6677610692538,41.798,1.0,87,poisson,0.8,349.76503168160764,12.0,68.38922796249389,joint_full,0
10000,0.0405,180.68924560395882,12836.876235885007,25427.482535393876,26520.532627089735,25421.84138165299,1.0320982557539478,0.9216,71.18251600000002,39.119472701001136,41.3134,1.0,87,poisson,0.8,349.76503168160764,12.0,68.38922796249389,cliffserve,0
10000,0.0003,177.16470790622682,16193.240657203194,30806.8826183784,32082.759951833843,30801.19385831237,1.000100010001,0.0,71.19999800000002,36.08597439743974,38.052,1.0,87,poisson,0.95,415.345975121909,2.0,11.398204660415649,dense,0
10000,0.0003,177.16470790622682,16193.240657203194,30806.8826183784,32082.759951833843,30801.19385831237,1.000100010001,0.0,71.19999800000002,37.209624662466254,39.133,1.0,87,poisson,0.95,415.345975121909,2.0,11.398204660415649,static_pomt,0
10000,0.0003,177.16470790622682,16193.240657203194,30806.8826183784,32082.759951833843,30801.19385831237,1.000100010001,0.0,71.19999800000002,37.525309830983105,39.494,1.0,87,poisson,0.95,415.345975121909,2.0,11.398204660415649,decoupled,0
10000,0.0003,177.16470790622682,16193.240657203194,30806.8826183784,32082.759951833843,30801.19385831237,1.000100010001,0.0,71.19999800000002,39.87848504850484,41.8599,1.0,87,poisson,0.95,415.345975121909,2.0,11.398204660415649,joint_full,0
10000,0.0003,177.16470790622682,16193.240657203194,30806.8826183784,32082.759951833843,30801.19385831237,1.000100010001,0.0,71.19999800000002,39.59948754875488,41.358,1.0,87,poisson,0.95,415.345975121909,2.0,11.398204660415649,cliffserve,0
10000,0.0019,177.27511786498602,16158.129807822701,30771.68105945468,32047.59316660321,30766.025907682182,1.001001001001001,0.0,71.19998400000001,35.810405605605595,37.90055,1.0,87,poisson,0.95,415.345975121909,4.0,22.796409320831298,dense,0
10000,0.0019,177.27511786498602,16158.129807822701,30771.68105945468,32047.59316660321,30766.025907682182,1.001001001001001,0.0,71.19998400000001,37.003190790790796,38.823,1.0,87,poisson,0.95,415.345975121909,4.0,22.796409320831298,static_pomt,0
10000,0.0019,177.27511786498602,16158.129807822701,30771.68105945468,32047.59316660321,30766.025907682182,1.001001001001001,0.0,71.19998400000001,37.540661161161154,39.41949999999999,1.0,87,poisson,0.95,415.345975121909,4.0,22.796409320831298,decoupled,0
10000,0.0019,177.27511786498602,16158.129807822701,30771.68105945468,32047.59316660321,30766.025907682182,1.001001001001001,0.0,71.19998400000001,39.91148668668669,41.44349999999999,1.0,87,poisson,0.95,415.345975121909,4.0,22.796409320831298,joint_full,0
10000,0.0019,177.27511786498602,16158.129807822701,30771.68105945468,32047.59316660321,30766.025907682182,1.001001001001001,0.0,71.19998400000001,39.57476196196197,41.29249999999999,1.0,87,poisson,0.95,415.345975121909,4.0,22.796409320831298,cliffserve,0
10000,0.0056,177.61894143320856,16049.29188882589,30662.65505552173,31938.914629553914,30657.046757959128,1.0041168792047395,0.0,71.19994600000003,36.04998393412993,38.022000000000006,1.0,87,poisson,0.95,415.345975121909,8.0,45.592818641662596,dense,0
10000,0.0056,177.61894143320856,16049.29188882589,30662.65505552173,31938.914629553914,30657.046757959128,1.0041168792047395,0.0,71.19994600000003,37.313928607289895,39.264,1.0,87,poisson,0.95,415.345975121909,8.0,45.592818641662596,static_pomt,0
10000,0.0057,177.62346929057213,16047.85671960592,30661.21988630176,31937.479460333943,30655.611588739157,1.0041168792047395,0.0768,71.19852200000003,37.54089456772768,39.704100000000004,1.0,87,poisson,0.95,415.345975121909,8.0,45.592818641662596,decoupled,0
10000,0.0065,177.69207276986504,16025.94175755262,30639.31297905326,31915.509437026143,30633.63562209487,1.0047221943132725,0.1152,71.19780200000002,40.00788586355872,41.808,1.0,87,poisson,0.95,415.345975121909,8.0,45.592818641662596,joint_full,0
10000,0.0065,177.69207276986504,16025.94175755262,30639.31297905326,31915.509437026143,30633.63562209487,1.0047221943132725,0.1152,71.19780200000002,39.73066030342611,41.468,1.0,87,poisson,0.95,415.345975121909,8.0,45.592818641662596,cliffserve,0
10000,0.0106,178.08573912363406,15901.208174817559,30514.89863614917,31791.145851101042,30509.24067945361,1.0085728693898135,0.0,71.19989600000002,35.96832022188603,37.871,1.0,87,poisson,0.95,415.345975121909,12.0,68.38922796249389,dense,0
10000,0.0106,178.08573912363406,15901.208174817559,30514.89863614917,31791.145851101042,30509.24067945361,1.0085728693898135,0.0,71.19989600000002,37.146982349974785,39.14669999999999,1.0,87,poisson,0.95,415.345975121909,12.0,68.38922796249389,static_pomt,0
10000,0.0111,178.15420194477838,15879.55001341581,30493.215287874937,31769.464640502094,30487.595043014288,1.0090817356205852,0.384,71.19277200000002,37.483930776992935,38.683,1.0,87,poisson,0.95,415.345975121909,12.0,68.38922796249389,decoupled,0
10000,0.0117,178.20355688559715,15863.997293584343,30477.57980489612,31753.8665638963,30471.942077111005,1.0094891984655765,0.384,71.19278200000004,39.75395558247527,41.5555,1.0,87,poisson,0.95,415.345975121909,12.0,68.38922796249389,joint_full,0
10000,0.0117,178.20355688559715,15863.997293584343,30477.57980489612,31753.8665638963,30471.942077111005,1.0094891984655765,0.384,71.19278200000004,39.586296285079754,40.768750000000004,1.0,87,poisson,0.95,415.345975121909,12.0,68.38922796249389,cliffserve,0
10000,0.0002,177.15084563278364,17838.20701794178,33922.5371020079,35332.22276461306,33916.85158352855,1.0,0.0,71.20000000000002,36.1759856,38.151,1.0,87,poisson,1.1,480.9269185622105,2.0,11.398204660415649,dense,0
10000,0.0002,177.15084563278364,17838.20701794178,33922.5371020079,35332.22276461306,33916.85158352855,1.0,0.0,71.20000000000002,37.3070447,39.273,1.0,87,poisson,1.1,480.9269185622105,2.0,11.398204660415649,static_pomt,0
10000,0.0002,177.15084563278364,17838.20701794178,33922.5371020079,35332.22276461306,33916.85158352855,1.0,0.0,71.20000000000002,37.8487376,39.304,1.0,87,poisson,1.1,480.9269185622105,2.0,11.398204660415649,decoupled,0
10000,0.0002,177.15084563278364,17838.20701794178,33922.5371020079,35332.22276461306,33916.85158352855,1.0,0.0,71.20000000000002,40.0535412,41.939,1.0,87,poisson,1.1,480.9269185622105,2.0,11.398204660415649,joint_full,0
10000,0.0002,177.15084563278364,17838.20701794178,33922.5371020079,35332.22276461306,33916.85158352855,1.0,0.0,71.20000000000002,39.7574368,41.34844999999999,1.0,87,poisson,1.1,480.9269185622105,2.0,11.398204660415649,cliffserve,0
10000,0.0017,177.27483769262872,17798.795672221488,33883.012904357936,35292.725471441176,33877.35775258544,1.001001001001001,0.0,71.19998400000001,36.318918018018024,38.17694999999999,1.0,87,poisson,1.1,480.9269185622105,4.0,22.796409320831298,dense,0
10000,0.0017,177.27483769262872,17798.795672221488,33883.012904357936,35292.725471441176,33877.35775258544,1.001001001001001,0.0,71.19998400000001,37.29305635635636,39.14894999999999,1.0,87,poisson,1.1,480.9269185622105,4.0,22.796409320831298,static_pomt,0
10000,0.0017,177.27483769262872,17798.795672221488,33883.012904357936,35292.725471441176,33877.35775258544,1.001001001001001,0.0,71.19998400000001,37.52037527527528,39.38949999999999,1.0,87,poisson,1.1,480.9269185622105,4.0,22.796409320831298,decoupled,0
10000,0.0017,177.27483769262872,17798.795672221488,33883.012904357936,35292.725471441176,33877.35775258544,1.001001001001001,0.0,71.19998400000001,39.899392792792796,41.849,1.0,87,poisson,1.1,480.9269185622105,4.0,22.796409320831298,joint_full,0
10000,0.0017,177.27483769262872,17798.795672221488,33883.012904357936,35292.725471441176,33877.35775258544,1.001001001001001,0.0,71.19998400000001,39.53031721721721,40.917,1.0,87,poisson,1.1,480.9269185622105,4.0,22.796409320831298,cliffserve,0
10000,0.0044,177.52049589893224,17721.00499872715,33805.22721674445,35215.10593327704,33799.54658954147,1.0033109260559847,0.0,71.19995800000004,36.170953045048655,38.342,1.0,87,poisson,1.1,480.9269185622105,8.0,45.592818641662596,dense,0
10000,0.0044,177.52049589893224,17721.00499872715,33805.22721674445,35215.10593327704,33799.54658954147,1.0033109260559847,0.0,71.19995800000004,37.225441757800745,39.1337,1.0,87,poisson,1.1,480.9269185622105,8.0,45.592818641662596,static_pomt,0
10000,0.0046,177.54724457208945,17712.513464255637,33796.69843418601,35206.596441332724,33791.02862281802,1.0035122930255895,0.1152,71.19782000000002,37.82694801806322,39.824,1.0,87,poisson,1.1,480.9269185622105,8.0,45.592818641662596,decoupled,0
10000,0.0046,177.54724457208945,17712.513464255637,33796.69843418601,35206.596441332724,33791.02862281802,1.0035122930255895,0.1152,71.19782000000002,40.04860371299549,41.5178,1.0,87,poisson,1.1,480.9269185622105,8.0,45.592818641662596,joint_full,0
10000,0.0046,177.54724457208945,17712.513464255637,33796.69843418601,35206.596441332724,33791.02862281802,1.0035122930255895,0.1152,71.19782000000002,39.51653577521324,41.04499999999999,1.0,87,poisson,1.1,480.9269185622105,8.0,45.592818641662596,cliffserve,0
10000,0.0082,177.87489235764718,17608.618906779593,33692.95670886042,35102.893042737865,33687.29673755172,1.0067451927917044,0.0,71.19992000000002,36.0793373603141,37.691,1.0,87,poisson,1.1,480.9269185622105,12.0,68.38922796249389,dense,0
10000,0.0082,177.87489235764718,17608.618906779593,33692.95670886042,35102.893042737865,33687.29673755172,1.0067451927917044,0.0,71.19992000000002,37.0188997281788,38.887,1.0,87,poisson,1.1,480.9269185622105,12.0,68.38922796249389,static_pomt,0
10000,0.0089,177.9797323312322,17575.312966866797,33659.48988261226,35069.482438790226,33653.832757687596,1.0075566750629723,0.3456,71.19352000000002,37.7067047858942,39.474,1.0,87,poisson,1.1,480.9269185622105,12.0,68.38922796249389,decoupled,0
10000,0.0089,177.9797323312322,17575.312966866797,33659.48988261226,35069.482438790226,33653.832757687596,1.0075566750629723,0.3456,71.19352000000002,39.92316211586902,41.337,1.0,87,poisson,1.1,480.9269185622105,12.0,68.38922796249389,joint_full,0
10000,0.0089,177.9797323312322,17575.312966866797,33659.48988261226,35069.482438790226,33653.832757687596,1.0075566750629723,0.3456,71.19352000000002,39.604703979848864,41.177,1.0,87,poisson,1.1,480.9269185622105,12.0,68.38922796249389,cliffserve,0
10000,0.1949,130.92108927405394,48.025642444870755,175.20186786834333,223.72108778432494,169.55802157107922,1.030502885408079,0.0,71.19940800000002,10.489841508656223,18.471150000000005,1.0,87,onoff,0.3,131.16188688060285,2.0,11.398204660415649,dense,0
10000,0.1949,130.92108927405394,48.025642444870755,175.20186786834333,223.72108778432494,169.55802157107922,1.030502885408079,0.0,71.19940800000002,11.039061830173123,18.231150000000007,1.0,87,onoff,0.3,131.16188688060285,2.0,11.398204660415649,static_pomt,0
10000,0.1949,130.92108927405394,48.025642444870755,175.20186786834333,223.72108778432494,169.55802157107922,1.030502885408079,0.0,71.19940800000002,12.193065127782358,21.135850000000058,1.0,87,onoff,0.3,131.16188688060285,2.0,11.398204660415649,decoupled,0
10000,0.1949,130.92108927405394,48.025642444870755,175.20186786834333,223.72108778432494,169.55802157107922,1.030502885408079,0.0,71.19940800000002,12.566837283594396,21.823000000000114,1.0,87,onoff,0.3,131.16188688060285,2.0,11.398204660415649,joint_full,0
10000,0.1949,130.92108927405394,48.025642444870755,175.20186786834333,223.72108778432494,169.55802157107922,1.030502885408079,0.0,71.19940800000002,12.348678276999177,20.681000000000044,1.0,87,onoff,0.3,131.16188688060285,2.0,11.398204660415649,cliffserve,0
10000,0.8089,130.9627008453888,12.041537392580722,93.23599501518522,168.26922610275608,87.6310242866895,1.4425851125216387,0.0,71.19459800000003,8.589355308713214,13.195,1.0,87,onoff,0.3,131.16188688060285,4.0,22.796409320831298,dense,0
10000,0.8089,130.9627008453888,12.041537392580722,93.23599501518522,168.26922610275608,87.6310242866895,1.4425851125216387,0.0,71.19459800000003,8.92898052510098,13.866,1.0,87,onoff,0.3,131.16188688060285,4.0,22.796409320831298,static_pomt,0
10000,0.8089,130.9627008453888,12.041537392580722,93.23599501518522,168.26922610275608,87.6310242866895,1.4425851125216387,0.0,71.19459800000003,10.498090594345065,14.828,1.0,87,onoff,0.3,131.16188688060285,4.0,22.796409320831298,decoupled,0
10000,0.8089,130.9627008453888,12.041537392580722,93.23599501518522,168.26922610275608,87.6310242866895,1.4425851125216387,0.0,71.19459800000003,9.818307270628965,15.944499999999998,1.0,87,onoff,0.3,131.16188688060285,4.0,22.796409320831298,joint_full,0
10000,0.8089,130.9627008453888,12.041537392580722,93.23599501518522,168.26922610275608,87.6310242866895,1.4425851125216387,0.0,71.19459800000003,9.308454558568956,15.70945,1.0,87,onoff,0.3,131.16188688060285,4.0,22.796409320831298,cliffserve,0
10000,1.0,131.02613370266621,10.948553046000143,23.11783418435951,32.2908647866211,11.790015776489234,1.7053206002728514,0.0,71.19306200000004,7.717543485675307,10.089,1.0,87,onoff,0.3,131.16188688060285,8.0,45.592818641662596,dense,0
10000,1.0,131.02613370266621,10.948553046000143,23.11783418435951,32.2908647866211,11.790015776489234,1.7053206002728514,0.0,71.19306200000004,7.944779160982264,10.459,1.0,87,onoff,0.3,131.16188688060285,8.0,45.592818641662596,static_pomt,0
10000,1.0,131.02613370266621,10.945975671958195,22.917328857573555,31.301395401647515,11.689082278550991,1.7053206002728514,1.0752,71.17312800000002,9.67143195770805,12.183,1.0,87,onoff,0.3,131.16188688060285,8.0,45.592818641662596,decoupled,0
10000,1.0,131.02613370266621,10.945975671958195,22.917328857573555,31.301395401647515,11.689082278550991,1.7053206002728514,1.0752,71.17312800000002,8.505325375170532,12.162,1.0,87,onoff,0.3,131.16188688060285,8.0,45.592818641662596,joint_full,0
10000,1.0,131.02613370266621,10.945975671958195,22.917328857573555,31.301395401647515,11.689082278550991,1.7053206002728514,1.0752,71.17312800000002,7.720815313778991,10.93,1.0,87,onoff,0.3,131.16188688060285,8.0,45.592818641662596,cliffserve,0
10000,1.0,131.02615941328227,10.930410356231732,22.93921314928363,32.223841190994584,11.648185984373407,1.7059024223814399,0.0,71.19306200000004,7.673808256567724,10.108,1.0,87,onoff,0.3,131.16188688060285,12.0,68.38922796249389,dense,0
10000,1.0,131.02615941328227,10.930410356231732,22.93921314928363,32.223841190994584,11.648185984373407,1.7059024223814399,0.0,71.19306200000004,7.924820880245649,10.42995,1.0,87,onoff,0.3,131.16188688060285,12.0,68.38922796249389,static_pomt,0
10000,1.0,131.02613370266621,10.94429835902065,22.88789883863936,31.255138547125068,11.650468519537014,1.7053206002728514,1.0752,71.17312600000001,9.735657401091405,12.193,1.0,87,onoff,0.3,131.16188688060285,12.0,68.38922796249389,decoupled,0
10000,1.0,131.02613370266621,10.94429835902065,22.88789883863936,31.255138547125068,11.650468519537014,1.7053206002728514,1.0752,71.17312600000001,8.528276261937245,12.143,1.0,87,onoff,0.3,131.16188688060285,12.0,68.38922796249389,joint_full,0
10000,1.0,131.02613370266621,10.94429835902065,22.88789883863936,31.255138547125068,11.650468519537014,1.7053206002728514,1.0752,71.17312600000001,7.732816678035471,10.941,1.0,87,onoff,0.3,131.16188688060285,12.0,68.38922796249389,cliffserve,0
10000,0.0006,177.10239887984778,6443.531919287072,14629.958437980398,15124.511423936792,14624.385948241934,1.000100010001,0.0,71.19999800000002,35.443108410841084,37.621,1.0,87,onoff,0.6,262.3237737612057,2.0,11.398204660415649,dense,0
10000,0.0006,177.10239887984778,6443.531919287072,14629.958437980398,15124.511423936792,14624.385948241934,1.000100010001,0.0,71.19999800000002,36.71617131713172,38.793,1.0,87,onoff,0.6,262.3237737612057,2.0,11.398204660415649,static_pomt,0
10000,0.0006,177.10239887984778,6443.531919287072,14629.958437980398,15124.511423936792,14624.385948241934,1.000100010001,0.0,71.19999800000002,37.119352135213525,39.334,1.0,87,onoff,0.6,262.3237737612057,2.0,11.398204660415649,decoupled,0
10000,0.0006,177.10239887984778,6443.531919287072,14629.958437980398,15124.511423936792,14624.385948241934,1.000100010001,0.0,71.19999800000002,39.3216889688969,41.6071,1.0,87,onoff,0.6,262.3237737612057,2.0,11.398204660415649,joint_full,0
10000,0.0006,177.10239887984778,6443.531919287072,14629.958437980398,15124.511423936792,14624.385948241934,1.000100010001,0.0,71.19999800000002,39.00827532753275,40.887,1.0,87,onoff,0.6,262.3237737612057,2.0,11.398204660415649,cliffserve,0
10000,0.0015,177.17163978846585,6421.6090691550835,14607.947241080985,15102.58675375075,14602.307455338225,1.00080064051241,0.0,71.19998800000002,35.42579913931145,37.488999999999976,1.0,87,onoff,0.6,262.3237737612057,4.0,22.796409320831298,dense,0
10000,0.0015,177.17163978846585,6421.6090691550835,14607.947241080985,15102.58675375075,14602.307455338225,1.00080064051241,0.0,71.19998800000002,36.6187653122498,38.707049999999995,1.0,87,onoff,0.6,262.3237737612057,4.0,22.796409320831298,static_pomt,0
10000,0.0015,177.17163978846585,6421.6090691550835,14607.947241080985,15102.58675375075,14602.307455338225,1.00080064051241,0.0,71.19998800000002,37.07010628502802,38.683,1.0,87,onoff,0.6,262.3237737612057,4.0,22.796409320831298,decoupled,0
10000,0.0015,177.17163978846585,6421.6090691550835,14607.947241080985,15102.58675375075,14602.307455338225,1.00080064051241,0.0,71.19998800000002,39.38089801841473,41.437,1.0,87,onoff,0.6,262.3237737612057,4.0,22.796409320831298,joint_full,0
10000,0.0015,177.17163978846585,6421.6090691550835,14607.947241080985,15102.58675375075,14602.307455338225,1.00080064051241,0.0,71.19998800000002,39.01692363891113,40.49049999999999,1.0,87,onoff,0.6,262.3237737612057,4.0,22.796409320831298,cliffserve,0
10000,0.0217,178.60553659680528,5968.167890393468,14154.67210269222,14650.21135116082,14149.00804994354,1.015640869388584,0.0,71.19979800000002,35.40429829372334,37.29425,1.0,87,onoff,0.6,262.3237737612057,8.0,45.592818641662596,dense,0
10000,0.0217,178.60553659680528,5968.167890393468,14154.67210269222,14650.21135116082,14149.00804994354,1.015640869388584,0.0,71.19979800000002,36.32549349989843,38.652,1.0,87,onoff,0.6,262.3237737612057,8.0,45.592818641662596,static_pomt,0
10000,0.0222,178.6086005767846,5967.261633956166,14153.726769425963,14649.225445966538,14148.013889577483,1.015744032503809,0.3456,71.193386,36.72264895886237,38.853,1.0,87,onoff,0.6,262.3237737612057,8.0,45.592818641662596,decoupled,0
10000,0.0222,178.6086005767846,5967.261633956166,14153.726769425963,14649.225445966538,14148.013889577483,1.015744032503809,0.3456,71.193386,39.00637531742001,41.27519999999999,1.0,87,onoff,0.6,262.3237737612057,8.0,45.592818641662596,joint_full,0
10000,0.0222,178.6086005767846,5967.261633956166,14153.726769425963,14649.225445966538,14148.013889577483,1.015744032503809,0.3456,71.193386,38.59511477907568,40.366,1.0,87,onoff,0.6,262.3237737612057,8.0,45.592818641662596,cliffserve,0
10000,0.0553,180.32800888368536,5433.87377747649,13618.736023527685,14114.698708266045,13613.1019849363,1.0428616122640526,0.0,71.19948800000002,35.242213786630515,36.679,1.0,87,onoff,0.6,262.3237737612057,12.0,68.38922796249389,dense,0
10000,0.0553,180.32800888368536,5433.87377747649,13618.736023527685,14114.698708266045,13613.1019849363,1.0428616122640526,0.0,71.19948800000002,36.24506580456773,38.6926,1.0,87,onoff,0.6,262.3237737612057,12.0,68.38922796249389,static_pomt,0
10000,0.056,180.38285009660535,5417.012620774449,13601.937242895667,14097.897697414184,13596.299325973097,1.0431879824744419,1.4592,71.17244200000002,36.70257250156478,39.033,1.0,87,onoff,0.6,262.3237737612057,12.0,68.38922796249389,decoupled,0
10000,0.056,180.38285009660535,5417.012620774449,13601.937242895667,14097.897697414184,13596.299325973097,1.0431879824744419,1.4592,71.17244200000002,39.058542666388476,41.6055,1.0,87,onoff,0.6,262.3237737612057,12.0,68.38922796249389,joint_full,0
10000,0.056,180.38285009660535,5417.012620774449,13601.937242895667,14097.897697414184,13596.299325973097,1.0431879824744419,1.4592,71.17244200000002,38.70346056749427,40.703500000000005,1.0,87,onoff,0.6,262.3237737612057,12.0,68.38922796249389,cliffserve,0
10000,0.0016,176.7214234186688,15176.304010777416,28186.244188680706,29707.478956699542,28180.65407344347,1.0002000400080016,0.0,71.19999600000001,35.93824164832967,38.0425,1.0,87,onoff,0.8,349.76503168160764,2.0,11.398204660415649,dense,0
10000,0.0016,176.7214234186688,15176.304010777416,28186.244188680706,29707.478956699542,28180.65407344347,1.0002000400080016,0.0,71.19999600000001,36.88860892178435,39.053,1.0,87,onoff,0.8,349.76503168160764,2.0,11.398204660415649,static_pomt,0
10000,0.0016,176.7214234186688,15176.304010777416,28186.244188680706,29707.478956699542,28180.65407344347,1.0002000400080016,0.0,71.19999600000001,37.5092725545109,39.534,1.0,87,onoff,0.8,349.76503168160764,2.0,11.398204660415649,decoupled,0
10000,0.0016,176.7214234186688,15176.304010777416,28186.244188680706,29707.478956699542,28180.65407344347,1.0002000400080016,0.0,71.19999600000001,39.689061512302466,41.840349999999994,1.0,87,onoff,0.8,349.76503168160764,2.0,11.398204660415649,joint_full,0
10000,0.0016,176.7214234186688,15176.304010777416,28186.244188680706,29707.478956699542,28180.65407344347,1.0002000400080016,0.0,71.19999600000001,39.29386377275455,40.90615,1.0,87,onoff,0.8,349.76503168160764,2.0,11.398204660415649,cliffserve,0
10000,0.0042,176.76929504231424,15160.883017926159,28170.788680281697,29692.053434672525,28165.15424169546,1.001602564102564,0.0,71.19997400000003,35.916731971153844,37.841,1.0,87,onoff,0.8,349.76503168160764,4.0,22.796409320831298,dense,0
10000,0.0042,176.76929504231424,15160.883017926159,28170.788680281697,29692.053434672525,28165.15424169546,1.001602564102564,0.0,71.19997400000003,37.01833924278846,39.104,1.0,87,onoff,0.8,349.76503168160764,4.0,22.796409320831298,static_pomt,0
10000,0.0042,176.76929504231424,15160.883017926159,28170.788680281697,29692.053434672525,28165.15424169546,1.001602564102564,0.0,71.19997400000003,37.56223667868589,39.594,1.0,87,onoff,0.8,349.76503168160764,4.0,22.796409320831298,decoupled,0
10000,0.0042,176.76929504231424,15160.883017926159,28170.788680281697,29692.053434672525,28165.15424169546,1.001602564102564,0.0,71.19997400000003,39.85067888621794,41.818,1.0,87,onoff,0.8,349.76503168160764,4.0,22.796409320831298,joint_full,0
10000,0.0042,176.76929504231424,15160.883017926159,28170.788680281697,29692.053434672525,28165.15424169546,1.001602564102564,0.0,71.19997400000003,39.40098016826923,41.48565000000001,1.0,87,onoff,0.8,349.76503168160764,4.0,22.796409320831298,cliffserve,0
10000,0.0092,177.1103357403963,15052.11799517149,28061.927872219145,29583.530588994196,28056.226371207293,1.0054293183189222,0.0,71.19993000000002,36.16096460888799,38.272,1.0,87,onoff,0.8,349.76503168160764,8.0,45.592818641662596,dense,0
10000,0.0092,177.1103357403963,15052.11799517149,28061.927872219145,29583.530588994196,28056.226371207293,1.0054293183189222,0.0,71.19993000000002,37.03436698170118,39.17075,1.0,87,onoff,0.8,349.76503168160764,8.0,45.592818641662596,static_pomt,0
10000,0.009,177.10120766353515,15055.021862939337,28064.798898566816,29586.397095345226,28059.147579992867,1.0053282396702523,0.1536,71.197084,37.394889212827984,39.56099999999999,1.0,87,onoff,0.8,349.76503168160764,8.0,45.592818641662596,decoupled,0
10000,0.009,177.10120766353515,15055.021862939337,28064.798898566816,29586.397095345226,28059.147579992867,1.0053282396702523,0.1536,71.197084,39.60849462149392,41.658,1.0,87,onoff,0.8,349.76503168160764,8.0,45.592818641662596,joint_full,0
10000,0.009,177.10120766353515,15055.021862939337,28064.798898566816,29586.397095345226,28059.147579992867,1.0053282396702523,0.1536,71.197084,39.393881773399016,41.33399999999999,1.0,87,onoff,0.8,349.76503168160764,8.0,45.592818641662596,cliffserve,0
10000,0.0112,177.29563143967977,14993.04735198492,28002.95560299402,29524.341740193537,27997.281745543536,1.0072522159548751,0.0,71.19991,36.1039304995971,38.20165,1.0,87,onoff,0.8,349.76503168160764,12.0,68.38922796249389,dense,0
10000,0.0112,177.29563143967977,14993.04735198492,28002.95560299402,29524.341740193537,27997.281745543536,1.0072522159548751,0.0,71.19991,37.035453263497175,39.12985,1.0,87,onoff,0.8,349.76503168160764,12.0,68.38922796249389,static_pomt,0
10000,0.0114,177.32141197060776,14984.835269406774,27994.716174996945,29516.166899365155,27989.0326853405,1.0073536818777074,0.2304,71.19565200000002,37.49881011383097,39.464,1.0,87,onoff,0.8,349.76503168160764,12.0,68.38922796249389,decoupled,0
10000,0.0114,177.32141197060776,14984.835269406774,27994.716174996945,29516.166899365155,27989.0326853405,1.0073536818777074,0.2304,71.19565200000002,39.65405933313187,41.95529999999999,1.0,87,onoff,0.8,349.76503168160764,12.0,68.38922796249389,joint_full,0
10000,0.0114,177.32141197060776,14984.835269406774,27994.716174996945,29516.166899365155,27989.0326853405,1.0073536818777074,0.2304,71.19565200000002,39.37544887680065,41.00399999999999,1.0,87,onoff,0.8,349.76503168160764,12.0,68.38922796249389,cliffserve,0
10000,0.0017,176.8949528908681,16253.82688154811,30508.932382091236,31880.217322601085,30503.271445902537,1.0004001600640255,0.0,71.19999200000001,35.932142957182876,37.62325,1.0,87,onoff,0.95,415.345975121909,2.0,11.398204660415649,dense,0
10000,0.0017,176.8949528908681,16253.82688154811,30508.932382091236,31880.217322601085,30503.271445902537,1.0004001600640255,0.0,71.19999200000001,37.11363955582233,39.023,1.0,87,onoff,0.95,415.345975121909,2.0,11.398204660415649,static_pomt,0
10000,0.0017,176.8949528908681,16253.82688154811,30508.932382091236,31880.217322601085,30503.271445902537,1.0004001600640255,0.0,71.19999200000001,37.55202571028411,39.344,1.0,87,onoff,0.95,415.345975121909,2.0,11.398204660415649,decoupled,0
10000,0.0017,176.8949528908681,16253.82688154811,30508.932382091236,31880.217322601085,30503.271445902537,1.0004001600640255,0.0,71.19999200000001,39.84300540216087,41.6405,1.0,87,onoff,0.95,415.345975121909,2.0,11.398204660415649,joint_full,0
10000,0.0017,176.8949528908681,16253.82688154811,30508.932382091236,31880.217322601085,30503.271445902537,1.0004001600640255,0.0,71.19999200000001,39.562737294917966,40.886250000000004,1.0,87,onoff,0.95,415.345975121909,2.0,11.398204660415649,cliffserve,0
10000,0.0033,176.9846548901966,16225.039760967436,30480.15892489786,31851.4565529573,30474.524486311624,1.001602564102564,0.0,71.19997600000002,36.01469290865385,37.87950000000001,1.0,87,onoff,0.95,415.345975121909,4.0,22.796409320831298,dense,0
10000,0.0033,176.9846548901966,16225.039760967436,30480.15892489786,31851.4565529573,30474.524486311624,1.001602564102564,0.0,71.19997600000002,36.99826963141025,38.843,1.0,87,onoff,0.95,415.345975121909,4.0,22.796409320831298,static_pomt,0
10000,0.0033,176.9846548901966,16225.039760967436,30480.15892489786,31851.4565529573,30474.524486311624,1.001602564102564,0.0,71.19997600000002,37.3861282051282,39.404,1.0,87,onoff,0.95,415.345975121909,4.0,22.796409320831298,decoupled,0
10000,0.0033,176.9846548901966,16225.039760967436,30480.15892489786,31851.4565529573,30474.524486311624,1.001602564102564,0.0,71.19997600000002,39.777877504006405,41.097,1.0,87,onoff,0.95,415.345975121909,4.0,22.796409320831298,joint_full,0
10000,0.0033,176.9846548901966,16225.039760967436,30480.15892489786,31851.4565529573,30474.524486311624,1.001602564102564,0.0,71.19997600000002,39.51199889823718,41.247,1.0,87,onoff,0.95,415.345975121909,4.0,22.796409320831298,cliffserve,0
10000,0.0043,177.07318316807508,16196.977440973464,30452.01517926092,31823.503765467412,30446.352985843372,1.0024057738572574,0.0,71.19996600000002,36.112869286287086,38.092,1.0,87,onoff,0.95,415.345975121909,8.0,45.592818641662596,dense,0
10000,0.0043,177.07318316807508,16196.977440973464,30452.01517926092,31823.503765467412,30446.352985843372,1.0024057738572574,0.0,71.19996600000002,37.18536547714515,39.183,1.0,87,onoff,0.95,415.345975121909,8.0,45.592818641662596,static_pomt,0
10000,0.0044,177.07497418292775,16196.406239649,30451.44397793646,31822.93256414295,30445.78178451891,1.0024057738572574,0.0384,71.19925400000002,37.62414474739374,39.604,1.0,87,onoff,0.95,415.345975121909,8.0,45.592818641662596,decoupled,0
10000,0.0044,177.07497418292775,16196.406239649,30451.44397793646,31822.93256414295,30445.78178451891,1.0024057738572574,0.0384,71.19925400000002,39.84151253007217,41.548,1.0,87,onoff,0.95,415.345975121909,8.0,45.592818641662596,joint_full,0
10000,0.0044,177.07497418292775,16196.406239649,30451.44397793646,31822.93256414295,30445.78178451891,1.0024057738572574,0.0384,71.19925400000002,39.704795008019246,41.107,1.0,87,onoff,0.95,415.345975121909,8.0,45.592818641662596,cliffserve,0
10000,0.0061,177.2428189708903,16143.152690311614,30398.030956252765,31769.640060199505,30392.438447316836,1.0040160642570282,0.0,71.19994800000002,35.98902971887551,37.771499999999996,1.0,87,onoff,0.95,415.345975121909,12.0,68.38922796249389,dense,0
10000,0.0061,177.2428189708903,16143.152690311614,30398.030956252765,31769.640060199505,30392.438447316836,1.0040160642570282,0.0,71.19994800000002,37.06198614457832,38.92305,1.0,87,onoff,0.95,415.345975121909,12.0,68.38922796249389,static_pomt,0
10000,0.0062,177.24842700997974,16141.367600818816,30396.245866759968,31767.854970706707,30390.653357824038,1.0040160642570282,0.1152,71.19781200000001,37.516265261044175,39.425,1.0,87,onoff,0.95,415.345975121909,12.0,68.38922796249389,decoupled,0
10000,0.0063,177.26802132811972,16135.17292680377,30390.111746414852,31761.74761795402,30384.446464952183,1.004217714400482,0.1152,71.19782600000002,39.76719793131151,41.27715,1.0,87,onoff,0.95,415.345975121909,12.0,68.38922796249389,joint_full,0
10000,0.0063,177.26802132811972,16135.17292680377,30390.111746414852,31761.74761795402,30384.446464952183,1.004217714400482,0.1152,71.19782600000002,39.61743934525005,40.846,1.0,87,onoff,0.95,415.345975121909,12.0,68.38922796249389,cliffserve,0
10000,0.0038,176.57476080957218,17962.340409242686,32755.408313128086,34361.170349129105,32749.7190093008,1.0007004903432404,0.0,71.19998600000001,35.801717001901324,38.1414,1.0,87,onoff,1.1,480.9269185622105,2.0,11.398204660415649,dense,0
10000,0.0038,176.57476080957218,17962.340409242686,32755.408313128086,34361.170349129105,32749.7190093008,1.0007004903432404,0.0,71.19998600000001,37.04846832782948,39.0034,1.0,87,onoff,1.1,480.9269185622105,2.0,11.398204660415649,static_pomt,0
10000,0.0038,176.57476080957218,17962.340409242686,32755.408313128086,34361.170349129105,32749.7190093008,1.0007004903432404,0.0,71.19998600000001,37.52199359551686,39.414,1.0,87,onoff,1.1,480.9269185622105,2.0,11.398204660415649,decoupled,0
10000,0.0038,176.57476080957218,17962.340409242686,32755.408313128086,34361.170349129105,32749.7190093008,1.0007004903432404,0.0,71.19998600000001,39.79077744421095,41.899,1.0,87,onoff,1.1,480.9269185622105,2.0,11.398204660415649,joint_full,0
10000,0.0038,176.57476080957218,17962.340409242686,32755.408313128086,34361.170349129105,32749.7190093008,1.0007004903432404,0.0,71.19998600000001,39.57040818573002,41.147,1.0,87,onoff,1.1,480.9269185622105,2.0,11.398204660415649,cliffserve,0
10000,0.006,176.62279247771926,17946.757321559962,32739.921059676737,34345.78184714165,32734.24982940826,1.0018032458425166,0.0,71.19996800000001,35.86863975155279,37.82049999999999,1.0,87,onoff,1.1,480.9269185622105,4.0,22.796409320831298,dense,0
10000,0.006,176.62279247771926,17946.757321559962,32739.921059676737,34345.78184714165,32734.24982940826,1.0018032458425166,0.0,71.19996800000001,37.02524443999199,39.193,1.0,87,onoff,1.1,480.9269185622105,4.0,22.796409320831298,static_pomt,0
10000,0.006,176.62279247771926,17946.757321559962,32739.921059676737,34345.78184714165,32734.24982940826,1.0018032458425166,0.0,71.19996800000001,37.37570807453417,39.08249999999999,1.0,87,onoff,1.1,480.9269185622105,4.0,22.796409320831298,decoupled,0
10000,0.006,176.62279247771926,17946.757321559962,32739.921059676737,34345.78184714165,32734.24982940826,1.0018032458425166,0.0,71.19996800000001,39.721349328791824,41.789,1.0,87,onoff,1.1,480.9269185622105,4.0,22.796409320831298,joint_full,0
10000,0.006,176.62279247771926,17946.757321559962,32739.921059676737,34345.78184714165,32734.24982940826,1.0018032458425166,0.0,71.19996800000001,39.43333390102184,41.28649999999999,1.0,87,onoff,1.1,480.9269185622105,4.0,22.796409320831298,cliffserve,0
10000,0.0082,176.7801669433547,17896.672840559062,32689.846364304158,34295.750395606425,32684.17655293617,1.0035122930255895,0.0,71.19994600000003,35.767575614651285,37.911,1.0,87,onoff,1.1,480.9269185622105,8.0,45.592818641662596,dense,0
10000,0.0082,176.7801669433547,17896.672840559062,32689.846364304158,34295.750395606425,32684.17655293617,1.0035122930255895,0.0,71.19994600000003,37.15722087305569,39.364,1.0,87,onoff,1.1,480.9269185622105,8.0,45.592818641662596,static_pomt,0
10000,0.0084,176.79529953457003,17891.822824203547,32684.927773233983,34291.00221990432,32679.269330259893,1.003713740841112,0.0768,71.19852200000003,37.57585064739537,39.695,1.0,87,onoff,1.1,480.9269185622105,8.0,45.592818641662596,decoupled,0
10000,0.0084,176.79529953457003,17891.822824203547,32684.927773233983,34291.00221990432,32679.269330259893,1.003713740841112,0.0768,71.19852200000003,39.79819231155275,41.879,1.0,87,onoff,1.1,480.9269185622105,8.0,45.592818641662596,joint_full,0
10000,0.0084,176.79529953457003,17891.822824203547,32684.927773233983,34291.00221990432,32679.269330259893,1.003713740841112,0.0768,71.19852200000003,39.52121951219512,41.3261,1.0,87,onoff,1.1,480.9269185622105,8.0,45.592818641662596,cliffserve,0
10000,0.0194,177.46671759526453,17677.507243492415,32470.709732782212,34076.78294644226,32465.132515107955,1.0119409026512851,0.0,71.19984600000002,35.79813893948594,37.74049999999999,1.0,87,onoff,1.1,480.9269185622105,12.0,68.38922796249389,dense,0
10000,0.0194,177.46671759526453,17677.507243492415,32470.709732782212,34076.78294644226,32465.132515107955,1.0119409026512851,0.0,71.19984600000002,37.03640376442016,38.983,1.0,87,onoff,1.1,480.9269185622105,12.0,68.38922796249389,static_pomt,0
10000,0.0197,177.471759271786,17675.690617420485,32469.125166117516,34074.92638177265,32463.42762387928,1.0123506782749545,0.4224,71.19204400000002,37.5309502935817,39.52415,1.0,87,onoff,1.1,480.9269185622105,12.0,68.38922796249389,decoupled,0
10000,0.0197,177.471759271786,17675.690617420485,32469.125166117516,34074.92638177265,32463.42762387928,1.0123506782749545,0.4224,71.19204400000002,39.74890979955457,41.7495,1.0,87,onoff,1.1,480.9269185622105,12.0,68.38922796249389,joint_full,0
10000,0.0197,177.471759271786,17675.690617420485,32469.125166117516,34074.92638177265,32463.42762387928,1.0123506782749545,0.4224,71.19204400000002,39.444251974083826,40.857499999999995,1.0,87,onoff,1.1,480.9269185622105,12.0,68.38922796249389,cliffserve,0
10000,0.6762,130.6537072066693,9.299563834032597,31.090216887965962,52.53009534472047,25.466262652430352,1.101442890186144,0.0,71.19815800000002,7.256698645225245,8.756,1.0,88,poisson,0.3,131.16188688060285,2.0,11.398204660415649,dense,0
10000,0.6762,130.6537072066693,9.299563834032597,31.090216887965962,52.53009534472047,25.466262652430352,1.101442890186144,0.0,71.19815800000002,7.486375151448398,9.1871,1.0,88,poisson,0.3,131.16188688060285,2.0,11.398204660415649,static_pomt,0
10000,0.6762,130.6537072066693,9.299563834032597,31.090216887965962,52.53009534472047,25.466262652430352,1.101442890186144,0.0,71.19815800000002,9.096620773212909,10.56,1.0,88,poisson,0.3,131.16188688060285,2.0,11.398204660415649,decoupled,0
10000,0.6762,130.6537072066693,9.299563834032597,31.090216887965962,52.53009534472047,25.466262652430352,1.101442890186144,0.0,71.19815800000002,8.059987773983918,10.97,1.0,88,poisson,0.3,131.16188688060285,2.0,11.398204660415649,joint_full,0
10000,0.6762,130.6537072066693,9.299563834032597,31.090216887965962,52.53009534472047,25.466262652430352,1.101442890186144,0.0,71.19815800000002,7.718939090208173,10.68,1.0,88,poisson,0.3,131.16188688060285,2.0,11.398204660415649,cliffserve,0
10000,0.9958,130.65376199566475,7.919968128204346,14.538253476630956,18.72215880417258,6.893817205464802,1.2825445684237526,0.0,71.19577200000002,7.206252661279979,8.636,1.0,88,poisson,0.3,131.16188688060285,4.0,22.796409320831298,dense,0
10000,0.9958,130.65376199566475,7.919968128204346,14.538253476630956,18.72215880417258,6.893817205464802,1.2825445684237526,0.0,71.19577200000002,7.3773462870334745,8.798799999999998,1.0,88,poisson,0.3,131.16188688060285,4.0,22.796409320831298,static_pomt,0
10000,0.9958,130.65376199566475,7.919968128204346,14.538253476630956,18.72215880417258,6.893817205464802,1.2825445684237526,0.0,71.19577200000002,9.172840323201232,10.649199999999999,1.0,88,poisson,0.3,131.16188688060285,4.0,22.796409320831298,decoupled,0
10000,0.9958,130.65376199566475,7.919968128204346,14.538253476630956,18.72215880417258,6.893817205464802,1.2825445684237526,0.0,71.19577200000002,7.736276773117866,9.888,1.0,88,poisson,0.3,131.16188688060285,4.0,22.796409320831298,joint_full,0
10000,0.9958,130.65376199566475,7.919968128204346,14.538253476630956,18.72215880417258,6.893817205464802,1.2825445684237526,0.0,71.19577200000002,6.97933269206105,9.026,1.0,88,poisson,0.3,131.16188688060285,4.0,22.796409320831298,cliffserve,0
10000,1.0,130.6537571882969,7.917512214909948,14.371263105580145,17.95062473855571,6.761645494390904,1.2874983906270117,0.0,71.19573400000003,7.215869705162868,8.626,1.0,88,poisson,0.3,131.16188688060285,8.0,45.592818641662596,dense,0
10000,1.0,130.6537571882969,7.917512214909948,14.371263105580145,17.95062473855571,6.761645494390904,1.2874983906270117,0.0,71.19573400000003,7.394862881421399,8.837,1.0,88,poisson,0.3,131.16188688060285,8.0,45.592818641662596,static_pomt,0
10000,1.0,130.6537571882969,7.917512214909948,14.371263105580145,17.95062473855571,6.761645494390904,1.2874983906270117,0.0,71.19573400000003,9.211868803913994,10.63,1.0,88,poisson,0.3,131.16188688060285,8.0,45.592818641662596,decoupled,0
10000,1.0,130.6537571882969,7.917512214909948,14.371263105580145,17.95062473855571,6.761645494390904,1.2874983906270117,0.0,71.19573400000003,7.691562379297027,9.849,1.0,88,poisson,0.3,131.16188688060285,8.0,45.592818641662596,joint_full,0
10000,1.0,130.6537571882969,7.917512214909948,14.371263105580145,17.95062473855571,6.761645494390904,1.2874983906270117,0.0,71.19573400000003,7.009197116003605,9.017,1.0,88,poisson,0.3,131.16188688060285,8.0,45.592818641662596,cliffserve,0
10000,1.0,130.6537571882969,7.917512214909948,14.371263105580145,17.95062473855571,6.761645494390904,1.2874983906270117,0.0,71.19573400000003,7.221664220419724,8.616,1.0,88,poisson,0.3,131.16188688060285,12.0,68.38922796249389,dense,0
10000,1.0,130.6537571882969,7.917512214909948,14.371263105580145,17.95062473855571,6.761645494390904,1.2874983906270117,0.0,71.19573400000003,7.423294708381615,8.8567,1.0,88,poisson,0.3,131.16188688060285,12.0,68.38922796249389,static_pomt,0
10000,1.0,130.6537571882969,7.917512214909948,14.371263105580145,17.95062473855571,6.761645494390904,1.2874983906270117,0.0,71.19573400000003,9.164956225054718,10.64,1.0,88,poisson,0.3,131.16188688060285,12.0,68.38922796249389,decoupled,0
10000,1.0,130.6537571882969,7.917512214909948,14.371263105580145,17.95062473855571,6.761645494390904,1.2874983906270117,0.0,71.19573400000003,7.690893910132612,9.859,1.0,88,poisson,0.3,131.16188688060285,12.0,68.38922796249389,joint_full,0
10000,1.0,130.6537571882969,7.917512214909948,14.371263105580145,17.95062473855571,6.761645494390904,1.2874983906270117,0.0,71.19573400000003,6.990931505085619,8.996,1.0,88,poisson,0.3,131.16188688060285,12.0,68.38922796249389,cliffserve,0
10000,0.0003,177.13285732170945,8725.639722254718,17200.717297367704,18016.024292361464,17195.055420665394,1.0,0.0,71.20000000000002,35.8776778,38.03199999999998,1.0,88,poisson,0.6,262.3237737612057,2.0,11.398204660415649,dense,0
10000,0.0003,177.13285732170945,8725.639722254718,17200.717297367704,18016.024292361464,17195.055420665394,1.0,0.0,71.20000000000002,36.972421999999995,39.113,1.0,88,poisson,0.6,262.3237737612057,2.0,11.398204660415649,static_pomt,0
10000,0.0003,177.13285732170945,8725.639722254718,17200.717297367704,18016.024292361464,17195.055420665394,1.0,0.0,71.20000000000002,37.47334420000001,39.594,1.0,88,poisson,0.6,262.3237737612057,2.0,11.398204660415649,decoupled,0
10000,0.0003,177.13285732170945,8725.639722254718,17200.717297367704,18016.024292361464,17195.055420665394,1.0,0.0,71.20000000000002,39.8912766,41.888,1.0,88,poisson,0.6,262.3237737612057,2.0,11.398204660415649,joint_full,0
10000,0.0003,177.13285732170945,8725.639722254718,17200.717297367704,18016.024292361464,17195.055420665394,1.0,0.0,71.20000000000002,39.4083915,40.82605,1.0,88,poisson,0.6,262.3237737612057,2.0,11.398204660415649,cliffserve,0
10000,0.001,177.19487317950214,8705.785849717106,17180.810711626662,17996.14608041021,17175.185511437914,1.0005002501250626,0.0,71.19999200000001,35.74647973986994,37.781,1.0,88,poisson,0.6,262.3237737612057,4.0,22.796409320831298,dense,0
10000,0.001,177.19487317950214,8705.785849717106,17180.810711626662,17996.14608041021,17175.185511437914,1.0005002501250626,0.0,71.19999200000001,36.83970315157578,38.833,1.0,88,poisson,0.6,262.3237737612057,4.0,22.796409320831298,static_pomt,0
10000,0.001,177.19487317950214,8705.785849717106,17180.810711626662,17996.14608041021,17175.185511437914,1.0005002501250626,0.0,71.19999200000001,37.395228814407204,39.11669999999999,1.0,88,poisson,0.6,262.3237737612057,4.0,22.796409320831298,decoupled,0
10000,0.001,177.19487317950214,8705.785849717106,17180.810711626662,17996.14608041021,17175.185511437914,1.0005002501250626,0.0,71.19999200000001,39.567934267133566,41.03999999999999,1.0,88,poisson,0.6,262.3237737612057,4.0,22.796409320831298,joint_full,0
10000,0.001,177.19487317950214,8705.785849717106,17180.810711626662,17996.14608041021,17175.185511437914,1.0005002501250626,0.0,71.19999200000001,39.2513823911956,40.526,1.0,88,poisson,0.6,262.3237737612057,4.0,22.796409320831298,cliffserve,0
10000,0.8883,247.8408939990898,14.327527955729238,1094.5188688802332,1909.6415895134473,1088.8227586555092,1.9051247856734617,0.0,71.19249400000002,13.52341760335302,35.292399999999994,1.0,88,poisson,0.6,262.3237737612057,8.0,45.592818641662596,dense,0
10000,0.8883,247.8408939990898,14.327527955729238,1094.5188688802332,1909.6415895134473,1088.8227586555092,1.9051247856734617,0.0,71.19249400000002,13.915855210516288,36.419,1.0,88,poisson,0.6,262.3237737612057,8.0,45.592818641662596,static_pomt,0
10000,0.931,252.7160561723535,13.90000209741629,315.9969423730758,1131.329169732555,310.35574075774224,1.9928258270227182,1.9584,71.15582400000002,13.311415304902352,36.619,1.0,88,poisson,0.6,262.3237737612057,8.0,45.592818641662596,decoupled,0
10000,0.931,252.7160561723535,13.896658566588485,315.9969423730758,1131.329169732555,310.35574075774224,1.9928258270227182,2.0352,71.15440000000001,12.81985173375847,38.773,1.0,88,poisson,0.6,262.3237737612057,8.0,45.592818641662596,joint_full,0
10000,0.931,252.7160561723535,13.896658566588485,315.9969423730758,1131.329169732555,310.35574075774224,1.9928258270227182,2.0352,71.15440000000001,12.017779394180947,38.462,1.0,88,poisson,0.6,262.3237737612057,8.0,45.592818641662596,cliffserve,0
10000,1.0,261.25948187084776,13.467029869016187,29.0385676245849,40.10436058688826,14.664370527617027,2.1691973969631237,0.0,71.19153600000004,8.24439327548807,10.219,1.0,88,poisson,0.6,262.3237737612057,12.0,68.38922796249389,dense,0
10000,1.0,261.25948187084776,13.467029869016187,29.0385676245849,40.10436058688826,14.664370527617027,2.1691973969631237,0.0,71.19153600000004,8.498694143167027,10.54,1.0,88,poisson,0.6,262.3237737612057,12.0,68.38922796249389,static_pomt,0
10000,1.0,261.2602867601506,13.44911122184294,28.49977528883227,38.77679686943331,14.414051289345839,2.164033758926639,2.6112,71.14313000000003,10.29117809997836,12.343,1.0,88,poisson,0.6,262.3237737612057,12.0,68.38922796249389,decoupled,0
10000,1.0,261.2602867601506,13.44911122184294,28.49977528883227,38.77679686943331,14.414051289345839,2.164033758926639,2.6112,71.14313000000003,9.354971867561133,12.263,1.0,88,poisson,0.6,262.3237737612057,12.0,68.38922796249389,joint_full,0
10000,1.0,261.2602867601506,13.44911122184294,28.49977528883227,38.77679686943331,14.414051289345839,2.164033758926639,2.6112,71.14313000000003,8.485539060809348,11.05,1.0,88,poisson,0.6,262.3237737612057,12.0,68.38922796249389,cliffserve,0
10000,0.0003,177.1408042502438,13595.759275792894,26292.535847077936,27485.114697281853,26286.87819748935,1.0,0.0,71.20000000000002,36.17388590000001,38.232,1.0,88,poisson,0.8,349.76503168160764,2.0,11.398204660415649,dense,0
10000,0.0003,177.1408042502438,13595.759275792894,26292.535847077936,27485.114697281853,26286.87819748935,1.0,0.0,71.20000000000002,37.2054225,39.183,1.0,88,poisson,0.8,349.76503168160764,2.0,11.398204660415649,static_pomt,0
10000,0.0003,177.1408042502438,13595.759275792894,26292.535847077936,27485.114697281853,26286.87819748935,1.0,0.0,71.20000000000002,37.4464189,39.4045,1.0,88,poisson,0.8,349.76503168160764,2.0,11.398204660415649,decoupled,0
10000,0.0003,177.1408042502438,13595.759275792894,26292.535847077936,27485.114697281853,26286.87819748935,1.0,0.0,71.20000000000002,39.69710549999999,41.62944999999999,1.0,88,poisson,0.8,349.76503168160764,2.0,11.398204660415649,joint_full,0
10000,0.0003,177.1408042502438,13595.759275792894,26292.535847077936,27485.114697281853,26286.87819748935,1.0,0.0,71.20000000000002,39.5347625,41.157,1.0,88,poisson,0.8,349.76503168160764,2.0,11.398204660415649,cliffserve,0
10000,0.0008,177.1890479554651,13580.39617144948,26277.01703594741,27469.721254856126,26271.370080552664,1.0004001600640255,0.0,71.19999400000002,35.85364725890356,37.76025,1.0,88,poisson,0.8,349.76503168160764,4.0,22.796409320831298,dense,0
10000,0.0008,177.1890479554651,13580.39617144948,26277.01703594741,27469.721254856126,26271.370080552664,1.0004001600640255,0.0,71.19999400000002,37.04648379351741,38.946250000000006,1.0,88,poisson,0.8,349.76503168160764,4.0,22.796409320831298,static_pomt,0
10000,0.0008,177.1890479554651,13580.39617144948,26277.01703594741,27469.721254856126,26271.370080552664,1.0004001600640255,0.0,71.19999400000002,37.47496008403361,38.59225,1.0,88,poisson,0.8,349.76503168160764,4.0,22.796409320831298,decoupled,0
10000,0.0008,177.1890479554651,13580.39617144948,26277.01703594741,27469.721254856126,26271.370080552664,1.0004001600640255,0.0,71.19999400000002,39.856431572629056,40.779250000000005,1.0,88,poisson,0.8,349.76503168160764,4.0,22.796409320831298,joint_full,0
10000,0.0008,177.1890479554651,13580.39617144948,26277.01703594741,27469.721254856126,26271.370080552664,1.0004001600640255,0.0,71.19999400000002,39.46554321728691,40.586,1.0,88,poisson,0.8,349.76503168160764,4.0,22.796409320831298,cliffserve,0
10000,0.0101,178.01790088895868,13317.712582229433,26013.96056779441,27206.468670517937,26008.396660791008,1.0079629069650238,0.0,71.19990200000002,35.8288949702651,37.341,1.0,88,poisson,0.8,349.76503168160764,8.0,45.592818641662596,dense,0
10000,0.0101,178.01790088895868,13317.712582229433,26013.96056779441,27206.468670517937,26008.396660791008,1.0079629069650238,0.0,71.19990200000002,37.198021268017335,39.104,1.0,88,poisson,0.8,349.76503168160764,8.0,45.592818641662596,static_pomt,0
10000,0.0392,180.44237953776428,12563.205254054912,25260.98331004396,26452.867210401615,25255.33023313299,1.0295480284155256,0.768,71.18538600000001,37.26850138988984,39.394,1.0,88,poisson,0.8,349.76503168160764,8.0,45.592818641662596,decoupled,0
10000,0.0402,180.50653196163364,12543.503892160305,25241.140821278244,26433.03089175137,25235.505912578257,1.0300782859497322,0.8064,71.18466600000002,39.468300164812526,41.498,1.0,88,poisson,0.8,349.76503168160764,8.0,45.592818641662596,joint_full,0
10000,0.0402,180.50653196163364,12543.503892160305,25241.140821278244,26433.03089175137,25235.505912578257,1.0300782859497322,0.8064,71.18466600000002,39.17722249690977,40.72315,1.0,88,poisson,0.8,349.76503168160764,8.0,45.592818641662596,cliffserve,0
10000,0.4054,219.56859030431008,2683.8288312584955,15383.958172895895,16577.096398900903,15378.278868725287,1.4450867052023122,0.0,71.19602600000002,32.11976979768786,36.879,1.0,88,poisson,0.8,349.76503168160764,12.0,68.38922796249389,dense,0
10000,0.4054,219.56859030431008,2683.8288312584955,15383.958172895895,16577.096398900903,15378.278868725287,1.4450867052023122,0.0,71.19602600000002,32.99617297687861,37.931,1.0,88,poisson,0.8,349.76503168160764,12.0,68.38922796249389,static_pomt,0
10000,0.4094,220.13742071375418,2565.716448131283,15266.108685662733,16458.92602704898,15260.441298415648,1.4413375612568464,7.7568,71.05222600000002,33.54494753531277,38.053349999999995,1.0,88,poisson,0.8,349.76503168160764,12.0,68.38922796249389,decoupled,0
10000,0.4132,220.72891548142118,2444.6951323182184,15144.482804300773,16337.542611555016,15138.827973749625,1.4488554042306578,7.9872,71.047932,35.483301361924084,40.6055,1.0,88,poisson,0.8,349.76503168160764,12.0,68.38922796249389,joint_full,0
10000,0.4132,220.72891548142118,2444.6951323182184,15144.482804300773,16337.542611555016,15138.827973749625,1.4488554042306578,7.9872,71.047932,35.04086525644741,40.205,1.0,88,poisson,0.8,349.76503168160764,12.0,68.38922796249389,cliffserve,0
10000,0.0003,177.14456883369965,15905.301220905774,30607.83265111286,31968.561137434364,30602.175001524276,1.0,0.0,71.20000000000002,35.9456054,37.51,1.0,88,poisson,0.95,415.345975121909,2.0,11.398204660415649,dense,0
10000,0.0003,177.14456883369965,15905.301220905774,30607.83265111286,31968.561137434364,30602.175001524276,1.0,0.0,71.20000000000002,37.207542,39.023,1.0,88,poisson,0.95,415.345975121909,2.0,11.398204660415649,static_pomt,0
10000,0.0003,177.14456883369965,15905.301220905774,30607.83265111286,31968.561137434364,30602.175001524276,1.0,0.0,71.20000000000002,37.5896099,39.5545,1.0,88,poisson,0.95,415.345975121909,2.0,11.398204660415649,decoupled,0
10000,0.0003,177.14456883369965,15905.301220905774,30607.83265111286,31968.561137434364,30602.175001524276,1.0,0.0,71.20000000000002,39.8921723,41.268,1.0,88,poisson,0.95,415.345975121909,2.0,11.398204660415649,joint_full,0
10000,0.0003,177.14456883369965,15905.301220905774,30607.83265111286,31968.561137434364,30602.175001524276,1.0,0.0,71.20000000000002,39.57615669999999,40.877,1.0,88,poisson,0.95,415.345975121909,2.0,11.398204660415649,cliffserve,0
10000,0.0008,177.1928145897654,15889.95430876016,30592.31383998234,31953.167695008637,30586.666884587594,1.0004001600640255,0.0,71.19999400000002,36.04976090436175,37.9135,1.0,88,poisson,0.95,415.345975121909,4.0,22.796409320831298,dense,0
10000,0.0008,177.1928145897654,15889.95430876016,30592.31383998234,31953.167695008637,30586.666884587594,1.0004001600640255,0.0,71.19999400000002,37.48535054021609,39.334,1.0,88,poisson,0.95,415.345975121909,4.0,22.796409320831298,static_pomt,0
10000,0.0008,177.1928145897654,15889.95430876016,30592.31383998234,31953.167695008637,30586.666884587594,1.0004001600640255,0.0,71.19999400000002,37.58936834733893,39.584,1.0,88,poisson,0.95,415.345975121909,4.0,22.796409320831298,decoupled,0
10000,0.0008,177.1928145897654,15889.95430876016,30592.31383998234,31953.167695008637,30586.666884587594,1.0004001600640255,0.0,71.19999400000002,39.89163825530212,41.43725,1.0,88,poisson,0.95,415.345975121909,4.0,22.796409320831298,joint_full,0
10000,0.0008,177.1928145897654,15889.95430876016,30592.31383998234,31953.167695008637,30586.666884587594,1.0004001600640255,0.0,71.19999400000002,39.71758513405362,40.947,1.0,88,poisson,0.95,415.345975121909,4.0,22.796409320831298,cliffserve,0
10000,0.0041,177.47925922649318,15798.507956755155,30500.587892006228,31861.547662636163,30494.920527432747,1.0030090270812437,0.0,71.19996200000001,35.8884261785356,37.901,1.0,88,poisson,0.95,415.345975121909,8.0,45.592818641662596,dense,0
10000,0.0041,177.47925922649318,15798.507956755155,30500.587892006228,31861.547662636163,30494.920527432747,1.0030090270812437,0.0,71.19996200000001,37.21883079237713,38.988499999999995,1.0,88,poisson,0.95,415.345975121909,8.0,45.592818641662596,static_pomt,0
10000,0.0044,177.51642248901905,15786.699525129789,30488.77431013424,31849.748098236443,30483.101478265115,1.0033109260559847,0.0768,71.19853400000001,37.661748369619744,39.544,1.0,88,poisson,0.95,415.345975121909,8.0,45.592818641662596,decoupled,0
10000,0.0044,177.51642248901905,15786.699525129789,30488.77431013424,31849.748098236443,30483.101478265115,1.0033109260559847,0.0768,71.19853400000001,39.81588140864854,41.728,1.0,88,poisson,0.95,415.345975121909,8.0,45.592818641662596,joint_full,0
10000,0.0044,177.51642248901905,15786.699525129789,30488.77431013424,31849.748098236443,30483.101478265115,1.0033109260559847,0.0768,71.19853400000001,39.56404063409251,41.077,1.0,88,poisson,0.95,415.345975121909,8.0,45.592818641662596,cliffserve,0
10000,0.0087,177.90151509462302,15665.07542754411,30367.11964328129,31728.013180362108,30361.44781462986,1.006947940791461,0.0,71.19991600000002,35.89812304903836,37.570499999999996,1.0,88,poisson,0.95,415.345975121909,12.0,68.38922796249389,dense,0
10000,0.0087,177.90151509462302,15665.07542754411,30367.11964328129,31728.013180362108,30361.44781462986,1.006947940791461,0.0,71.19991600000002,37.227129392810404,39.234,1.0,88,poisson,0.95,415.345975121909,12.0,68.38922796249389,static_pomt,0
10000,0.0096,178.02360070552922,15626.621811163419,30328.697916577647,31689.281042353035,30323.045978830643,1.0080645161290323,0.384,71.19278600000001,37.476095766129035,39.414,1.0,88,poisson,0.95,415.345975121909,12.0,68.38922796249389,decoupled,0
10000,0.0096,178.02360070552922,15626.621811163419,30328.697916577647,31689.281042353035,30323.045978830643,1.0080645161290323,0.384,71.19278600000001,39.84993508064517,41.41844999999999,1.0,88,poisson,0.95,415.345975121909,12.0,68.38922796249389,joint_full,0
10000,0.0096,178.02360070552922,15626.621811163419,30328.697916577647,31689.281042353035,30323.045978830643,1.0080645161290323,0.384,71.19278600000001,39.667361290322575,41.378,1.0,88,poisson,0.95,415.345975121909,12.0,68.38922796249389,cliffserve,0
10000,0.0003,177.1469650066271,17585.19380967982,33746.33924786684,35229.35837863751,33740.68159827826,1.0,0.0,71.20000000000002,36.1384974,38.152449999999995,1.0,88,poisson,1.1,480.9269185622105,2.0,11.398204660415649,dense,0
10000,0.0003,177.1469650066271,17585.19380967982,33746.33924786684,35229.35837863751,33740.68159827826,1.0,0.0,71.20000000000002,37.365729,39.284,1.0,88,poisson,1.1,480.9269185622105,2.0,11.398204660415649,static_pomt,0
10000,0.0003,177.1469650066271,17585.19380967982,33746.33924786684,35229.35837863751,33740.68159827826,1.0,0.0,71.20000000000002,37.646936000000004,39.684,1.0,88,poisson,1.1,480.9269185622105,2.0,11.398204660415649,decoupled,0
10000,0.0003,177.1469650066271,17585.19380967982,33746.33924786684,35229.35837863751,33740.68159827826,1.0,0.0,71.20000000000002,39.9850391,41.95049999999998,1.0,88,poisson,1.1,480.9269185622105,2.0,11.398204660415649,joint_full,0
10000,0.0003,177.1469650066271,17585.19380967982,33746.33924786684,35229.35837863751,33740.68159827826,1.0,0.0,71.20000000000002,39.7317539,41.528,1.0,88,poisson,1.1,480.9269185622105,2.0,11.398204660415649,cliffserve,0
10000,0.0008,177.1952120680865,17569.846897534204,33730.820436736314,35213.96493621178,33725.17348134157,1.0004001600640255,0.0,71.19999400000002,36.022060024009605,37.971,1.0,88,poisson,1.1,480.9269185622105,4.0,22.796409320831298,dense,0
10000,0.0008,177.1952120680865,17569.846897534204,33730.820436736314,35213.96493621178,33725.17348134157,1.0004001600640255,0.0,71.19999400000002,37.16590636254502,39.013,1.0,88,poisson,1.1,480.9269185622105,4.0,22.796409320831298,static_pomt,0
10000,0.0008,177.1952120680865,17569.846897534204,33730.820436736314,35213.96493621178,33725.17348134157,1.0004001600640255,0.0,71.19999400000002,37.58713825530212,39.667249999999996,1.0,88,poisson,1.1,480.9269185622105,4.0,22.796409320831298,decoupled,0
10000,0.0008,177.1952120680865,17569.846897534204,33730.820436736314,35213.96493621178,33725.17348134157,1.0004001600640255,0.0,71.19999400000002,39.96218877551021,41.409749999999995,1.0,88,poisson,1.1,480.9269185622105,4.0,22.796409320831298,joint_full,0
10000,0.0008,177.1952120680865,17569.846897534204,33730.820436736314,35213.96493621178,33725.17348134157,1.0004001600640255,0.0,71.19999400000002,39.69284263705482,41.278,1.0,88,poisson,1.1,480.9269185622105,4.0,22.796409320831298,cliffserve,0
10000,0.0028,177.37796433694012,17511.482849053216,33672.316851302356,35155.53557504483,33666.59865758059,1.002104419280489,0.0,71.19997400000003,36.28764074556568,38.281,1.0,88,poisson,1.1,480.9269185622105,8.0,45.592818641662596,dense,0
10000,0.0028,177.37796433694012,17511.482849053216,33672.316851302356,35155.53557504483,33666.59865758059,1.002104419280489,0.0,71.19997400000003,37.39385138791461,39.2631,1.0,88,poisson,1.1,480.9269185622105,8.0,45.592818641662596,static_pomt,0
10000,0.0029,177.38032635146752,17510.73212998278,33671.56613223192,35154.784855974394,33665.84793851015,1.002104419280489,0.0768,71.19855000000003,37.69573534422287,39.664,1.0,88,poisson,1.1,480.9269185622105,8.0,45.592818641662596,decoupled,0
10000,0.0029,177.38032635146752,17510.73212998278,33671.56613223192,35154.784855974394,33665.84793851015,1.002104419280489,0.0768,71.19855000000003,40.090172562381,41.468,1.0,88,poisson,1.1,480.9269185622105,8.0,45.592818641662596,joint_full,0
10000,0.0029,177.38032635146752,17510.73212998278,33671.56613223192,35154.784855974394,33665.84793851015,1.002104419280489,0.0768,71.19855000000003,39.80522146507666,41.268,1.0,88,poisson,1.1,480.9269185622105,8.0,45.592818641662596,cliffserve,0
10000,0.0056,177.63622691210406,17429.534912279916,33590.050111242504,35073.40337728806,33584.352610584465,1.0045203415369162,0.0,71.19994600000003,35.954862782521346,37.88399999999999,1.0,88,poisson,1.1,480.9269185622105,12.0,68.38922796249389,dense,0
10000,0.0056,177.63622691210406,17429.534912279916,33590.050111242504,35073.40337728806,33584.352610584465,1.0045203415369162,0.0,71.19994600000003,37.224121948769465,39.043,1.0,88,poisson,1.1,480.9269185622105,12.0,68.38922796249389,static_pomt,0
10000,0.0059,177.67195382856283,17418.185266188455,33578.85212771532,35062.17905019589,33573.219082876414,1.004823151125402,0.2304,71.19567200000002,37.41934897508039,39.554,1.0,88,poisson,1.1,480.9269185622105,12.0,68.38922796249389,decoupled,0
10000,0.0059,177.67195382856283,17418.185266188455,33578.85212771532,35062.17905019589,33573.219082876414,1.004823151125402,0.2304,71.19567200000002,40.005053255627004,41.793049999999994,1.0,88,poisson,1.1,480.9269185622105,12.0,68.38922796249389,joint_full,0
10000,0.0059,177.67195382856283,17418.185266188455,33578.85212771532,35062.17905019589,33573.219082876414,1.004823151125402,0.2304,71.19567200000002,39.71956400723472,41.36249999999999,1.0,88,poisson,1.1,480.9269185622105,12.0,68.38922796249389,cliffserve,0
10000,0.2013,128.62171603883036,44.417073892206645,208.3337424626064,272.30526312500734,202.6835312952709,1.0303967027305512,0.0,71.19941000000001,10.80047150953117,21.12,1.0,88,onoff,0.3,131.16188688060285,2.0,11.398204660415649,dense,0
10000,0.2013,128.62171603883036,44.417073892206645,208.3337424626064,272.30526312500734,202.6835312952709,1.0303967027305512,0.0,71.19941000000001,11.375235651725914,21.9918,1.0,88,onoff,0.3,131.16188688060285,2.0,11.398204660415649,static_pomt,0
10000,0.2013,128.62171603883036,44.417073892206645,208.3337424626064,272.30526312500734,202.6835312952709,1.0303967027305512,0.0,71.19941000000001,12.48850932509016,22.743,1.0,88,onoff,0.3,131.16188688060285,2.0,11.398204660415649,decoupled,0
10000,0.2013,128.62171603883036,44.417073892206645,208.3337424626064,272.30526312500734,202.6835312952709,1.0303967027305512,0.0,71.19941000000001,12.783544564657392,24.155,1.0,88,onoff,0.3,131.16188688060285,2.0,11.398204660415649,joint_full,0
10000,0.2013,128.62171603883036,44.417073892206645,208.3337424626064,272.30526312500734,202.6835312952709,1.0303967027305512,0.0,71.19941000000001,12.579192272024729,24.096,1.0,88,onoff,0.3,131.16188688060285,2.0,11.398204660415649,cliffserve,0
10000,0.7722,128.62155425693345,12.046795588220448,139.62416552004936,214.77166034444951,133.96894958911062,1.38811771238201,0.0,71.19504400000002,9.32968295391449,17.042,1.0,88,onoff,0.3,131.16188688060285,4.0,22.796409320831298,dense,0
10000,0.7722,128.62155425693345,12.046795588220448,139.62416552004936,214.77166034444951,133.96894958911062,1.38811771238201,0.0,71.19504400000002,9.545191976679622,17.631649999999993,1.0,88,onoff,0.3,131.16188688060285,4.0,22.796409320831298,static_pomt,0
10000,0.7722,128.62155425693345,12.046795588220448,139.62416552004936,214.77166034444951,133.96894958911062,1.38811771238201,0.0,71.19504400000002,11.078799139367018,18.525,1.0,88,onoff,0.3,131.16188688060285,4.0,22.796409320831298,decoupled,0
10000,0.7722,128.62155425693345,12.046795588220448,139.62416552004936,214.77166034444951,133.96894958911062,1.38811771238201,0.0,71.19504400000002,10.55232759578012,19.92785,1.0,88,onoff,0.3,131.16188688060285,4.0,22.796409320831298,joint_full,0
10000,0.7722,128.62155425693345,12.046795588220448,139.62416552004936,214.77166034444951,133.96894958911062,1.38811771238201,0.0,71.19504400000002,9.920545530260966,19.646849999999997,1.0,88,onoff,0.3,131.16188688060285,4.0,22.796409320831298,cliffserve,0
10000,1.0,128.62180640728093,10.615170094148198,22.255646887232423,31.325890567933925,11.443534615895988,1.6619577862722288,0.0,71.19326600000001,7.680875020774473,10.089,1.0,88,onoff,0.3,131.16188688060285,8.0,45.592818641662596,dense,0
10000,1.0,128.62180640728093,10.615170094148198,22.255646887232423,31.325890567933925,11.443534615895988,1.6619577862722288,0.0,71.19326600000001,7.863682233671264,10.44,1.0,88,onoff,0.3,131.16188688060285,8.0,45.592818641662596,static_pomt,0
10000,1.0,128.62180640728093,10.615092270883906,22.214214643688045,30.640335591470578,11.429355273686264,1.6619577862722288,0.8064,71.17831400000001,9.656238989529665,12.184799999999997,1.0,88,onoff,0.3,131.16188688060285,8.0,45.592818641662596,decoupled,0
10000,1.0,128.62180640728093,10.615092270883906,22.214214643688045,30.640335591470578,11.429355273686264,1.6619577862722288,0.8064,71.17831400000001,8.45824464018614,12.132,1.0,88,onoff,0.3,131.16188688060285,8.0,45.592818641662596,joint_full,0
10000,1.0,128.62180640728093,10.615092270883906,22.214214643688045,30.640335591470578,11.429355273686264,1.6619577862722288,0.8064,71.17831400000001,7.689142097390726,10.93,1.0,88,onoff,0.3,131.16188688060285,8.0,45.592818641662596,cliffserve,0
10000,1.0,128.6216656939492,10.604536168641062,22.255646887232423,31.234034927270407,11.411264436181586,1.6625103906899419,0.0,71.19326400000001,7.733827930174563,10.119,1.0,88,onoff,0.3,131.16188688060285,12.0,68.38922796249389,dense,0
10000,1.0,128.6216656939492,10.604536168641062,22.255646887232423,31.234034927270407,11.411264436181586,1.6625103906899419,0.0,71.19326400000001,7.8942467165419785,10.509,1.0,88,onoff,0.3,131.16188688060285,12.0,68.38922796249389,static_pomt,0
10000,1.0,128.6216656939492,10.604227738367626,22.214214643688045,30.50747818039258,11.340542364469908,1.6625103906899419,0.9216,71.17617800000002,9.69189675810474,12.273,1.0,88,onoff,0.3,131.16188688060285,12.0,68.38922796249389,decoupled,0
10000,1.0,128.6216656939492,10.604227738367626,22.214214643688045,30.50747818039258,11.340542364469908,1.6625103906899419,0.9216,71.17617800000002,8.419847880299253,12.115700000000002,1.0,88,onoff,0.3,131.16188688060285,12.0,68.38922796249389,joint_full,0
10000,1.0,128.6216656939492,10.604227738367626,22.214214643688045,30.50747818039258,11.340542364469908,1.6625103906899419,0.9216,71.17617800000002,7.648215793848711,10.91,1.0,88,onoff,0.3,131.16188688060285,12.0,68.38922796249389,cliffserve,0
10000,0.0029,176.90104622724397,7099.027914233779,17095.03434073155,17892.87719507844,17089.37571353142,1.0006003602161297,0.0,71.19998800000002,34.7746077646588,37.50415,1.0,88,onoff,0.6,262.3237737612057,2.0,11.398204660415649,dense,0
10000,0.0029,176.90104622724397,7099.027914233779,17095.03434073155,17892.87719507844,17089.37571353142,1.0006003602161297,0.0,71.19998800000002,36.13765659395638,38.823,1.0,88,onoff,0.6,262.3237737612057,2.0,11.398204660415649,static_pomt,0
10000,0.0029,176.90104622724397,7099.027914233779,17095.03434073155,17892.87719507844,17089.37571353142,1.0006003602161297,0.0,71.19998800000002,36.714374924954974,39.53815,1.0,88,onoff,0.6,262.3237737612057,2.0,11.398204660415649,decoupled,0
10000,0.0029,176.90104622724397,7099.027914233779,17095.03434073155,17892.87719507844,17089.37571353142,1.0006003602161297,0.0,71.19998800000002,38.771891534920954,41.592150000000004,1.0,88,onoff,0.6,262.3237737612057,2.0,11.398204660415649,joint_full,0
10000,0.0029,176.90104622724397,7099.027914233779,17095.03434073155,17892.87719507844,17089.37571353142,1.0006003602161297,0.0,71.19998800000002,38.50249979987993,40.556,1.0,88,onoff,0.6,262.3237737612057,2.0,11.398204660415649,cliffserve,0
10000,0.012,176.96227022388393,7079.198570199584,17074.79727002804,17872.99997018495,17069.239505187914,1.0053282396702523,0.0,71.199914,35.143199859254054,37.73799999999999,1.0,88,onoff,0.6,262.3237737612057,4.0,22.796409320831298,dense,0
10000,0.012,176.96227022388393,7079.198570199584,17074.79727002804,17872.99997018495,17069.239505187914,1.0053282396702523,0.0,71.199914,36.376178144164065,38.953,1.0,88,onoff,0.6,262.3237737612057,4.0,22.796409320831298,static_pomt,0
10000,0.012,176.96227022388393,7079.198570199584,17074.79727002804,17872.99997018495,17069.239505187914,1.0053282396702523,0.0,71.199914,36.91471307932039,39.534,1.0,88,onoff,0.6,262.3237737612057,4.0,22.796409320831298,decoupled,0
10000,0.012,176.96227022388393,7079.198570199584,17074.79727002804,17872.99997018495,17069.239505187914,1.0053282396702523,0.0,71.199914,39.0110515733387,41.7487,1.0,88,onoff,0.6,262.3237737612057,4.0,22.796409320831298,joint_full,0
10000,0.012,176.96227022388393,7079.198570199584,17074.79727002804,17872.99997018495,17069.239505187914,1.0053282396702523,0.0,71.199914,38.685883884588314,40.967,1.0,88,onoff,0.6,262.3237737612057,4.0,22.796409320831298,cliffserve,0
10000,0.038,177.60891858197402,6874.089161783879,16871.12992358495,17667.865801781052,16865.488405135166,1.023331968890708,0.0,71.19968800000001,35.24299969300041,36.96945,1.0,88,onoff,0.6,262.3237737612057,8.0,45.592818641662596,dense,0
10000,0.038,177.60891858197402,6874.089161783879,16871.12992358495,17667.865801781052,16865.488405135166,1.023331968890708,0.0,71.19968800000001,36.43387617683177,39.093450000000004,1.0,88,onoff,0.6,262.3237737612057,8.0,45.592818641662596,static_pomt,0
10000,0.0382,177.6416080703922,6863.798933740281,16860.845611503613,17657.550843351717,16855.198454573645,1.0236462278636502,0.4608,71.19114200000001,36.91843095506192,39.7304,1.0,88,onoff,0.6,262.3237737612057,8.0,45.592818641662596,decoupled,0
10000,0.0382,177.6416080703922,6863.798933740281,16860.845611503613,17657.550843351717,16855.198454573645,1.0236462278636502,0.4608,71.19114200000001,39.259607636400865,42.18560000000002,1.0,88,onoff,0.6,262.3237737612057,8.0,45.592818641662596,joint_full,0
10000,0.0382,177.6416080703922,6863.798933740281,16860.845611503613,17657.550843351717,16855.198454573645,1.0236462278636502,0.4608,71.19114200000001,38.819512130207805,40.7866,1.0,88,onoff,0.6,262.3237737612057,8.0,45.592818641662596,cliffserve,0
10000,0.0419,177.97402219601926,6758.358503967946,16755.596001008045,17552.467472089167,16749.895469596875,1.0271158586688578,0.0,71.19965000000002,35.40986873459327,38.10424999999999,1.0,88,onoff,0.6,262.3237737612057,12.0,68.38922796249389,dense,0
10000,0.0419,177.97402219601926,6758.358503967946,16755.596001008045,17552.467472089167,16749.895469596875,1.0271158586688578,0.0,71.19965000000002,36.38574804847987,39.033,1.0,88,onoff,0.6,262.3237737612057,12.0,68.38922796249389,static_pomt,0
10000,0.042,177.9931190027323,6752.392039686863,16749.57161379148,17546.460584495897,16743.949984887135,1.0270103728047653,0.6144,71.18825600000002,36.8862079696005,39.564,1.0,88,onoff,0.6,262.3237737612057,12.0,68.38922796249389,decoupled,0
10000,0.042,177.9931190027323,6752.392039686863,16749.57161379148,17546.460584495897,16743.949984887135,1.0270103728047653,0.6144,71.18825600000002,39.069660264968675,41.899,1.0,88,onoff,0.6,262.3237737612057,12.0,68.38922796249389,joint_full,0
10000,0.042,177.9931190027323,6752.392039686863,16749.57161379148,17546.460584495897,16743.949984887135,1.0270103728047653,0.6144,71.18825600000002,38.80250631611379,41.0662,1.0,88,onoff,0.6,262.3237737612057,12.0,68.38922796249389,cliffserve,0
10000,0.0002,177.16034308096317,14923.43870993198,28165.274599625573,29291.12349282772,28159.60901067446,1.000100010001,0.0,71.19999800000002,36.26302510251025,38.322,1.0,88,onoff,0.8,349.76503168160764,2.0,11.398204660415649,dense,0
10000,0.0002,177.16034308096317,14923.43870993198,28165.274599625573,29291.12349282772,28159.60901067446,1.000100010001,0.0,71.19999800000002,37.198068806880684,39.374,1.0,88,onoff,0.8,349.76503168160764,2.0,11.398204660415649,static_pomt,0
10000,0.0002,177.16034308096317,14923.43870993198,28165.274599625573,29291.12349282772,28159.60901067446,1.000100010001,0.0,71.19999800000002,37.687175617561756,40.115,1.0,88,onoff,0.8,349.76503168160764,2.0,11.398204660415649,decoupled,0
10000,0.0002,177.16034308096317,14923.43870993198,28165.274599625573,29291.12349282772,28159.60901067446,1.000100010001,0.0,71.19999800000002,39.843899289929,41.810900000000004,1.0,88,onoff,0.8,349.76503168160764,2.0,11.398204660415649,joint_full,0
10000,0.0002,177.16034308096317,14923.43870993198,28165.274599625573,29291.12349282772,28159.60901067446,1.000100010001,0.0,71.19999800000002,39.72639643964396,41.3171,1.0,88,onoff,0.8,349.76503168160764,2.0,11.398204660415649,cliffserve,0
10000,0.0007,177.1950861747898,14912.421126084933,28154.293932106004,29280.119840231244,28148.670300199494,1.0004001600640255,0.0,71.19999400000002,35.4360206082433,36.58125,1.0,88,onoff,0.8,349.76503168160764,4.0,22.796409320831298,dense,0
10000,0.0007,177.1950861747898,14912.421126084933,28154.293932106004,29280.119840231244,28148.670300199494,1.0004001600640255,0.0,71.19999400000002,36.9946512605042,38.87225,1.0,88,onoff,0.8,349.76503168160764,4.0,22.796409320831298,static_pomt,0
10000,0.0007,177.1950861747898,14912.421126084933,28154.293932106004,29280.119840231244,28148.670300199494,1.0004001600640255,0.0,71.19999400000002,37.34264045618247,38.642250000000004,1.0,88,onoff,0.8,349.76503168160764,4.0,22.796409320831298,decoupled,0
10000,0.0007,177.1950861747898,14912.421126084933,28154.293932106004,29280.119840231244,28148.670300199494,1.0004001600640255,0.0,71.19999400000002,39.900605742296925,41.81825,1.0,88,onoff,0.8,349.76503168160764,4.0,22.796409320831298,joint_full,0
10000,0.0007,177.1950861747898,14912.421126084933,28154.293932106004,29280.119840231244,28148.670300199494,1.0004001600640255,0.0,71.19999400000002,39.56713475390155,41.097,1.0,88,onoff,0.8,349.76503168160764,4.0,22.796409320831298,cliffserve,0
10000,0.0052,177.5395323830348,14802.637810558404,28044.387492599908,29170.030039013647,28038.685345378344,1.003814495081309,0.0,71.19995000000003,35.90909716924312,37.881,1.0,88,onoff,0.8,349.76503168160764,8.0,45.592818641662596,dense,0
10000,0.0052,177.5395323830348,14802.637810558404,28044.387492599908,29170.030039013647,28038.685345378344,1.003814495081309,0.0,71.19995000000003,37.20081861072074,39.294,1.0,88,onoff,0.8,349.76503168160764,8.0,45.592818641662596,static_pomt,0
10000,0.0052,177.5412053478389,14801.980241388406,28043.711648192828,29169.419762710357,28038.073686566775,1.0039152695512499,0.1536,71.19710200000003,37.607463306896896,39.614,1.0,88,onoff,0.8,349.76503168160764,8.0,45.592818641662596,decoupled,0
10000,0.0052,177.5412053478389,14801.980241388406,28043.711648192828,29169.419762710357,28038.073686566775,1.0039152695512499,0.1536,71.19710200000003,39.905768798313424,42.038,1.0,88,onoff,0.8,349.76503168160764,8.0,45.592818641662596,joint_full,0
10000,0.0052,177.5412053478389,14801.980241388406,28043.711648192828,29169.419762710357,28038.073686566775,1.0039152695512499,0.1536,71.19710200000003,39.64589780142556,41.859,1.0,88,onoff,0.8,349.76503168160764,8.0,45.592818641662596,cliffserve,0
10000,0.0074,177.7396270140728,14739.410851329889,27981.175197839686,29106.864946550155,27975.510700130413,1.0059350165979277,0.0,71.19992800000003,35.86808117895583,38.091,1.0,88,onoff,0.8,349.76503168160764,12.0,68.38922796249389,dense,0
10000,0.0074,177.7396270140728,14739.410851329889,27981.175197839686,29106.864946550155,27975.510700130413,1.0059350165979277,0.0,71.19992800000003,37.021065083995566,39.264,1.0,88,onoff,0.8,349.76503168160764,12.0,68.38922796249389,static_pomt,0
10000,0.0076,177.77122775134882,14729.356354087915,27971.121578907918,29096.877865260863,27965.463504162257,1.006137438374082,0.2304,71.19567000000002,37.38349773619077,39.534,1.0,88,onoff,0.8,349.76503168160764,12.0,68.38922796249389,decoupled,0
10000,0.0076,177.77802312998494,14727.28072175416,27968.99131187481,29094.761509102605,27963.3551486401,1.0062386798148522,0.2688,71.19495800000003,39.61348349768565,41.720349999999996,1.0,88,onoff,0.8,349.76503168160764,12.0,68.38922796249389,joint_full,0
10000,0.0076,177.77802312998494,14727.28072175416,27968.99131187481,29094.761509102605,27963.3551486401,1.0062386798148522,0.2688,71.19495800000003,39.35287633326625,41.18014999999999,1.0,88,onoff,0.8,349.76503168160764,12.0,68.38922796249389,cliffserve,0
10000,0.0002,177.16034308096314,15802.840459096125,31980.770641051007,33303.96393821642,31975.08294807501,1.000100010001,0.0,71.19999800000002,36.0862494249425,38.1321,1.0,88,onoff,0.95,415.345975121909,2.0,11.398204660415649,dense,0
10000,0.0002,177.16034308096314,15802.840459096125,31980.770641051007,33303.96393821642,31975.08294807501,1.000100010001,0.0,71.19999800000002,37.24816601660166,39.163,1.0,88,onoff,0.95,415.345975121909,2.0,11.398204660415649,static_pomt,0
10000,0.0002,177.16034308096314,15802.840459096125,31980.770641051007,33303.96393821642,31975.08294807501,1.000100010001,0.0,71.19999800000002,37.69746714671468,39.604,1.0,88,onoff,0.95,415.345975121909,2.0,11.398204660415649,decoupled,0
10000,0.0002,177.16034308096314,15802.840459096125,31980.770641051007,33303.96393821642,31975.08294807501,1.000100010001,0.0,71.19999800000002,39.885808880888085,41.288000000000004,1.0,88,onoff,0.95,415.345975121909,2.0,11.398204660415649,joint_full,0
10000,0.0002,177.16034308096314,15802.840459096125,31980.770641051007,33303.96393821642,31975.08294807501,1.000100010001,0.0,71.19999800000002,39.65335763576358,41.368900000000004,1.0,88,onoff,0.95,415.345975121909,2.0,11.398204660415649,cliffserve,0
10000,0.0007,177.1950861747898,15791.804394709758,31969.687230954838,33292.96028561994,31964.04843410082,1.0004001600640255,0.0,71.19999400000002,35.92520708283313,37.841,1.0,88,onoff,0.95,415.345975121909,4.0,22.796409320831298,dense,0
10000,0.0007,177.1950861747898,15791.804394709758,31969.687230954838,33292.96028561994,31964.04843410082,1.0004001600640255,0.0,71.19999400000002,37.17386144457783,39.193,1.0,88,onoff,0.95,415.345975121909,4.0,22.796409320831298,static_pomt,0
10000,0.0007,177.1950861747898,15791.804394709758,31969.687230954838,33292.96028561994,31964.04843410082,1.0004001600640255,0.0,71.19999400000002,37.492207983193275,39.604,1.0,88,onoff,0.95,415.345975121909,4.0,22.796409320831298,decoupled,0
10000,0.0007,177.1950861747898,15791.804394709758,31969.687230954838,33292.96028561994,31964.04843410082,1.0004001600640255,0.0,71.19999400000002,39.80991296518608,41.188,1.0,88,onoff,0.95,415.345975121909,4.0,22.796409320831298,joint_full,0
10000,0.0007,177.1950861747898,15791.804394709758,31969.687230954838,33292.96028561994,31964.04843410082,1.0004001600640255,0.0,71.19999400000002,39.53137545018008,40.90175,1.0,88,onoff,0.95,415.345975121909,4.0,22.796409320831298,cliffserve,0
10000,0.0035,177.44491867485996,15711.944587695292,31889.67926639147,33212.95802982733,31884.017199192716,1.002707309736288,0.0,71.19996600000002,36.02989942845684,38.135999999999996,1.0,88,onoff,0.95,415.345975121909,8.0,45.592818641662596,dense,0
10000,0.0035,177.44491867485996,15711.944587695292,31889.67926639147,33212.95802982733,31884.017199192716,1.002707309736288,0.0,71.19996600000002,37.27165697382934,39.314,1.0,88,onoff,0.95,415.345975121909,8.0,45.592818641662596,static_pomt,0
10000,0.0042,177.51817508344556,15688.867370593242,31866.416832791045,33189.708016251774,31860.768619857503,1.0033109260559847,0.1536,71.19711000000001,37.67148359586636,39.6247,1.0,88,onoff,0.95,415.345975121909,8.0,45.592818641662596,decoupled,0
10000,0.0042,177.51817508344556,15688.867370593242,31866.416832791045,33189.708016251774,31860.768619857503,1.0033109260559847,0.1536,71.19711000000001,39.96279522424,41.838699999999996,1.0,88,onoff,0.95,415.345975121909,8.0,45.592818641662596,joint_full,0
10000,0.0042,177.51817508344556,15688.867370593242,31866.416832791045,33189.708016251774,31860.768619857503,1.0033109260559847,0.1536,71.19711000000001,39.62604304203873,41.478,1.0,88,onoff,0.95,415.345975121909,8.0,45.592818641662596,cliffserve,0
10000,0.012,178.1899226073103,15476.901339867356,31654.179147793075,32977.213585057056,31648.61698958995,1.00999899000101,0.0,71.19988200000003,36.0304240985759,37.911,1.0,88,onoff,0.95,415.345975121909,12.0,68.38922796249389,dense,0
10000,0.012,178.1899226073103,15476.901339867356,31654.179147793075,32977.213585057056,31648.61698958995,1.00999899000101,0.0,71.19988200000003,37.165555297444705,39.284,1.0,88,onoff,0.95,415.345975121909,12.0,68.38922796249389,static_pomt,0
10000,0.0138,178.2854327134064,15446.76528609611,31624.06520949686,32947.17744790606,31618.49540644968,1.0109179134654267,0.4608,71.19135600000003,37.53079599676506,39.24345,1.0,88,onoff,0.95,415.345975121909,12.0,68.38922796249389,decoupled,0
10000,0.0138,178.2854327134064,15446.76528609611,31624.06520949686,32947.17744790606,31618.49540644968,1.0109179134654267,0.4608,71.19135600000003,40.173158916296,41.86799999999998,1.0,88,onoff,0.95,415.345975121909,12.0,68.38922796249389,joint_full,0
10000,0.0138,178.2854327134064,15446.76528609611,31624.06520949686,32947.17744790606,31618.49540644968,1.0109179134654267,0.4608,71.19135600000003,39.7255572179539,41.41745,1.0,88,onoff,0.95,415.345975121909,12.0,68.38922796249389,cliffserve,0
10000,0.0002,177.16034308096314,17608.90102517529,32316.473539270683,33901.47245425738,32310.77535864286,1.000100010001,0.0,71.19999800000002,35.74991849184919,37.881,1.0,88,onoff,1.1,480.9269185622105,2.0,11.398204660415649,dense,0
10000,0.0002,177.16034308096314,17608.90102517529,32316.473539270683,33901.47245425738,32310.77535864286,1.000100010001,0.0,71.19999800000002,36.925464746474645,38.983,1.0,88,onoff,1.1,480.9269185622105,2.0,11.398204660415649,static_pomt,0
10000,0.0002,177.16034308096314,17608.90102517529,32316.473539270683,33901.47245425738,32310.77535864286,1.000100010001,0.0,71.19999800000002,37.022609260926096,39.414,1.0,88,onoff,1.1,480.9269185622105,2.0,11.398204660415649,decoupled,0
10000,0.0002,177.16034308096314,17608.90102517529,32316.473539270683,33901.47245425738,32310.77535864286,1.000100010001,0.0,71.19999800000002,39.62934383438344,41.338,1.0,88,onoff,1.1,480.9269185622105,2.0,11.398204660415649,joint_full,0
10000,0.0002,177.16034308096314,17608.90102517529,32316.473539270683,33901.47245425738,32310.77535864286,1.000100010001,0.0,71.19999800000002,39.451383638363836,41.228,1.0,88,onoff,1.1,480.9269185622105,2.0,11.398204660415649,cliffserve,0
10000,0.0006,177.1950861747898,17597.908721327025,32305.3609219449,33890.46880166091,32299.713966550153,1.0004001600640255,0.0,71.19999400000002,35.841181172468985,37.96425,1.0,88,onoff,1.1,480.9269185622105,4.0,22.796409320831298,dense,0
10000,0.0006,177.1950861747898,17597.908721327025,32305.3609219449,33890.46880166091,32299.713966550153,1.0004001600640255,0.0,71.19999400000002,37.181947078831534,39.26625,1.0,88,onoff,1.1,480.9269185622105,4.0,22.796409320831298,static_pomt,0
10000,0.0006,177.1950861747898,17597.908721327025,32305.3609219449,33890.46880166091,32299.713966550153,1.0004001600640255,0.0,71.19999400000002,37.56495678271308,39.794,1.0,88,onoff,1.1,480.9269185622105,4.0,22.796409320831298,decoupled,0
10000,0.0006,177.1950861747898,17597.908721327025,32305.3609219449,33890.46880166091,32299.713966550153,1.0004001600640255,0.0,71.19999400000002,39.68228721488595,41.410250000000005,1.0,88,onoff,1.1,480.9269185622105,4.0,22.796409320831298,joint_full,0
10000,0.0006,177.1950861747898,17597.908721327025,32305.3609219449,33890.46880166091,32299.713966550153,1.0004001600640255,0.0,71.19999400000002,39.357026810724285,40.8095,1.0,88,onoff,1.1,480.9269185622105,4.0,22.796409320831298,cliffserve,0
10000,0.01,177.64232040912745,17455.620747568475,32162.70799466843,33748.046520722906,32157.136330811925,1.006137438374082,0.0,71.199914,35.99194999496931,36.989,1.0,88,onoff,1.1,480.9269185622105,8.0,45.592818641662596,dense,0
10000,0.01,177.64232040912745,17455.620747568475,32162.70799466843,33748.046520722906,32157.136330811925,1.006137438374082,0.0,71.199914,36.89778700070429,38.864000000000004,1.0,88,onoff,1.1,480.9269185622105,8.0,45.592818641662596,static_pomt,0
10000,0.0104,177.64493425469902,17454.900349380838,32162.0609244513,33747.29262732843,32156.447118060536,1.0064412238325282,0.1536,71.19706400000001,37.32072564412238,39.394,1.0,88,onoff,1.1,480.9269185622105,8.0,45.592818641662596,decoupled,0
10000,0.0104,177.64493425469902,17454.900349380838,32162.0609244513,33747.29262732843,32156.447118060536,1.0064412238325282,0.1536,71.19706400000001,39.564915157004826,41.3805,1.0,88,onoff,1.1,480.9269185622105,8.0,45.592818641662596,joint_full,0
10000,0.0104,177.64493425469902,17454.900349380838,32162.0609244513,33747.29262732843,32156.447118060536,1.0064412238325282,0.1536,71.19706400000001,39.370601851851845,41.026250000000005,1.0,88,onoff,1.1,480.9269185622105,8.0,45.592818641662596,cliffserve,0
10000,0.0154,177.79480942615913,17407.56658601986,32114.848910753673,33699.46114226679,32109.164230863997,1.0101010101010102,0.0,71.19987200000003,36.1045397979798,38.081,1.0,88,onoff,1.1,480.9269185622105,12.0,68.38922796249389,dense,0
10000,0.0154,177.79480942615913,17407.56658601986,32114.848910753673,33699.46114226679,32109.164230863997,1.0101010101010102,0.0,71.19987200000003,37.30639808080808,39.414,1.0,88,onoff,1.1,480.9269185622105,12.0,68.38922796249389,static_pomt,0
10000,0.0197,178.18876773793096,17283.513421060907,31991.08190528626,33575.27554200987,31985.44645735497,1.0134792743488397,0.4608,71.191336,37.535162967467315,39.36729999999998,1.0,88,onoff,1.1,480.9269185622105,12.0,68.38922796249389,decoupled,0
10000,0.0197,178.18876773793096,17283.513421060907,31991.08190528626,33575.27554200987,31985.44645735497,1.0134792743488397,0.4608,71.191336,39.86460200668896,41.428,1.0,88,onoff,1.1,480.9269185622105,12.0,68.38922796249389,joint_full,0
10000,0.0197,178.18876773793096,17283.513421060907,31991.08190528626,33575.27554200987,31985.44645735497,1.0134792743488397,0.4608,71.191336,39.43457474409649,41.21399999999999,1.0,88,onoff,1.1,480.9269185622105,12.0,68.38922796249389,cliffserve,0
10000,0.6952,128.89998623271555,8.987424196327083,27.45506356156438,39.92354313086561,21.7903690922634,1.1063170704723975,0.0,71.19807800000002,7.172661909503264,8.686,2.0,84,poisson,0.3,131.16188688060285,2.0,11.398204660415649,dense,64
10000,0.3181,128.8929118393265,15.082125048006674,35.79859379281405,47.006336161996906,30.163389660940442,1.0,12.0832,70.96777600000001,7.519911499999999,9.267,2.0,84,poisson,0.3,131.16188688060285,2.0,11.398204660415649,static_pomt,64
10000,0.6952,128.89998623271555,8.987424196327083,27.45506356156438,39.92354313086561,21.7903690922634,1.1063170704723975,0.0,71.19807800000002,9.283114946343622,10.741,2.0,84,poisson,0.3,131.16188688060285,2.0,11.398204660415649,decoupled,64
10000,0.6952,128.89998623271555,8.987424196327083,27.45506356156438,39.92354313086561,21.7903690922634,1.1063170704723975,0.0,71.19807800000002,8.451935612346498,11.552,2.0,84,poisson,0.3,131.16188688060285,2.0,11.398204660415649,joint_full,64
10000,0.6952,128.89998623271555,8.987424196327083,27.45506356156438,39.92354313086561,21.7903690922634,1.1063170704723975,0.0,71.19807800000002,7.700415422059962,10.91,2.0,84,poisson,0.3,131.16188688060285,2.0,11.398204660415649,cliffserve,64
10000,1.0,128.8999373699791,7.892360815649226,14.064693109711508,17.421430309102,6.664379662653889,1.279263144428809,0.0,71.19579200000003,7.2311141102724825,8.666,2.0,84,poisson,0.3,131.16188688060285,4.0,22.796409320831298,dense,64
10000,0.9158,128.88613499795312,15.982009007995657,27.455192272345784,41.56521071046316,21.838390805895674,1.410238330277817,54.9248,70.15184200000002,7.946199125652235,10.489,2.0,84,poisson,0.3,131.16188688060285,4.0,22.796409320831298,static_pomt,64
10000,1.0,128.89995055579968,7.894048610287427,13.880227222973275,16.98229805242557,6.664567140367985,1.278281989006775,2.496,71.13433800000003,9.482099961651539,11.141,2.0,84,poisson,0.3,131.16188688060285,4.0,22.796409320831298,decoupled,64
10000,1.0,128.89995055579968,7.894048610287427,13.880227222973275,16.98229805242557,6.664567140367985,1.278281989006775,2.496,71.13433800000003,8.38480340023009,11.051,2.0,84,poisson,0.3,131.16188688060285,4.0,22.796409320831298,joint_full,64
10000,1.0,128.89995055579968,7.894048610287427,13.880227222973275,16.98229805242557,6.664567140367985,1.278281989006775,2.496,71.13433800000003,6.957176914227279,8.997,2.0,84,poisson,0.3,131.16188688060285,4.0,22.796409320831298,cliffserve,64
10000,1.0,128.8999373699791,7.892704010009766,14.064693109711508,17.430303798589087,6.662420212409368,1.279263144428809,0.0,71.19579400000003,7.107848279391071,8.545,2.0,84,poisson,0.3,131.16188688060285,8.0,45.592818641662596,dense,64
10000,1.0,128.88618985755136,15.306468374241376,22.751444449764858,26.66077541408814,12.365431082867689,1.5686274509803921,64.0,69.97843600000002,7.855080470588235,10.399,2.0,84,poisson,0.3,131.16188688060285,8.0,45.592818641662596,static_pomt,64
10000,1.0,128.89995055579968,7.892848014831543,13.849053017254299,16.98229805242557,6.647066752714812,1.278281989006775,2.56,71.13276600000003,9.478180621245047,11.131,2.0,84,poisson,0.3,131.16188688060285,8.0,45.592818641662596,decoupled,64
10000,1.0,128.89995055579968,7.892848014831543,13.849053017254299,16.98229805242557,6.647066752714812,1.278281989006775,2.56,71.13276600000003,8.396181004729643,11.091,2.0,84,poisson,0.3,131.16188688060285,8.0,45.592818641662596,joint_full,64
10000,1.0,128.89995055579968,7.892848014831543,13.849053017254299,16.98229805242557,6.647066752714812,1.278281989006775,2.56,71.13276600000003,6.911558481400997,8.957,2.0,84,poisson,0.3,131.16188688060285,8.0,45.592818641662596,cliffserve,64
10000,1.0,128.8999373699791,7.892704010009766,14.064693109711508,17.430303798589087,6.662420212409368,1.279263144428809,0.0,71.19579400000003,7.062542919278496,8.506,2.0,84,poisson,0.3,131.16188688060285,12.0,68.38922796249389,dense,64
10000,1.0,128.88618985755136,15.306468374241376,22.751444449764858,26.66077541408814,12.365431082867689,1.5686274509803921,64.0,69.97843600000002,7.815639058823529,10.399,2.0,84,poisson,0.3,131.16188688060285,12.0,68.38922796249389,static_pomt,64
10000,1.0,128.89995055579968,7.892848014831543,13.849053017254299,16.98229805242557,6.647066752714812,1.278281989006775,2.56,71.13276600000003,9.530791512207593,11.201,2.0,84,poisson,0.3,131.16188688060285,12.0,68.38922796249389,decoupled,64
10000,1.0,128.89995055579968,7.892848014831543,13.849053017254299,16.98229805242557,6.647066752714812,1.278281989006775,2.56,71.13276600000003,8.438744471430395,11.121,2.0,84,poisson,0.3,131.16188688060285,12.0,68.38922796249389,joint_full,64
10000,1.0,128.89995055579968,7.892848014831543,13.849053017254299,16.98229805242557,6.647066752714812,1.278281989006775,2.56,71.13276600000003,6.97886846478333,9.007,2.0,84,poisson,0.3,131.16188688060285,12.0,68.38922796249389,cliffserve,64
10000,0.0008,177.14259361515994,8784.767449027117,16868.712592600885,17536.98598351552,16863.071867870396,1.0002000400080016,0.0,71.19999600000001,35.45039567913582,37.791,2.0,84,poisson,0.6,262.3237737612057,2.0,11.398204660415649,dense,64
10000,0.0002,177.1078249505826,8795.904609466575,16879.820588225404,17548.128562165013,16874.187818497696,1.0,0.0128,71.19975400000003,36.9317883,39.01445,2.0,84,poisson,0.6,262.3237737612057,2.0,11.398204660415649,static_pomt,64
10000,0.0008,177.14259361515994,8784.767449027117,16868.712592600885,17536.98598351552,16863.071867870396,1.0002000400080016,0.0,71.19999600000001,37.68220894178835,39.855,2.0,84,poisson,0.6,262.3237737612057,2.0,11.398204660415649,decoupled,64
10000,0.0008,177.14259361515994,8784.767449027117,16868.712592600885,17536.98598351552,16863.071867870396,1.0002000400080016,0.0,71.19999600000001,41.54134936987397,43.443349999999995,2.0,84,poisson,0.6,262.3237737612057,2.0,11.398204660415649,joint_full,64
10000,0.0008,177.14259361515994,8784.767449027117,16868.712592600885,17536.98598351552,16863.071867870396,1.0002000400080016,0.0,71.19999600000001,40.961392478495696,43.092499999999994,2.0,84,poisson,0.6,262.3237737612057,2.0,11.398204660415649,cliffserve,64
10000,0.0283,178.6560461373385,8306.408664711093,16390.580828620063,17058.517827451527,16384.924687982664,1.0134792743488397,0.0,71.19977000000002,35.56532390797608,38.072,2.0,84,poisson,0.6,262.3237737612057,4.0,22.796409320831298,dense,64
10000,0.0014,177.14988643521278,8782.369217182182,16866.44614371685,17534.63163832735,16860.874522966424,1.0006003602161297,0.0768,71.19853200000003,36.93896557934761,39.043,2.0,84,poisson,0.6,262.3237737612057,4.0,22.796409320831298,static_pomt,64
10000,0.0125,177.76995023646046,8585.104877274698,16669.41222771283,17337.68409589091,16663.734930096824,1.0055304172951232,0.224,71.19438800000002,37.495046656611365,39.865,2.0,84,poisson,0.6,262.3237737612057,4.0,22.796409320831298,decoupled,64
10000,0.0125,177.76995023646046,8585.104877274698,16669.41222771283,17337.68409589091,16663.734930096824,1.0055304172951232,0.224,71.19438800000002,41.45408084464555,43.69999999999999,2.0,84,poisson,0.6,262.3237737612057,4.0,22.796409320831298,joint_full,64
10000,0.0125,177.76995023646046,8585.104877274698,16669.41222771283,17337.68409589091,16663.734930096824,1.0055304172951232,0.224,71.19438800000002,40.81733212669683,42.56379999999998,2.0,84,poisson,0.6,262.3237737612057,4.0,22.796409320831298,cliffserve,64
10000,1.0,257.7591578383389,13.17948861034347,26.748066753711093,34.52992356995268,13.750278690365116,2.1172983273343213,0.0,71.19160400000003,8.298131272496295,10.319,2.0,84,poisson,0.6,262.3237737612057,8.0,45.592818641662596,dense,64
10000,1.0,257.7224392768613,18.9039768605694,28.45979882694955,33.110196063699746,16.214479169355872,2.8304557033682425,64.0,69.965252,9.307872629493348,10.69,2.0,84,poisson,0.6,262.3237737612057,8.0,45.592818641662596,static_pomt,64
10000,1.0,257.7598711370717,12.610490472412721,23.08078605949376,28.09966264262083,12.192493338480926,2.058460271716756,30.624,70.43757000000001,10.718130094689174,12.884,2.0,84,poisson,0.6,262.3237737612057,8.0,45.592818641662596,decoupled,64
10000,1.0,257.7598711370717,12.610490472412721,23.08078605949376,28.09966264262083,12.192493338480926,2.058460271716756,30.624,70.43757000000001,10.476490119390697,14.307,2.0,84,poisson,0.6,262.3237737612057,8.0,45.592818641662596,joint_full,64
10000,1.0,257.7598711370717,12.610490472412721,23.08078605949376,28.09966264262083,12.192493338480926,2.058460271716756,30.624,70.43757000000001,8.630011115685466,11.922,2.0,84,poisson,0.6,262.3237737612057,8.0,45.592818641662596,cliffserve,64
10000,1.0,257.7590204919569,13.181334021537623,26.703123762866188,34.332535057528084,13.700715220169648,2.1190930281839373,0.0,71.19160600000002,8.308493960584869,10.299,2.0,84,poisson,0.6,262.3237737612057,12.0,68.38922796249389,dense,64
10000,1.0,257.72347203936107,18.914286718452786,28.454862635156314,33.0126613628596,16.154654777950025,2.832058906825262,64.0,69.965208,9.369794109317475,10.7155,2.0,84,poisson,0.6,262.3237737612057,12.0,68.38922796249389,static_pomt,64
10000,1.0,257.7598711370717,12.610490472412721,23.08078605949376,28.09966264262083,12.192493338480926,2.058460271716756,30.624,70.43757000000001,10.663038287361054,12.86415,2.0,84,poisson,0.6,262.3237737612057,12.0,68.38922796249389,decoupled,64
10000,1.0,257.7598711370717,12.610490472412721,23.08078605949376,28.09966264262083,12.192493338480926,2.058460271716756,30.624,70.43757000000001,10.488573898723754,14.308349999999997,2.0,84,poisson,0.6,262.3237737612057,12.0,68.38922796249389,joint_full,64
10000,1.0,257.7598711370717,12.610490472412721,23.08078605949376,28.09966264262083,12.192493338480926,2.058460271716756,30.624,70.43757000000001,8.600086249485384,11.973,2.0,84,poisson,0.6,262.3237737612057,12.0,68.38922796249389,cliffserve,64
10000,0.0008,177.16815764313327,13637.675910046584,26044.800443520686,27116.459937703585,26039.130469265125,1.0002000400080016,0.0,71.19999600000001,36.07797369473895,38.153349999999996,2.0,84,poisson,0.8,349.76503168160764,2.0,11.398204660415649,dense,64
10000,0.0002,177.1341971127378,13648.56949494322,26055.659335486147,27127.341762870834,26050.01644889519,1.0,0.0064,71.19987700000003,37.2045674,39.21305,2.0,84,poisson,0.8,349.76503168160764,2.0,11.398204660415649,static_pomt,64
10000,0.0008,177.16815764313327,13637.675910046584,26044.800443520686,27116.459937703585,26039.130469265125,1.0002000400080016,0.0,71.19999600000001,37.76398159631927,39.68635,2.0,84,poisson,0.8,349.76503168160764,2.0,11.398204660415649,decoupled,64
10000,0.0008,177.16815764313327,13637.675910046584,26044.800443520686,27116.459937703585,26039.130469265125,1.0002000400080016,0.0,71.19999600000001,41.92606631326265,43.792,2.0,84,poisson,0.8,349.76503168160764,2.0,11.398204660415649,joint_full,64
10000,0.0008,177.16815764313327,13637.675910046584,26044.800443520686,27116.459937703585,26039.130469265125,1.0002000400080016,0.0,71.19999600000001,41.204815763152624,42.7315,2.0,84,poisson,0.8,349.76503168160764,2.0,11.398204660415649,cliffserve,64
10000,0.0017,177.23684313696387,13615.766725829131,26022.76210826888,27094.552186663124,26017.06317225947,1.00080064051241,0.0,71.19998800000002,35.99091112890312,37.691,2.0,84,poisson,0.8,349.76503168160764,4.0,22.796409320831298,dense,64
10000,0.0018,177.24804352007945,13612.252710561354,26019.164104048465,27090.927893981025,26013.518454472276,1.0011012113324658,0.1088,71.19790500000003,37.11473751126239,38.993,2.0,84,poisson,0.8,349.76503168160764,4.0,22.796409320831298,static_pomt,64
10000,0.0018,177.2539192215498,13610.296566775329,26017.26125327601,27089.079603960487,26011.641789212368,1.0009008107296566,0.064,71.19841000000001,37.658440396356724,39.299,2.0,84,poisson,0.8,349.76503168160764,4.0,22.796409320831298,decoupled,64
10000,0.0018,177.2539192215498,13610.296566775329,26017.26125327601,27089.079603960487,26011.641789212368,1.0009008107296566,0.064,71.19841000000001,41.721512961665496,43.477000000000004,2.0,84,poisson,0.8,349.76503168160764,4.0,22.796409320831298,joint_full,64
10000,0.0018,177.2539192215498,13610.296566775329,26017.26125327601,27089.079603960487,26011.641789212368,1.0009008107296566,0.064,71.19841000000001,40.851219197277544,42.259,2.0,84,poisson,0.8,349.76503168160764,4.0,22.796409320831298,cliffserve,64
10000,0.0152,178.34206731106715,13266.009286787716,25672.95103563295,26744.771958872967,25667.269667663437,1.0105092966855296,0.0,71.19985800000003,35.835492825383994,37.661,2.0,84,poisson,0.8,349.76503168160764,8.0,45.592818641662596,dense,64
10000,0.0488,181.47481558071135,12298.121746202383,24705.56932106786,25776.583791623474,24699.897825201082,1.0389610389610389,3.1232,71.13850400000003,36.83446711688312,39.033,2.0,84,poisson,0.8,349.76503168160764,8.0,45.592818641662596,static_pomt,64
10000,0.0505,181.68920759381987,12233.139649311704,24640.465987542924,25711.443365989813,24634.832032326518,1.0375596596804317,3.264,71.11914000000002,37.36876530400498,39.174,2.0,84,poisson,0.8,349.76503168160764,8.0,45.592818641662596,decoupled,64
10000,0.6884,265.10778414238223,23.49534696703813,7322.325411309694,8393.096466895864,7316.750462426637,1.9293845263360987,41.92,70.16110400000002,29.649598880956972,42.19799999999999,2.0,84,poisson,0.8,349.76503168160764,8.0,45.592818641662596,joint_full,64
10000,0.6884,265.10778414238223,23.49534696703813,7322.325411309694,8393.096466895864,7316.750462426637,1.9293845263360987,41.92,70.16110400000002,28.51594578429481,41.368,2.0,84,poisson,0.8,349.76503168160764,8.0,45.592818641662596,cliffserve,64
10000,0.049,181.43588590538258,12309.911066701034,24717.390009679068,25788.342742082183,24711.756907238236,1.0391769718383042,0.0,71.19952200000002,35.76521365478541,37.7191,2.0,84,poisson,0.8,349.76503168160764,12.0,68.38922796249389,dense,64
10000,1.0,343.6378059488812,22.6394555802608,38.55706395581209,47.468957584761185,20.67025838835916,4.269854824935952,64.0,69.94108,10.427971391972674,12.714,2.0,84,poisson,0.8,349.76503168160764,12.0,68.38922796249389,static_pomt,64
10000,1.0,343.66423526362587,19.09584656415609,33.206251487591985,39.692506607900654,17.750645348775784,3.3875338753387534,61.6,69.67343800000002,11.984845867208671,15.118,2.0,84,poisson,0.8,349.76503168160764,12.0,68.38922796249389,decoupled,64
10000,1.0,343.66423526362587,19.09584656415609,33.206251487591985,39.692506607900654,17.750645348775784,3.3875338753387534,61.6,69.67343800000002,12.694598238482385,17.814,2.0,84,poisson,0.8,349.76503168160764,12.0,68.38922796249389,joint_full,64
10000,1.0,343.66423526362587,19.09584656415609,33.206251487591985,39.692506607900654,17.750645348775784,3.3875338753387534,61.6,69.67343800000002,10.595015582655826,15.45845,2.0,84,poisson,0.8,349.76503168160764,12.0,68.38922796249389,cliffserve,64
10000,0.0006,177.16199083245476,15942.43251210379,30400.906954948692,31659.994244545996,30395.25900470474,1.000100010001,0.0,71.19999800000002,36.144512651265124,38.121,2.0,84,poisson,0.95,415.345975121909,2.0,11.398204660415649,dense,64
10000,0.0001,177.1341971127378,15951.272400199645,30409.717595164566,31668.843161543904,30404.076842968254,1.0,0.0064,71.19987700000003,37.2932786,39.314,2.0,84,poisson,0.95,415.345975121909,2.0,11.398204660415649,static_pomt,64
10000,0.0006,177.16199083245476,15942.43251210379,30400.906954948692,31659.994244545996,30395.25900470474,1.000100010001,0.0,71.19999800000002,37.738499149914986,39.6559,2.0,84,poisson,0.95,415.345975121909,2.0,11.398204660415649,decoupled,64
10000,0.0006,177.16199083245476,15942.43251210379,30400.906954948692,31659.994244545996,30395.25900470474,1.000100010001,0.0,71.19999800000002,41.88842394239424,43.384000000000015,2.0,84,poisson,0.95,415.345975121909,2.0,11.398204660415649,joint_full,64
10000,0.0006,177.16199083245476,15942.43251210379,30400.906954948692,31659.994244545996,30395.25900470474,1.000100010001,0.0,71.19999800000002,41.33192829282928,43.1901,2.0,84,poisson,0.95,415.345975121909,2.0,11.398204660415649,cliffserve,64
10000,0.0014,177.22593838633526,15921.946757359148,30380.360471463362,31639.578460304212,30374.65787165181,1.0007004903432404,0.0,71.19998800000002,35.990047233063144,37.821,2.0,84,poisson,0.95,415.345975121909,4.0,22.796409320831298,dense,64
10000,0.0007,177.12677097910466,15953.567167817824,30412.051612489013,31671.14968889147,30406.384387032776,1.0002000400080016,0.0384,71.19927000000001,37.37696599319864,39.334,2.0,84,poisson,0.95,415.345975121909,4.0,22.796409320831298,static_pomt,64
10000,0.0015,177.22773158501158,15921.375844998003,30379.789559102217,31639.007547943067,30374.086959290664,1.0007004903432404,0.032,71.19920000000002,37.82578534974483,39.775,2.0,84,poisson,0.95,415.345975121909,4.0,22.796409320831298,decoupled,64
10000,0.0015,177.22773158501158,15921.375844998003,30379.789559102217,31639.007547943067,30374.086959290664,1.0007004903432404,0.032,71.19920000000002,41.825057740418295,43.736,2.0,84,poisson,0.95,415.345975121909,4.0,22.796409320831298,joint_full,64
10000,0.0015,177.22773158501158,15921.375844998003,30379.789559102217,31639.007547943067,30374.086959290664,1.0007004903432404,0.032,71.19920000000002,41.33051135795056,42.96,2.0,84,poisson,0.95,415.345975121909,4.0,22.796409320831298,cliffserve,64
10000,0.0085,177.83503576651893,15728.36898092711,30187.083748531502,31446.253242203664,30181.400527763526,1.006137438374082,0.0,71.19991800000001,36.050711339168934,38.192,2.0,84,poisson,0.95,415.345975121909,8.0,45.592818641662596,dense,64
10000,0.0146,178.49274935612394,15521.467650710814,29979.75753843048,31238.733606409132,29974.185104887274,1.0117361392148927,0.928,71.18156500000002,37.19126214083367,39.243,2.0,84,poisson,0.95,415.345975121909,8.0,45.592818641662596,static_pomt,64
10000,0.0147,178.50200743256005,15518.447508139254,29976.784614944616,31235.970583970022,29971.14094297902,1.0111223458038423,0.992,71.17542800000003,37.7299055611729,39.774,2.0,84,poisson,0.95,415.345975121909,8.0,45.592818641662596,decoupled,64
10000,0.0459,181.82046430321606,14496.091217560412,28954.83519501702,30213.363478567073,28949.235199642342,1.0384215991692627,3.424,71.11522800000003,41.679180166147454,44.18849999999999,2.0,84,poisson,0.95,415.345975121909,8.0,45.592818641662596,joint_full,64
10000,0.0459,181.82046430321606,14496.091217560412,28954.83519501702,30213.363478567073,28949.235199642342,1.0384215991692627,3.424,71.11522800000003,40.988171443406024,42.299,2.0,84,poisson,0.95,415.345975121909,8.0,45.592818641662596,cliffserve,64
10000,0.0136,178.3137666254349,15577.534998221041,30035.78747253434,31295.10628268428,30030.09821164624,1.010611419909045,0.0,71.19986600000001,35.95877938352703,37.891,2.0,84,poisson,0.95,415.345975121909,12.0,68.38922796249389,dense,64
10000,0.0487,182.09597878089525,14413.457781135314,28872.34188853958,30130.09569737345,28866.697229306486,1.0428616122640526,3.1168,71.13730300000003,37.0310664302847,39.284,2.0,84,poisson,0.95,415.345975121909,12.0,68.38922796249389,static_pomt,64
10000,0.0509,182.4114672533833,14318.394307655932,28777.302422762077,30035.180894448233,28771.624883556524,1.0431879824744419,3.776,71.10651000000001,37.55023836845399,39.674,2.0,84,poisson,0.95,415.345975121909,12.0,68.38922796249389,decoupled,64
10000,1.0,408.0089445850485,26.611381062615237,50.755841396186035,60.82562218848366,28.309169715939788,5.417118093174431,75.584,69.32693,15.115696641386783,20.55325,2.0,84,poisson,0.95,415.345975121909,12.0,68.38922796249389,joint_full,64
10000,1.0,408.0089445850485,26.611381062615237,50.755841396186035,60.82562218848366,28.309169715939788,5.417118093174431,75.584,69.32693,12.812865113759482,18.091250000000002,2.0,84,poisson,0.95,415.345975121909,12.0,68.38922796249389,cliffserve,64
10000,0.0004,177.16199083245476,17617.125534108436,33567.52769885084,34962.90435267203,33561.87974860689,1.000100010001,0.0,71.19999800000002,35.97241174117412,37.84010000000001,2.0,84,poisson,1.1,480.9269185622105,2.0,11.398204660415649,dense,64
10000,0.0001,177.1341971127378,17625.965422204292,33576.338339066715,34971.753269669935,33570.6975868704,1.0,0.0064,71.19987700000003,37.36621160000001,39.334,2.0,84,poisson,1.1,480.9269185622105,2.0,11.398204660415649,static_pomt,64
10000,0.0004,177.16199083245476,17617.125534108436,33567.52769885084,34962.90435267203,33561.87974860689,1.000100010001,0.0,71.19999800000002,37.85952815281529,39.6559,2.0,84,poisson,1.1,480.9269185622105,2.0,11.398204660415649,decoupled,64
10000,0.0004,177.16199083245476,17617.125534108436,33567.52769885084,34962.90435267203,33561.87974860689,1.000100010001,0.0,71.19999800000002,41.972516351635164,43.7911,2.0,84,poisson,1.1,480.9269185622105,2.0,11.398204660415649,joint_full,64
10000,0.0004,177.16199083245476,17617.125534108436,33567.52769885084,34962.90435267203,33561.87974860689,1.000100010001,0.0,71.19999800000002,41.30788638863886,42.429,2.0,84,poisson,1.1,480.9269185622105,2.0,11.398204660415649,cliffserve,64
10000,0.0015,177.2467513864495,17590.008631634588,33540.28962800198,34935.80967200661,33534.58344719105,1.00080064051241,0.0,71.19998600000001,36.15613440752602,37.951,2.0,84,poisson,1.1,480.9269185622105,4.0,22.796409320831298,dense,64
10000,0.0007,177.1396424375013,17624.157886317527,33574.570052886214,34969.95749351256,33568.90282742998,1.0002000400080016,0.032,71.19939300000001,37.29992228445689,39.25315,2.0,84,poisson,1.1,480.9269185622105,4.0,22.796409320831298,static_pomt,64
10000,0.0015,177.2485450063308,17589.437719273443,33539.71871564083,34935.238759645465,33534.012534829904,1.00080064051241,0.032,71.19919800000002,37.876037429943956,39.62904999999999,2.0,84,poisson,1.1,480.9269185622105,4.0,22.796409320831298,decoupled,64
10000,0.0015,177.25685487661494,17586.75815145957,33537.001207086374,34932.55676818276,33531.38090302639,1.0009008107296566,0.064,71.19841000000001,42.114372134921425,43.923,2.0,84,poisson,1.1,480.9269185622105,4.0,22.796409320831298,joint_full,64
10000,0.0015,177.25685487661494,17586.75815145957,33537.001207086374,34932.55676818276,33531.38090302639,1.0009008107296566,0.064,71.19841000000001,41.19476608948053,43.1515,2.0,84,poisson,1.1,480.9269185622105,4.0,22.796409320831298,cliffserve,64
10000,0.0073,177.78460066581644,17418.92636172759,33369.672518655585,34765.13382155324,33363.99503528766,1.0058338362502515,0.0,71.19992800000003,36.23680114665058,38.27054999999999,2.0,84,poisson,1.1,480.9269185622105,8.0,45.592818641662596,dense,64
10000,0.0082,177.89594454758304,17383.854429295814,33334.35682449362,34729.89958933108,33328.67952687761,1.0065425264217414,0.5184,71.18968100000004,37.30499355812783,39.374,2.0,84,poisson,1.1,480.9269185622105,8.0,45.592818641662596,static_pomt,64
10000,0.0101,178.10690460585278,17317.06216757285,33267.54501671486,34663.094024952894,33261.8996149271,1.0078613182826044,0.736,71.18177600000003,37.898234831687155,40.224549999999994,2.0,84,poisson,1.1,480.9269185622105,8.0,45.592818641662596,decoupled,64
10000,0.0111,178.2229347113214,17280.44314424979,33230.853332468796,34626.393324688914,33225.223310157584,1.0087763542822556,0.8,71.18019000000001,41.99557106829416,44.8344,2.0,84,poisson,1.1,480.9269185622105,8.0,45.592818641662596,joint_full,64
10000,0.0111,178.2229347113214,17280.44314424979,33230.853332468796,34626.393324688914,33225.223310157584,1.0087763542822556,0.8,71.18019000000001,41.26038474730152,43.926399999999994,2.0,84,poisson,1.1,480.9269185622105,8.0,45.592818641662596,cliffserve,64
10000,0.0105,178.07276602195708,17327.782455134267,33278.19669823341,34673.76432702923,33272.51570927791,1.0085728693898135,0.0,71.19989600000002,36.191902370146245,38.312,2.0,84,poisson,1.1,480.9269185622105,12.0,68.38922796249389,dense,64
10000,0.0146,178.56379837927312,17173.672508767402,33124.050185942855,34519.17478249304,33118.46754608175,1.0122482032594393,0.928,71.18137700000003,37.402575766778014,39.585100000000004,2.0,84,poisson,1.1,480.9269185622105,12.0,68.38922796249389,static_pomt,64
10000,0.0305,180.36009426332288,16615.980729269857,32566.283861824802,33961.42932661915,32560.660690519144,1.026167265264238,2.304,71.14296000000002,37.93463837865572,41.09919999999997,2.0,84,poisson,1.1,480.9269185622105,12.0,68.38922796249389,decoupled,64
10000,0.0444,182.01449463915174,16112.145799565189,32062.91865706139,33457.38308082009,32057.276471540263,1.0401497815685459,3.456,71.11402200000002,41.96175660495112,44.75150000000002,2.0,84,poisson,1.1,480.9269185622105,12.0,68.38922796249389,joint_full,64
10000,0.0444,182.01449463915174,16112.145799565189,32062.91865706139,33457.38308082009,32057.276471540263,1.0401497815685459,3.456,71.11402200000002,41.30295256916996,45.12550000000002,2.0,84,poisson,1.1,480.9269185622105,12.0,68.38922796249389,cliffserve,64
10000,0.1926,129.66465906889476,41.216157036942604,168.34738233833266,258.6551640357919,162.67626237027505,1.031140441328109,0.0,71.19939600000002,10.350924623633738,17.033499999999997,2.0,84,onoff,0.3,131.16188688060285,2.0,11.398204660415649,dense,64
10000,0.0877,129.6461973096838,49.16519391396673,175.3339771258559,264.20195202410264,169.6876914021759,1.0,4.1856,71.11955800000001,11.2243133,19.897,2.0,84,onoff,0.3,131.16188688060285,2.0,11.398204660415649,static_pomt,64
10000,0.1926,129.66465906889476,41.216157036942604,168.34738233833266,258.6551640357919,162.67626237027505,1.031140441328109,0.0,71.19939600000002,12.218313879150339,19.146499999999996,2.0,84,onoff,0.3,131.16188688060285,2.0,11.398204660415649,decoupled,64
10000,0.1926,129.66465906889476,41.216157036942604,168.34738233833266,258.6551640357919,162.67626237027505,1.031140441328109,0.0,71.19939600000002,13.294263868838936,21.762499999999996,2.0,84,onoff,0.3,131.16188688060285,2.0,11.398204660415649,joint_full,64
10000,0.1926,129.66465906889476,41.216157036942604,168.34738233833266,258.6551640357919,162.67626237027505,1.031140441328109,0.0,71.19939600000002,12.632189936069294,21.201349999999994,2.0,84,onoff,0.3,131.16188688060285,2.0,11.398204660415649,cliffserve,64
10000,0.8276,129.7417768024444,11.764012980529515,97.13587215945984,190.80641607362608,91.56569930122167,1.4480162177816391,0.0,71.19453000000003,8.69433058210252,13.205,2.0,84,onoff,0.3,131.16188688060285,4.0,22.796409320831298,dense,64
10000,0.4351,129.66959278161238,30.320386000594226,155.4338648770418,251.72856738549996,149.77368733626267,1.2075836251660428,25.12,70.71917300000003,10.936924284506704,17.913,2.0,84,onoff,0.3,131.16188688060285,4.0,22.796409320831298,static_pomt,64
10000,0.8481,129.742471724567,11.479133144584921,89.25232846539755,190.06845661390417,83.61072187226549,1.4645577035735209,12.0,70.89890600000003,10.859538371411833,15.044849999999997,2.0,84,onoff,0.3,131.16188688060285,4.0,22.796409320831298,decoupled,64
10000,0.8476,129.74225459115536,11.456683916043403,86.68197289522102,169.77636727083316,81.04376460995367,1.4675667742882301,12.384,70.88944600000002,10.63513472262988,17.122,2.0,84,onoff,0.3,131.16188688060285,4.0,22.796409320831298,joint_full,64
10000,0.8476,129.74225459115536,11.456683916043403,86.68197289522102,169.77636727083316,81.04376460995367,1.4675667742882301,12.384,70.88944600000002,9.157553419430585,16.431,2.0,84,onoff,0.3,131.16188688060285,4.0,22.796409320831298,cliffserve,64
10000,1.0,129.74210290417386,10.693259683379438,21.658714186901307,27.6780220045538,11.267677581222596,1.6730801405387319,0.0,71.19318000000001,7.733844905470973,10.179,2.0,84,onoff,0.3,131.16188688060285,8.0,45.592818641662596,dense,64
10000,1.0,129.72124675289444,17.131831939071162,26.366861176655398,30.304747459998033,14.955321014270519,2.1226915729144555,64.0,69.970908,8.461537040967947,10.569,2.0,84,onoff,0.3,131.16188688060285,8.0,45.592818641662596,static_pomt,64
10000,1.0,129.74270658000913,10.601891115065882,19.96137829290892,24.981124581146222,10.65562353338273,1.658649859014762,18.496,70.73776600000002,10.095328080942114,12.744,2.0,84,onoff,0.3,131.16188688060285,8.0,45.592818641662596,decoupled,64
10000,1.0,129.74270658000913,10.601891115065882,19.96137829290892,24.981124581146222,10.65562353338273,1.658649859014762,18.496,70.73776600000002,9.451878089235363,14.212399999999995,2.0,84,onoff,0.3,131.16188688060285,8.0,45.592818641662596,joint_full,64
10000,1.0,129.74270658000913,10.601891115065882,19.96137829290892,24.981124581146222,10.65562353338273,1.658649859014762,18.496,70.73776600000002,7.780404710565599,11.873,2.0,84,onoff,0.3,131.16188688060285,8.0,45.592818641662596,cliffserve,64
10000,1.0,129.74210290417386,10.693259683379438,21.658714186901307,27.6780220045538,11.267677581222596,1.6730801405387319,0.0,71.19318000000001,7.677341642964699,10.099,2.0,84,onoff,0.3,131.16188688060285,12.0,68.38922796249389,dense,64
10000,1.0,129.72124675289444,17.131831939071162,26.366861176655398,30.304747459998033,14.955321014270519,2.1226915729144555,64.0,69.970908,8.4670218637232,10.55,2.0,84,onoff,0.3,131.16188688060285,12.0,68.38922796249389,static_pomt,64
10000,1.0,129.74270658000913,10.601891115065882,19.96137829290892,24.981124581146222,10.65562353338273,1.658649859014762,18.496,70.73776600000002,10.025937468900315,12.694,2.0,84,onoff,0.3,131.16188688060285,12.0,68.38922796249389,decoupled,64
10000,1.0,129.74270658000913,10.601891115065882,19.96137829290892,24.981124581146222,10.65562353338273,1.658649859014762,18.496,70.73776600000002,9.438416155249627,14.127,2.0,84,onoff,0.3,131.16188688060285,12.0,68.38922796249389,joint_full,64
10000,1.0,129.74270658000913,10.601891115065882,19.96137829290892,24.981124581146222,10.65562353338273,1.658649859014762,18.496,70.73776600000002,7.71538281638746,11.762,2.0,84,onoff,0.3,131.16188688060285,12.0,68.38922796249389,cliffserve,64
10000,0.0006,177.15785403733668,8812.992391334437,17426.748488603444,18453.332598504,17421.077755628437,1.000100010001,0.0,71.19999800000002,35.64165336533654,37.46200000000001,2.0,84,onoff,0.6,262.3237737612057,2.0,11.398204660415649,dense,64
10000,0.0002,177.13419711273778,8820.449249920965,17434.252897534443,18460.90428753201,17428.600323090628,1.0,0.0064,71.19987700000003,36.90420209999999,38.833,2.0,84,onoff,0.6,262.3237737612057,2.0,11.398204660415649,static_pomt,64
10000,0.0006,177.15785403733668,8812.992391334437,17426.748488603444,18453.332598504,17421.077755628437,1.000100010001,0.0,71.19999800000002,37.55601590159016,39.2249,2.0,84,onoff,0.6,262.3237737612057,2.0,11.398204660415649,decoupled,64
10000,0.0006,177.15785403733668,8812.992391334437,17426.748488603444,18453.332598504,17421.077755628437,1.000100010001,0.0,71.19999800000002,41.56400410041004,43.241,2.0,84,onoff,0.6,262.3237737612057,2.0,11.398204660415649,joint_full,64
10000,0.0006,177.15785403733668,8812.992391334437,17426.748488603444,18453.332598504,17421.077755628437,1.000100010001,0.0,71.19999800000002,41.08657445744574,42.320100000000004,2.0,84,onoff,0.6,262.3237737612057,2.0,11.398204660415649,cliffserve,64
10000,0.0014,177.23354607992104,8788.759142862224,17402.598573432773,18429.020984691553,17396.95782123646,1.0007004903432404,0.0,71.19998800000002,35.795066946862796,37.5604,2.0,84,onoff,0.6,262.3237737612057,4.0,22.796409320831298,dense,64
10000,0.0011,177.1929259199827,8801.665233550191,17415.46179522045,18441.89118013207,17409.845447955206,1.0006003602161297,0.064,71.19876200000002,36.98101380828498,38.9165,2.0,84,onoff,0.6,262.3237737612057,4.0,22.796409320831298,static_pomt,64
10000,0.0014,177.23533943255305,8788.188230501079,17402.02766107163,18428.450072330408,17396.386908875316,1.0007004903432404,0.032,71.19920000000002,37.421367357150004,39.474,2.0,84,onoff,0.6,262.3237737612057,4.0,22.796409320831298,decoupled,64
10000,0.0014,177.24365781660376,8785.51549457159,17399.375581131786,18425.80500269311,17393.727630887835,1.00080064051241,0.064,71.198412,41.53867043634907,43.55145,2.0,84,onoff,0.6,262.3237737612057,4.0,22.796409320831298,joint_full,64
10000,0.0014,177.24365781660376,8785.51549457159,17399.375581131786,18425.80500269311,17393.727630887835,1.00080064051241,0.064,71.198412,40.9338811048839,42.67,2.0,84,onoff,0.6,262.3237737612057,4.0,22.796409320831298,cliffserve,64
10000,0.0072,177.76629977328716,8619.63989907958,17233.406322823375,18259.8609676637,17227.726129065362,1.005631536604988,0.0,71.19993000000002,35.54219750603379,37.42850000000001,2.0,84,onoff,0.6,262.3237737612057,8.0,45.592818641662596,dense,64
10000,0.0216,178.62901294123108,8347.920896200014,16961.471138361714,17987.912488691196,16955.862909702086,1.0169836265636123,1.3824,71.17250000000003,36.99523949964406,39.074,2.0,84,onoff,0.6,262.3237737612057,8.0,45.592818641662596,static_pomt,64
10000,0.0221,178.76617898397603,8305.013186124635,16918.64189505937,17944.99978962599,16912.943479231617,1.0163634515702815,1.472,71.16354400000002,37.538799369854665,39.7459,2.0,84,onoff,0.6,262.3237737612057,8.0,45.592818641662596,decoupled,64
10000,0.0236,178.85673081471475,8276.655392155835,16890.25093796613,17916.702222577915,16884.675629285597,1.0177081213108081,1.6,71.16038000000003,41.41933411357623,43.762,2.0,84,onoff,0.6,262.3237737612057,8.0,45.592818641662596,joint_full,64
10000,0.0236,178.85673081471475,8276.655392155835,16890.25093796613,17916.702222577915,16884.675629285597,1.0177081213108081,1.6,71.16038000000003,40.80117901485854,42.91075,2.0,84,onoff,0.6,262.3237737612057,8.0,45.592818641662596,cliffserve,64
10000,0.0232,178.7353848759821,8314.772276625821,16928.394752029202,17954.73226254164,16922.71637444856,1.0182262498727217,0.0,71.19978000000003,35.781569697586804,37.801,2.0,84,onoff,0.6,262.3237737612057,12.0,68.38922796249389,dense,64
10000,0.2073,190.3564019158519,4898.80689108417,13514.064785504745,14539.643831909665,13508.411409616874,1.1921793037672865,13.2544,70.93530700000001,35.1788748211731,38.262,2.0,84,onoff,0.6,262.3237737612057,12.0,68.38922796249389,static_pomt,64
10000,0.3264,195.9812675842698,3391.445893352926,12005.960690199869,13031.274711709122,12000.313029562967,1.312852829197847,21.408,70.66970000000002,34.4822813443613,39.436,2.0,84,onoff,0.6,262.3237737612057,12.0,68.38922796249389,decoupled,64
10000,0.3298,196.04427016344818,3375.080581730306,11989.27339731409,13014.69220527659,11983.613046967524,1.3192612137203166,21.472,70.66747600000002,38.20378839050132,43.38244999999999,2.0,84,onoff,0.6,262.3237737612057,12.0,68.38922796249389,joint_full,64
10000,0.3298,196.04427016344818,3375.080581730306,11989.27339731409,13014.69220527659,11983.613046967524,1.3192612137203166,21.472,70.66747600000002,37.413911609498676,42.109,2.0,84,onoff,0.6,262.3237737612057,12.0,68.38922796249389,cliffserve,64
10000,0.0004,177.16177067711035,12995.922053216493,26420.158546652932,27848.474941661094,26414.511132326264,1.000100010001,0.0,71.19999800000002,35.822623562356235,37.882,2.0,84,onoff,0.8,349.76503168160764,2.0,11.398204660415649,dense,64
10000,0.0001,177.13419711273784,13004.691797612702,26428.93616768374,27857.25371495936,26423.258290972848,1.0,0.0064,71.19987700000003,36.9749639,38.883,2.0,84,onoff,0.8,349.76503168160764,2.0,11.398204660415649,static_pomt,64
10000,0.0004,177.16177067711035,12995.922053216493,26420.158546652932,27848.474941661094,26414.511132326264,1.000100010001,0.0,71.19999800000002,37.70884578457845,39.695,2.0,84,onoff,0.8,349.76503168160764,2.0,11.398204660415649,decoupled,64
10000,0.0004,177.16177067711035,12995.922053216493,26420.158546652932,27848.474941661094,26414.511132326264,1.000100010001,0.0,71.19999800000002,41.65289388938894,43.34310000000001,2.0,84,onoff,0.8,349.76503168160764,2.0,11.398204660415649,joint_full,64
10000,0.0004,177.16177067711035,12995.922053216493,26420.158546652932,27848.474941661094,26414.511132326264,1.000100010001,0.0,71.19999800000002,41.05188138813881,42.94290000000001,2.0,84,onoff,0.8,349.76503168160764,2.0,11.398204660415649,cliffserve,64
10000,0.001,177.21039179257468,12980.373781798875,26404.53028539671,27833.009784896112,26398.826507773534,1.0005002501250626,0.0,71.19999200000001,35.81334137068534,38.07469999999999,2.0,84,onoff,0.8,349.76503168160764,4.0,22.796409320831298,dense,64
10000,0.0006,177.13964243750132,13002.884261725938,26427.131292905946,27855.457938801977,26421.47519053473,1.0002000400080016,0.032,71.19939300000001,37.07538527705542,39.043,2.0,84,onoff,0.8,349.76503168160764,4.0,22.796409320831298,static_pomt,64
10000,0.0011,177.21171326333155,12979.95298158983,26404.109485187666,27832.588984687067,26398.40570756449,1.0005002501250626,0.032,71.19920400000002,37.575462531265636,39.784299999999995,2.0,84,onoff,0.8,349.76503168160764,4.0,22.796409320831298,decoupled,64
10000,0.0011,177.21171326333155,12979.95298158983,26404.109485187666,27832.588984687067,26398.40570756449,1.0005002501250626,0.032,71.19920400000002,41.66245502751376,43.872299999999996,2.0,84,onoff,0.8,349.76503168160764,4.0,22.796409320831298,joint_full,64
10000,0.0011,177.21171326333155,12979.95298158983,26404.109485187666,27832.588984687067,26398.40570756449,1.0005002501250626,0.032,71.19920400000002,41.091294547273634,43.101,2.0,84,onoff,0.8,349.76503168160764,4.0,22.796409320831298,cliffserve,64
10000,0.0028,177.37398751639756,12928.285780786073,26352.426753649193,27780.819723980163,26346.86342745729,1.002004008016032,0.0,71.19997400000003,35.90388476953908,37.490050000000004,2.0,84,onoff,0.8,349.76503168160764,8.0,45.592818641662596,dense,64
10000,0.0036,177.4460433483048,12905.446980355775,26329.741548886435,27757.9188764498,26324.072723307745,1.0028078620136383,0.2304,71.19540000000002,37.012209286000804,38.923,2.0,84,onoff,0.8,349.76503168160764,8.0,45.592818641662596,static_pomt,64
10000,0.0068,177.7583389659541,12806.178501246965,26230.60271765246,27658.934936630463,26225.018688854652,1.0049241282283188,0.416,71.18969000000001,37.35396171239071,39.138999999999996,2.0,84,onoff,0.8,349.76503168160764,8.0,45.592818641662596,decoupled,64
10000,0.012,178.2212819831079,12659.76728851078,26084.064621457186,27512.40406899087,26078.42500053319,1.0094891984655765,0.832,71.17939600000003,41.64026438522108,43.819500000000005,2.0,84,onoff,0.8,349.76503168160764,8.0,45.592818641662596,joint_full,64
10000,0.012,178.2212819831079,12659.76728851078,26084.064621457186,27512.40406899087,26078.42500053319,1.0094891984655765,0.832,71.17939600000003,40.8342105794468,42.847750000000005,2.0,84,onoff,0.8,349.76503168160764,8.0,45.592818641662596,cliffserve,64
10000,0.0116,178.1787062981313,12673.174741385972,26097.472074332374,27525.811521866057,26091.832453408377,1.0094891984655765,0.0,71.199886,35.827386937209766,37.77775,2.0,84,onoff,0.8,349.76503168160764,12.0,68.38922796249389,dense,64
10000,0.0161,178.50250730530425,12571.608648602944,25995.99003912154,27424.096217485592,25990.347822535976,1.0133765707336846,1.0112,71.17959800000003,36.977911228212406,39.203,2.0,84,onoff,0.8,349.76503168160764,12.0,68.38922796249389,static_pomt,64
10000,0.0672,182.8412105454673,11243.149293838544,24667.15333612219,26095.01488447641,24661.477190425547,1.0567473317129874,4.768,71.081658,36.936041107471205,39.5021,2.0,84,onoff,0.8,349.76503168160764,12.0,68.38922796249389,decoupled,64
10000,0.088,183.02292314418705,11188.939899860425,24612.721598774962,26040.678351630915,24607.08197136598,1.0741138560687433,5.984,71.05115600000003,41.023584425349085,43.702,2.0,84,onoff,0.8,349.76503168160764,12.0,68.38922796249389,joint_full,64
10000,0.088,183.02292314418705,11188.939899860425,24612.721598774962,26040.678351630915,24607.08197136598,1.0741138560687433,5.984,71.05115600000003,40.345325349087005,43.352,2.0,84,onoff,0.8,349.76503168160764,12.0,68.38922796249389,cliffserve,64
10000,0.0004,177.16177067711033,13901.643639079204,28314.12016930302,29751.520455103575,28308.47221905907,1.000100010001,0.0,71.19999800000002,35.95876217621762,37.5311,2.0,84,onoff,0.95,415.345975121909,2.0,11.398204660415649,dense,64
10000,0.0001,177.1341971127378,13910.413383475414,28322.860665819248,29760.265168042835,28317.219913622936,1.0,0.0064,71.19987700000003,37.121343200000005,39.133,2.0,84,onoff,0.95,415.345975121909,2.0,11.398204660415649,static_pomt,64
10000,0.0004,177.16177067711033,13901.643639079204,28314.12016930302,29751.520455103575,28308.47221905907,1.000100010001,0.0,71.19999800000002,37.75182598259826,39.535000000000004,2.0,84,onoff,0.95,415.345975121909,2.0,11.398204660415649,decoupled,64
10000,0.0004,177.16177067711033,13901.643639079204,28314.12016930302,29751.520455103575,28308.47221905907,1.000100010001,0.0,71.19999800000002,41.95540134013401,43.813900000000004,2.0,84,onoff,0.95,415.345975121909,2.0,11.398204660415649,joint_full,64
10000,0.0004,177.16177067711033,13901.643639079204,28314.12016930302,29751.520455103575,28308.47221905907,1.000100010001,0.0,71.19999800000002,41.22057605760576,42.9001,2.0,84,onoff,0.95,415.345975121909,2.0,11.398204660415649,cliffserve,64
10000,0.0009,177.19633126521745,13890.542311421505,28302.995424482422,29740.538510080038,28297.347634169655,1.0004001600640255,0.0,71.19999400000002,35.98292947178871,37.5425,2.0,84,onoff,0.95,415.345975121909,4.0,22.796409320831298,dense,64
10000,0.0009,177.20577755715,13887.477926722637,28299.924367997246,29737.489974051176,28294.23545617779,1.0006003602161297,0.0576,71.198885,37.20680168100861,39.083,2.0,84,onoff,0.95,415.345975121909,4.0,22.796409320831298,static_pomt,64
10000,0.0009,177.19765252628108,13890.12151121246,28302.574624273377,29740.117709870992,28296.92683396061,1.0004001600640255,0.032,71.19920600000003,37.67223349339736,39.6265,2.0,84,onoff,0.95,415.345975121909,4.0,22.796409320831298,decoupled,64
10000,0.0009,177.19765252628108,13890.12151121246,28302.574624273377,29740.117709870992,28296.92683396061,1.0004001600640255,0.032,71.19920600000003,41.72048649459784,43.512,2.0,84,onoff,0.95,415.345975121909,4.0,22.796409320831298,joint_full,64
10000,0.0009,177.19765252628108,13890.12151121246,28302.574624273377,29740.117709870992,28296.92683396061,1.0004001600640255,0.032,71.19920600000003,41.07292877150861,42.863249999999994,2.0,84,onoff,0.95,415.345975121909,4.0,22.796409320831298,cliffserve,64
10000,0.0026,177.35908979694673,13838.72183012115,28251.129787609178,29688.38601604527,28245.49590141495,1.001903616872057,0.0,71.19997600000002,36.0273232141068,37.991,2.0,84,onoff,0.95,415.345975121909,8.0,45.592818641662596,dense,64
10000,0.003,177.40983241900858,13822.639717093578,28235.154308268626,29672.260105090794,28229.49706506451,1.0023053021950485,0.1856,71.19630900000001,37.2584368046507,39.154,2.0,84,onoff,0.95,415.345975121909,8.0,45.592818641662596,static_pomt,64
10000,0.003,177.42032982071183,13819.285255185237,28231.80378730019,29668.963958464323,28226.16800636967,1.0022048506714774,0.192,71.19524400000002,37.82485959110042,39.805,2.0,84,onoff,0.95,415.345975121909,8.0,45.592818641662596,decoupled,64
10000,0.0036,177.48530299219584,13798.648102275005,28211.20791470726,29648.295355835613,28205.54018180092,1.002707309736288,0.224,71.19445000000002,41.90404672616064,43.501,2.0,84,onoff,0.95,415.345975121909,8.0,45.592818641662596,joint_full,64
10000,0.0036,177.48530299219584,13798.648102275005,28211.20791470726,29648.295355835613,28205.54018180092,1.002707309736288,0.224,71.19445000000002,41.052173769176775,42.303999999999995,2.0,84,onoff,0.95,415.345975121909,8.0,45.592818641662596,cliffserve,64
10000,0.005,177.57887276546583,13768.956854096523,28181.375465294917,29618.672275644003,28175.645758196908,1.0040160642570282,0.0,71.19995200000002,36.165206726907634,38.192,2.0,84,onoff,0.95,415.345975121909,12.0,68.38922796249389,dense,64
10000,0.0066,177.79578116207293,13699.868278018108,28112.704009887773,29549.95297341412,28107.02399537285,1.005631536604988,0.416,71.19157300000002,37.09084131134352,38.88385,2.0,84,onoff,0.95,415.345975121909,12.0,68.38922796249389,static_pomt,64
10000,0.0074,177.9153931055159,13662.152822009197,28074.818232318958,29512.16578388756,28069.135051533776,1.0062386798148522,0.544,71.18648400000001,37.78525649023948,39.624,2.0,84,onoff,0.95,415.345975121909,12.0,68.38922796249389,decoupled,64
10000,0.008,178.0050858668473,13633.745041838756,28046.35829210003,29483.808901324926,28040.764642283517,1.0070493454179255,0.608,71.18480600000002,41.616314098690836,43.00055,2.0,84,onoff,0.95,415.345975121909,12.0,68.38922796249389,joint_full,64
10000,0.008,178.0050858668473,13633.745041838756,28046.35829210003,29483.808901324926,28040.764642283517,1.0070493454179255,0.608,71.18480600000002,41.3837250755287,43.13604999999999,2.0,84,onoff,0.95,415.345975121909,12.0,68.38922796249389,cliffserve,64
10000,0.0003,177.14794933142687,17157.569062808434,33144.30149145714,34367.009744224604,33138.68579538456,1.0,0.0,71.20000000000002,36.12515569999999,37.89245,2.0,84,onoff,1.1,480.9269185622105,2.0,11.398204660415649,dense,64
10000,0.0001,177.1341971127378,17161.951686957756,33148.68411560646,34371.39236837393,33143.06841953388,1.0,0.0064,71.19987700000003,37.293371900000004,39.224,2.0,84,onoff,1.1,480.9269185622105,2.0,11.398204660415649,static_pomt,64
10000,0.0003,177.14794933142687,17157.569062808434,33144.30149145714,34367.009744224604,33138.68579538456,1.0,0.0,71.20000000000002,37.8379295,40.03505,2.0,84,onoff,1.1,480.9269185622105,2.0,11.398204660415649,decoupled,64
10000,0.0003,177.14794933142687,17157.569062808434,33144.30149145714,34367.009744224604,33138.68579538456,1.0,0.0,71.20000000000002,41.9281566,44.87644999999998,2.0,84,onoff,1.1,480.9269185622105,2.0,11.398204660415649,joint_full,64
10000,0.0003,177.14794933142687,17157.569062808434,33144.30149145714,34367.009744224604,33138.68579538456,1.0,0.0,71.20000000000002,41.3789864,43.55154999999999,2.0,84,onoff,1.1,480.9269185622105,2.0,11.398204660415649,cliffserve,64
10000,0.0008,177.19627148357677,17142.099654534737,33128.896204954304,34351.535382304246,33123.21877945057,1.0004001600640255,0.0,71.19999400000002,36.093373849539816,38.10125,2.0,84,onoff,1.1,480.9269185622105,4.0,22.796409320831298,dense,64
10000,0.0009,177.20577755715,17139.01623020498,33125.78623688809,34348.49822093969,33120.127564936796,1.0006003602161297,0.0576,71.198885,37.33084380628377,39.344,2.0,84,onoff,1.1,480.9269185622105,4.0,22.796409320831298,static_pomt,64
10000,0.0008,177.1978982940138,17141.58154235212,33128.37809277169,34351.01727012163,33122.700667267956,1.0004001600640255,0.032,71.19920600000003,37.68723599439776,39.797250000000005,2.0,84,onoff,1.1,480.9269185622105,4.0,22.796409320831298,decoupled,64
10000,0.0008,177.1978982940138,17141.58154235212,33128.37809277169,34351.01727012163,33122.700667267956,1.0004001600640255,0.032,71.19920600000003,41.72086154461784,43.34125,2.0,84,onoff,1.1,480.9269185622105,4.0,22.796409320831298,joint_full,64
10000,0.0008,177.1978982940138,17141.58154235212,33128.37809277169,34351.01727012163,33122.700667267956,1.0004001600640255,0.032,71.19920600000003,41.18132092837135,42.8275,2.0,84,onoff,1.1,480.9269185622105,4.0,22.796409320831298,cliffserve,64
10000,0.0022,177.31862143439508,17103.00394234983,33089.691618329205,34312.3296825028,33084.00642305009,1.0015022533800702,0.0,71.19998000000002,36.160141011517275,37.30799999999999,2.0,84,onoff,1.1,480.9269185622105,8.0,45.592818641662596,dense,64
10000,0.0026,177.37391986628168,17085.56717262594,33072.273391634146,34294.97987988954,33066.63771825425,1.002004008016032,0.16,71.19680500000003,37.220630460921846,38.833,2.0,84,onoff,1.1,480.9269185622105,8.0,45.592818641662596,static_pomt,64
10000,0.0028,177.40648452371067,17075.20707784025,33061.933335357826,34284.621824903545,33056.33309236161,1.002104419280489,0.192,71.19524600000003,38.090671209540034,40.056000000000004,2.0,84,onoff,1.1,480.9269185622105,8.0,45.592818641662596,decoupled,64
10000,0.0028,177.40648452371067,17075.20707784025,33061.933335357826,34284.621824903545,33056.33309236161,1.002104419280489,0.192,71.19524600000003,42.01058943781942,43.722,2.0,84,onoff,1.1,480.9269185622105,8.0,45.592818641662596,joint_full,64
10000,0.0028,177.40648452371067,17075.20707784025,33061.933335357826,34284.621824903545,33056.33309236161,1.002104419280489,0.192,71.19524600000003,41.333467281290716,42.51,2.0,84,onoff,1.1,480.9269185622105,8.0,45.592818641662596,cliffserve,64
10000,0.004,177.4887644448294,17049.199878075997,33035.958591300165,34258.42436886316,33030.26182184807,1.0031096398836392,0.0,71.19996200000001,36.11288694954359,38.0516,2.0,84,onoff,1.1,480.9269185622105,12.0,68.38922796249389,dense,64
10000,0.0054,177.66354935740466,16993.66560397474,32980.40601695172,34203.18900676733,32974.76501196019,1.0045203415369162,0.3392,71.19315700000003,37.025754696132594,38.753,2.0,84,onoff,1.1,480.9269185622105,12.0,68.38922796249389,static_pomt,64
10000,0.0062,177.78786026477127,16953.95770321218,32940.96798604123,34163.74098370081,32935.31763575665,1.0052271813429836,0.48,71.18807200000002,37.62161540008042,39.644,2.0,84,onoff,1.1,480.9269185622105,12.0,68.38922796249389,decoupled,64
10000,0.0067,177.84637025474456,16935.36143002836,32922.54597068421,34145.22972332006,32916.86593378178,1.0057326762546515,0.512,71.18723200000002,41.78890717087398,43.15,2.0,84,onoff,1.1,480.9269185622105,12.0,68.38922796249389,joint_full,64
10000,0.0067,177.84637025474456,16935.36143002836,32922.54597068421,34145.22972332006,32916.86593378178,1.0057326762546515,0.512,71.18723200000002,41.15246957658654,42.88,2.0,84,onoff,1.1,480.9269185622105,12.0,68.38922796249389,cliffserve,64
10000,0.6666,129.95007579820196,9.398305433156565,28.930945488240827,43.01359182973682,23.27791344418855,1.0991426687183996,0.0,71.19819600000002,7.329011101340953,8.797,2.0,85,poisson,0.3,131.16188688060285,2.0,11.398204660415649,dense,64
10000,0.3029,129.94297763873564,15.248137974791462,36.28495542133968,50.00200449868723,30.614308337295974,1.0,11.5456,70.978108,7.6581684999999995,9.318,2.0,85,poisson,0.3,131.16188688060285,2.0,11.398204660415649,static_pomt,64
10000,0.6666,129.95007579820196,9.398305433156565,28.930945488240827,43.01359182973682,23.27791344418855,1.0991426687183996,0.0,71.19819600000002,9.385180149483402,10.83,2.0,85,poisson,0.3,131.16188688060285,2.0,11.398204660415649,decoupled,64
10000,0.6666,129.95007579820196,9.398305433156565,28.930945488240827,43.01359182973682,23.27791344418855,1.0991426687183996,0.0,71.19819600000002,8.627153550230819,11.662,2.0,85,poisson,0.3,131.16188688060285,2.0,11.398204660415649,joint_full,64
10000,0.6666,129.95007579820196,9.398305433156565,28.930945488240827,43.01359182973682,23.27791344418855,1.0991426687183996,0.0,71.19819600000002,7.8074108595295675,11.061,2.0,85,poisson,0.3,131.16188688060285,2.0,11.398204660415649,cliffserve,64
10000,0.9997,129.94998739140522,7.913474612054415,14.662731122780125,17.857715173239015,6.853394028722502,1.2866700977869274,0.0,71.19575400000002,7.245434765826042,8.647,2.0,85,poisson,0.3,131.16188688060285,4.0,22.796409320831298,dense,64
10000,0.9132,129.94285158005576,16.16475273496326,27.815158487269127,45.60291158322594,22.181069406528827,1.413627367825841,54.8608,70.152932,7.968113090189426,10.443149999999994,2.0,85,poisson,0.3,131.16188688060285,4.0,22.796409320831298,static_pomt,64
10000,0.9997,129.95003591809768,7.915495858824215,14.449300658436186,17.51208686793907,6.853394028722502,1.2858428700012858,3.296,71.11459600000002,9.575482319660537,11.221,2.0,85,poisson,0.3,131.16188688060285,4.0,22.796409320831298,decoupled,64
10000,0.9998,129.94997480075398,7.914048194885254,14.445141524508285,17.472593894397328,6.853329927845605,1.286008230452675,3.328,71.11380800000002,8.488972350823047,11.11,2.0,85,poisson,0.3,131.16188688060285,4.0,22.796409320831298,joint_full,64
10000,0.9998,129.94997480075398,7.914048194885254,14.445141524508285,17.472593894397328,6.853329927845605,1.286008230452675,3.328,71.11380800000002,7.028838991769548,9.067,2.0,85,poisson,0.3,131.16188688060285,4.0,22.796409320831298,cliffserve,64
10000,1.0,129.95009952126313,7.915839910507202,14.661223936927126,17.767546867363055,6.857500471798443,1.2873326467559216,0.0,71.19575000000002,7.31216464984552,8.647,2.0,85,poisson,0.3,131.16188688060285,8.0,45.592818641662596,dense,64
10000,1.0,129.94301319247086,15.491572433258284,23.060325960140727,26.523556242444393,12.59157218484251,1.5775358889414735,64.0,69.97804400000001,7.931992743334911,10.5391,2.0,85,poisson,0.3,131.16188688060285,8.0,45.592818641662596,static_pomt,64
10000,1.0,129.95002013870527,7.914048194885254,14.445141524508285,17.39237267448924,6.8421101345678785,1.2865045670912132,3.392,71.11223000000001,9.58632998842146,11.201,2.0,85,poisson,0.3,131.16188688060285,8.0,45.592818641662596,decoupled,64
10000,1.0,129.95002013870527,7.914048194885254,14.445141524508285,17.39237267448924,6.8421101345678785,1.2865045670912132,3.392,71.11223000000001,8.480202753119775,11.141,2.0,85,poisson,0.3,131.16188688060285,8.0,45.592818641662596,joint_full,64
10000,1.0,129.95002013870527,7.914048194885254,14.445141524508285,17.39237267448924,6.8421101345678785,1.2865045670912132,3.392,71.11223000000001,7.041945838157726,9.057,2.0,85,poisson,0.3,131.16188688060285,8.0,45.592818641662596,cliffserve,64
10000,1.0,129.95009952126313,7.915839910507202,14.661223936927126,17.767546867363055,6.857500471798443,1.2873326467559216,0.0,71.19575000000002,7.241050205973224,8.616,2.0,85,poisson,0.3,131.16188688060285,12.0,68.38922796249389,dense,64
10000,1.0,129.94301319247086,15.491572433258284,23.060325960140727,26.523556242444393,12.59157218484251,1.5775358889414735,64.0,69.97804400000001,7.8623857075248464,10.4,2.0,85,poisson,0.3,131.16188688060285,12.0,68.38922796249389,static_pomt,64
10000,1.0,129.95002013870527,7.914048194885254,14.445141524508285,17.39237267448924,6.8421101345678785,1.2865045670912132,3.392,71.11223000000001,9.60380457995626,11.231,2.0,85,poisson,0.3,131.16188688060285,12.0,68.38922796249389,decoupled,64
10000,1.0,129.95002013870527,7.914048194885254,14.445141524508285,17.39237267448924,6.8421101345678785,1.2865045670912132,3.392,71.11223000000001,8.422149877782067,11.081,2.0,85,poisson,0.3,131.16188688060285,12.0,68.38922796249389,joint_full,64
10000,1.0,129.95002013870527,7.914048194885254,14.445141524508285,17.39237267448924,6.8421101345678785,1.2865045670912132,3.392,71.11223000000001,7.030538016209958,9.057,2.0,85,poisson,0.3,131.16188688060285,12.0,68.38922796249389,cliffserve,64
10000,0.0011,177.15766978612956,9262.57083199924,17263.12426771115,17826.545830842788,17257.45654944371,1.0002000400080016,0.0,71.19999600000001,35.87724984996999,38.021,2.0,85,poisson,0.6,262.3237737612057,2.0,11.398204660415649,dense,64
10000,0.0001,177.12642038213352,9272.497547073901,17273.05579912721,17836.54357047361,17267.36532695352,1.0,0.0064,71.19987700000003,36.908880200000006,38.9535,2.0,85,poisson,0.6,262.3237737612057,2.0,11.398204660415649,static_pomt,64
10000,0.0011,177.15766978612956,9262.57083199924,17263.12426771115,17826.545830842788,17257.45654944371,1.0002000400080016,0.0,71.19999600000001,37.55304570914183,39.814,2.0,85,poisson,0.6,262.3237737612057,2.0,11.398204660415649,decoupled,64
10000,0.0011,177.15766978612956,9262.57083199924,17263.12426771115,17826.545830842788,17257.45654944371,1.0002000400080016,0.0,71.19999600000001,41.78915603120624,43.904349999999994,2.0,85,poisson,0.6,262.3237737612057,2.0,11.398204660415649,joint_full,64
10000,0.0011,177.15766978612956,9262.57083199924,17263.12426771115,17826.545830842788,17257.45654944371,1.0002000400080016,0.0,71.19999600000001,41.04771784356871,43.221149999999994,2.0,85,poisson,0.6,262.3237737612057,2.0,11.398204660415649,cliffserve,64
10000,0.0154,177.87400074593177,9034.986734242473,17035.968916821566,17599.51651973001,17030.314779329387,1.0067451927917044,0.0,71.19988400000001,35.690614718614725,37.961,2.0,85,poisson,0.6,262.3237737612057,4.0,22.796409320831298,dense,64
10000,0.0028,177.16981194630733,9258.518170996249,17259.13723688184,17822.69305432123,17253.482257485975,1.001001001001001,0.128,71.19754800000003,36.873919819819825,38.973549999999996,2.0,85,poisson,0.6,262.3237737612057,4.0,22.796409320831298,static_pomt,64
10000,0.0318,178.75328634206525,8758.129879263226,16759.43707176053,17323.37129588193,16753.805932696698,1.0146103896103895,0.608,71.18477800000002,37.0106934862013,39.36875,2.0,85,poisson,0.6,262.3237737612057,4.0,22.796409320831298,decoupled,64
10000,0.0323,178.78972807104253,8746.670310762707,16747.991405471203,17311.78277323312,16742.34443920457,1.0149193139145438,0.64,71.183986,41.12918968841977,43.662,2.0,85,poisson,0.6,262.3237737612057,4.0,22.796409320831298,joint_full,64
10000,0.0323,178.78972807104253,8746.670310762707,16747.991405471203,17311.78277323312,16742.34443920457,1.0149193139145438,0.64,71.183986,40.44002567745864,42.3294,2.0,85,poisson,0.6,262.3237737612057,4.0,22.796409320831298,cliffserve,64
10000,1.0,259.87743148734876,13.35178543154234,27.138971200250577,35.60997568411651,13.99571142936038,2.1459227467811157,0.0,71.19154200000001,8.38853712446352,10.33,2.0,85,poisson,0.6,262.3237737612057,8.0,45.592818641662596,dense,64
10000,1.0,259.84242254772477,18.8359301708133,28.31919673244673,33.43656018116048,16.119784302753033,2.86286859433152,64.0,69.964172,9.42237818494131,10.83,2.0,85,poisson,0.6,262.3237737612057,8.0,45.592818641662596,static_pomt,64
10000,1.0,259.87824386957806,12.682501041769228,23.484846396078133,28.64051221925872,12.413130364795258,2.087246921310791,31.936,70.40523000000002,10.79525172197871,12.915,2.0,85,poisson,0.6,262.3237737612057,8.0,45.592818641662596,decoupled,64
10000,1.0,259.87824386957806,12.682501041769228,23.484846396078133,28.64051221925872,12.413130364795258,2.087246921310791,31.936,70.40523000000002,10.500363180964309,14.327,2.0,85,poisson,0.6,262.3237737612057,8.0,45.592818641662596,joint_full,64
10000,1.0,259.87824386957806,12.682501041769228,23.484846396078133,28.64051221925872,12.413130364795258,2.087246921310791,31.936,70.40523000000002,8.739605719056565,12.022,2.0,85,poisson,0.6,262.3237737612057,8.0,45.592818641662596,cliffserve,64
10000,1.0,259.87824386957806,13.361762912687482,27.149021866769445,35.558260201980616,14.020960464235372,2.1473051320592655,0.0,71.19154800000003,8.361831007086106,10.299,2.0,85,poisson,0.6,262.3237737612057,12.0,68.38922796249389,dense,64
10000,1.0,259.84242254772477,18.8359301708133,28.31919673244673,33.43656018116048,16.119784302753033,2.86286859433152,64.0,69.964172,9.365033495562553,10.74,2.0,85,poisson,0.6,262.3237737612057,12.0,68.38922796249389,static_pomt,64
10000,1.0,259.87824386957806,12.682501041769228,23.484846396078133,28.64051221925872,12.413130364795258,2.087246921310791,31.936,70.40523000000002,10.765232101857649,12.934,2.0,85,poisson,0.6,262.3237737612057,12.0,68.38922796249389,decoupled,64
10000,1.0,259.87824386957806,12.682501041769228,23.484846396078133,28.64051221925872,12.413130364795258,2.087246921310791,31.936,70.40523000000002,10.54742809434356,14.337,2.0,85,poisson,0.6,262.3237737612057,12.0,68.38922796249389,joint_full,64
10000,1.0,259.87824386957806,12.682501041769228,23.484846396078133,28.64051221925872,12.413130364795258,2.087246921310791,31.936,70.40523000000002,8.666680859945732,11.963,2.0,85,poisson,0.6,262.3237737612057,12.0,68.38922796249389,cliffserve,64
10000,0.0002,177.13961722135141,14009.074717762885,26356.21812188512,27343.206642987934,26350.520743011075,1.0,0.0,71.20000000000002,35.9765879,37.771499999999996,2.0,85,poisson,0.8,349.76503168160764,2.0,11.398204660415649,dense,64
10000,0.0001,177.12642038213352,14013.280733349739,26360.42413747197,27347.412658574787,26354.726758597928,1.0,0.0064,71.19987700000003,36.9859466,39.18444999999999,2.0,85,poisson,0.8,349.76503168160764,2.0,11.398204660415649,static_pomt,64
10000,0.0002,177.13961722135141,14009.074717762885,26356.21812188512,27343.206642987934,26350.520743011075,1.0,0.0,71.20000000000002,37.902562999999994,39.975449999999995,2.0,85,poisson,0.8,349.76503168160764,2.0,11.398204660415649,decoupled,64
10000,0.0002,177.13961722135141,14009.074717762885,26356.21812188512,27343.206642987934,26350.520743011075,1.0,0.0,71.20000000000002,41.9141791,44.042,2.0,85,poisson,0.8,349.76503168160764,2.0,11.398204660415649,joint_full,64
10000,0.0002,177.13961722135141,14009.074717762885,26356.21812188512,27343.206642987934,26350.520743011075,1.0,0.0,71.20000000000002,41.18653810000001,42.78144999999999,2.0,85,poisson,0.8,349.76503168160764,2.0,11.398204660415649,cliffserve,64
10000,0.007,177.58736137016265,13866.494702341972,26213.651536535082,27200.651125943867,26208.06115803583,1.0035122930255895,0.0,71.19994000000001,36.071813848469645,38.1218,2.0,85,poisson,0.8,349.76503168160764,4.0,22.796409320831298,dense,64
10000,0.0006,177.1318907314597,14011.569069388328,26358.632849477366,27345.709835598675,26353.073913453656,1.0002000400080016,0.032,71.19939300000001,37.172684736947396,39.17315,2.0,85,poisson,0.8,349.76503168160764,4.0,22.796409320831298,static_pomt,64
10000,0.0071,177.60338515874088,13861.448591580343,26208.638439379305,27195.54200229619,26203.060335288614,1.0036130068245686,0.192,71.19521200000001,37.70441961059815,39.805,2.0,85,poisson,0.8,349.76503168160764,4.0,22.796409320831298,decoupled,64
10000,0.0071,177.60338515874088,13861.448591580343,26208.638439379305,27195.54200229619,26203.060335288614,1.0036130068245686,0.192,71.19521200000001,41.90217924528302,43.892,2.0,85,poisson,0.8,349.76503168160764,4.0,22.796409320831298,joint_full,64
10000,0.0071,177.60338515874088,13861.448591580343,26208.638439379305,27195.54200229619,26203.060335288614,1.0036130068245686,0.192,71.19521200000001,41.149000200722604,42.7995,2.0,85,poisson,0.8,349.76503168160764,4.0,22.796409320831298,cliffserve,64
10000,0.0365,180.13616524747758,13068.872845753276,25416.904109863503,26403.799781936043,25411.31219454215,1.0266940451745379,0.0,71.19965200000003,35.91334301848049,38.011,2.0,85,poisson,0.8,349.76503168160764,8.0,45.592818641662596,dense,64
10000,0.2776,205.17524293718193,6295.409638371866,18643.034189425525,19629.881889906115,18637.40563267332,1.272264631043257,17.76,70.85023900000002,34.957228117048345,38.91344999999999,2.0,85,poisson,0.8,349.76503168160764,8.0,45.592818641662596,static_pomt,64
10000,0.2786,205.35989084474332,6251.294598157108,18599.074140694458,19585.810396863908,18593.43997924598,1.249375312343828,17.888,70.75681000000002,35.239694652673656,39.08084999999999,2.0,85,poisson,0.8,349.76503168160764,8.0,45.592818641662596,decoupled,64
10000,0.2786,205.35989084474332,6251.294598157108,18599.074140694458,19585.810396863908,18593.43997924598,1.249375312343828,17.888,70.75681200000001,38.90569590204897,43.42185,2.0,85,poisson,0.8,349.76503168160764,8.0,45.592818641662596,joint_full,64
10000,0.2786,205.35989084474332,6251.294598157108,18599.074140694458,19585.810396863908,18593.43997924598,1.249375312343828,17.888,70.75681200000001,38.11976486756622,42.309,2.0,85,poisson,0.8,349.76503168160764,8.0,45.592818641662596,cliffserve,64
10000,0.226,199.19274770105392,7758.1736090841605,20106.5166190049,21093.24009775049,20100.841740741424,1.217878455730118,0.0,71.19777600000002,34.350217269516506,37.17,2.0,85,poisson,0.8,349.76503168160764,12.0,68.38922796249389,dense,64
10000,1.0,346.37468028547835,23.155494111395228,38.198403810595025,45.716033649487656,20.52297746511649,4.344048653344918,64.0,69.93930400000002,10.441642919200694,12.694,2.0,85,poisson,0.8,349.76503168160764,12.0,68.38922796249389,static_pomt,64
10000,1.0,346.4241971061267,19.42600726575074,33.68433142865659,40.708391384425596,18.130696757232634,3.444712366517396,62.304,69.65602800000002,12.198422666207373,15.158,2.0,85,poisson,0.8,349.76503168160764,12.0,68.38922796249389,decoupled,64
10000,1.0,346.43046960523486,19.564226033113755,33.73574390504309,40.676136926405526,18.19748197009371,3.450655624568668,62.464,69.65203400000001,12.773679434092477,17.80535,2.0,85,poisson,0.8,349.76503168160764,12.0,68.38922796249389,joint_full,64
10000,1.0,346.43046960523486,19.564226033113755,33.73574390504309,40.676136926405526,18.19748197009371,3.450655624568668,62.464,69.65203400000001,10.701680124223602,15.4705,2.0,85,poisson,0.8,349.76503168160764,12.0,68.38922796249389,cliffserve,64
10000,0.0002,177.13961722135141,16254.70885863038,30662.64930664891,31850.292781974724,30656.94214014405,1.0,0.0,71.20000000000002,35.9932703,37.761,2.0,85,poisson,0.95,415.345975121909,2.0,11.398204660415649,dense,64
10000,0.0001,177.12642038213352,16258.914874217233,30666.855322235762,31854.498797561577,30661.1481557309,1.0,0.0064,71.19987700000003,37.2427912,39.123,2.0,85,poisson,0.95,415.345975121909,2.0,11.398204660415649,static_pomt,64
10000,0.0002,177.13961722135141,16254.70885863038,30662.64930664891,31850.292781974724,30656.94214014405,1.0,0.0,71.20000000000002,37.733867599999996,39.43449999999999,2.0,85,poisson,0.95,415.345975121909,2.0,11.398204660415649,decoupled,64
10000,0.0002,177.13961722135141,16254.70885863038,30662.64930664891,31850.292781974724,30656.94214014405,1.0,0.0,71.20000000000002,41.8675197,43.331050000000005,2.0,85,poisson,0.95,415.345975121909,2.0,11.398204660415649,joint_full,64
10000,0.0002,177.13961722135141,16254.70885863038,30662.64930664891,31850.292781974724,30656.94214014405,1.0,0.0,71.20000000000002,41.1977151,42.509,2.0,85,poisson,0.95,415.345975121909,2.0,11.398204660415649,cliffserve,64
10000,0.0019,177.2770570329302,16210.786058566293,30618.69771041268,31806.4388031215,30613.035628813446,1.0011012113324658,0.0,71.19998200000003,36.093878566423065,38.0974,2.0,85,poisson,0.95,415.345975121909,4.0,22.796409320831298,dense,64
10000,0.0005,177.12927418693124,16258.076186082086,30665.906363528906,31853.617448660785,30660.236090058028,1.000100010001,0.0192,71.19963500000001,37.325156415641565,39.395,2.0,85,poisson,0.95,415.345975121909,4.0,22.796409320831298,static_pomt,64
10000,0.002,177.28053067833463,16209.680779597482,30617.59243144387,31805.333524152687,30611.930349844635,1.0011012113324658,0.064,71.19840600000003,37.75682290519572,39.10100000000001,2.0,85,poisson,0.95,415.345975121909,4.0,22.796409320831298,decoupled,64
10000,0.002,177.28053067833463,16209.680779597482,30617.59243144387,31805.333524152687,30611.930349844635,1.0011012113324658,0.064,71.19840600000003,41.810560316347974,43.3616,2.0,85,poisson,0.95,415.345975121909,4.0,22.796409320831298,joint_full,64
10000,0.002,177.28053067833463,16209.680779597482,30617.59243144387,31805.333524152687,30611.930349844635,1.0011012113324658,0.064,71.19840600000003,41.27324557012714,42.9206,2.0,85,poisson,0.95,415.345975121909,4.0,22.796409320831298,cliffserve,64
10000,0.0136,178.25654916382058,15900.511689326486,30309.319491785704,31496.878984181338,30303.6775780856,1.0096930533117932,0.0,71.19986800000002,36.10132481825525,37.961,2.0,85,poisson,0.95,415.345975121909,8.0,45.592818641662596,dense,64
10000,0.0173,178.67669784419698,15768.554916045388,30177.26314293736,31365.408821870737,30171.584544724166,1.0135819987837016,1.0944,71.17835900000001,37.22138384350295,39.093,2.0,85,poisson,0.95,415.345975121909,8.0,45.592818641662596,static_pomt,64
10000,0.0467,181.82429639129515,14800.110505818688,29208.555411811652,30395.945007065828,29202.88848557073,1.0384215991692627,3.392,71.11601200000001,37.699777673935614,39.724,2.0,85,poisson,0.95,415.345975121909,8.0,45.592818641662596,decoupled,64
10000,0.0465,181.80311480978793,14806.499401807152,29214.853864355864,30402.392464994486,29209.286259647193,1.0383137784238397,3.424,71.11522600000002,41.67540369639705,43.6465,2.0,85,poisson,0.95,415.345975121909,8.0,45.592818641662596,joint_full,64
10000,0.0465,181.80311480978793,14806.499401807152,29214.853864355864,30402.392464994486,29209.286259647193,1.0383137784238397,3.424,71.11522600000002,40.98973086906863,42.46,2.0,85,poisson,0.95,415.345975121909,8.0,45.592818641662596,cliffserve,64
10000,0.0185,178.7232438501094,15753.908392569741,30162.62036628121,31350.69762961095,30156.969657319725,1.0141987829614605,0.0,71.19982000000002,35.980470385395535,37.951,2.0,85,poisson,0.95,415.345975121909,12.0,68.38922796249389,dense,64
10000,0.2261,203.32732899718135,8983.303818127832,23392.57606922978,24579.383039371423,23386.928909271894,1.2396181975951408,14.4704,70.90804500000002,36.1991850749969,39.0937,2.0,85,poisson,0.95,415.345975121909,12.0,68.38922796249389,static_pomt,64
10000,0.791,322.4918440657608,30.805236472954675,5218.752185397851,6405.975139507274,5213.054143863426,2.8457598178713717,60.608,69.69921800000002,27.47220233352305,37.76415,2.0,85,poisson,0.95,415.345975121909,12.0,68.38922796249389,decoupled,64
10000,0.7986,325.4045771291142,30.377139426351278,4941.392220359551,6128.641955479602,4935.731127649056,2.907822041291073,61.024,69.68818800000001,30.27082262285548,42.199,2.0,85,poisson,0.95,415.345975121909,12.0,68.38922796249389,joint_full,64
10000,0.7986,325.4045771291142,30.377139426351278,4941.392220359551,6128.641955479602,4935.731127649056,2.907822041291073,61.024,69.68818800000001,29.041940098865947,41.3781,2.0,85,poisson,0.95,415.345975121909,12.0,68.38922796249389,cliffserve,64
10000,0.0002,177.13961722135141,17887.897324715857,33794.59925920445,35128.17361032884,33788.89209269959,1.0,0.0,71.20000000000002,36.021057299999995,37.821,2.0,85,poisson,1.1,480.9269185622105,2.0,11.398204660415649,dense,64
10000,0.0001,177.12642038213352,17892.10334030271,33798.8052747913,35132.379625915695,33793.098108286445,1.0,0.0064,71.19987700000003,37.3141559,39.29449999999999,2.0,85,poisson,1.1,480.9269185622105,2.0,11.398204660415649,static_pomt,64
10000,0.0002,177.13961722135141,17887.897324715857,33794.59925920445,35128.17361032884,33788.89209269959,1.0,0.0,71.20000000000002,37.8929137,39.77544999999999,2.0,85,poisson,1.1,480.9269185622105,2.0,11.398204660415649,decoupled,64
10000,0.0002,177.13961722135141,17887.897324715857,33794.59925920445,35128.17361032884,33788.89209269959,1.0,0.0,71.20000000000002,41.93351290000001,43.402449999999995,2.0,85,poisson,1.1,480.9269185622105,2.0,11.398204660415649,joint_full,64
10000,0.0002,177.13961722135141,17887.897324715857,33794.59925920445,35128.17361032884,33788.89209269959,1.0,0.0,71.20000000000002,41.376483099999994,43.041049999999984,2.0,85,poisson,1.1,480.9269185622105,2.0,11.398204660415649,cliffserve,64
10000,0.0017,177.27008068204654,17846.194460068946,33752.8675983854,35086.53956689279,33747.20551678616,1.0011012113324658,0.0,71.19998400000001,36.078804885373906,37.961,2.0,85,poisson,1.1,480.9269185622105,4.0,22.796409320831298,dense,64
10000,0.0005,177.12927418693124,17891.264652167563,33797.85631608445,35131.4982770149,33792.18604261357,1.000100010001,0.0192,71.19963500000001,37.2228692869287,39.1631,2.0,85,poisson,1.1,480.9269185622105,4.0,22.796409320831298,static_pomt,64
10000,0.0018,177.27494817152729,17844.64556423307,33751.31870254952,35084.99067105691,33745.656620950285,1.0011012113324658,0.096,71.19762000000001,37.64532926218841,39.5504,2.0,85,poisson,1.1,480.9269185622105,4.0,22.796409320831298,decoupled,64
10000,0.0018,177.27494817152729,17844.64556423307,33751.31870254952,35084.99067105691,33745.656620950285,1.0011012113324658,0.096,71.19762000000001,41.83400410451497,43.662,2.0,85,poisson,1.1,480.9269185622105,4.0,22.796409320831298,joint_full,64
10000,0.0018,177.27494817152729,17844.64556423307,33751.31870254952,35084.99067105691,33745.656620950285,1.0011012113324658,0.096,71.19762000000001,41.170050956051654,42.6854,2.0,85,poisson,1.1,480.9269185622105,4.0,22.796409320831298,cliffserve,64
10000,0.0076,177.79111250307554,17680.743756209617,33587.70114225823,34921.26532945554,33582.0199580856,1.0058338362502515,0.0,71.19992600000002,35.90672993361497,37.55095,2.0,85,poisson,1.1,480.9269185622105,8.0,45.592818641662596,dense,64
10000,0.0128,178.31827572255713,17514.289654885535,33421.84944939095,34755.47491605203,33416.213518161356,1.0101010101010102,0.8128,71.18397100000001,37.21927252525252,39.003,2.0,85,poisson,1.1,480.9269185622105,8.0,45.592818641662596,static_pomt,64
10000,0.0132,178.3658849092869,17499.320988332038,33406.880782837456,34740.50624949853,33401.24485160786,1.0101010101010102,0.992,71.17544200000002,37.927052323232324,39.37494999999999,2.0,85,poisson,1.1,480.9269185622105,8.0,45.592818641662596,decoupled,64
10000,0.0146,178.5182563334305,17451.240509663825,33359.05384342152,34692.86832880895,33353.415563387454,1.0112245929821013,1.024,71.17464000000001,41.9296454646577,43.4074,2.0,85,poisson,1.1,480.9269185622105,8.0,45.592818641662596,joint_full,64
10000,0.0146,178.5182563334305,17451.240509663825,33359.05384342152,34692.86832880895,33353.415563387454,1.0112245929821013,1.024,71.17464000000001,41.287242592779855,42.6706,2.0,85,poisson,1.1,480.9269185622105,8.0,45.592818641662596,cliffserve,64
10000,0.0143,178.4051815391102,17486.527132426505,33394.36178123433,34728.20243956964,33388.69232680279,1.0116337885685383,0.0,71.19986000000002,36.208977440566514,38.122,2.0,85,poisson,1.1,480.9269185622105,12.0,68.38922796249389,dense,64
10000,0.0182,178.89500690902943,17333.285847340827,33240.9176603027,34574.812301663565,33235.2940092035,1.015125367982946,1.1584,71.17686500000002,37.41245305045173,39.253,2.0,85,poisson,1.1,480.9269185622105,12.0,68.38922796249389,static_pomt,64
10000,0.034,180.67499176537368,16782.396140729194,32690.08377925831,34023.52207398336,32684.45005921799,1.0289124395513942,2.624,71.13504600000002,37.748613026031485,39.765,2.0,85,poisson,1.1,480.9269185622105,12.0,68.38922796249389,decoupled,64
10000,0.0447,181.98202821681255,16385.843241606955,32292.849867243352,33626.19489198606,32287.21190230328,1.0399334442595674,3.488,71.11332600000003,41.78450207986689,43.752,2.0,85,poisson,1.1,480.9269185622105,12.0,68.38922796249389,joint_full,64
10000,0.0447,181.98202821681255,16385.843241606955,32292.849867243352,33626.19489198606,32287.21190230328,1.0399334442595674,3.488,71.11332600000003,41.00839777454243,42.68,2.0,85,poisson,1.1,480.9269185622105,12.0,68.38922796249389,cliffserve,64
10000,0.2224,125.7377814754172,37.91571857188683,146.32360905527048,233.98449327473628,140.70654820321974,1.0357327809425168,0.0,71.19931000000003,9.882239564992233,16.731,2.0,85,onoff,0.3,131.16188688060285,2.0,11.398204660415649,dense,64
10000,0.1029,125.72368312371442,45.775925927482604,155.19053261717596,243.15657193491916,149.54363842448038,1.0,4.7936,71.10787300000003,10.658935099999999,17.543,2.0,85,onoff,0.3,131.16188688060285,2.0,11.398204660415649,static_pomt,64
10000,0.2224,125.7377814754172,37.91571857188683,146.32360905527048,233.98449327473628,140.70654820321974,1.0357327809425168,0.0,71.19931000000003,11.861886587260488,18.547999999999995,2.0,85,onoff,0.3,131.16188688060285,2.0,11.398204660415649,decoupled,64
10000,0.2224,125.7377814754172,37.91571857188683,146.32360905527048,233.98449327473628,140.70654820321974,1.0357327809425168,0.0,71.19931000000003,12.645177213878819,20.959,2.0,85,onoff,0.3,131.16188688060285,2.0,11.398204660415649,joint_full,64
10000,0.2224,125.7377814754172,37.91571857188683,146.32360905527048,233.98449327473628,140.70654820321974,1.0357327809425168,0.0,71.19931000000003,12.020110926980838,20.528,2.0,85,onoff,0.3,131.16188688060285,2.0,11.398204660415649,cliffserve,64
10000,0.8436,125.8665715729707,11.470334500292665,81.58868515002615,143.6052753579026,75.94995482585664,1.447178002894356,0.0,71.19452600000002,8.416235745296671,13.08455,2.0,85,onoff,0.3,131.16188688060285,4.0,22.796409320831298,dense,64
10000,0.4454,125.74129663790919,28.683695263960544,141.13264997600578,220.93666489779002,135.51723399757412,1.2056908608632746,25.7024,70.708184,10.461933928140827,17.493,2.0,85,onoff,0.3,131.16188688060285,4.0,22.796409320831298,static_pomt,64
10000,0.8698,125.86717946803125,11.170223275035823,75.85570109690234,143.5394280475434,70.16809303570112,1.4692918013517484,11.904,70.90122000000001,10.6117181898325,14.81775,2.0,85,onoff,0.3,131.16188688060285,4.0,22.796409320831298,decoupled,64
10000,0.8718,125.86720339557324,11.15176187154566,75.6110838964163,143.9539510600998,69.90783222587132,1.4757969303423848,12.32,70.89094400000002,10.287494391971666,16.852,2.0,85,onoff,0.3,131.16188688060285,4.0,22.796409320831298,joint_full,64
10000,0.8718,125.86720339557324,11.15176187154566,75.6110838964163,143.9539510600998,69.90783222587132,1.4757969303423848,12.32,70.89094400000002,8.895627213695395,16.16,2.0,85,onoff,0.3,131.16188688060285,4.0,22.796409320831298,cliffserve,64
10000,1.0,125.880738803562,10.585669879783381,21.65207827225222,28.058247529561,11.257838923330194,1.6545334215751157,0.0,71.19327200000002,7.758868464592984,10.229,2.0,85,onoff,0.3,131.16188688060285,8.0,45.592818641662596,dense,64
10000,1.0,125.87220233428233,17.097473886535226,26.257778486441563,30.158466116932335,14.679165744859345,2.0916126333403056,64.0,69.970944,8.47074084919473,10.61,2.0,85,onoff,0.3,131.16188688060285,8.0,45.592818641662596,static_pomt,64
10000,1.0,125.88317025391245,10.501878255588963,20.165007674079053,24.938421791765332,10.599595654798755,1.643925694558606,17.76,70.75596000000002,10.128915337826731,12.773,2.0,85,onoff,0.3,131.16188688060285,8.0,45.592818641662596,decoupled,64
10000,1.0,125.88317025391245,10.501878255588963,20.165007674079053,24.938421791765332,10.599595654798755,1.643925694558606,17.76,70.75596000000002,9.38066184448463,14.116,2.0,85,onoff,0.3,131.16188688060285,8.0,45.592818641662596,joint_full,64
10000,1.0,125.88317025391245,10.501878255588963,20.165007674079053,24.938421791765332,10.599595654798755,1.643925694558606,17.76,70.75596000000002,7.773482492191352,11.832,2.0,85,onoff,0.3,131.16188688060285,8.0,45.592818641662596,cliffserve,64
10000,1.0,125.880738803562,10.609152988876303,21.645914261587855,28.260712045626732,11.18787947940399,1.6545334215751157,0.0,71.19327400000002,7.728256452680343,10.159,2.0,85,onoff,0.3,131.16188688060285,12.0,68.38922796249389,dense,64
10000,1.0,125.87220233428233,17.097473886535226,26.257778486441563,30.158466116932335,14.679165744859345,2.0916126333403056,64.0,69.970944,8.482398033884126,10.58,2.0,85,onoff,0.3,131.16188688060285,12.0,68.38922796249389,static_pomt,64
10000,1.0,125.88317025391245,10.501878255588963,20.165007674079053,24.938421791765332,10.599595654798755,1.643925694558606,17.76,70.75596000000002,10.107992109156665,12.764,2.0,85,onoff,0.3,131.16188688060285,12.0,68.38922796249389,decoupled,64
10000,1.0,125.88317025391245,10.501878255588963,20.165007674079053,24.938421791765332,10.599595654798755,1.643925694558606,17.76,70.75596000000002,9.4660452079566,14.2269,2.0,85,onoff,0.3,131.16188688060285,12.0,68.38922796249389,joint_full,64
10000,1.0,125.88317025391245,10.501878255588963,20.165007674079053,24.938421791765332,10.599595654798755,1.643925694558606,17.76,70.75596000000002,7.785725135623871,11.852,2.0,85,onoff,0.3,131.16188688060285,12.0,68.38922796249389,cliffserve,64
10000,0.0015,176.6401868601418,7667.266824302007,14465.678222736642,14919.13417704247,14460.007949265762,1.000100010001,0.0,71.19999800000002,35.86989398939894,37.851,2.0,85,onoff,0.6,262.3237737612057,2.0,11.398204660415649,dense,64
10000,0.0011,176.6168977505266,7674.712230849591,14473.182603621806,14926.58946688893,14467.475437116947,1.0,0.0576,71.19889300000001,36.877949199999996,38.83205,2.0,85,onoff,0.6,262.3237737612057,2.0,11.398204660415649,static_pomt,64
10000,0.0015,176.6401868601418,7667.266824302007,14465.678222736642,14919.13417704247,14460.007949265762,1.000100010001,0.0,71.19999800000002,37.35744214421442,39.194,2.0,85,onoff,0.6,262.3237737612057,2.0,11.398204660415649,decoupled,64
10000,0.0015,176.6401868601418,7667.266824302007,14465.678222736642,14919.13417704247,14460.007949265762,1.000100010001,0.0,71.19999800000002,41.710506050605055,43.502,2.0,85,onoff,0.6,262.3237737612057,2.0,11.398204660415649,joint_full,64
10000,0.0015,176.6401868601418,7667.266824302007,14465.678222736642,14919.13417704247,14460.007949265762,1.000100010001,0.0,71.19999800000002,40.9593705370537,42.662000000000006,2.0,85,onoff,0.6,262.3237737612057,2.0,11.398204660415649,cliffserve,64
10000,0.0049,176.90023173584459,7583.865927752782,14382.257587870881,14835.671873752102,14376.629420050904,1.0022048506714774,0.0,71.19996400000001,35.592146422128685,37.54,2.0,85,onoff,0.6,262.3237737612057,4.0,22.796409320831298,dense,64
10000,0.002,176.64496730439186,7665.679446149197,14464.034522867527,14917.467173764731,14458.40005550417,1.0005002501250626,0.1216,71.19766700000001,36.89635947973987,38.743,2.0,85,onoff,0.6,262.3237737612057,4.0,22.796409320831298,static_pomt,64
10000,0.0048,176.8925627582012,7586.290072497655,14384.70713601999,14838.085508333668,14379.025204619691,1.002104419280489,0.128,71.19681400000002,37.44334662791862,39.40500000000001,2.0,85,onoff,0.6,262.3237737612057,4.0,22.796409320831298,decoupled,64
10000,0.0048,176.8925627582012,7586.290072497655,14384.70713601999,14838.085508333668,14379.025204619691,1.002104419280489,0.128,71.19681400000002,41.51004840164345,43.251,2.0,85,onoff,0.6,262.3237737612057,4.0,22.796409320831298,joint_full,64
10000,0.0048,176.8925627582012,7586.290072497655,14384.70713601999,14838.085508333668,14379.025204619691,1.002104419280489,0.128,71.19681400000002,40.90283104519491,42.58200000000001,2.0,85,onoff,0.6,262.3237737612057,4.0,22.796409320831298,cliffserve,64
10000,0.0106,177.4095894677381,7421.57434373789,14220.468654140755,14673.398495956882,14214.81807635717,1.006947940791461,0.0,71.19990800000004,35.72757869298157,37.791,2.0,85,onoff,0.6,262.3237737612057,8.0,45.592818641662596,dense,64
10000,0.0112,177.44809704218056,7409.399376798001,14208.559739446964,14661.200528314139,14202.923963380184,1.0075566750629723,0.6912,71.18640400000002,36.87272221662468,38.642,2.0,85,onoff,0.6,262.3237737612057,8.0,45.592818641662596,static_pomt,64
10000,0.0178,178.03679861722028,7223.27201562275,14021.941675976406,14475.211695552656,14016.263808873782,1.012555690562981,1.12,71.17225800000003,37.44768641150263,39.36325,2.0,85,onoff,0.6,262.3237737612057,8.0,45.592818641662596,decoupled,64
10000,0.0343,179.61254587600294,6730.211623393694,13528.55050311743,13981.732795752572,13522.870536763061,1.026272577996716,2.304,71.14294600000002,41.235728756157634,43.251,2.0,85,onoff,0.6,262.3237737612057,8.0,45.592818641662596,joint_full,64
10000,0.0343,179.61254587600294,6730.211623393694,13528.55050311743,13981.732795752572,13522.870536763061,1.026272577996716,2.304,71.14294600000002,40.74695453612479,42.56,2.0,85,onoff,0.6,262.3237737612057,8.0,45.592818641662596,cliffserve,64
10000,0.0227,178.42897353681062,7099.905335850466,13898.1971792971,14351.793868690322,13892.618768266331,1.017087062652563,0.0,71.19979000000001,35.910566720911305,37.65,2.0,85,onoff,0.6,262.3237737612057,12.0,68.38922796249389,dense,64
10000,0.0464,180.85994266514717,6346.246522888616,13145.130961594059,13598.248538490905,13139.467075285389,1.0388531061707875,2.9632,71.14063100000003,36.861308227716606,38.753,2.0,85,onoff,0.6,262.3237737612057,12.0,68.38922796249389,static_pomt,64
10000,0.0468,180.91318687826413,6330.215384862147,13129.056712934687,13582.243094033613,13123.380739900782,1.0371292263015972,3.232,71.11992400000003,37.451670192906036,39.554,2.0,85,onoff,0.6,262.3237737612057,12.0,68.38922796249389,decoupled,64
10000,0.0526,181.62651983011529,6112.844677827083,12911.440815875247,13364.749844564809,12905.786947176173,1.0432968179447053,3.744,71.10711400000001,41.21444214919145,43.20899999999999,2.0,85,onoff,0.6,262.3237737612057,12.0,68.38922796249389,joint_full,64
10000,0.0526,181.62651983011529,6112.844677827083,12911.440815875247,13364.749844564809,12905.786947176173,1.0432968179447053,3.744,71.10711400000001,40.47500438184664,41.849,2.0,85,onoff,0.6,262.3237737612057,12.0,68.38922796249389,cliffserve,64
10000,0.006,175.69429461916224,12074.00994896998,24522.53187655288,25522.817465343065,24516.87325738746,1.000300090027008,0.0,71.19999400000002,35.26224497349205,37.56279999999999,2.0,85,onoff,0.8,349.76503168160764,2.0,11.398204660415649,dense,64
10000,0.0039,175.6813100718407,12078.225244761607,24526.87439500171,25526.973005833213,24521.167228496848,1.0,0.1792,71.19655600000003,36.365808400000006,38.943,2.0,85,onoff,0.8,349.76503168160764,2.0,11.398204660415649,static_pomt,64
10000,0.006,175.69429461916224,12074.00994896998,24522.53187655288,25522.817465343065,24516.87325738746,1.000300090027008,0.0,71.19999400000002,36.96863008902671,39.3332,2.0,85,onoff,0.8,349.76503168160764,2.0,11.398204660415649,decoupled,64
10000,0.006,175.69429461916224,12074.00994896998,24522.53187655288,25522.817465343065,24516.87325738746,1.000300090027008,0.0,71.19999400000002,40.955850055016505,43.6112,2.0,85,onoff,0.8,349.76503168160764,2.0,11.398204660415649,joint_full,64
10000,0.006,175.69429461916224,12074.00994896998,24522.53187655288,25522.817465343065,24516.87325738746,1.000300090027008,0.0,71.19999400000002,40.27089906972091,42.78,2.0,85,onoff,0.8,349.76503168160764,2.0,11.398204660415649,cliffserve,64
10000,0.0129,175.77530596833472,12047.629565716883,24496.274341619788,25496.54208815844,24490.605796087562,1.003814495081309,0.0,71.19994000000001,35.20684139730977,37.60095,2.0,85,onoff,0.8,349.76503168160764,4.0,22.796409320831298,dense,64
10000,0.0087,175.68647047681594,12076.418012143275,24524.908018577873,25525.12750547845,24519.2256761201,1.002004008016032,0.4992,71.19043800000001,36.39504979959919,38.984449999999995,2.0,85,onoff,0.8,349.76503168160764,4.0,22.796409320831298,static_pomt,64
10000,0.0134,175.7785494653761,12046.541902543207,24495.407993186294,25495.551925371,24489.760154617605,1.004217714400482,0.32,71.19205600000002,36.938398473589075,39.3955,2.0,85,onoff,0.8,349.76503168160764,4.0,22.796409320831298,decoupled,64
10000,0.0135,175.7784857907576,12046.471038581034,24495.417433131515,25495.705299105233,24489.77777248698,1.004419445560466,0.352,71.19126600000001,40.87002470871836,43.341,2.0,85,onoff,0.8,349.76503168160764,4.0,22.796409320831298,joint_full,64
10000,0.0135,175.7784857907576,12046.471038581034,24495.417433131515,25495.705299105233,24489.77777248698,1.004419445560466,0.352,71.19126600000001,40.35185626757734,42.5025,2.0,85,onoff,0.8,349.76503168160764,4.0,22.796409320831298,cliffserve,64
10000,0.0298,176.2672255490897,11888.524016584915,24337.93363104029,25337.730216315234,24332.28787579699,1.015744032503809,0.0,71.19978600000002,35.07942610462164,37.24799999999999,2.0,85,onoff,0.8,349.76503168160764,8.0,45.592818641662596,dense,64
10000,0.0332,176.32401847168424,11869.797777380509,24319.426692868903,25319.320965903247,24313.791099335387,1.0199918400652794,2.0864,71.15905800000003,36.69566013871889,39.074,2.0,85,onoff,0.8,349.76503168160764,8.0,45.592818641662596,static_pomt,64
10000,0.0352,176.3557901856882,11859.551935877365,24309.159086777407,25309.04759919926,24303.51872339411,1.0198878123406425,1.728,71.15719200000001,37.320877103518605,39.71199999999999,2.0,85,onoff,0.8,349.76503168160764,8.0,45.592818641662596,decoupled,64
10000,0.0354,176.38491233624686,11850.231633152527,24299.7480781333,25299.676981494868,24294.106479574875,1.0201999591920017,1.728,71.15719000000001,41.22236421138543,43.662,2.0,85,onoff,0.8,349.76503168160764,8.0,45.592818641662596,joint_full,64
10000,0.0354,176.38491233624686,11850.231633152527,24299.7480781333,25299.676981494868,24294.106479574875,1.0201999591920017,1.728,71.15719000000001,40.56776127320955,42.95954999999999,2.0,85,onoff,0.8,349.76503168160764,8.0,45.592818641662596,cliffserve,64
10000,0.0391,176.39719636562205,11845.955856766266,24295.495095278457,25295.303869164432,24289.838626600937,1.0228086325048584,0.0,71.199712,35.85283727114657,38.652,2.0,85,onoff,0.8,349.76503168160764,12.0,68.38922796249389,dense,64
10000,0.042,176.50462918458265,11811.631855930847,24261.181696130472,25261.09314341828,24255.532748748497,1.0270103728047653,2.6816,71.14691900000001,36.80386063469241,39.303,2.0,85,onoff,0.8,349.76503168160764,12.0,68.38922796249389,static_pomt,64
10000,0.0429,176.59784075431276,11781.604736771149,24231.150753523543,25231.16497703358,24225.470787169175,1.026272577996716,2.24,71.14437800000003,37.52242467159277,39.975,2.0,85,onoff,0.8,349.76503168160764,12.0,68.38922796249389,decoupled,64
10000,0.0453,176.85782542903704,11698.51988979773,24148.232758571343,25148.2166311483,24142.59663703604,1.0285949393128986,2.4,71.14031800000002,41.30692594116437,43.50054999999999,2.0,85,onoff,0.8,349.76503168160764,12.0,68.38922796249389,joint_full,64
10000,0.0453,176.85782542903704,11698.51988979773,24148.232758571343,25148.2166311483,24142.59663703604,1.0285949393128986,2.4,71.14031800000002,40.76081567578688,43.201,2.0,85,onoff,0.8,349.76503168160764,12.0,68.38922796249389,cliffserve,64
10000,0.002,176.7536603371127,16656.845403196556,29752.68197916768,31129.069256868916,29747.027396953326,1.000300090027008,0.0,71.19999400000002,36.09744363308993,38.102,2.0,85,onoff,0.95,415.345975121909,2.0,11.398204660415649,dense,64
10000,0.0013,176.74051234298702,16661.062747003776,29756.832057631236,31133.25905756052,29751.210523355225,1.0,0.0576,71.19889300000001,37.1903576,39.194449999999996,2.0,85,onoff,0.95,415.345975121909,2.0,11.398204660415649,static_pomt,64
10000,0.002,176.7536603371127,16656.845403196556,29752.68197916768,31129.069256868916,29747.027396953326,1.000300090027008,0.0,71.19999400000002,37.59386205861758,39.554,2.0,85,onoff,0.95,415.345975121909,2.0,11.398204660415649,decoupled,64
10000,0.002,176.7536603371127,16656.845403196556,29752.68197916768,31129.069256868916,29747.027396953326,1.000300090027008,0.0,71.19999400000002,41.73780414124238,44.1401999999999,2.0,85,onoff,0.95,415.345975121909,2.0,11.398204660415649,joint_full,64
10000,0.002,176.7536603371127,16656.845403196556,29752.68197916768,31129.069256868916,29747.027396953326,1.000300090027008,0.0,71.19999400000002,41.12901200360108,42.49199999999999,2.0,85,onoff,0.95,415.345975121909,2.0,11.398204660415649,cliffserve,64
10000,0.0034,176.86979443812325,16619.55244350646,29715.461827147225,31091.874910140592,29709.826911747674,1.001401962747847,0.0,71.19997800000003,36.14732515521731,38.08175,2.0,85,onoff,0.95,415.345975121909,4.0,22.796409320831298,dense,64
10000,0.0026,176.78125942481373,16647.866916067112,29743.84490496396,31120.129292183246,29738.195440785876,1.0009008107296566,0.16,71.19694500000001,37.28807596837154,39.224,2.0,85,onoff,0.95,415.345975121909,4.0,22.796409320831298,static_pomt,64
10000,0.0035,176.87412570241557,16618.16793155883,29714.077315199593,31090.49039819296,29708.442399800042,1.001401962747847,0.096,71.19761400000002,37.84085830162227,39.684,2.0,85,onoff,0.95,415.345975121909,4.0,22.796409320831298,decoupled,64
10000,0.0035,176.87412570241557,16618.16793155883,29714.077315199593,31090.49039819296,29708.442399800042,1.001401962747847,0.096,71.19761400000002,41.945794211896654,44.012,2.0,85,onoff,0.95,415.345975121909,4.0,22.796409320831298,joint_full,64
10000,0.0035,176.87412570241557,16618.16793155883,29714.077315199593,31090.49039819296,29708.442399800042,1.001401962747847,0.096,71.19761400000002,41.27854376126577,43.6245,2.0,85,onoff,0.95,415.345975121909,4.0,22.796409320831298,cliffserve,64
10000,0.0054,177.0517598735367,16561.40649152015,29657.466996515017,31033.59689823683,29651.812475025872,1.0031096398836392,0.0,71.19995800000004,36.129793860969,38.112,2.0,85,onoff,0.95,415.345975121909,8.0,45.592818641662596,dense,64
10000,0.0063,177.17035158081399,16523.61840332221,29619.956650488366,30995.86537178549,29614.39285055875,1.0041168792047395,0.4032,71.19208300000003,37.2058313083643,39.103100000000005,2.0,85,onoff,0.95,415.345975121909,8.0,45.592818641662596,static_pomt,64
10000,0.0064,177.19212542514884,16516.722537758094,29613.003746712428,30988.936015596944,29607.387137043694,1.0040160642570282,0.352,71.19128000000003,37.68988895582329,39.614,2.0,85,onoff,0.95,415.345975121909,8.0,45.592818641662596,decoupled,64
10000,0.0066,177.21993140206706,16507.806088688118,29604.25418380521,30980.089713321286,29598.615246141177,1.004217714400482,0.352,71.19127800000003,41.63134042980517,43.393499999999996,2.0,85,onoff,0.95,415.345975121909,8.0,45.592818641662596,joint_full,64
10000,0.0066,177.21993140206706,16507.806088688118,29604.25418380521,30980.089713321286,29598.615246141177,1.004217714400482,0.352,71.19127800000003,41.20911227154047,43.121,2.0,85,onoff,0.95,415.345975121909,8.0,45.592818641662596,cliffserve,64
10000,0.0069,177.18633660065788,16518.413274290306,29614.930809414607,30990.764905129032,29609.271233427742,1.004419445560466,0.0,71.19994400000002,36.241333567697865,38.092,2.0,85,onoff,0.95,415.345975121909,12.0,68.38922796249389,dense,64
10000,0.0116,177.73027973262555,16345.427312738408,29442.162319366922,30818.532063689556,29436.491916291703,1.008979921299566,0.736,71.185235,37.193109978811414,39.1535,2.0,85,onoff,0.95,415.345975121909,12.0,68.38922796249389,static_pomt,64
10000,0.0126,177.87643996264248,16299.143946411354,29395.671732127885,30772.202678976613,29390.003602493027,1.0095911155981827,0.832,71.17935000000003,37.735813932357395,39.654,2.0,85,onoff,0.95,415.345975121909,12.0,68.38922796249389,decoupled,64
10000,0.0135,177.97957239172598,16266.597870352012,29363.12863906644,30739.862795382098,29357.48625487111,1.0105092966855296,0.896,71.17767000000002,41.4365476960388,44.10525,2.0,85,onoff,0.95,415.345975121909,12.0,68.38922796249389,joint_full,64
10000,0.0135,177.97957239172598,16266.597870352012,29363.12863906644,30739.862795382098,29357.48625487111,1.0105092966855296,0.896,71.17767000000002,41.328641673403396,44.466499999999996,2.0,85,onoff,0.95,415.345975121909,12.0,68.38922796249389,cliffserve,64
10000,0.0021,176.8022899045922,17002.435581781552,33232.47755126048,34417.256564522126,33226.90139268924,1.0004001600640255,0.0,71.19999200000001,35.84337965186074,37.901,2.0,85,onoff,1.1,480.9269185622105,2.0,11.398204660415649,dense,64
10000,0.0015,176.7775248974929,17010.373216032036,33240.55923479781,34425.16938564033,33234.852068292945,1.0,0.0576,71.19889300000001,37.0711288,38.833,2.0,85,onoff,1.1,480.9269185622105,2.0,11.398204660415649,static_pomt,64
10000,0.0021,176.8022899045922,17002.435581781552,33232.47755126048,34417.256564522126,33226.90139268924,1.0004001600640255,0.0,71.19999200000001,37.63906602641056,39.584,2.0,85,onoff,1.1,480.9269185622105,2.0,11.398204660415649,decoupled,64
10000,0.0021,176.8022899045922,17002.435581781552,33232.47755126048,34417.256564522126,33226.90139268924,1.0004001600640255,0.0,71.19999200000001,41.88755882352942,43.994749999999996,2.0,85,onoff,1.1,480.9269185622105,2.0,11.398204660415649,joint_full,64
10000,0.0021,176.8022899045922,17002.435581781552,33232.47755126048,34417.256564522126,33226.90139268924,1.0004001600640255,0.0,71.19999200000001,41.15111434573829,42.51925,2.0,85,onoff,1.1,480.9269185622105,2.0,11.398204660415649,cliffserve,64
10000,0.0034,176.8841036177983,16976.127565958188,33206.18853169966,34390.91524075065,33200.50993668128,1.001201441730076,0.0,71.19998000000002,36.093542150580696,38.152,2.0,85,onoff,1.1,480.9269185622105,4.0,22.796409320831298,dense,64
10000,0.0025,176.78073728596038,17009.28483164216,33239.38030649409,34424.16931276053,33233.74583913073,1.0005002501250626,0.1408,71.19731400000002,37.32690675337669,39.346999999999994,2.0,85,onoff,1.1,480.9269185622105,4.0,22.796409320831298,static_pomt,64
10000,0.0035,176.90102587939816,16970.791613914655,33200.79854475547,34385.563563776355,33195.16508547355,1.0013016921998599,0.064,71.19840200000003,37.79840863122059,39.885,2.0,85,onoff,1.1,480.9269185622105,4.0,22.796409320831298,decoupled,64
10000,0.0035,176.90102587939816,16970.791613914655,33200.79854475547,34385.563563776355,33195.16508547355,1.0013016921998599,0.064,71.19840200000003,41.84444778211675,43.92999999999999,2.0,85,onoff,1.1,480.9269185622105,4.0,22.796409320831298,joint_full,64
10000,0.0035,176.90102587939816,16970.791613914655,33200.79854475547,34385.563563776355,33195.16508547355,1.0013016921998599,0.064,71.19840200000003,41.03434825272854,42.84729999999999,2.0,85,onoff,1.1,480.9269185622105,4.0,22.796409320831298,cliffserve,64
10000,0.0052,177.0458063541712,16924.604492761777,33154.61463116694,34339.21868782554,33148.93937667895,1.002707309736288,0.0,71.19996200000001,36.10310408101874,38.7124,2.0,85,onoff,1.1,480.9269185622105,8.0,45.592818641662596,dense,64
10000,0.0055,177.10035379410536,16907.226239799507,33137.232427537296,34321.87385583133,33131.61406606421,1.0033109260559847,0.352,71.19308300000003,37.25235727902077,39.815,2.0,85,onoff,1.1,480.9269185622105,8.0,45.592818641662596,static_pomt,64
10000,0.0078,177.32438109324303,16836.073531963513,33066.08240753699,34250.682695374824,33060.44574972678,1.0047221943132725,0.352,71.19126800000002,37.81514608660705,40.095,2.0,85,onoff,1.1,480.9269185622105,8.0,45.592818641662596,decoupled,64
10000,0.0083,177.4068732026875,16809.770491459058,33039.954438772686,34224.464535589555,33034.26535414744,1.0054293183189222,0.448,71.18889800000002,41.65723235471547,43.762,2.0,85,onoff,1.1,480.9269185622105,8.0,45.592818641662596,joint_full,64
10000,0.0083,177.4068732026875,16809.770491459058,33039.954438772686,34224.464535589555,33034.26535414744,1.0054293183189222,0.448,71.18889800000002,41.145449024733566,43.091,2.0,85,onoff,1.1,480.9269185622105,8.0,45.592818641662596,cliffserve,64
10000,0.0116,177.57301103993655,16757.072652643496,32987.70992782748,34172.133753439404,32982.05022705234,1.007759750075582,0.0,71.19990000000003,35.950609089992945,37.941,2.0,85,onoff,1.1,480.9269185622105,12.0,68.38922796249389,dense,64
10000,0.0131,177.6404994249118,16735.688208755222,32966.17141372876,34150.78164624395,32960.49862494187,1.0092854259184498,0.832,71.18343800000001,37.07002836092046,39.113,2.0,85,onoff,1.1,480.9269185622105,12.0,68.38922796249389,static_pomt,64
10000,0.0158,177.76008796976438,16697.529435699755,32928.20829525626,34113.081749273755,32922.63306947387,1.0107135637760258,0.864,71.17849600000002,37.64533100869214,39.62435,2.0,85,onoff,1.1,480.9269185622105,12.0,68.38922796249389,decoupled,64
10000,0.0159,177.7825754112771,16690.504808967882,32921.201773530614,34105.97073239468,32915.54402158893,1.0111223458038423,0.896,71.17765800000004,41.727930030333674,43.762,2.0,85,onoff,1.1,480.9269185622105,12.0,68.38922796249389,joint_full,64
10000,0.0159,177.7825754112771,16690.504808967882,32921.201773530614,34105.97073239468,32915.54402158893,1.0111223458038423,0.896,71.17765800000004,40.890246814964605,42.464949999999995,2.0,85,onoff,1.1,480.9269185622105,12.0,68.38922796249389,cliffserve,64
10000,0.6637,131.44741851071115,9.39540160028264,29.282117764916972,51.88128721910523,23.66451143657385,1.0938525486764383,0.0,71.19828400000002,7.2138267337562905,8.766,2.0,86,poisson,0.3,131.16188688060285,2.0,11.398204660415649,dense,64
10000,0.3066,131.44020061851657,15.247153014479409,36.34861895217914,57.12467013363494,30.709674511433686,1.0,11.2704,70.98339700000002,7.653152499999999,9.377,2.0,86,poisson,0.3,131.16188688060285,2.0,11.398204660415649,static_pomt,64
10000,0.6637,131.44741851071115,9.39540160028264,29.282117764916972,51.88128721910523,23.66451143657385,1.0938525486764383,0.0,71.19828400000002,9.309632246773134,10.810949999999998,2.0,86,poisson,0.3,131.16188688060285,2.0,11.398204660415649,decoupled,64
10000,0.6637,131.44741851071115,9.39540160028264,29.282117764916972,51.88128721910523,23.66451143657385,1.0938525486764383,0.0,71.19828400000002,8.552794574491356,11.671949999999999,2.0,86,poisson,0.3,131.16188688060285,2.0,11.398204660415649,joint_full,64
10000,0.6637,131.44741851071115,9.39540160028264,29.282117764916972,51.88128721910523,23.66451143657385,1.0938525486764383,0.0,71.19828400000002,7.785682017064098,10.981,2.0,86,poisson,0.3,131.16188688060285,2.0,11.398204660415649,cliffserve,64
10000,0.9997,131.44760047410037,7.9079867614800605,14.509640966406002,18.16939785667466,6.808609222370976,1.2851818532322323,0.0,71.19576200000002,7.229240200488368,8.647,2.0,86,poisson,0.3,131.16188688060285,4.0,22.796409320831298,dense,64
10000,0.911,131.44188704961536,16.168817580578434,27.63933832129404,42.4910967637296,22.019368567888876,1.4182385477237271,54.624,70.15763900000002,7.988303786696922,10.41,2.0,86,poisson,0.3,131.16188688060285,4.0,22.796409320831298,static_pomt,64
10000,0.9997,131.44760047410037,7.901247978210449,14.341103476012988,17.745996533518667,6.771827354077322,1.2851818532322323,3.136,71.11853400000001,9.561484385040483,11.201,2.0,86,poisson,0.3,131.16188688060285,4.0,22.796409320831298,decoupled,64
10000,0.9997,131.44760047410037,7.901295900344849,14.341103476012988,17.74572086151729,6.747272324004179,1.2851818532322323,3.168,71.11774800000002,8.478328620999871,11.151,2.0,86,poisson,0.3,131.16188688060285,4.0,22.796409320831298,joint_full,64
10000,0.9997,131.44760047410037,7.901295900344849,14.341103476012988,17.74572086151729,6.747272324004179,1.2851818532322323,3.168,71.11774800000002,6.978922889088806,9.017,2.0,86,poisson,0.3,131.16188688060285,4.0,22.796409320831298,cliffserve,64
10000,1.0,131.4474547268693,7.907072067260742,14.46865945724694,18.02940579224769,6.755318027483005,1.2863390789812195,0.0,71.19575600000003,7.187678672498071,8.646,2.0,86,poisson,0.3,131.16188688060285,8.0,45.592818641662596,dense,64
10000,1.0,131.44188682718124,15.360707162924882,22.93083256908485,26.93216287707972,12.524855732248215,1.585791309863622,64.0,69.978424,7.918412305740564,10.469,2.0,86,poisson,0.3,131.16188688060285,8.0,45.592818641662596,static_pomt,64
10000,1.0,131.44760047410037,7.9033918380737305,14.272456191387025,17.614047884846244,6.70799614030684,1.2851818532322323,3.328,71.11381800000002,9.552755558411516,11.161,2.0,86,poisson,0.3,131.16188688060285,8.0,45.592818641662596,decoupled,64
10000,1.0,131.44760047410037,7.9033918380737305,14.272456191387025,17.614047884846244,6.70799614030684,1.2851818532322323,3.328,71.11381800000002,8.509440688857474,11.151,2.0,86,poisson,0.3,131.16188688060285,8.0,45.592818641662596,joint_full,64
10000,1.0,131.44760047410037,7.9033918380737305,14.272456191387025,17.614047884846244,6.70799614030684,1.2851818532322323,3.328,71.11381800000002,6.96666174013623,9.026,2.0,86,poisson,0.3,131.16188688060285,8.0,45.592818641662596,cliffserve,64
10000,1.0,131.4474547268693,7.907072067260742,14.46865945724694,18.02940579224769,6.755318027483005,1.2863390789812195,0.0,71.19575600000003,7.231830717777206,8.626,2.0,86,poisson,0.3,131.16188688060285,12.0,68.38922796249389,dense,64
10000,1.0,131.44188682718124,15.360707162924882,22.93083256908485,26.93216287707972,12.524855732248215,1.585791309863622,64.0,69.978424,7.899662860767524,10.47675,2.0,86,poisson,0.3,131.16188688060285,12.0,68.38922796249389,static_pomt,64
10000,1.0,131.44760047410037,7.9033918380737305,14.272456191387025,17.614047884846244,6.70799614030684,1.2851818532322323,3.328,71.11381800000002,9.548124662639763,11.221,2.0,86,poisson,0.3,131.16188688060285,12.0,68.38922796249389,decoupled,64
10000,1.0,131.44760047410037,7.9033918380737305,14.272456191387025,17.614047884846244,6.70799614030684,1.2851818532322323,3.328,71.11381800000002,8.44577959131217,11.131,2.0,86,poisson,0.3,131.16188688060285,12.0,68.38922796249389,joint_full,64
10000,1.0,131.44760047410037,7.9033918380737305,14.272456191387025,17.614047884846244,6.70799614030684,1.2851818532322323,3.328,71.11381800000002,7.015365891273615,9.037,2.0,86,poisson,0.3,131.16188688060285,12.0,68.38922796249389,cliffserve,64
10000,0.0003,177.18061849162387,9115.584627269222,17538.98503039474,18321.34617051588,17533.353289514725,1.000100010001,0.0,71.19999800000002,35.65166836683668,37.761,2.0,86,poisson,0.6,262.3237737612057,2.0,11.398204660415649,dense,64
10000,0.0001,177.15384589056814,9124.06577908845,17547.54085436458,18329.943760113583,17541.884550315088,1.0,0.0064,71.19987700000003,36.8438946,38.92444999999999,2.0,86,poisson,0.6,262.3237737612057,2.0,11.398204660415649,static_pomt,64
10000,0.0003,177.18061849162387,9115.584627269222,17538.98503039474,18321.34617051588,17533.353289514725,1.000100010001,0.0,71.19999800000002,37.39659785978598,39.544,2.0,86,poisson,0.6,262.3237737612057,2.0,11.398204660415649,decoupled,64
10000,0.0003,177.18061849162387,9115.584627269222,17538.98503039474,18321.34617051588,17533.353289514725,1.000100010001,0.0,71.19999800000002,41.59439723972397,43.5611,2.0,86,poisson,0.6,262.3237737612057,2.0,11.398204660415649,joint_full,64
10000,0.0003,177.18061849162387,9115.584627269222,17538.98503039474,18321.34617051588,17533.353289514725,1.000100010001,0.0,71.19999800000002,40.82259165916592,42.47,2.0,86,poisson,0.6,262.3237737612057,2.0,11.398204660415649,cliffserve,64
10000,0.0033,177.3609665496905,9058.024529405942,17481.130322317225,18263.972432871873,17475.490167097192,1.0017028949213662,0.0,71.19997000000002,35.80163457878394,37.571,2.0,86,poisson,0.6,262.3237737612057,4.0,22.796409320831298,dense,64
10000,0.0007,177.17215233740467,9118.317939399196,17541.694185644334,18324.05434492575,17536.05860961074,1.0002000400080016,0.0256,71.19951600000002,36.78077425485097,39.275499999999994,2.0,86,poisson,0.6,262.3237737612057,4.0,22.796409320831298,static_pomt,64
10000,0.0033,177.3624382427069,9057.55668921124,17480.662482122523,18263.50459267717,17475.02232690249,1.0017028949213662,0.064,71.19839400000002,37.41283682259842,39.644,2.0,86,poisson,0.6,262.3237737612057,4.0,22.796409320831298,decoupled,64
10000,0.0033,177.3624382427069,9057.55668921124,17480.662482122523,18263.50459267717,17475.02232690249,1.0017028949213662,0.064,71.19839400000002,41.61336482019433,44.1111,2.0,86,poisson,0.6,262.3237737612057,4.0,22.796409320831298,joint_full,64
10000,0.0033,177.3624382427069,9057.55668921124,17480.662482122523,18263.50459267717,17475.02232690249,1.0017028949213662,0.064,71.19839400000002,40.98642261845137,42.68,2.0,86,poisson,0.6,262.3237737612057,4.0,22.796409320831298,cliffserve,64
10000,0.2198,190.18512480801022,5258.010915884297,13680.306951944383,14462.775987940504,13674.65606376365,1.1300711944852526,0.0,71.19816400000002,32.37262052209289,36.6586,2.0,86,poisson,0.6,262.3237737612057,8.0,45.592818641662596,dense,64
10000,0.2186,190.0502088580256,5293.947545982257,13716.420658477433,14498.777277379593,13710.777556189187,1.163602513381429,13.9712,70.93055500000003,34.35327623923668,38.796499999999995,2.0,86,poisson,0.6,262.3237737612057,8.0,45.592818641662596,static_pomt,64
10000,1.0,262.84076420230457,12.794466346659874,23.921333405758375,30.38390290199037,12.569749480939299,2.107481559536354,32.192,70.39886800000002,10.688064278187566,12.804,2.0,86,poisson,0.6,262.3237737612057,8.0,45.592818641662596,decoupled,64
10000,1.0,262.84076420230457,12.789583451074577,23.83407454512562,29.933177920122105,12.452666321602283,2.107481559536354,32.192,70.39887000000002,10.582814330874605,14.316,2.0,86,poisson,0.6,262.3237737612057,8.0,45.592818641662596,joint_full,64
10000,1.0,262.84076420230457,12.789583451074577,23.83407454512562,29.933177920122105,12.452666321602283,2.107481559536354,32.192,70.39887000000002,8.622217281348789,11.923,2.0,86,poisson,0.6,262.3237737612057,8.0,45.592818641662596,cliffserve,64
10000,1.0,262.83407382588376,13.53731484800619,28.571047913662817,39.81330434584072,14.351725905066624,2.177700348432056,0.0,71.19153200000002,8.281439459930315,10.259,2.0,86,poisson,0.6,262.3237737612057,12.0,68.38922796249389,dense,64
10000,1.0,262.7447673385277,18.9233300664755,28.63811359010357,35.350345254615426,16.36423784703213,2.8977108084613157,64.0,69.963924,9.435508548246885,10.7955,2.0,86,poisson,0.6,262.3237737612057,12.0,68.38922796249389,static_pomt,64
10000,1.0,262.84076420230457,12.789583451074577,23.83407454512562,29.933177920122105,12.452666321602283,2.107481559536354,32.192,70.39887000000002,10.747920969441516,12.864,2.0,86,poisson,0.6,262.3237737612057,12.0,68.38922796249389,decoupled,64
10000,1.0,262.84076420230457,12.789583451074577,23.83407454512562,29.933177920122105,12.452666321602283,2.107481559536354,32.192,70.39887000000002,10.555795152792413,14.347,2.0,86,poisson,0.6,262.3237737612057,12.0,68.38922796249389,joint_full,64
10000,1.0,262.84076420230457,12.789583451074577,23.83407454512562,29.933177920122105,12.452666321602283,2.107481559536354,32.192,70.39887000000002,8.695519072708112,11.993,2.0,86,poisson,0.6,262.3237737612057,12.0,68.38922796249389,cliffserve,64
10000,0.0003,177.18061849162387,13891.477934627603,26558.87947243409,27708.40577492871,26553.24707874017,1.000100010001,0.0,71.19999800000002,35.903293229322934,37.871,2.0,86,poisson,0.8,349.76503168160764,2.0,11.398204660415649,dense,64
10000,0.0001,177.15384589056814,13899.959086446832,26567.435296403935,27716.975550567287,26561.77899235444,1.0,0.0064,71.19987700000003,37.232614999999996,39.133,2.0,86,poisson,0.8,349.76503168160764,2.0,11.398204660415649,static_pomt,64
10000,0.0003,177.18061849162387,13891.477934627603,26558.87947243409,27708.40577492871,26553.24707874017,1.000100010001,0.0,71.19999800000002,37.87432573257326,39.786,2.0,86,poisson,0.8,349.76503168160764,2.0,11.398204660415649,decoupled,64
10000,0.0003,177.18061849162387,13891.477934627603,26558.87947243409,27708.40577492871,26553.24707874017,1.000100010001,0.0,71.19999800000002,41.92675637563756,45.176100000000005,2.0,86,poisson,0.8,349.76503168160764,2.0,11.398204660415649,joint_full,64
10000,0.0003,177.18061849162387,13891.477934627603,26558.87947243409,27708.40577492871,26553.24707874017,1.000100010001,0.0,71.19999800000002,41.22079767976798,43.08300000000001,2.0,86,poisson,0.8,349.76503168160764,2.0,11.398204660415649,cliffserve,64
10000,0.001,177.24236822808254,13871.782094984124,26539.079634534886,27688.695283023495,26533.372764122058,1.0006003602161297,0.0,71.19999000000001,36.219176806083645,38.332,2.0,86,poisson,0.8,349.76503168160764,4.0,22.796409320831298,dense,64
10000,0.001,177.24154310268574,13872.048894672464,26539.293595802355,27689.039839083332,26533.64821165757,1.0007004903432404,0.064,71.19876600000002,37.45234774342039,39.434,2.0,86,poisson,0.8,349.76503168160764,4.0,22.796409320831298,static_pomt,64
10000,0.001,177.2442008662459,13871.198734312127,26538.49627386289,27688.111922351498,26532.78940345006,1.0006003602161297,0.032,71.19920200000003,37.97459745847508,40.045,2.0,86,poisson,0.8,349.76503168160764,4.0,22.796409320831298,decoupled,64
10000,0.001,177.2442008662459,13871.198734312127,26538.49627386289,27688.111922351498,26532.78940345006,1.0006003602161297,0.032,71.19920200000003,41.94614038423054,45.69915,2.0,86,poisson,0.8,349.76503168160764,4.0,22.796409320831298,joint_full,64
10000,0.001,177.2442008662459,13871.198734312127,26538.49627386289,27688.111922351498,26532.78940345006,1.0006003602161297,0.032,71.19920200000003,41.39440854512708,43.39515000000001,2.0,86,poisson,0.8,349.76503168160764,4.0,22.796409320831298,cliffserve,64
10000,0.0369,180.21524096680957,12940.426231655829,25606.35682741806,26757.638640724483,25600.700846449585,1.0263779123473262,0.0,71.19963800000001,35.93212562865647,38.542899999999996,2.0,86,poisson,0.8,349.76503168160764,8.0,45.592818641662596,dense,64
10000,0.1642,192.30096221177524,9454.774670100565,22121.287446958875,23271.354527937834,22115.65382469401,1.1425959780621573,10.5024,70.99368500000001,36.05442367458867,39.23345,2.0,86,poisson,0.8,349.76503168160764,8.0,45.592818641662596,static_pomt,64
10000,0.1648,192.37840660947967,9434.203374561775,22100.76399487635,23250.355386763626,22095.100325933898,1.1296882060551288,9.984,70.95256400000001,36.19238251242657,39.624,2.0,86,poisson,0.8,349.76503168160764,8.0,45.592818641662596,decoupled,64
10000,0.1648,192.37840660947967,9434.203374561775,22100.76399487635,23250.355386763626,22095.100325933898,1.1296882060551288,9.984,70.95256400000001,40.00673373248983,43.57649999999999,2.0,86,poisson,0.8,349.76503168160764,8.0,45.592818641662596,joint_full,64
10000,0.1648,192.37840660947967,9434.203374561775,22100.76399487635,23250.355386763626,22095.100325933898,1.1296882060551288,9.984,70.95256400000001,39.40241493447808,42.23404999999999,2.0,86,poisson,0.8,349.76503168160764,8.0,45.592818641662596,cliffserve,64
10000,0.1661,192.4601877316263,9411.874202665795,22078.31567019602,23228.39928105455,22072.643641225302,1.1431184270690444,0.0,71.19836400000001,34.92156241426611,37.981,2.0,86,poisson,0.8,349.76503168160764,12.0,68.38922796249389,dense,64
10000,0.2805,205.61674912971077,6086.202172867224,18753.303651617432,19903.253212216372,18747.616003797913,1.2774655084312723,17.9456,70.84612400000002,34.99793880940214,39.063,2.0,86,poisson,0.8,349.76503168160764,12.0,68.38922796249389,static_pomt,64
10000,1.0,350.35473499887354,19.631269122003573,34.56479346097035,44.6369269447735,18.428502566413588,3.5285815102328866,62.976,69.63935400000001,12.120225829216656,15.119,2.0,86,poisson,0.8,349.76503168160764,12.0,68.38922796249389,decoupled,64
10000,1.0,350.35473499887354,19.604710964264996,34.49699059315144,45.22236754054307,18.33535836398096,3.5285815102328866,62.912,69.64083400000001,12.871398729710657,17.897149999999996,2.0,86,poisson,0.8,349.76503168160764,12.0,68.38922796249389,joint_full,64
10000,1.0,350.35473499887354,19.604710964264996,34.49699059315144,45.22236754054307,18.33535836398096,3.5285815102328866,62.912,69.64083400000001,10.778431545518702,15.45215,2.0,86,poisson,0.8,349.76503168160764,12.0,68.38922796249389,cliffserve,64
10000,0.0002,177.18061849162387,16153.743185481624,30831.38356575564,32155.803776722107,30825.751172061715,1.000100010001,0.0,71.19999800000002,36.157500750075,38.1311,2.0,86,poisson,0.95,415.345975121909,2.0,11.398204660415649,dense,64
10000,0.0001,177.15384589056814,16162.224337300853,30839.93938972548,32164.374040680083,30834.28308567599,1.0,0.0064,71.19987700000003,37.3075274,39.16305,2.0,86,poisson,0.95,415.345975121909,2.0,11.398204660415649,static_pomt,64
10000,0.0002,177.18061849162387,16153.743185481624,30831.38356575564,32155.803776722107,30825.751172061715,1.000100010001,0.0,71.19999800000002,37.690186418641865,39.726000000000006,2.0,86,poisson,0.95,415.345975121909,2.0,11.398204660415649,decoupled,64
10000,0.0002,177.18061849162387,16153.743185481624,30831.38356575564,32155.803776722107,30825.751172061715,1.000100010001,0.0,71.19999800000002,41.74926662666267,43.582,2.0,86,poisson,0.95,415.345975121909,2.0,11.398204660415649,joint_full,64
10000,0.0002,177.18061849162387,16153.743185481624,30831.38356575564,32155.803776722107,30825.751172061715,1.000100010001,0.0,71.19999800000002,41.11714891489149,42.8301,2.0,86,poisson,0.95,415.345975121909,2.0,11.398204660415649,cliffserve,64
10000,0.001,177.24236822808254,16134.047345838146,30811.583727856432,32136.094286098632,30805.876857443607,1.0006003602161297,0.0,71.19999000000001,36.02276746047628,38.081,2.0,86,poisson,0.95,415.345975121909,4.0,22.796409320831298,dense,64
10000,0.0008,177.20854596055813,16144.82580967863,30822.43928422526,32146.825938091428,30816.7267675598,1.0005002501250626,0.0512,71.19902000000002,37.19272726363182,39.094,2.0,86,poisson,0.95,415.345975121909,4.0,22.796409320831298,static_pomt,64
10000,0.001,177.2442008662459,16133.463985166149,30811.000367184435,32135.510925426635,30805.29349677161,1.0006003602161297,0.032,71.19920200000003,38.01361977186312,40.0185,2.0,86,poisson,0.95,415.345975121909,4.0,22.796409320831298,decoupled,64
10000,0.001,177.2442008662459,16133.463985166149,30811.000367184435,32135.510925426635,30805.29349677161,1.0006003602161297,0.032,71.19920200000003,41.985228537122275,43.8555,2.0,86,poisson,0.95,415.345975121909,4.0,22.796409320831298,joint_full,64
10000,0.001,177.2442008662459,16133.463985166149,30811.000367184435,32135.510925426635,30805.29349677161,1.0006003602161297,0.032,71.19920200000003,41.34040434260557,43.130700000000004,2.0,86,poisson,0.95,415.345975121909,4.0,22.796409320831298,cliffserve,64
10000,0.0057,177.65262196131556,16003.51070567091,30681.28196589545,32005.93618519798,30675.625842757974,1.0043185698503565,0.0,71.19994400000002,36.079449733855576,38.041,2.0,86,poisson,0.95,415.345975121909,8.0,45.592818641662596,dense,64
10000,0.035,180.56147602642807,15096.43490620573,29772.32587992743,31098.882251119765,29766.64732296065,1.0291242152927857,2.2272,71.15568400000001,37.14224534321293,39.133,2.0,86,poisson,0.95,415.345975121909,8.0,45.592818641662596,static_pomt,64
10000,0.036,180.66858749364548,15063.693771323757,29739.493252607142,31065.95501147285,29733.832279821192,1.02880658436214,2.656,71.13424000000002,37.869378292181075,39.92505,2.0,86,poisson,0.95,415.345975121909,8.0,45.592818641662596,decoupled,64
10000,0.0546,182.6835572494249,14453.524248084621,29130.091810007845,30455.530412540586,29124.410457845483,1.0455876202425762,4.16,71.09701800000002,41.775492367210376,43.93285,2.0,86,poisson,0.95,415.345975121909,8.0,45.592818641662596,joint_full,64
10000,0.0546,182.6835572494249,14453.524248084621,29130.091810007845,30455.530412540586,29124.410457845483,1.0455876202425762,4.16,71.09701800000002,40.9368791300711,43.09085,2.0,86,poisson,0.95,415.345975121909,8.0,45.592818641662596,cliffserve,64
10000,0.0297,179.9022087491466,15299.170915088253,29975.38771848277,31301.76878643051,29969.821150537286,1.0256410256410255,0.0,71.19970400000003,36.077360717948714,38.02155,2.0,86,poisson,0.95,415.345975121909,12.0,68.38922796249389,dense,64
10000,0.1659,195.28547169019006,10921.462025842266,25598.306324477944,26922.760918226395,25592.73396434382,1.161710037174721,10.6048,70.98720900000001,36.55417750929369,39.214,2.0,86,poisson,0.95,415.345975121909,12.0,68.38922796249389,static_pomt,64
10000,0.2713,209.48551015431082,7450.177649845343,22127.169576907578,23452.439991535965,22121.500925779765,1.285512276642242,20.8,70.68490200000002,36.36499781462913,39.774,2.0,86,poisson,0.95,415.345975121909,12.0,68.38922796249389,decoupled,64
10000,0.2755,210.17785186877617,7292.520802368384,21969.8921815638,23295.201491985143,21964.24956085724,1.2924906294429366,21.12,70.67674000000001,40.22317422773685,43.642,2.0,86,poisson,0.95,415.345975121909,12.0,68.38922796249389,joint_full,64
10000,0.2755,210.17785186877617,7292.520802368384,21969.8921815638,23295.201491985143,21964.24956085724,1.2924906294429366,21.12,70.67674000000001,39.379132868036706,42.51,2.0,86,poisson,0.95,415.345975121909,12.0,68.38922796249389,cliffserve,64
10000,0.0002,177.18061849162387,17799.027004284493,33938.65926998934,35390.264494028415,33933.026876295415,1.000100010001,0.0,71.19999800000002,36.1826806680668,38.002900000000004,2.0,86,poisson,1.1,480.9269185622105,2.0,11.398204660415649,dense,64
10000,0.0001,177.15384589056814,17807.508156103722,33947.21509395918,35398.83410710844,33941.558789909686,1.0,0.0064,71.19987700000003,37.2816072,39.18305,2.0,86,poisson,1.1,480.9269185622105,2.0,11.398204660415649,static_pomt,64
10000,0.0002,177.18061849162387,17799.027004284493,33938.65926998934,35390.264494028415,33933.026876295415,1.000100010001,0.0,71.19999800000002,37.86947794779478,39.7759,2.0,86,poisson,1.1,480.9269185622105,2.0,11.398204660415649,decoupled,64
10000,0.0002,177.18061849162387,17799.027004284493,33938.65926998934,35390.264494028415,33933.026876295415,1.000100010001,0.0,71.19999800000002,42.11304500450045,44.643100000000004,2.0,86,poisson,1.1,480.9269185622105,2.0,11.398204660415649,joint_full,64
10000,0.0002,177.18061849162387,17799.027004284493,33938.65926998934,35390.264494028415,33933.026876295415,1.000100010001,0.0,71.19999800000002,41.284805780578054,43.52500000000001,2.0,86,poisson,1.1,480.9269185622105,2.0,11.398204660415649,cliffserve,64
10000,0.001,177.24946575560486,17777.076108975045,33916.551538003296,35368.377690987916,33910.90615385851,1.0007004903432404,0.0,71.19999000000001,36.13458320824577,38.105599999999995,2.0,86,poisson,1.1,480.9269185622105,4.0,22.796409320831298,dense,64
10000,0.0007,177.2056434792627,17791.08596448385,33930.667254222244,35382.28987989458,33925.0365564712,1.0004001600640255,0.0384,71.199262,37.44088835534214,39.374,2.0,86,poisson,1.1,480.9269185622105,4.0,22.796409320831298,static_pomt,64
10000,0.001,177.25305304266348,17775.934315724007,33915.40974475226,35367.23589773688,33909.76436060747,1.0007004903432404,0.064,71.19841400000001,38.007677174021815,40.025,2.0,86,poisson,1.1,480.9269185622105,4.0,22.796409320831298,decoupled,64
10000,0.001,177.25305304266348,17775.934315724007,33915.40974475226,35367.23589773688,33909.76436060747,1.0007004903432404,0.064,71.19841400000001,41.983366156309415,45.13439999999998,2.0,86,poisson,1.1,480.9269185622105,4.0,22.796409320831298,joint_full,64
10000,0.001,177.25305304266348,17775.934315724007,33915.40974475226,35367.23589773688,33909.76436060747,1.0007004903432404,0.064,71.19841400000001,41.3770873611528,43.394999999999996,2.0,86,poisson,1.1,480.9269185622105,4.0,22.796409320831298,cliffserve,64
10000,0.0042,177.5422827752019,17684.04119686567,33823.49826313338,35275.558638029426,33817.867560828534,1.0034115994380894,0.0,71.19995800000004,36.229481336544254,38.382,2.0,86,poisson,1.1,480.9269185622105,8.0,45.592818641662596,dense,64
10000,0.006,177.73506400164857,17622.792730135552,33762.458834017125,35214.33722577604,33756.780835450496,1.004823151125402,0.3712,71.19257400000002,37.38700361736335,39.354,2.0,86,poisson,1.1,480.9269185622105,8.0,45.592818641662596,static_pomt,64
10000,0.0095,178.07769864538025,17514.39159659826,33653.85396591505,35106.18581331763,33648.14090524992,1.007455168245013,0.704,71.18257000000001,38.00577825911747,40.18575,2.0,86,poisson,1.1,480.9269185622105,8.0,45.592818641662596,decoupled,64
10000,0.0107,178.21675346769223,17470.410202068917,33609.999030125946,35062.205292687744,33604.311428655,1.0085728693898135,0.8,71.18019400000001,42.02489490670701,45.37999999999997,2.0,86,poisson,1.1,480.9269185622105,8.0,45.592818641662596,joint_full,64
10000,0.0107,178.21675346769223,17470.410202068917,33609.999030125946,35062.205292687744,33604.311428655,1.0085728693898135,0.8,71.18019400000001,41.346707312153306,43.361,2.0,86,poisson,1.1,480.9269185622105,8.0,45.592818641662596,cliffserve,64
10000,0.0096,178.0235352593658,17531.511420530907,33670.90528768381,35123.20499579939,33665.32699180922,1.007759750075582,0.0,71.19990400000003,36.37455084147938,38.4111,2.0,86,poisson,1.1,480.9269185622105,12.0,68.38922796249389,dense,64
10000,0.0335,180.67711187474976,16706.543399138085,32844.354967249245,34298.01349819216,32838.68218141874,1.0298661174047374,2.1376,71.15670200000002,37.36300205973223,39.64995,2.0,86,poisson,1.1,480.9269185622105,12.0,68.38922796249389,static_pomt,64
10000,0.037,181.11495441581323,16572.65577487432,32710.406334436746,34164.23742053065,32704.7674366363,1.0323113451016828,2.912,71.12792200000003,37.94612005780944,40.225699999999996,2.0,86,poisson,1.1,480.9269185622105,12.0,68.38922796249389,decoupled,64
10000,0.0513,182.78339361946084,16069.028819841973,32207.44859281859,33660.16390007052,32201.789552629798,1.0462439840970914,4.032,71.09996000000001,41.8939874450722,43.912,2.0,86,poisson,1.1,480.9269185622105,12.0,68.38922796249389,joint_full,64
10000,0.0513,182.78339361946084,16069.028819841973,32207.44859281859,33660.16390007052,32201.789552629798,1.0462439840970914,4.032,71.09996000000001,41.207597405314914,43.221149999999994,2.0,86,poisson,1.1,480.9269185622105,12.0,68.38922796249389,cliffserve,64
10000,0.1794,134.38549755992412,47.54684155258474,195.20010967734754,272.1870386932963,189.5013006875454,1.02880658436214,0.0,71.19944000000001,10.766144135802469,20.869049999999998,2.0,86,onoff,0.3,131.16188688060285,2.0,11.398204660415649,dense,64
10000,0.084,134.35025639399612,56.00788110155554,201.96516150116904,281.93083233745045,196.32819604762054,1.0,3.808,71.12681500000001,11.673141700000002,21.801,2.0,86,onoff,0.3,131.16188688060285,2.0,11.398204660415649,static_pomt,64
10000,0.1794,134.38549755992412,47.54684155258474,195.20010967734754,272.1870386932963,189.5013006875454,1.02880658436214,0.0,71.19944000000001,12.593341358024691,22.462,2.0,86,onoff,0.3,131.16188688060285,2.0,11.398204660415649,decoupled,64
10000,0.1794,134.38549755992412,47.54684155258474,195.20010967734754,272.1870386932963,189.5013006875454,1.02880658436214,0.0,71.19944000000001,13.662409362139918,25.508,2.0,86,onoff,0.3,131.16188688060285,2.0,11.398204660415649,joint_full,64
10000,0.1794,134.38549755992412,47.54684155258474,195.20010967734754,272.1870386932963,189.5013006875454,1.02880658436214,0.0,71.19944000000001,13.040779938271605,24.877,2.0,86,onoff,0.3,131.16188688060285,2.0,11.398204660415649,cliffserve,64
10000,0.817,134.59069874277878,12.07927907521298,92.87191142325172,164.85417907824439,87.22093364481695,1.458363715910748,0.0,71.19446800000003,8.545725244275923,13.146999999999998,2.0,86,onoff,0.3,131.16188688060285,4.0,22.796409320831298,dense,64
10000,0.3519,134.41222996568902,41.654342579824515,179.9070245112542,263.2143084256992,174.25873485461514,1.1515430677107323,20.1344,70.814562,11.501695532012898,21.811,2.0,86,onoff,0.3,131.16188688060285,4.0,22.796409320831298,static_pomt,64
10000,0.8843,134.59035082669254,11.481398103756874,69.9320590149901,161.13575689247364,64.2889789235137,1.5257857796765335,13.664,70.85748600000002,10.691775404333233,14.991499999999993,2.0,86,onoff,0.3,131.16188688060285,4.0,22.796409320831298,decoupled,64
10000,0.8875,134.59051069941606,11.4466536260461,65.0952406237119,161.13549780814878,59.43754801473895,1.5323322096230463,14.336,70.84092400000002,10.317737664725714,16.872,2.0,86,onoff,0.3,131.16188688060285,4.0,22.796409320831298,joint_full,64
10000,0.8875,134.59051069941606,11.4466536260461,65.0952406237119,161.13549780814878,59.43754801473895,1.5323322096230463,14.336,70.84092400000002,8.937391664112779,16.238500000000002,2.0,86,onoff,0.3,131.16188688060285,4.0,22.796409320831298,cliffserve,64
10000,1.0,134.59054136331855,10.96484960349062,21.684356603165266,28.36067222945801,11.305319062774196,1.7059024223814399,0.0,71.19302600000002,7.746692766973728,10.139,2.0,86,onoff,0.3,131.16188688060285,8.0,45.592818641662596,dense,64
10000,1.0,134.57438584946195,17.403584795273673,26.3413282740486,30.62501408414115,14.883713291788986,2.1743857360295715,64.0,69.97041200000001,8.570605348988911,10.64,2.0,86,onoff,0.3,131.16188688060285,8.0,45.592818641662596,static_pomt,64
10000,1.0,134.59066031088793,10.864786686830485,20.008320728818575,24.446441849581394,10.612519857707046,1.6900456312320433,19.424,70.71475600000002,10.144419807334797,12.764,2.0,86,onoff,0.3,131.16188688060285,8.0,45.592818641662596,decoupled,64
10000,1.0,134.59066031088793,10.864786686830485,20.008320728818575,24.446441849581394,10.612519857707046,1.6900456312320433,19.424,70.71475600000002,9.517750211255702,14.1562,2.0,86,onoff,0.3,131.16188688060285,8.0,45.592818641662596,joint_full,64
10000,1.0,134.59066031088793,10.864786686830485,20.008320728818575,24.446441849581394,10.612519857707046,1.6900456312320433,19.424,70.71475600000002,7.843796180496873,11.843,2.0,86,onoff,0.3,131.16188688060285,8.0,45.592818641662596,cliffserve,64
10000,1.0,134.59054136331855,10.948174934012059,21.698766999977664,28.255142240436555,11.243430468471702,1.7059024223814399,0.0,71.19302000000003,7.799634936881612,10.229,2.0,86,onoff,0.3,131.16188688060285,12.0,68.38922796249389,dense,64
10000,1.0,134.57438584946195,17.403584795273673,26.3413282740486,30.62501408414115,14.883713291788986,2.1743857360295715,64.0,69.97041200000001,8.636171559034572,10.68,2.0,86,onoff,0.3,131.16188688060285,12.0,68.38922796249389,static_pomt,64
10000,1.0,134.59066031088793,10.864786686830485,20.008320728818575,24.446441849581394,10.612519857707046,1.6900456312320433,19.424,70.71475600000002,10.223250126753424,12.844,2.0,86,onoff,0.3,131.16188688060285,12.0,68.38922796249389,decoupled,64
10000,1.0,134.59066031088793,10.864786686830485,20.008320728818575,24.446441849581394,10.612519857707046,1.6900456312320433,19.424,70.71475600000002,9.538530505323644,14.197,2.0,86,onoff,0.3,131.16188688060285,12.0,68.38922796249389,joint_full,64
10000,1.0,134.59066031088793,10.864786686830485,20.008320728818575,24.446441849581394,10.612519857707046,1.6900456312320433,19.424,70.71475600000002,7.919348318404597,11.874799999999997,2.0,86,onoff,0.3,131.16188688060285,12.0,68.38922796249389,cliffserve,64
10000,0.0002,177.16674729999195,10322.41405125628,19433.118955742528,20021.506839305483,19427.54654296558,1.0,0.0,71.20000000000002,35.7910031,37.862,2.0,86,onoff,0.6,262.3237737612057,2.0,11.398204660415649,dense,64
10000,0.0001,177.15384589056814,10326.524643144709,19437.229547630955,20025.61743119391,19431.65713485401,1.0,0.0064,71.19987700000003,36.907731,38.92205,2.0,86,onoff,0.6,262.3237737612057,2.0,11.398204660415649,static_pomt,64
10000,0.0002,177.16674729999195,10322.41405125628,19433.118955742528,20021.506839305483,19427.54654296558,1.0,0.0,71.20000000000002,37.680048199999995,40.015,2.0,86,onoff,0.6,262.3237737612057,2.0,11.398204660415649,decoupled,64
10000,0.0002,177.16674729999195,10322.41405125628,19433.118955742528,20021.506839305483,19427.54654296558,1.0,0.0,71.20000000000002,41.6668939,43.912499999999994,2.0,86,onoff,0.6,262.3237737612057,2.0,11.398204660415649,joint_full,64
10000,0.0002,177.16674729999195,10322.41405125628,19433.118955742528,20021.506839305483,19427.54654296558,1.0,0.0,71.20000000000002,40.9528371,43.191,2.0,86,onoff,0.6,262.3237737612057,2.0,11.398204660415649,cliffserve,64
10000,0.0008,177.21496322974383,10307.134708128076,19417.75331803482,20006.13833722743,19412.05032430809,1.0004001600640255,0.0,71.19999400000002,35.91001280512205,38.011250000000004,2.0,86,onoff,0.6,262.3237737612057,4.0,22.796409320831298,dense,64
10000,0.0006,177.18994656416595,10315.141683063608,19425.728366862942,20014.10885581168,19420.08666106384,1.000300090027008,0.032,71.19938100000003,37.09777703310993,39.244,2.0,86,onoff,0.6,262.3237737612057,4.0,22.796409320831298,static_pomt,64
10000,0.0009,177.23033429252447,10302.18864317904,19412.759027349166,20001.206967732036,19407.081136047058,1.0005002501250626,0.032,71.19920400000002,37.679921660830416,39.705,2.0,86,onoff,0.6,262.3237737612057,4.0,22.796409320831298,decoupled,64
10000,0.0009,177.23033429252447,10302.18864317904,19412.759027349166,20001.206967732036,19407.081136047058,1.0005002501250626,0.032,71.19920400000002,41.731051125562786,43.714999999999996,2.0,86,onoff,0.6,262.3237737612057,4.0,22.796409320831298,joint_full,64
10000,0.0009,177.23033429252447,10302.18864317904,19412.759027349166,20001.206967732036,19407.081136047058,1.0005002501250626,0.032,71.19920400000002,41.16776118059029,42.93369999999999,2.0,86,onoff,0.6,262.3237737612057,4.0,22.796409320831298,cliffserve,64
10000,0.0041,177.51676814013686,10211.120771846872,19321.862404548338,19909.89992194804,19316.163814317395,1.0031096398836392,0.0,71.19996,35.998569665964496,38.1316,2.0,86,onoff,0.6,262.3237737612057,8.0,45.592818641662596,dense,64
10000,0.0383,179.7061566968746,9524.729432264987,18634.72733294206,19222.859664538544,18629.106174318364,1.0301844030081384,2.4256,71.15187900000002,36.57666096631297,39.013,2.0,86,onoff,0.6,262.3237737612057,8.0,45.592818641662596,static_pomt,64
10000,0.0441,179.89042902166514,9467.650939343548,18577.645380090205,19165.76134610136,18572.077141784157,1.0335917312661498,2.944,71.12708800000001,37.22999307493539,39.77729999999999,2.0,86,onoff,0.6,262.3237737612057,8.0,45.592818641662596,decoupled,64
10000,0.0489,180.3528079075518,9325.212768672085,18435.034245966403,19023.01384557684,18429.458924196686,1.0383137784238397,3.36,71.11679800000002,41.08712387083377,43.451,2.0,86,onoff,0.6,262.3237737612057,8.0,45.592818641662596,joint_full,64
10000,0.0489,180.3528079075518,9325.212768672085,18435.034245966403,19023.01384557684,18429.458924196686,1.0383137784238397,3.36,71.11679800000002,40.451623195929805,42.66,2.0,86,onoff,0.6,262.3237737612057,8.0,45.592818641662596,cliffserve,64
10000,0.0476,180.17242949006496,9380.723037360287,18490.544514654604,19078.52411426504,18484.969192884888,1.0383137784238397,0.0,71.19954600000003,35.384652061052854,37.771,2.0,86,onoff,0.6,262.3237737612057,12.0,68.38922796249389,dense,64
10000,0.0648,181.12849608644754,9087.876583614048,18197.58940388207,18784.890027972375,18192.00154282329,1.053740779768177,4.1408,71.11718700000002,36.21759799789252,38.893,2.0,86,onoff,0.6,262.3237737612057,12.0,68.38922796249389,static_pomt,64
10000,0.1536,185.2288141879123,7867.076101075003,16977.591457735238,17565.273722913073,16972.003712092574,1.1289230074508918,10.272,70.94559800000002,36.57242718446602,39.544,2.0,86,onoff,0.6,262.3237737612057,12.0,68.38922796249389,decoupled,64
10000,0.1539,185.26679103210228,7856.352419148276,16966.692345606025,17554.238480641652,16961.13637260073,1.1301989150090417,10.272,70.94521,40.37673734177215,43.442,2.0,86,onoff,0.6,262.3237737612057,12.0,68.38922796249389,joint_full,64
10000,0.1539,185.26679103210228,7856.352419148276,16966.692345606025,17554.238480641652,16961.13637260073,1.1301989150090417,10.272,70.94521,39.824098327305606,42.86014999999999,2.0,86,onoff,0.6,262.3237737612057,12.0,68.38922796249389,cliffserve,64
10000,0.0002,177.18061849162387,12950.105350889475,26173.812900572215,27163.447380543017,26168.163385396394,1.000100010001,0.0,71.19999800000002,36.15664426442645,38.142,2.0,86,onoff,0.8,349.76503168160764,2.0,11.398204660415649,dense,64
10000,0.0001,177.15384589056814,12958.640422739298,26182.37654507676,27172.016993623045,26176.712420492564,1.0,0.0064,71.19987700000003,37.1885246,39.17305,2.0,86,onoff,0.8,349.76503168160764,2.0,11.398204660415649,static_pomt,64
10000,0.0002,177.18061849162387,12950.105350889475,26173.812900572215,27163.447380543017,26168.163385396394,1.000100010001,0.0,71.19999800000002,37.80886658665866,39.776,2.0,86,onoff,0.8,349.76503168160764,2.0,11.398204660415649,decoupled,64
10000,0.0002,177.18061849162387,12950.105350889475,26173.812900572215,27163.447380543017,26168.163385396394,1.000100010001,0.0,71.19999800000002,41.83954935493549,43.533,2.0,86,onoff,0.8,349.76503168160764,2.0,11.398204660415649,joint_full,64
10000,0.0002,177.18061849162387,12950.105350889475,26173.812900572215,27163.447380543017,26168.163385396394,1.000100010001,0.0,71.19999800000002,41.16820432043205,43.121,2.0,86,onoff,0.8,349.76503168160764,2.0,11.398204660415649,cliffserve,64
10000,0.0008,177.22875452828367,12934.817719139368,26158.450246673023,27148.034665560986,26152.76377800027,1.0005002501250626,0.0,71.19999200000001,35.99330575287644,38.011,2.0,86,onoff,0.8,349.76503168160764,4.0,22.796409320831298,dense,64
10000,0.0007,177.2056434792627,12942.213127054483,26165.842089682017,27155.472766409184,26160.206342559253,1.0004001600640255,0.0384,71.199262,37.18684763905562,39.17325,2.0,86,onoff,0.8,349.76503168160764,4.0,22.796409320831298,static_pomt,64
10000,0.0008,177.23050858412964,12934.259286560327,26157.891814093982,27147.476232981946,26152.20534542123,1.0005002501250626,0.032,71.19920400000002,37.65579869934968,39.635,2.0,86,onoff,0.8,349.76503168160764,4.0,22.796409320831298,decoupled,64
10000,0.0008,177.23050858412964,12934.259286560327,26157.891814093982,27147.476232981946,26152.20534542123,1.0005002501250626,0.032,71.19920400000002,41.75100900450226,43.92569999999999,2.0,86,onoff,0.8,349.76503168160764,4.0,22.796409320831298,joint_full,64
10000,0.0008,177.23050858412964,12934.259286560327,26157.891814093982,27147.476232981946,26152.20534542123,1.0005002501250626,0.032,71.19920400000002,41.157227013506755,42.9503,2.0,86,onoff,0.8,349.76503168160764,4.0,22.796409320831298,cliffserve,64
10000,0.0032,177.4525953942868,12863.573383011133,26087.25059187928,27077.165292578007,26081.58369770566,1.0026067776218168,0.0,71.19996800000001,36.0136961098857,38.011,2.0,86,onoff,0.8,349.76503168160764,8.0,45.592818641662596,dense,64
10000,0.0038,177.5423118321868,12835.13643733433,26058.721436958705,27048.659125504757,26053.15070257703,1.0032102728731942,0.2432,71.19510200000002,37.26909028892456,39.25984999999999,2.0,86,onoff,0.8,349.76503168160764,8.0,45.592818641662596,static_pomt,64
10000,0.0043,177.60012946366797,12816.822967685968,26040.557731633577,27030.392949571873,26034.862976437005,1.0035122930255895,0.32,71.19207800000002,37.6751435022579,39.61219999999999,2.0,86,onoff,0.8,349.76503168160764,8.0,45.592818641662596,decoupled,64
10000,0.0043,177.60012946366797,12816.822967685968,26040.557731633577,27030.392949571873,26034.862976437005,1.0035122930255895,0.32,71.19207800000002,41.781705669844456,43.76999999999999,2.0,86,onoff,0.8,349.76503168160764,8.0,45.592818641662596,joint_full,64
10000,0.0043,177.60012946366797,12816.822967685968,26040.557731633577,27030.392949571873,26034.862976437005,1.0035122930255895,0.32,71.19207800000002,41.01222318113397,42.68,2.0,86,onoff,0.8,349.76503168160764,8.0,45.592818641662596,cliffserve,64
10000,0.0051,177.62494215224282,12808.711174883158,26032.658742075357,27022.35133978393,26026.97268305341,1.0043185698503565,0.0,71.19995000000003,36.10436105252586,37.851,2.0,86,onoff,0.8,349.76503168160764,12.0,68.38922796249389,dense,64
10000,0.0066,177.83526644130188,12742.22352568081,25966.15227143016,26955.720716262127,25960.564984422123,1.0057326762546515,0.4224,71.19145400000002,37.24444443326964,39.1239,2.0,86,onoff,0.8,349.76503168160764,12.0,68.38922796249389,static_pomt,64
10000,0.0197,179.0962548947257,12345.992314118505,25569.215497085566,26560.368250608557,25563.541018721575,1.0165700925078784,1.504,71.16272200000002,37.629472501779,39.575999999999986,2.0,86,onoff,0.8,349.76503168160764,12.0,68.38922796249389,decoupled,64
10000,0.0347,180.2729269108725,11981.769195227693,25203.935132213785,26195.282252951685,25198.2783064806,1.029654036243822,2.56,71.13633800000001,41.731848126029654,43.54549999999999,2.0,86,onoff,0.8,349.76503168160764,12.0,68.38922796249389,joint_full,64
10000,0.0347,180.2729269108725,11981.769195227693,25203.935132213785,26195.282252951685,25198.2783064806,1.029654036243822,2.56,71.13633800000001,41.13157526771005,42.971,2.0,86,onoff,0.8,349.76503168160764,12.0,68.38922796249389,cliffserve,64
10000,0.0002,177.18061849162385,14779.712434808707,29246.370872363386,30641.870272939337,29240.71957965785,1.000100010001,0.0,71.19999800000002,35.9897501750175,37.7601,2.0,86,onoff,0.95,415.345975121909,2.0,11.398204660415649,dense,64
10000,0.0001,177.1538458905681,14788.193586627936,29254.904515537557,30650.44041189922,29249.270392283735,1.0,0.0064,71.19987700000003,37.092994399999995,39.3745,2.0,86,onoff,0.95,415.345975121909,2.0,11.398204660415649,static_pomt,64
10000,0.0002,177.18061849162385,14779.712434808707,29246.370872363386,30641.870272939337,29240.71957965785,1.000100010001,0.0,71.19999800000002,37.646283328332835,39.2849,2.0,86,onoff,0.95,415.345975121909,2.0,11.398204660415649,decoupled,64
10000,0.0002,177.18061849162385,14779.712434808707,29246.370872363386,30641.870272939337,29240.71957965785,1.000100010001,0.0,71.19999800000002,41.88498069806981,43.642,2.0,86,onoff,0.95,415.345975121909,2.0,11.398204660415649,joint_full,64
10000,0.0002,177.18061849162385,14779.712434808707,29246.370872363386,30641.870272939337,29240.71957965785,1.000100010001,0.0,71.19999800000002,41.20957725772577,42.7719,2.0,86,onoff,0.95,415.345975121909,2.0,11.398204660415649,cliffserve,64
10000,0.0008,177.22875452828364,14764.36053113172,29231.09886475497,30626.450679552687,29225.43227280074,1.0005002501250626,0.0,71.19999200000001,36.26358309154577,37.8213,2.0,86,onoff,0.95,415.345975121909,4.0,22.796409320831298,dense,64
10000,0.0007,177.2056434792627,14771.771395008063,29238.47918940478,30633.838675763738,29232.8549606412,1.0004001600640255,0.0384,71.199262,37.38459293717488,39.274,2.0,86,onoff,0.95,415.345975121909,4.0,22.796409320831298,static_pomt,64
10000,0.0008,177.2305085841296,14763.80209855268,29230.54043217593,30625.892246973646,29224.8738402217,1.0005002501250626,0.032,71.19920400000002,37.81844252126063,39.38699999999999,2.0,86,onoff,0.95,415.345975121909,4.0,22.796409320831298,decoupled,64
10000,0.0008,177.2305085841296,14763.80209855268,29230.54043217593,30625.892246973646,29224.8738402217,1.0005002501250626,0.032,71.19920400000002,41.86537338669335,43.68469999999999,2.0,86,onoff,0.95,415.345975121909,4.0,22.796409320831298,joint_full,64
10000,0.0008,177.2305085841296,14763.80209855268,29230.54043217593,30625.892246973646,29224.8738402217,1.0005002501250626,0.032,71.19920400000002,41.275879439719866,42.913999999999994,2.0,86,onoff,0.95,415.345975121909,4.0,22.796409320831298,cliffserve,64
10000,0.0028,177.41220914719153,14705.873555938697,29172.597394977434,30568.176952135695,29166.95064159475,1.0022048506714774,0.0,71.19997200000002,35.71937101623572,37.681,2.0,86,onoff,0.95,415.345975121909,8.0,45.592818641662596,dense,64
10000,0.0031,177.45747543777568,14691.586849014258,29158.313432513103,30553.866233623157,29152.7517765864,1.0025062656641603,0.192,71.19614200000001,36.987422556390975,38.933,2.0,86,onoff,0.95,415.345975121909,8.0,45.592818641662596,static_pomt,64
10000,0.0038,177.5643539343265,14657.720002929664,29124.501984582766,30519.802161462438,29118.788322316035,1.0032102728731942,0.288,71.19287000000001,37.50432504012841,39.474,2.0,86,onoff,0.95,415.345975121909,8.0,45.592818641662596,decoupled,64
10000,0.0038,177.5643539343265,14657.720002929664,29124.501984582766,30519.802161462438,29118.788322316035,1.0032102728731942,0.288,71.19287000000001,41.53028119983948,43.1575,2.0,86,onoff,0.95,415.345975121909,8.0,45.592818641662596,joint_full,64
10000,0.0038,177.5643539343265,14657.720002929664,29124.501984582766,30519.802161462438,29118.788322316035,1.0032102728731942,0.288,71.19287000000001,40.935399678972715,42.169,2.0,86,onoff,0.95,415.345975121909,8.0,45.592818641662596,cliffserve,64
10000,0.0041,177.52687420491495,14669.59824184606,29136.335169182643,30531.693066060674,29130.630250750408,1.0033109260559847,0.0,71.19996,36.123270994281135,38.07899999999999,2.0,86,onoff,0.95,415.345975121909,12.0,68.38922796249389,dense,64
10000,0.0051,177.66512078807853,14625.51995257566,29092.181105600223,30487.814049732817,29086.53117102228,1.0043185698503565,0.32,71.19353400000001,37.41604258310736,39.234,2.0,86,onoff,0.95,415.345975121909,12.0,68.38922796249389,static_pomt,64
10000,0.006,177.79739933097355,14583.729749481177,29050.37569893442,30446.023612058292,29044.70981739603,1.005126143330988,0.448,71.18886,38.00909870338728,39.931400000000004,2.0,86,onoff,0.95,415.345975121909,12.0,68.38922796249389,decoupled,64
10000,0.0064,177.8481028059438,14567.704166452384,29034.40577035986,30430.103155696524,29028.713583336696,1.0055304172951232,0.48,71.18806800000002,41.923634992458524,43.331,2.0,86,onoff,0.95,415.345975121909,12.0,68.38922796249389,joint_full,64
10000,0.0064,177.8481028059438,14567.704166452384,29034.40577035986,30430.103155696524,29028.713583336696,1.0055304172951232,0.48,71.18806800000002,41.263291101055806,42.6,2.0,86,onoff,0.95,415.345975121909,12.0,68.38922796249389,cliffserve,64
10000,0.0002,177.18061849162387,18258.058634581746,35390.398172546986,37033.67369600029,35384.765778853056,1.000100010001,0.0,71.19999800000002,36.010097709770974,38.021,2.0,86,onoff,1.1,480.9269185622105,2.0,11.398204660415649,dense,64
10000,0.0001,177.15384589056814,18266.539786400976,35398.95399651682,37042.22064866753,35393.297692467335,1.0,0.0064,71.19987700000003,37.2197343,39.053,2.0,86,onoff,1.1,480.9269185622105,2.0,11.398204660415649,static_pomt,64
10000,0.0002,177.18061849162387,18258.058634581746,35390.398172546986,37033.67369600029,35384.765778853056,1.000100010001,0.0,71.19999800000002,37.811491549154916,39.774,2.0,86,onoff,1.1,480.9269185622105,2.0,11.398204660415649,decoupled,64
10000,0.0002,177.18061849162387,18258.058634581746,35390.398172546986,37033.67369600029,35384.765778853056,1.000100010001,0.0,71.19999800000002,41.92252375237524,43.33200000000001,2.0,86,onoff,1.1,480.9269185622105,2.0,11.398204660415649,joint_full,64
10000,0.0002,177.18061849162387,18258.058634581746,35390.398172546986,37033.67369600029,35384.765778853056,1.000100010001,0.0,71.19999800000002,41.279076507650764,42.71390000000001,2.0,86,onoff,1.1,480.9269185622105,2.0,11.398204660415649,cliffserve,64
10000,0.0008,177.22875452828367,18242.70673090476,35375.01936314261,37018.26846735687,35369.30684647715,1.0005002501250626,0.0,71.19999200000001,36.30447273636818,38.071,2.0,86,onoff,1.1,480.9269185622105,4.0,22.796409320831298,dense,64
10000,0.0006,177.2056434792627,18250.117594781103,35382.406156779885,37025.692102544024,35376.77545902884,1.0004001600640255,0.0384,71.199262,37.62269517807123,39.637249999999995,2.0,86,onoff,1.1,480.9269185622105,4.0,22.796409320831298,static_pomt,64
10000,0.0008,177.23050858412964,18242.14829832572,35374.46093056357,37017.71003477783,35368.74841389811,1.0005002501250626,0.032,71.19920400000002,38.13981780890445,40.05769999999999,2.0,86,onoff,1.1,480.9269185622105,4.0,22.796409320831298,decoupled,64
10000,0.0008,177.23050858412964,18242.14829832572,35374.46093056357,37017.71003477783,35368.74841389811,1.0005002501250626,0.032,71.19920400000002,42.21472296148074,43.973,2.0,86,onoff,1.1,480.9269185622105,4.0,22.796409320831298,joint_full,64
10000,0.0008,177.23050858412964,18242.14829832572,35374.46093056357,37017.71003477783,35368.74841389811,1.0005002501250626,0.032,71.19920400000002,41.47545862931465,43.146999999999984,2.0,86,onoff,1.1,480.9269185622105,4.0,22.796409320831298,cliffserve,64
10000,0.0027,177.39872825512992,18188.48386818427,35320.41530981219,36964.17338711949,35314.765405632614,1.002104419280489,0.0,71.19997400000003,36.00359985970539,37.842000000000006,2.0,86,onoff,1.1,480.9269185622105,8.0,45.592818641662596,dense,64
10000,0.0027,177.40904971448222,18185.204313817205,35317.135755445124,36960.89383275242,35311.48585126555,1.002104419280489,0.1664,71.19668600000001,37.35830293616595,39.2249,2.0,86,onoff,1.1,480.9269185622105,8.0,45.592818641662596,static_pomt,64
10000,0.0032,177.49105054651542,18159.24917942542,35291.31963098204,36934.8932248375,35285.68337838805,1.0026067776218168,0.224,71.19445200000003,37.8694238018849,39.825,2.0,86,onoff,1.1,480.9269185622105,8.0,45.592818641662596,decoupled,64
10000,0.0035,177.52772881115203,18147.662411036672,35279.682371760966,36923.23884933205,35274.04286794818,1.0029084344599337,0.256,71.19366200000002,41.89542433055862,43.5265,2.0,86,onoff,1.1,480.9269185622105,8.0,45.592818641662596,joint_full,64
10000,0.0035,177.52772881115203,18147.662411036672,35279.682371760966,36923.23884933205,35274.04286794818,1.0029084344599337,0.256,71.19366200000002,41.193050947748475,42.3045,2.0,86,onoff,1.1,480.9269185622105,8.0,45.592818641662596,cliffserve,64
10000,0.0038,177.51315273531387,18152.310233655156,35284.39032740748,36928.021493823246,35278.77673061049,1.0032102728731942,0.0,71.19996200000001,36.36244482343499,37.871,2.0,86,onoff,1.1,480.9269185622105,12.0,68.38922796249389,dense,64
10000,0.0043,177.5797067591764,18131.019289078893,35263.3165141598,36906.92274749489,35257.68000064051,1.003713740841112,0.2752,71.19440300000002,37.60921178359932,39.444,2.0,86,onoff,1.1,480.9269185622105,12.0,68.38922796249389,static_pomt,64
10000,0.0052,177.70902268885993,18090.046554866018,35222.464321638705,36865.965102770046,35216.83098251974,1.004419445560466,0.384,71.19044400000001,37.934421454399356,39.37625,2.0,86,onoff,1.1,480.9269185622105,12.0,68.38922796249389,decoupled,64
10000,0.0054,177.7463132819484,18078.213804068746,35210.61318984187,36854.14364473553,35204.95594818747,1.0047221943132725,0.416,71.18965400000003,41.91164231889883,44.103,2.0,86,onoff,1.1,480.9269185622105,12.0,68.38922796249389,joint_full,64
10000,0.0054,177.7463132819484,18078.213804068746,35210.61318984187,36854.14364473553,35204.95594818747,1.0047221943132725,0.416,71.18965400000003,41.31016859238421,42.6,2.0,86,onoff,1.1,480.9269185622105,12.0,68.38922796249389,cliffserve,64
10000,0.6692,131.39907990068477,9.383286358402984,33.34708463097413,61.24089504388175,27.734716804685725,1.1035091591260207,0.0,71.19812400000002,7.300032001765614,8.827,2.0,87,poisson,0.3,131.16188688060285,2.0,11.398204660415649,dense,64
10000,0.3046,131.38434679474796,15.406690749313384,41.18030318891142,68.82271944518381,35.558023019130246,1.0,10.976,70.98905500000001,7.6828875,9.468,2.0,87,poisson,0.3,131.16188688060285,2.0,11.398204660415649,static_pomt,64
10000,0.6692,131.39907990068477,9.383286358402984,33.34708463097413,61.24089504388175,27.734716804685725,1.1035091591260207,0.0,71.19812400000002,9.302612447583314,10.83,2.0,87,poisson,0.3,131.16188688060285,2.0,11.398204660415649,decoupled,64
10000,0.6692,131.39907990068477,9.383286358402984,33.34708463097413,61.24089504388175,27.734716804685725,1.1035091591260207,0.0,71.19812400000002,8.610851909070844,11.711499999999988,2.0,87,poisson,0.3,131.16188688060285,2.0,11.398204660415649,joint_full,64
10000,0.6692,131.39907990068477,9.383286358402984,33.34708463097413,61.24089504388175,27.734716804685725,1.1035091591260207,0.0,71.19812400000002,7.818092032663872,11.060499999999989,2.0,87,poisson,0.3,131.16188688060285,2.0,11.398204660415649,cliffserve,64
10000,0.9993,131.4140026876063,7.902239799499512,14.325676075201036,18.137981909377785,6.830312104200488,1.288659793814433,0.0,71.19568600000002,7.189767139175258,8.606,2.0,87,poisson,0.3,131.16188688060285,4.0,22.796409320831298,dense,64
10000,0.8982,131.38937208871846,16.21460804472008,32.40389749797121,64.99947799438422,26.713225720245966,1.416029453412631,54.1632,70.16664300000002,8.088843387142452,10.78,2.0,87,poisson,0.3,131.16188688060285,4.0,22.796409320831298,static_pomt,64
10000,1.0,131.41387094154587,7.900767803192139,14.168585687073207,17.565950603556452,6.8031845303637954,1.2896569512509672,2.688,71.129484,9.533714469950992,11.204149999999995,2.0,87,poisson,0.3,131.16188688060285,4.0,22.796409320831298,decoupled,64
10000,1.0,131.4139769900754,7.900463819503784,14.14042663405089,17.514637659554918,6.794363330419578,1.2899896800825594,2.752,71.127908,8.419345330237357,11.071,2.0,87,poisson,0.3,131.16188688060285,4.0,22.796409320831298,joint_full,64
10000,1.0,131.4139769900754,7.900463819503784,14.14042663405089,17.514637659554918,6.794363330419578,1.2899896800825594,2.752,71.127908,7.001154669762642,9.037,2.0,87,poisson,0.3,131.16188688060285,4.0,22.796409320831298,cliffserve,64
10000,1.0,131.41402821880413,7.900479793548584,14.297277482923436,17.871794014303898,6.790606492408453,1.290822253775655,0.0,71.19567000000002,7.181466503162514,8.573299999999998,2.0,87,poisson,0.3,131.16188688060285,8.0,45.592818641662596,dense,64
10000,1.0,131.40852078599548,15.452497555539594,23.015319459512465,26.7494969174944,12.549955871384348,1.5928639694170117,64.0,69.978536,7.952428958266965,10.51915,2.0,87,poisson,0.3,131.16188688060285,8.0,45.592818641662596,static_pomt,64
10000,1.0,131.4139769900754,7.9006078243255615,14.138914260758247,17.514637659554918,6.7884381035775725,1.2899896800825594,2.784,71.12712200000001,9.495219556243551,11.141,2.0,87,poisson,0.3,131.16188688060285,8.0,45.592818641662596,decoupled,64
10000,1.0,131.4139769900754,7.9006078243255615,14.138914260758247,17.514637659554918,6.7884381035775725,1.2899896800825594,2.784,71.12712200000001,8.4423653250774,11.11145,2.0,87,poisson,0.3,131.16188688060285,8.0,45.592818641662596,joint_full,64
10000,1.0,131.4139769900754,7.9006078243255615,14.138914260758247,17.514637659554918,6.7884381035775725,1.2899896800825594,2.784,71.12712200000001,6.988253095975232,9.02745,2.0,87,poisson,0.3,131.16188688060285,8.0,45.592818641662596,cliffserve,64
10000,1.0,131.41402821880413,7.900479793548584,14.297277482923436,17.871794014303898,6.790606492408453,1.290822253775655,0.0,71.19567000000002,7.1545337550019354,8.576,2.0,87,poisson,0.3,131.16188688060285,12.0,68.38922796249389,dense,64
10000,1.0,131.40852078599548,15.452497555539594,23.015319459512465,26.7494969174944,12.549955871384348,1.5928639694170117,64.0,69.978536,7.894797387703091,10.46,2.0,87,poisson,0.3,131.16188688060285,12.0,68.38922796249389,static_pomt,64
10000,1.0,131.4139769900754,7.9006078243255615,14.138914260758247,17.514637659554918,6.7884381035775725,1.2899896800825594,2.784,71.12712200000001,9.56637242002064,11.231,2.0,87,poisson,0.3,131.16188688060285,12.0,68.38922796249389,decoupled,64
10000,1.0,131.4139769900754,7.9006078243255615,14.138914260758247,17.514637659554918,6.7884381035775725,1.2899896800825594,2.784,71.12712200000001,8.491920665634675,11.131,2.0,87,poisson,0.3,131.16188688060285,12.0,68.38922796249389,joint_full,64
10000,1.0,131.4139769900754,7.9006078243255615,14.138914260758247,17.514637659554918,6.7884381035775725,1.2899896800825594,2.784,71.12712200000001,7.099956785345718,9.077,2.0,87,poisson,0.3,131.16188688060285,12.0,68.38922796249389,cliffserve,64
10000,0.0008,177.17098901522934,9173.116050430008,17495.57666946385,18199.584420291296,17489.988498220184,1.0002000400080016,0.0,71.19999600000001,35.636520904180834,37.23,2.0,87,poisson,0.6,262.3237737612057,2.0,11.398204660415649,dense,64
10000,0.0001,177.1381041832036,9183.564035029473,17506.053659280868,18209.92765647958,17500.366515215963,1.0,0.0064,71.19987700000003,36.9638605,39.05305,2.0,87,poisson,0.6,262.3237737612057,2.0,11.398204660415649,static_pomt,64
10000,0.0008,177.17098901522934,9173.116050430008,17495.57666946385,18199.584420291296,17489.988498220184,1.0002000400080016,0.0,71.19999600000001,37.50278455691138,39.474,2.0,87,poisson,0.6,262.3237737612057,2.0,11.398204660415649,decoupled,64
10000,0.0008,177.17098901522934,9173.116050430008,17495.57666946385,18199.584420291296,17489.988498220184,1.0002000400080016,0.0,71.19999600000001,41.571318163632725,43.56334999999999,2.0,87,poisson,0.6,262.3237737612057,2.0,11.398204660415649,joint_full,64
10000,0.0008,177.17098901522934,9173.116050430008,17495.57666946385,18199.584420291296,17489.988498220184,1.0002000400080016,0.0,71.19999600000001,40.88191218243649,42.469,2.0,87,poisson,0.6,262.3237737612057,2.0,11.398204660415649,cliffserve,64
10000,0.0041,177.33904841578882,9119.546195663226,17441.938289501944,18145.936902512956,17436.30214858321,1.001903616872057,0.0,71.19996800000001,35.77678288748623,37.711,2.0,87,poisson,0.6,262.3237737612057,4.0,22.796409320831298,dense,64
10000,0.0025,177.22106062257345,9157.120416589447,17479.5830256078,18183.47085478436,17473.928884920813,1.0013016921998599,0.1472,71.19717500000003,37.13994032241915,39.063,2.0,87,poisson,0.6,262.3237737612057,4.0,22.796409320831298,static_pomt,64
10000,0.0045,177.37639934014473,9107.763155378116,17430.068273594654,18134.10628413146,17424.512202980794,1.0022048506714774,0.128,71.19681200000001,37.58155602325115,38.933,2.0,87,poisson,0.6,262.3237737612057,4.0,22.796409320831298,decoupled,64
10000,0.0045,177.37639934014473,9107.763155378116,17430.068273594654,18134.10628413146,17424.512202980794,1.0022048506714774,0.128,71.19681200000001,41.4392040489076,43.40115,2.0,87,poisson,0.6,262.3237737612057,4.0,22.796409320831298,joint_full,64
10000,0.0045,177.37639934014473,9107.763155378116,17430.068273594654,18134.10628413146,17424.512202980794,1.0022048506714774,0.128,71.19681200000001,40.76257486470235,42.58134999999999,2.0,87,poisson,0.6,262.3237737612057,4.0,22.796409320831298,cliffserve,64
10000,0.26,192.8349521738326,4588.399145007994,12910.68197466367,13615.072930189677,12904.995096173223,1.1594202898550725,0.0,71.19780000000003,31.73634573913044,37.26599999999999,2.0,87,poisson,0.6,262.3237737612057,8.0,45.592818641662596,dense,64
10000,1.0,262.7426817297218,19.136938814431687,29.05556390948841,35.60316994089359,16.34790923105283,2.910360884749709,64.0,69.963376,9.502166181606519,10.84325,2.0,87,poisson,0.6,262.3237737612057,8.0,45.592818641662596,static_pomt,64
10000,1.0,262.7427308202122,12.807777415020837,24.3383212912955,30.979050949857022,12.634919196153891,2.1213406873143827,32.512,70.39096200000002,10.773260288502334,12.884,2.0,87,poisson,0.6,262.3237737612057,8.0,45.592818641662596,decoupled,64
10000,1.0,262.7427308202122,12.807777415020837,24.335481212695978,30.902365163681683,12.633343476226582,2.1213406873143827,32.512,70.39096200000002,10.543508909630887,14.297,2.0,87,poisson,0.6,262.3237737612057,8.0,45.592818641662596,joint_full,64
10000,1.0,262.7427308202122,12.807777415020837,24.335481212695978,30.902365163681683,12.633343476226582,2.1213406873143827,32.512,70.39096200000002,8.73798133220195,11.973,2.0,87,poisson,0.6,262.3237737612057,8.0,45.592818641662596,cliffserve,64
10000,1.0,262.72938998372064,13.519473332868074,30.273167772652492,43.622608012308035,15.17210332510356,2.192982456140351,0.0,71.19148600000003,8.367239254385966,10.349,2.0,87,poisson,0.6,262.3237737612057,12.0,68.38922796249389,dense,64
10000,1.0,262.7426817297218,19.136055431057684,29.046037330134727,35.591597027458924,16.309460877454686,2.910360884749709,64.0,69.96334,9.28853608847497,10.7,2.0,87,poisson,0.6,262.3237737612057,12.0,68.38922796249389,static_pomt,64
10000,1.0,262.7427308202122,12.807777415020837,24.335481212695978,30.902365163681683,12.633343476226582,2.1213406873143827,32.512,70.39096200000002,10.706643826898599,12.797499999999994,2.0,87,poisson,0.6,262.3237737612057,12.0,68.38922796249389,decoupled,64
10000,1.0,262.7427308202122,12.807777415020837,24.335481212695978,30.902365163681683,12.633343476226582,2.1213406873143827,32.512,70.39096200000002,10.52118392023759,14.297,2.0,87,poisson,0.6,262.3237737612057,12.0,68.38922796249389,joint_full,64
10000,1.0,262.7427308202122,12.807777415020837,24.335481212695978,30.902365163681683,12.633343476226582,2.1213406873143827,32.512,70.39096200000002,8.666506151887992,11.902,2.0,87,poisson,0.6,262.3237737612057,12.0,68.38922796249389,cliffserve,64
10000,0.0005,177.16470790622682,13937.538935585773,26528.92391544304,27620.825616488153,26523.23515537701,1.000100010001,0.0,71.19999800000002,35.78215631563157,37.721,2.0,87,poisson,0.8,349.76503168160764,2.0,11.398204660415649,dense,64
10000,0.0001,177.1381041832036,13945.987687035358,26537.396057400325,27629.305627660447,26531.710538920976,1.0,0.0064,71.19987700000003,36.7347901,38.92205,2.0,87,poisson,0.8,349.76503168160764,2.0,11.398204660415649,static_pomt,64
10000,0.0005,177.16470790622682,13937.538935585773,26528.92391544304,27620.825616488153,26523.23515537701,1.000100010001,0.0,71.19999800000002,37.570424242424245,39.514,2.0,87,poisson,0.8,349.76503168160764,2.0,11.398204660415649,decoupled,64
10000,0.0005,177.16470790622682,13937.538935585773,26528.92391544304,27620.825616488153,26523.23515537701,1.000100010001,0.0,71.19999800000002,41.67433963396339,43.071,2.0,87,poisson,0.8,349.76503168160764,2.0,11.398204660415649,joint_full,64
10000,0.0005,177.16470790622682,13937.538935585773,26528.92391544304,27620.825616488153,26523.23515537701,1.000100010001,0.0,71.19999800000002,41.086094409440946,42.9119,2.0,87,poisson,0.8,349.76503168160764,2.0,11.398204660415649,cliffserve,64
10000,0.0029,177.3379938793012,13882.318748470556,26473.63302868373,27565.62272911563,26467.998590097497,1.001602564102564,0.0,71.19997400000003,36.049720252403844,38.10735000000001,2.0,87,poisson,0.8,349.76503168160764,4.0,22.796409320831298,dense,64
10000,0.0006,177.14390100252209,13944.203190727985,26535.548978600124,27627.508692660027,26529.958863362885,1.0002000400080016,0.032,71.19939300000001,37.44620954190838,39.32315,2.0,87,poisson,0.8,349.76503168160764,4.0,22.796409320831298,static_pomt,64
10000,0.004,177.4415654494024,13849.621964451086,26440.82345911033,27533.004117689277,26435.16126569278,1.0024057738572574,0.16,71.19602200000001,37.93834432638332,40.0975,2.0,87,poisson,0.8,349.76503168160764,4.0,22.796409320831298,decoupled,64
10000,0.004,177.4415654494024,13849.621964451086,26440.82345911033,27533.004117689277,26435.16126569278,1.0024057738572574,0.16,71.19602200000001,41.976078588612665,43.691250000000004,2.0,87,poisson,0.8,349.76503168160764,4.0,22.796409320831298,joint_full,64
10000,0.004,177.4415654494024,13849.621964451086,26440.82345911033,27533.004117689277,26435.16126569278,1.0024057738572574,0.16,71.19602200000001,41.362789695268646,43.073499999999996,2.0,87,poisson,0.8,349.76503168160764,4.0,22.796409320831298,cliffserve,64
10000,0.011,178.07593310408149,13648.64983605982,26239.959485755036,27332.361089468148,26234.315364012786,1.0082677959265982,0.0,71.19989200000002,35.91668219399072,38.06115,2.0,87,poisson,0.8,349.76503168160764,8.0,45.592818641662596,dense,64
10000,0.256,202.04201701090295,6988.435363227681,19578.724138398782,20671.40841811249,19573.03092078747,1.2422360248447204,16.384,70.87800000000003,34.9100751552795,38.924,2.0,87,poisson,0.8,349.76503168160764,8.0,45.592818641662596,static_pomt,64
10000,0.2567,202.16750808453384,6958.07228473514,19547.72346914029,20640.691924707724,19542.100166775937,1.2198097096852891,15.552,70.81456000000001,35.18853952183459,39.35465,2.0,87,poisson,0.8,349.76503168160764,8.0,45.592818641662596,decoupled,64
10000,0.2574,202.24218334070517,6939.989164150652,19529.608513571973,20622.59713025315,19523.95928940987,1.221001221001221,15.648,70.81218600000001,38.87823956043956,43.326499999999996,2.0,87,poisson,0.8,349.76503168160764,8.0,45.592818641662596,joint_full,64
10000,0.2574,202.24218334070517,6939.989164150652,19529.608513571973,20622.59713025315,19523.95928940987,1.221001221001221,15.648,70.81218600000001,38.1245442002442,42.62,2.0,87,poisson,0.8,349.76503168160764,8.0,45.592818641662596,cliffserve,64
10000,0.0359,180.25575064871109,12969.843183917386,25561.03891647641,26653.823957913635,25555.404786761443,1.0285949393128986,0.0,71.19965000000002,36.037889014606044,37.921,2.0,87,poisson,0.8,349.76503168160764,12.0,68.38922796249389,dense,64
10000,0.2615,202.7880616255855,6806.0380501097,19395.954798741954,20488.848832755775,19390.33148684086,1.2503125781445361,16.7232,70.87079700000002,35.117252438109524,38.97534999999999,2.0,87,poisson,0.8,349.76503168160764,12.0,68.38922796249389,static_pomt,64
10000,1.0,350.1408765545585,19.836564885365533,35.770365338783535,46.39028342806967,19.677185887245102,3.5574528637495555,64.032,69.61344400000002,12.17577339025258,15.188,2.0,87,poisson,0.8,349.76503168160764,12.0,68.38922796249389,decoupled,64
10000,1.0,350.14084714354425,19.79954228738916,35.36422470676007,46.85888037191355,18.833374101676593,3.5587188612099645,63.648,69.622506,12.966601423487544,17.903,2.0,87,poisson,0.8,349.76503168160764,12.0,68.38922796249389,joint_full,64
10000,1.0,350.14084714354425,19.79954228738916,35.36422470676007,46.85888037191355,18.833374101676593,3.5587188612099645,63.648,69.622506,10.753005338078292,15.419,2.0,87,poisson,0.8,349.76503168160764,12.0,68.38922796249389,cliffserve,64
10000,0.0003,177.16470790622682,16193.240657203194,30806.8826183784,32082.759951833843,30801.19385831237,1.000100010001,0.0,71.19999800000002,36.13022882288228,38.072,2.0,87,poisson,0.95,415.345975121909,2.0,11.398204660415649,dense,64
10000,0.0001,177.1381041832036,16201.68940865278,30815.354760335686,32091.23996300614,30809.669241856336,1.0,0.0064,71.19987700000003,37.2174211,39.124,2.0,87,poisson,0.95,415.345975121909,2.0,11.398204660415649,static_pomt,64
10000,0.0003,177.16470790622682,16193.240657203194,30806.8826183784,32082.759951833843,30801.19385831237,1.000100010001,0.0,71.19999800000002,37.740841384138406,39.665,2.0,87,poisson,0.95,415.345975121909,2.0,11.398204660415649,decoupled,64
10000,0.0003,177.16470790622682,16193.240657203194,30806.8826183784,32082.759951833843,30801.19385831237,1.000100010001,0.0,71.19999800000002,41.96618811881188,43.8939,2.0,87,poisson,0.95,415.345975121909,2.0,11.398204660415649,joint_full,64
10000,0.0003,177.16470790622682,16193.240657203194,30806.8826183784,32082.759951833843,30801.19385831237,1.000100010001,0.0,71.19999800000002,41.108897589758975,42.3909,2.0,87,poisson,0.95,415.345975121909,2.0,11.398204660415649,cliffserve,64
10000,0.0019,177.27511786498602,16158.129807822701,30771.68105945468,32047.59316660321,30766.025907682182,1.001001001001001,0.0,71.19998400000001,36.253639139139146,38.432,2.0,87,poisson,0.95,415.345975121909,4.0,22.796409320831298,dense,64
10000,0.0005,177.14114904703285,16200.747504584786,30814.389465759992,32090.266799215435,30808.700705693962,1.000100010001,0.0192,71.19963500000001,37.52165026502651,39.5659,2.0,87,poisson,0.95,415.345975121909,4.0,22.796409320831298,static_pomt,64
10000,0.002,177.30117016142066,16149.80863987684,30763.433678888083,32039.407883452535,30757.779669259788,1.001201441730076,0.096,71.19761800000002,37.85010873047658,39.694,2.0,87,poisson,0.95,415.345975121909,4.0,22.796409320831298,decoupled,64
10000,0.002,177.30117016142066,16149.80863987684,30763.433678888083,32039.407883452535,30757.779669259788,1.001201441730076,0.096,71.19761800000002,42.07830786944333,43.88885,2.0,87,poisson,0.95,415.345975121909,4.0,22.796409320831298,joint_full,64
10000,0.002,177.30117016142066,16149.80863987684,30763.433678888083,32039.407883452535,30757.779669259788,1.001201441730076,0.096,71.19761800000002,41.431692831397676,43.3675,2.0,87,poisson,0.95,415.345975121909,4.0,22.796409320831298,cliffserve,64
10000,0.0056,177.61894143320856,16049.29188882589,30662.65505552173,31938.914629553914,30657.046757959128,1.0041168792047395,0.0,71.19994600000003,36.2764272517321,38.322,2.0,87,poisson,0.95,415.345975121909,8.0,45.592818641662596,dense,64
10000,0.0106,178.15412973302648,15879.636445157525,30493.341381739378,31769.5807561723,30487.657053683997,1.0086746015735324,0.672,71.18656100000001,37.36368055275368,39.300650000000005,2.0,87,poisson,0.95,415.345975121909,8.0,45.592818641662596,static_pomt,64
10000,0.0122,178.35629288669926,15815.86185561895,30429.493627523185,31705.741435016753,30423.846589277982,1.0097950116126426,0.896,71.17781600000002,38.00679844491568,39.664899999999996,2.0,87,poisson,0.95,415.345975121909,8.0,45.592818641662596,decoupled,64
10000,0.013,178.45070200114506,15786.286015861031,30399.99397985816,31676.13695852196,30394.381390856506,1.0105092966855296,0.928,71.17702000000001,41.98988884397736,44.21325,2.0,87,poisson,0.95,415.345975121909,8.0,45.592818641662596,joint_full,64
10000,0.013,178.45070200114506,15786.286015861031,30399.99397985816,31676.13695852196,30394.381390856506,1.0105092966855296,0.928,71.17702000000001,41.18601556184317,42.91,2.0,87,poisson,0.95,415.345975121909,8.0,45.592818641662596,cliffserve,64
10000,0.0106,178.08573912363406,15901.208174817559,30514.89863614917,31791.145851101042,30509.24067945361,1.0085728693898135,0.0,71.19989600000002,36.07320181543117,37.94469999999999,2.0,87,poisson,0.95,415.345975121909,12.0,68.38922796249389,dense,64
10000,0.036,180.7729645182829,15066.86125504255,29680.02046830535,30956.86208675301,29674.322370766404,1.0313531353135315,2.304,71.15360000000003,37.005336221122114,39.173,2.0,87,poisson,0.95,415.345975121909,12.0,68.38922796249389,static_pomt,64
10000,0.0459,181.87695629027772,14731.091654459218,29343.104262349592,30621.343652718413,29337.432606313218,1.0387451958034695,3.392,71.11597000000002,37.677537446764305,39.825,2.0,87,poisson,0.95,415.345975121909,12.0,68.38922796249389,decoupled,64
10000,0.2605,207.65786888335757,7906.461259711876,22517.80812715997,23794.526463551774,22512.146370406048,1.2685525815045033,19.392,70.71912000000002,40.22200900672333,43.8529,2.0,87,poisson,0.95,415.345975121909,12.0,68.38922796249389,joint_full,64
10000,0.2605,207.65786888335757,7906.461259711876,22517.80812715997,23794.526463551774,22512.146370406048,1.2685525815045033,19.392,70.71912000000002,39.51420093872891,43.04809999999999,2.0,87,poisson,0.95,415.345975121909,12.0,68.38922796249389,cliffserve,64
10000,0.0002,177.15084563278364,17838.20701794178,33922.5371020079,35332.22276461306,33916.85158352855,1.0,0.0,71.20000000000002,35.09690380000001,37.741499999999995,2.0,87,poisson,1.1,480.9269185622105,2.0,11.398204660415649,dense,64
10000,0.0001,177.1381041832036,17842.267369313544,33926.59745337966,35336.28311598483,33920.911934900316,1.0,0.0064,71.19987700000003,37.553092,39.66405,2.0,87,poisson,1.1,480.9269185622105,2.0,11.398204660415649,static_pomt,64
10000,0.0002,177.15084563278364,17838.20701794178,33922.5371020079,35332.22276461306,33916.85158352855,1.0,0.0,71.20000000000002,37.9474268,39.784,2.0,87,poisson,1.1,480.9269185622105,2.0,11.398204660415649,decoupled,64
10000,0.0002,177.15084563278364,17838.20701794178,33922.5371020079,35332.22276461306,33916.85158352855,1.0,0.0,71.20000000000002,41.9625568,43.91344999999999,2.0,87,poisson,1.1,480.9269185622105,2.0,11.398204660415649,joint_full,64
10000,0.0002,177.15084563278364,17838.20701794178,33922.5371020079,35332.22276461306,33916.85158352855,1.0,0.0,71.20000000000002,41.2830659,43.1215,2.0,87,poisson,1.1,480.9269185622105,2.0,11.398204660415649,cliffserve,64
10000,0.0017,177.27483769262872,17798.795672221488,33883.012904357936,35292.725471441176,33877.35775258544,1.001001001001001,0.0,71.19998400000001,36.17753223223223,38.14695,2.0,87,poisson,1.1,480.9269185622105,4.0,22.796409320831298,dense,64
10000,0.0014,177.24606024036402,17808.01383118183,33892.19341995719,35301.8980067462,33886.53002328875,1.0009008107296566,0.0832,71.19838900000002,37.505457611850666,39.404,2.0,87,poisson,1.1,480.9269185622105,4.0,22.796409320831298,static_pomt,64
10000,0.0018,177.27844018338897,17797.649368090933,33881.86660022738,35291.57916731062,33876.21144845489,1.001001001001001,0.064,71.19840800000003,38.07585925925926,40.140499999999996,2.0,87,poisson,1.1,480.9269185622105,4.0,22.796409320831298,decoupled,64
10000,0.0018,177.27844018338897,17797.649368090933,33881.86660022738,35291.57916731062,33876.21144845489,1.001001001001001,0.064,71.19840800000003,42.075754154154154,43.922,2.0,87,poisson,1.1,480.9269185622105,4.0,22.796409320831298,joint_full,64
10000,0.0018,177.27844018338897,17797.649368090933,33881.86660022738,35291.57916731062,33876.21144845489,1.001001001001001,0.064,71.19840800000003,41.319776376376375,43.34649999999999,2.0,87,poisson,1.1,480.9269185622105,4.0,22.796409320831298,cliffserve,64
10000,0.0044,177.52049589893224,17721.00499872715,33805.22721674445,35215.10593327704,33799.54658954147,1.0033109260559847,0.0,71.19995800000004,36.54283074144677,38.572,2.0,87,poisson,1.1,480.9269185622105,8.0,45.592818641662596,dense,64
10000,0.0057,177.6906173206549,17667.09936766178,33751.08300955298,35161.08831354323,33745.44095366004,1.0046212577858147,0.3648,71.19274100000001,37.59391922845087,39.56815,2.0,87,poisson,1.1,480.9269185622105,8.0,45.592818641662596,static_pomt,64
10000,0.0068,177.79605309376254,17633.552520556754,33717.60719206336,35127.60308801356,33711.94969601634,1.0052271813429836,0.48,71.18811400000001,38.094351125854445,40.196,2.0,87,poisson,1.1,480.9269185622105,8.0,45.592818641662596,decoupled,64
10000,0.0088,178.0232948669186,17561.737320466345,33645.900025916126,35055.84756813708,33640.33073801997,1.0070493454179255,0.64,71.18415400000002,42.06163152064451,43.672,2.0,87,poisson,1.1,480.9269185622105,8.0,45.592818641662596,joint_full,64
10000,0.0088,178.0232948669186,17561.737320466345,33645.900025916126,35055.84756813708,33640.33073801997,1.0070493454179255,0.64,71.18415400000002,41.5030580060423,43.03594999999999,2.0,87,poisson,1.1,480.9269185622105,8.0,45.592818641662596,cliffserve,64
10000,0.0082,177.87489235764718,17608.618906779593,33692.95670886042,35102.893042737865,33687.29673755172,1.0067451927917044,0.0,71.19992000000002,36.214648847276756,38.056,2.0,87,poisson,1.1,480.9269185622105,12.0,68.38922796249389,dense,64
10000,0.011,178.25197783431264,17489.35643677265,33573.57907257083,34983.666291505724,33567.94134478572,1.0094891984655765,0.6976,71.18589300000002,37.28645699576015,39.203,2.0,87,poisson,1.1,480.9269185622105,12.0,68.38922796249389,static_pomt,64
10000,0.0131,178.51409649449354,17406.988392396277,33491.33041265014,34901.31474576655,33485.66861085895,1.011020119300374,0.992,71.17544200000002,37.91293367708017,39.514,2.0,87,poisson,1.1,480.9269185622105,12.0,68.38922796249389,decoupled,64
10000,0.0148,178.72155194329932,17341.92618207485,33426.18444252017,34836.10164017859,33420.484029889136,1.01276078590237,1.12,71.17217800000003,41.88954476402674,43.458650000000006,2.0,87,poisson,1.1,480.9269185622105,12.0,68.38922796249389,joint_full,64
10000,0.0148,178.72155194329932,17341.92618207485,33426.18444252017,34836.10164017859,33420.484029889136,1.01276078590237,1.12,71.17217800000003,41.240962629127004,42.65,2.0,87,poisson,1.1,480.9269185622105,12.0,68.38922796249389,cliffserve,64
10000,0.1949,130.92108927405394,48.025642444870755,175.20186786834333,223.72108778432494,169.55802157107922,1.030502885408079,0.0,71.19940800000002,10.606736397361912,18.46665000000002,2.0,87,onoff,0.3,131.16188688060285,2.0,11.398204660415649,dense,64
10000,0.092,130.90538386624752,55.90133847934703,182.0524728580432,230.43915462864106,176.4150216384845,1.0,4.3712,71.11599100000001,11.430672999999999,21.701,2.0,87,onoff,0.3,131.16188688060285,2.0,11.398204660415649,static_pomt,64
10000,0.1949,130.92108927405394,48.025642444870755,175.20186786834333,223.72108778432494,169.55802157107922,1.030502885408079,0.0,71.19940800000002,12.505052349546578,20.258850000000024,2.0,87,onoff,0.3,131.16188688060285,2.0,11.398204660415649,decoupled,64
10000,0.1949,130.92108927405394,48.025642444870755,175.20186786834333,223.72108778432494,169.55802157107922,1.030502885408079,0.0,71.19940800000002,13.455193734542457,23.219350000000013,2.0,87,onoff,0.3,131.16188688060285,2.0,11.398204660415649,joint_full,64
10000,0.1949,130.92108927405394,48.025642444870755,175.20186786834333,223.72108778432494,169.55802157107922,1.030502885408079,0.0,71.19940800000002,12.828111912613355,23.030850000000104,2.0,87,onoff,0.3,131.16188688060285,2.0,11.398204660415649,cliffserve,64
10000,0.8089,130.9627008453888,12.041537392580722,93.23599501518522,168.26922610275608,87.6310242866895,1.4425851125216387,0.0,71.19459800000003,8.671181332948644,13.255,2.0,87,onoff,0.3,131.16188688060285,4.0,22.796409320831298,dense,64
10000,0.3693,130.94421871017883,40.38404767565953,164.81108176066243,214.28672356972945,159.16386722876396,1.1621150493898895,21.44,70.78965800000002,11.248626728646135,17.963,2.0,87,onoff,0.3,131.16188688060285,4.0,22.796409320831298,static_pomt,64
10000,0.8216,130.96248015398453,11.757878778269514,92.59807910459232,167.62035927814173,86.91974904821276,1.4528548597995061,12.0,70.89901600000002,10.882498910358857,15.159,2.0,87,onoff,0.3,131.16188688060285,4.0,22.796409320831298,decoupled,64
10000,0.8258,130.963244032758,11.734742183603885,91.39483900346258,167.36655582334237,85.77194931783181,1.457938474996355,12.32,70.89110800000003,10.739885989211254,17.232,2.0,87,onoff,0.3,131.16188688060285,4.0,22.796409320831298,joint_full,64
10000,0.8258,130.963244032758,11.734742183603885,91.39483900346258,167.36655582334237,85.77194931783181,1.457938474996355,12.32,70.89110800000003,9.297545560577344,16.48,2.0,87,onoff,0.3,131.16188688060285,4.0,22.796409320831298,cliffserve,64
10000,1.0,131.02613370266621,10.948553046000143,23.11783418435951,32.2908647866211,11.790015776489234,1.7053206002728514,0.0,71.19306200000004,7.704749147339699,10.146649999999994,2.0,87,onoff,0.3,131.16188688060285,8.0,45.592818641662596,dense,64
10000,1.0,131.00818798365933,17.438363776687765,26.86494606187807,31.735037458719418,15.05453796066713,2.167316861725184,64.0,69.969272,8.473169700910274,10.59,2.0,87,onoff,0.3,131.16188688060285,8.0,45.592818641662596,static_pomt,64
10000,1.0,131.02613287912766,10.82753233116091,21.075431755168268,26.56543272883866,11.06016973520809,1.686056314280897,19.168,70.72108600000001,10.070603102343618,12.713,2.0,87,onoff,0.3,131.16188688060285,8.0,45.592818641662596,decoupled,64
10000,1.0,131.02613287912766,10.82753233116091,21.075431755168268,26.56543272883866,11.06016973520809,1.686056314280897,19.168,70.72108600000001,9.495486595852302,14.177,2.0,87,onoff,0.3,131.16188688060285,8.0,45.592818641662596,joint_full,64
10000,1.0,131.02613287912766,10.82753233116091,21.075431755168268,26.56543272883866,11.06016973520809,1.686056314280897,19.168,70.72108600000001,7.818114989040634,11.842500000000001,2.0,87,onoff,0.3,131.16188688060285,8.0,45.592818641662596,cliffserve,64
10000,1.0,131.02615941328227,10.930410356231732,22.93921314928363,32.223841190994584,11.648185984373407,1.7059024223814399,0.0,71.19306200000004,7.764489082224497,10.179,2.0,87,onoff,0.3,131.16188688060285,12.0,68.38922796249389,dense,64
10000,1.0,131.00818798365933,17.438363776687765,26.86494606187807,31.735037458719418,15.05453796066713,2.167316861725184,64.0,69.969272,8.576321846553965,10.63,2.0,87,onoff,0.3,131.16188688060285,12.0,68.38922796249389,static_pomt,64
10000,1.0,131.02613287912766,10.82753233116091,21.075431755168268,26.56543272883866,11.06016973520809,1.686056314280897,19.168,70.72108600000001,10.118445961895127,12.734,2.0,87,onoff,0.3,131.16188688060285,12.0,68.38922796249389,decoupled,64
10000,1.0,131.02613287912766,10.82753233116091,21.075431755168268,26.56543272883866,11.06016973520809,1.686056314280897,19.168,70.72108600000001,9.487346147361322,14.207,2.0,87,onoff,0.3,131.16188688060285,12.0,68.38922796249389,joint_full,64
10000,1.0,131.02613287912766,10.82753233116091,21.075431755168268,26.56543272883866,11.06016973520809,1.686056314280897,19.168,70.72108600000001,7.8730451863092235,11.852,2.0,87,onoff,0.3,131.16188688060285,12.0,68.38922796249389,cliffserve,64
10000,0.0006,177.10239887984778,6443.531919287072,14629.958437980398,15124.511423936792,14624.385948241934,1.000100010001,0.0,71.19999800000002,35.5583098309831,37.31,2.0,87,onoff,0.6,262.3237737612057,2.0,11.398204660415649,dense,64
10000,0.0003,177.07541461572342,6452.092975662576,14638.550273646102,15133.070568152376,14632.872390331015,1.0,0.0192,71.19963100000002,37.0801332,39.124,2.0,87,onoff,0.6,262.3237737612057,2.0,11.398204660415649,static_pomt,64
10000,0.0006,177.10239887984778,6443.531919287072,14629.958437980398,15124.511423936792,14624.385948241934,1.000100010001,0.0,71.19999800000002,37.4832202220222,39.584,2.0,87,onoff,0.6,262.3237737612057,2.0,11.398204660415649,decoupled,64
10000,0.0006,177.10239887984778,6443.531919287072,14629.958437980398,15124.511423936792,14624.385948241934,1.000100010001,0.0,71.19999800000002,41.438610061006095,43.231100000000005,2.0,87,onoff,0.6,262.3237737612057,2.0,11.398204660415649,joint_full,64
10000,0.0006,177.10239887984778,6443.531919287072,14629.958437980398,15124.511423936792,14624.385948241934,1.000100010001,0.0,71.19999800000002,40.818869786978695,42.5009,2.0,87,onoff,0.6,262.3237737612057,2.0,11.398204660415649,cliffserve,64
10000,0.0015,177.17163978846585,6421.6090691550835,14607.947241080985,15102.58675375075,14602.307455338225,1.00080064051241,0.0,71.19998800000002,35.59892283827062,37.46045,2.0,87,onoff,0.6,262.3237737612057,4.0,22.796409320831298,dense,64
10000,0.0014,177.14768041414507,6429.255853460656,14615.579169477209,15110.178772898622,14609.923305286155,1.0007004903432404,0.0896,71.19827400000003,36.846890323226255,38.793,2.0,87,onoff,0.6,262.3237737612057,4.0,22.796409320831298,static_pomt,64
10000,0.0015,177.1752507404402,6420.458733843194,14606.796905769095,15101.43641843886,14601.157120026335,1.00080064051241,0.064,71.198412,37.230467373899124,38.99749999999999,2.0,87,onoff,0.6,262.3237737612057,4.0,22.796409320831298,decoupled,64
10000,0.0015,177.1752507404402,6420.458733843194,14606.796905769095,15101.43641843886,14601.157120026335,1.00080064051241,0.064,71.198412,41.371283426741385,43.59145,2.0,87,onoff,0.6,262.3237737612057,4.0,22.796409320831298,joint_full,64
10000,0.0015,177.1752507404402,6420.458733843194,14606.796905769095,15101.43641843886,14601.157120026335,1.00080064051241,0.064,71.198412,40.611217674139304,42.32349999999999,2.0,87,onoff,0.6,262.3237737612057,4.0,22.796409320831298,cliffserve,64
10000,0.0217,178.60553659680528,5968.167890393468,14154.67210269222,14650.21135116082,14149.00804994354,1.015640869388584,0.0,71.19979800000002,35.37008754824294,37.741,2.0,87,onoff,0.6,262.3237737612057,8.0,45.592818641662596,dense,64
10000,0.0342,179.55268448246667,5672.94099489238,13859.344107676172,14354.239035222874,13853.753229141856,1.026167265264238,2.1696,71.15709900000002,36.455718419702414,39.034,2.0,87,onoff,0.6,262.3237737612057,8.0,45.592818641662596,static_pomt,64
10000,0.049,180.43604656507944,5400.418414918126,13585.689899975363,14081.587348107125,13580.064962488714,1.0360547036883547,3.2,71.12075400000003,36.875783464566936,39.364,2.0,87,onoff,0.6,262.3237737612057,8.0,45.592818641662596,decoupled,64
10000,0.0516,180.55399347537386,5364.467007485569,13549.417728025022,14045.090463007713,13543.775582224433,1.0385294423096896,3.392,71.11600000000003,40.983575033752196,43.602,2.0,87,onoff,0.6,262.3237737612057,8.0,45.592818641662596,joint_full,64
10000,0.0516,180.55399347537386,5364.467007485569,13549.417728025022,14045.090463007713,13543.775582224433,1.0385294423096896,3.392,71.11600000000003,40.392655831342815,42.149,2.0,87,onoff,0.6,262.3237737612057,8.0,45.592818641662596,cliffserve,64
10000,0.0553,180.32800888368536,5433.87377747649,13618.736023527685,14114.698708266045,13613.1019849363,1.0428616122640526,0.0,71.19948800000002,35.413559286682656,37.54200000000001,2.0,87,onoff,0.6,262.3237737612057,12.0,68.38922796249389,dense,64
10000,0.0619,180.74755678244094,5304.466142502964,13489.399398619238,13984.89059707525,13483.739411431852,1.0492078480747036,3.9616,71.12103900000001,36.60665753855839,38.757999999999996,2.0,87,onoff,0.6,262.3237737612057,12.0,68.38922796249389,static_pomt,64
10000,0.0681,181.47484526511542,5082.796801654042,13268.076850849691,13763.06176391485,13262.44439173371,1.0526315789473684,4.512,71.08813000000002,37.093466,38.66399999999998,2.0,87,onoff,0.6,262.3237737612057,12.0,68.38922796249389,decoupled,64
10000,0.0693,181.64221373220167,5032.273777571858,13217.289265853467,13712.20415530088,13211.678796869817,1.054073995994519,4.576,71.08639800000002,40.881844840307785,42.881,2.0,87,onoff,0.6,262.3237737612057,12.0,68.38922796249389,joint_full,64
10000,0.0693,181.64221373220167,5032.273777571858,13217.289265853467,13712.20415530088,13211.678796869817,1.054073995994519,4.576,71.08639800000002,40.15980383682934,41.78529999999999,2.0,87,onoff,0.6,262.3237737612057,12.0,68.38922796249389,cliffserve,64
10000,0.0016,176.7214234186688,15176.304010777416,28186.244188680706,29707.478956699542,28180.65407344347,1.0002000400080016,0.0,71.19999600000001,36.04429415883177,38.162,2.0,87,onoff,0.8,349.76503168160764,2.0,11.398204660415649,dense,64
10000,0.001,176.7080868693156,15180.482091097774,28190.51459540373,29711.69921962278,28184.82907692438,1.0,0.0512,71.19901600000001,37.1017457,39.11444999999999,2.0,87,onoff,0.8,349.76503168160764,2.0,11.398204660415649,static_pomt,64
10000,0.0016,176.7214234186688,15176.304010777416,28186.244188680706,29707.478956699542,28180.65407344347,1.0002000400080016,0.0,71.19999600000001,37.607746049209844,39.544,2.0,87,onoff,0.8,349.76503168160764,2.0,11.398204660415649,decoupled,64
10000,0.0016,176.7214234186688,15176.304010777416,28186.244188680706,29707.478956699542,28180.65407344347,1.0002000400080016,0.0,71.19999600000001,41.83373964792959,43.83434999999999,2.0,87,onoff,0.8,349.76503168160764,2.0,11.398204660415649,joint_full,64
10000,0.0016,176.7214234186688,15176.304010777416,28186.244188680706,29707.478956699542,28180.65407344347,1.0002000400080016,0.0,71.19999600000001,40.8768824764953,42.591499999999996,2.0,87,onoff,0.8,349.76503168160764,2.0,11.398204660415649,cliffserve,64
10000,0.0042,176.76929504231424,15160.883017926159,28170.788680281697,29692.053434672525,28165.15424169546,1.001602564102564,0.0,71.19997400000003,36.10172686298077,38.252,2.0,87,onoff,0.8,349.76503168160764,4.0,22.796409320831298,dense,64
10000,0.004,176.7446083590701,15168.784521489086,28178.690183844625,29699.954938235453,28173.05574525839,1.001602564102564,0.2368,71.19544900000002,37.11512219551282,38.993,2.0,87,onoff,0.8,349.76503168160764,4.0,22.796409320831298,static_pomt,64
10000,0.0042,176.77112310778247,15160.303705840053,28170.235910620748,29691.471857299974,28164.562376227437,1.0015022533800702,0.096,71.197612,37.781018227341015,39.674,2.0,87,onoff,0.8,349.76503168160764,4.0,22.796409320831298,decoupled,64
10000,0.0042,176.77112310778247,15160.303705840053,28170.235910620748,29691.471857299974,28164.562376227437,1.0015022533800702,0.096,71.197612,41.64579749624436,43.722,2.0,87,onoff,0.8,349.76503168160764,4.0,22.796409320831298,joint_full,64
10000,0.0042,176.77112310778247,15160.303705840053,28170.235910620748,29691.471857299974,28164.562376227437,1.0015022533800702,0.096,71.197612,41.132078818227335,43.04899999999999,2.0,87,onoff,0.8,349.76503168160764,4.0,22.796409320831298,cliffserve,64
10000,0.0092,177.1103357403963,15052.11799517149,28061.927872219145,29583.530588994196,28056.226371207293,1.0054293183189222,0.0,71.19993000000002,36.001379549567666,37.961,2.0,87,onoff,0.8,349.76503168160764,8.0,45.592818641662596,dense,64
10000,0.0093,177.12954472122976,15046.05391445631,28055.9814958716,29577.450075087716,28050.309255709704,1.0060362173038229,0.5952,71.18826900000002,37.33196368209256,39.394,2.0,87,onoff,0.8,349.76503168160764,8.0,45.592818641662596,static_pomt,64
10000,0.0098,177.1963744273412,15024.811190560797,28034.748999250984,29556.158939770427,28029.05877190933,1.0059350165979277,0.544,71.18652800000002,37.7264599134896,39.835,2.0,87,onoff,0.8,349.76503168160764,8.0,45.592818641662596,decoupled,64
10000,0.0098,177.1963744273412,15024.811190560797,28034.748999250984,29556.158939770427,28029.05877190933,1.0059350165979277,0.544,71.18652800000002,41.79711477718539,43.712,2.0,87,onoff,0.8,349.76503168160764,8.0,45.592818641662596,joint_full,64
10000,0.0098,177.1963744273412,15024.811190560797,28034.748999250984,29556.158939770427,28029.05877190933,1.0059350165979277,0.544,71.18652800000002,41.00296157328236,42.62,2.0,87,onoff,0.8,349.76503168160764,8.0,45.592818641662596,cliffserve,64
10000,0.0112,177.29563143967977,14993.04735198492,28002.95560299402,29524.341740193537,27997.281745543536,1.0072522159548751,0.0,71.19991,35.897094480257856,37.881,2.0,87,onoff,0.8,349.76503168160764,12.0,68.38922796249389,dense,64
10000,0.0187,178.09830132178396,14738.535654454174,27748.638049044668,29270.116474790742,27742.967429843007,1.0144045445323595,1.184,71.17626900000002,37.17593659971596,38.953,2.0,87,onoff,0.8,349.76503168160764,12.0,68.38922796249389,static_pomt,64
10000,0.0242,178.49767331607566,14613.035930896842,27623.363703118514,29144.760739909474,27617.74561520691,1.0177081213108081,1.6,71.16038600000002,37.72123671890902,39.8125,2.0,87,onoff,0.8,349.76503168160764,12.0,68.38922796249389,decoupled,64
10000,0.0247,178.55950619184145,14593.641624475562,27603.813717471312,29125.34477241165,27598.215990911674,1.0187449062754685,1.632,71.15945000000002,41.860296352893236,43.892250000000004,2.0,87,onoff,0.8,349.76503168160764,12.0,68.38922796249389,joint_full,64
10000,0.0247,178.55950619184145,14593.641624475562,27603.813717471312,29125.34477241165,27598.215990911674,1.0187449062754685,1.632,71.15945000000002,41.134796658516706,42.725,2.0,87,onoff,0.8,349.76503168160764,12.0,68.38922796249389,cliffserve,64
10000,0.0017,176.8949528908681,16253.82688154811,30508.932382091236,31880.217322601085,30503.271445902537,1.0004001600640255,0.0,71.19999200000001,36.09033103241297,38.222,2.0,87,onoff,0.95,415.345975121909,2.0,11.398204660415649,dense,64
10000,0.0007,176.8676699264712,16262.415762563887,30517.661768444726,31888.879266332395,30511.97624996538,1.0,0.0448,71.19913900000002,37.3620005,39.52405,2.0,87,onoff,0.95,415.345975121909,2.0,11.398204660415649,static_pomt,64
10000,0.0017,176.8949528908681,16253.82688154811,30508.932382091236,31880.217322601085,30503.271445902537,1.0004001600640255,0.0,71.19999200000001,37.81027531012405,39.82725000000001,2.0,87,onoff,0.95,415.345975121909,2.0,11.398204660415649,decoupled,64
10000,0.0017,176.8949528908681,16253.82688154811,30508.932382091236,31880.217322601085,30503.271445902537,1.0004001600640255,0.0,71.19999200000001,41.91167466986795,43.642,2.0,87,onoff,0.95,415.345975121909,2.0,11.398204660415649,joint_full,64
10000,0.0017,176.8949528908681,16253.82688154811,30508.932382091236,31880.217322601085,30503.271445902537,1.0004001600640255,0.0,71.19999200000001,41.13995248099239,42.53,2.0,87,onoff,0.95,415.345975121909,2.0,11.398204660415649,cliffserve,64
10000,0.0033,176.9846548901966,16225.039760967436,30480.15892489786,31851.4565529573,30474.524486311624,1.001602564102564,0.0,71.19997600000002,36.1315438701923,38.141,2.0,87,onoff,0.95,415.345975121909,4.0,22.796409320831298,dense,64
10000,0.0033,176.988669409734,16223.76889695758,30478.90608621473,31850.19582843662,30473.24086697931,1.0017028949213662,0.2048,71.19606800000001,37.313869778623655,39.264,2.0,87,onoff,0.95,415.345975121909,4.0,22.796409320831298,static_pomt,64
10000,0.0033,176.9892884934101,16223.560529133025,30478.67969306345,31849.97732112289,30473.045254477212,1.001602564102564,0.128,71.19682400000002,37.85911518429487,39.6925,2.0,87,onoff,0.95,415.345975121909,4.0,22.796409320831298,decoupled,64
10000,0.0033,176.9892884934101,16223.560529133025,30478.67969306345,31849.97732112289,30473.045254477212,1.001602564102564,0.128,71.19682400000002,41.72821364182692,43.201,2.0,87,onoff,0.95,415.345975121909,4.0,22.796409320831298,joint_full,64
10000,0.0033,176.9892884934101,16223.560529133025,30478.67969306345,31849.97732112289,30473.045254477212,1.001602564102564,0.128,71.19682400000002,41.21569701522436,42.89,2.0,87,onoff,0.95,415.345975121909,4.0,22.796409320831298,cliffserve,64
10000,0.0043,177.07318316807508,16196.977440973464,30452.01517926092,31823.503765467412,30446.352985843372,1.0024057738572574,0.0,71.19996600000002,36.38116720128308,38.492,2.0,87,onoff,0.95,415.345975121909,8.0,45.592818641662596,dense,64
10000,0.005,177.1575408623341,16170.225488086882,30425.365600761128,31796.807261375194,30419.740532001208,1.0031096398836392,0.3136,71.19386500000002,37.60263958270639,39.781,2.0,87,onoff,0.95,415.345975121909,8.0,45.592818641662596,static_pomt,64
10000,0.0051,177.17737957770942,16163.905072590056,30419.045185264302,31790.486845878368,30413.42011650438,1.0031096398836392,0.256,71.19365400000002,37.986744006419904,40.156,2.0,87,onoff,0.95,415.345975121909,8.0,45.592818641662596,decoupled,64
10000,0.0051,177.17737957770942,16163.905072590056,30419.045185264302,31790.486845878368,30413.42011650438,1.0031096398836392,0.256,71.19365400000002,41.8836403851941,43.772,2.0,87,onoff,0.95,415.345975121909,8.0,45.592818641662596,joint_full,64
10000,0.0051,177.17737957770942,16163.905072590056,30419.045185264302,31790.486845878368,30413.42011650438,1.0031096398836392,0.256,71.19365400000002,41.3158741097402,42.922000000000004,2.0,87,onoff,0.95,415.345975121909,8.0,45.592818641662596,cliffserve,64
10000,0.0061,177.2428189708903,16143.152690311614,30398.030956252765,31769.640060199505,30392.438447316836,1.0040160642570282,0.0,71.19994800000002,35.94704236947791,37.8015,2.0,87,onoff,0.95,415.345975121909,12.0,68.38922796249389,dense,64
10000,0.0074,177.39846942119658,16093.398994585219,30348.389531787587,31720.020602234606,30342.738213213634,1.0053282396702523,0.4736,71.19059000000001,37.11656228008445,38.993,2.0,87,onoff,0.95,415.345975121909,12.0,68.38922796249389,static_pomt,64
10000,0.0081,177.51787070298911,16055.598368307295,30310.749678572367,31682.192492760427,30305.059451230714,1.0059350165979277,0.512,71.18727200000002,37.577493109345134,39.314,2.0,87,onoff,0.95,415.345975121909,12.0,68.38922796249389,decoupled,64
10000,0.0081,177.51787070298911,16055.598368307295,30310.749678572367,31682.192492760427,30305.059451230714,1.0059350165979277,0.512,71.18727200000002,41.79211377125038,43.262,2.0,87,onoff,0.95,415.345975121909,12.0,68.38922796249389,joint_full,64
10000,0.0081,177.51787070298911,16055.598368307295,30310.749678572367,31682.192492760427,30305.059451230714,1.0059350165979277,0.512,71.18727200000002,41.02437994165576,42.369,2.0,87,onoff,0.95,415.345975121909,12.0,68.38922796249389,cliffserve,64
10000,0.0038,176.57476080957218,17962.340409242686,32755.408313128086,34361.170349129105,32749.7190093008,1.0007004903432404,0.0,71.19998600000001,36.0014248974282,37.981,2.0,87,onoff,1.1,480.9269185622105,2.0,11.398204660415649,dense,64
10000,0.0017,176.54793239357494,17970.745882236537,32764.064520117376,34369.75620687809,32758.379001638026,1.0,0.0832,71.19840100000002,37.17137460000001,39.18305,2.0,87,onoff,1.1,480.9269185622105,2.0,11.398204660415649,static_pomt,64
10000,0.0038,176.57476080957218,17962.340409242686,32755.408313128086,34361.170349129105,32749.7190093008,1.0007004903432404,0.0,71.19998600000001,37.80252106474532,39.895,2.0,87,onoff,1.1,480.9269185622105,2.0,11.398204660415649,decoupled,64
10000,0.0038,176.57476080957218,17962.340409242686,32755.408313128086,34361.170349129105,32749.7190093008,1.0007004903432404,0.0,71.19998600000001,41.76714560192135,43.9624,2.0,87,onoff,1.1,480.9269185622105,2.0,11.398204660415649,joint_full,64
10000,0.0038,176.57476080957218,17962.340409242686,32755.408313128086,34361.170349129105,32749.7190093008,1.0007004903432404,0.0,71.19998600000001,41.10274742319624,43.3414,2.0,87,onoff,1.1,480.9269185622105,2.0,11.398204660415649,cliffserve,64
10000,0.006,176.62279247771926,17946.757321559962,32739.921059676737,34345.78184714165,32734.24982940826,1.0018032458425166,0.0,71.19996800000001,35.72804658385093,37.72049999999999,2.0,87,onoff,1.1,480.9269185622105,4.0,22.796409320831298,dense,64
10000,0.0056,176.59997521152627,17954.078361713466,32747.221157666776,34353.19512683239,32741.585877558322,1.001903616872057,0.3328,71.19364800000002,36.820706642620976,38.893,2.0,87,onoff,1.1,480.9269185622105,4.0,22.796409320831298,static_pomt,64
10000,0.006,176.6242303823612,17946.296393596705,32739.46013171348,34345.32091917839,32733.788901445005,1.0018032458425166,0.064,71.19839200000001,37.53276157082749,39.474,2.0,87,onoff,1.1,480.9269185622105,4.0,22.796409320831298,decoupled,64
10000,0.006,176.6242303823612,17946.296393596705,32739.46013171348,34345.32091917839,32733.788901445005,1.0018032458425166,0.064,71.19839200000001,41.58284982969345,42.971,2.0,87,onoff,1.1,480.9269185622105,4.0,22.796409320831298,joint_full,64
10000,0.006,176.6242303823612,17946.296393596705,32739.46013171348,34345.32091917839,32733.788901445005,1.0018032458425166,0.064,71.19839200000001,40.8960464836706,42.568549999999995,2.0,87,onoff,1.1,480.9269185622105,4.0,22.796409320831298,cliffserve,64
10000,0.0082,176.7801669433547,17896.672840559062,32689.846364304158,34295.750395606425,32684.17655293617,1.0035122930255895,0.0,71.19994600000003,35.979409734069236,38.201,2.0,87,onoff,1.1,480.9269185622105,8.0,45.592818641662596,dense,64
10000,0.0084,176.80362667625286,17889.278984987315,32682.290436598392,34288.40049701061,32676.625155135724,1.004217714400482,0.5248,71.18979800000002,37.21357451295441,39.474,2.0,87,onoff,1.1,480.9269185622105,8.0,45.592818641662596,static_pomt,64
10000,0.0153,177.45256568737852,17681.880121433314,32475.208950754735,34081.30634309139,32469.582947751613,1.0088781275221954,0.704,71.18254600000002,37.7788820621469,40.145,2.0,87,onoff,1.1,480.9269185622105,8.0,45.592818641662596,decoupled,64
10000,0.0156,177.50319988763118,17665.848650180873,32459.090225288004,34065.13369374123,32453.429183742137,1.0092854259184498,0.736,71.18175400000003,41.90902371820751,44.71365,2.0,87,onoff,1.1,480.9269185622105,8.0,45.592818641662596,joint_full,64
10000,0.0156,177.50319988763118,17665.848650180873,32459.090225288004,34065.13369374123,32453.429183742137,1.0092854259184498,0.736,71.18175400000003,41.16998788857489,43.791499999999985,2.0,87,onoff,1.1,480.9269185622105,8.0,45.592818641662596,cliffserve,64
10000,0.0194,177.46671759526453,17677.507243492415,32470.709732782212,34076.78294644226,32465.132515107955,1.0119409026512851,0.0,71.19984600000002,36.02580692167577,38.262,2.0,87,onoff,1.1,480.9269185622105,12.0,68.38922796249389,dense,64
10000,0.0208,177.591890223555,17637.677725412657,32430.93670335945,34037.06593117584,32425.29569195446,1.013993104846887,1.3248,71.17376300000001,37.0012254106672,39.034,2.0,87,onoff,1.1,480.9269185622105,12.0,68.38922796249389,static_pomt,64
10000,0.0222,177.7061271481452,17601.498777963927,32394.72736698326,34000.82168272843,32389.063195859755,1.0138902970698571,1.088,71.172936,37.618931562404946,39.592999999999996,2.0,87,onoff,1.1,480.9269185622105,12.0,68.38922796249389,decoupled,64
10000,0.0226,177.77345238452978,17580.114824392607,32373.474829637373,33979.39055080761,32367.851791130866,1.0146103896103895,1.152,71.17126,41.687672686688316,43.704499999999996,2.0,87,onoff,1.1,480.9269185622105,12.0,68.38922796249389,joint_full,64
10000,0.0226,177.77345238452978,17580.114824392607,32373.474829637373,33979.39055080761,32367.851791130866,1.0146103896103895,1.152,71.17126,41.07784303977273,43.1935,2.0,87,onoff,1.1,480.9269185622105,12.0,68.38922796249389,cliffserve,64
10000,0.6762,130.6537072066693,9.299563834032597,31.090216887965962,52.53009534472047,25.466262652430352,1.101442890186144,0.0,71.19815800000002,7.3246055733010245,8.836,2.0,88,poisson,0.3,131.16188688060285,2.0,11.398204660415649,dense,64
10000,0.3101,130.65148459661592,15.2606951636335,38.7288577928668,58.825218427126295,33.106079791907526,1.0,11.104,70.98659500000002,7.649976700000001,9.378,2.0,88,poisson,0.3,131.16188688060285,2.0,11.398204660415649,static_pomt,64
10000,0.6762,130.6537072066693,9.299563834032597,31.090216887965962,52.53009534472047,25.466262652430352,1.101442890186144,0.0,71.19815800000002,9.380500275360722,10.851,2.0,88,poisson,0.3,131.16188688060285,2.0,11.398204660415649,decoupled,64
10000,0.6762,130.6537072066693,9.299563834032597,31.090216887965962,52.53009534472047,25.466262652430352,1.101442890186144,0.0,71.19815800000002,8.551435180085912,11.682,2.0,88,poisson,0.3,131.16188688060285,2.0,11.398204660415649,joint_full,64
10000,0.6762,130.6537072066693,9.299563834032597,31.090216887965962,52.53009534472047,25.466262652430352,1.101442890186144,0.0,71.19815800000002,7.7234955391562945,10.93,2.0,88,poisson,0.3,131.16188688060285,2.0,11.398204660415649,cliffserve,64
10000,0.9958,130.65376199566475,7.919968128204346,14.538253476630956,18.72215880417258,6.893817205464802,1.2825445684237526,0.0,71.19577200000002,7.267301013210209,8.667,2.0,88,poisson,0.3,131.16188688060285,4.0,22.796409320831298,dense,64
10000,0.9063,130.63955320457086,16.109940351132707,30.572174924072133,51.76613607807913,24.973537807264062,1.4206563432305725,54.4512,70.160864,7.919558033811621,10.45,2.0,88,poisson,0.3,131.16188688060285,4.0,22.796409320831298,static_pomt,64
10000,0.9963,130.65372922075355,7.922752141952515,14.310287755654278,18.325860343280443,6.867775751703448,1.2830382345393894,2.848,71.12563400000003,9.456572235052604,11.121,2.0,88,poisson,0.3,131.16188688060285,4.0,22.796409320831298,decoupled,64
10000,0.997,130.65395422229486,7.917952060699463,14.292308211312228,18.125387863789584,6.839944356609156,1.2845215157353886,2.944,71.12325800000004,8.43940333975594,11.09,2.0,88,poisson,0.3,131.16188688060285,4.0,22.796409320831298,joint_full,64
10000,0.997,130.65395422229486,7.917952060699463,14.292308211312228,18.125387863789584,6.839944356609156,1.2845215157353886,2.944,71.12325800000004,6.963607964033397,8.977,2.0,88,poisson,0.3,131.16188688060285,4.0,22.796409320831298,cliffserve,64
10000,1.0,130.6537571882969,7.917512214909948,14.371263105580145,17.95062473855571,6.761645494390904,1.2874983906270117,0.0,71.19573400000003,7.139909746362817,8.547,2.0,88,poisson,0.3,131.16188688060285,8.0,45.592818641662596,dense,64
10000,1.0,130.64112865811686,15.381499192006004,22.71197152576841,26.44402278968673,12.222284639219287,1.5895724050230489,64.0,69.97823600000001,7.86755682721348,10.4245,2.0,88,poisson,0.3,131.16188688060285,8.0,45.592818641662596,static_pomt,64
10000,1.0,130.6537529279241,7.913568019866943,14.166121379471587,17.562086391415942,6.70594740790875,1.2871669455528383,3.2,71.11693800000003,9.534195649375723,11.181,2.0,88,poisson,0.3,131.16188688060285,8.0,45.592818641662596,decoupled,64
10000,1.0,130.6537529279241,7.913568019866943,14.166121379471587,17.562086391415942,6.70594740790875,1.2871669455528383,3.2,71.11693800000003,8.455438409061655,11.071,2.0,88,poisson,0.3,131.16188688060285,8.0,45.592818641662596,joint_full,64
10000,1.0,130.6537529279241,7.913568019866943,14.166121379471587,17.562086391415942,6.70594740790875,1.2871669455528383,3.2,71.11693800000003,7.028822499678208,9.047,2.0,88,poisson,0.3,131.16188688060285,8.0,45.592818641662596,cliffserve,64
10000,1.0,130.6537571882969,7.917512214909948,14.371263105580145,17.95062473855571,6.761645494390904,1.2874983906270117,0.0,71.19573400000003,7.207520278099652,8.646700000000001,2.0,88,poisson,0.3,131.16188688060285,12.0,68.38922796249389,dense,64
10000,1.0,130.64112865811686,15.381499192006004,22.71197152576841,26.44402278968673,12.222284639219287,1.5895724050230489,64.0,69.97823600000001,7.883814655857574,10.42,2.0,88,poisson,0.3,131.16188688060285,12.0,68.38922796249389,static_pomt,64
10000,1.0,130.6537529279241,7.913568019866943,14.166121379471587,17.562086391415942,6.70594740790875,1.2871669455528383,3.2,71.11693800000003,9.536334663405844,11.201,2.0,88,poisson,0.3,131.16188688060285,12.0,68.38922796249389,decoupled,64
10000,1.0,130.6537529279241,7.913568019866943,14.166121379471587,17.562086391415942,6.70594740790875,1.2871669455528383,3.2,71.11693800000003,8.410580126142362,11.081,2.0,88,poisson,0.3,131.16188688060285,12.0,68.38922796249389,joint_full,64
10000,1.0,130.6537529279241,7.913568019866943,14.166121379471587,17.562086391415942,6.70594740790875,1.2871669455528383,3.2,71.11693800000003,6.96114918264899,9.007,2.0,88,poisson,0.3,131.16188688060285,12.0,68.38922796249389,cliffserve,64
10000,0.0003,177.13285732170945,8725.639722254718,17200.717297367704,18016.024292361464,17195.055420665394,1.0,0.0,71.20000000000002,35.815888,37.981,2.0,88,poisson,0.6,262.3237737612057,2.0,11.398204660415649,dense,64
10000,0.0002,177.11984590336007,8729.786953833545,17204.86452894653,18020.17152394029,17199.20265224422,1.0,0.0128,71.19975400000003,37.0333068,39.04444999999999,2.0,88,poisson,0.6,262.3237737612057,2.0,11.398204660415649,static_pomt,64
10000,0.0003,177.13285732170945,8725.639722254718,17200.717297367704,18016.024292361464,17195.055420665394,1.0,0.0,71.20000000000002,37.5404638,39.654,2.0,88,poisson,0.6,262.3237737612057,2.0,11.398204660415649,decoupled,64
10000,0.0003,177.13285732170945,8725.639722254718,17200.717297367704,18016.024292361464,17195.055420665394,1.0,0.0,71.20000000000002,41.5278082,43.582999999999984,2.0,88,poisson,0.6,262.3237737612057,2.0,11.398204660415649,joint_full,64
10000,0.0003,177.13285732170945,8725.639722254718,17200.717297367704,18016.024292361464,17195.055420665394,1.0,0.0,71.20000000000002,40.9557462,42.93144999999999,2.0,88,poisson,0.6,262.3237737612057,2.0,11.398204660415649,cliffserve,64
10000,0.001,177.19487317950214,8705.785849717106,17180.810711626662,17996.14608041021,17175.185511437914,1.0005002501250626,0.0,71.19999200000001,35.8631171585793,37.971,2.0,88,poisson,0.6,262.3237737612057,4.0,22.796409320831298,dense,64
10000,0.0007,177.1544782104849,8718.641929533924,17193.626029734267,18008.96983919832,17187.97144430126,1.000300090027008,0.0384,71.19925800000003,36.94186065819747,38.91699999999997,2.0,88,poisson,0.6,262.3237737612057,4.0,22.796409320831298,static_pomt,64
10000,0.0011,177.20447074149172,8702.719962265934,17177.751272050402,17993.07652848455,17172.053397027514,1.0006003602161297,0.064,71.19841600000001,37.679560336201725,39.695,2.0,88,poisson,0.6,262.3237737612057,4.0,22.796409320831298,decoupled,64
10000,0.0011,177.20447074149172,8702.719962265934,17177.751272050402,17993.07652848455,17172.053397027514,1.0006003602161297,0.064,71.19841600000001,41.67779887932759,43.6055,2.0,88,poisson,0.6,262.3237737612057,4.0,22.796409320831298,joint_full,64
10000,0.0011,177.20447074149172,8702.719962265934,17177.751272050402,17993.07652848455,17172.053397027514,1.0006003602161297,0.064,71.19841600000001,40.892617970782474,42.5135,2.0,88,poisson,0.6,262.3237737612057,4.0,22.796409320831298,cliffserve,64
10000,0.8883,247.8408939990898,14.327527955729238,1094.5188688802332,1909.6415895134473,1088.8227586555092,1.9051247856734617,0.0,71.19249400000002,13.397741093541628,35.066,2.0,88,poisson,0.6,262.3237737612057,8.0,45.592818641662596,dense,64
10000,0.9313,252.77533697485896,19.472331599288964,305.9787845536584,1121.4506398293645,300.3453249969696,2.556237218813906,59.5968,70.049372,13.078897239263803,35.972049999999996,2.0,88,poisson,0.6,262.3237737612057,8.0,45.592818641662596,static_pomt,64
10000,1.0,261.26374815182766,12.77448185810681,23.99092005551043,29.790091622406838,12.623713724564094,2.0968756552736423,32.352,70.39497800000001,10.688668274271336,12.854,2.0,88,poisson,0.6,262.3237737612057,8.0,45.592818641662596,decoupled,64
10000,1.0,261.26374815182766,12.77448185810681,23.978380740174632,29.805343627210615,12.603234021259594,2.0968756552736423,32.352,70.39498000000002,10.487476200461314,14.297,2.0,88,poisson,0.6,262.3237737612057,8.0,45.592818641662596,joint_full,64
10000,1.0,261.26374815182766,12.77448185810681,23.978380740174632,29.805343627210615,12.603234021259594,2.0968756552736423,32.352,70.39498000000002,8.616432375760118,11.922,2.0,88,poisson,0.6,262.3237737612057,8.0,45.592818641662596,cliffserve,64
10000,1.0,261.25948187084776,13.467029869016187,29.0385676245849,40.10436058688826,14.664370527617027,2.1691973969631237,0.0,71.19153600000004,8.337898264642082,10.299,2.0,88,poisson,0.6,262.3237737612057,12.0,68.38922796249389,dense,64
10000,1.0,261.21780787504923,19.069418467325022,28.77039791865336,34.98202207569237,16.463019769384843,2.895193977996526,64.0,69.964104,9.432570932252462,10.83415,2.0,88,poisson,0.6,262.3237737612057,12.0,68.38922796249389,static_pomt,64
10000,1.0,261.26374815182766,12.77448185810681,23.978380740174632,29.805343627210615,12.603234021259594,2.0968756552736423,32.352,70.39498000000002,10.727084084713779,12.900399999999994,2.0,88,poisson,0.6,262.3237737612057,12.0,68.38922796249389,decoupled,64
10000,1.0,261.26374815182766,12.77448185810681,23.978380740174632,29.805343627210615,12.603234021259594,2.0968756552736423,32.352,70.39498000000002,10.531704969595303,14.387,2.0,88,poisson,0.6,262.3237737612057,12.0,68.38922796249389,joint_full,64
10000,1.0,261.26374815182766,12.77448185810681,23.978380740174632,29.805343627210615,12.603234021259594,2.0968756552736423,32.352,70.39498000000002,8.634166701614594,11.953,2.0,88,poisson,0.6,262.3237737612057,12.0,68.38922796249389,cliffserve,64
10000,0.0003,177.1408042502438,13595.759275792894,26292.535847077936,27485.114697281853,26286.87819748935,1.0,0.0,71.20000000000002,36.146374300000005,37.941050000000004,2.0,88,poisson,0.8,349.76503168160764,2.0,11.398204660415649,dense,64
10000,0.0002,177.13398515203195,13597.932509537208,26294.709080822246,27487.287931026163,26289.05143123366,1.0,0.0064,71.19987700000003,37.38733890000001,39.464,2.0,88,poisson,0.8,349.76503168160764,2.0,11.398204660415649,static_pomt,64
10000,0.0003,177.1408042502438,13595.759275792894,26292.535847077936,27485.114697281853,26286.87819748935,1.0,0.0,71.20000000000002,37.842486799999996,39.85549999999999,2.0,88,poisson,0.8,349.76503168160764,2.0,11.398204660415649,decoupled,64
10000,0.0003,177.1408042502438,13595.759275792894,26292.535847077936,27485.114697281853,26286.87819748935,1.0,0.0,71.20000000000002,41.915471600000004,43.452,2.0,88,poisson,0.8,349.76503168160764,2.0,11.398204660415649,joint_full,64
10000,0.0003,177.1408042502438,13595.759275792894,26292.535847077936,27485.114697281853,26286.87819748935,1.0,0.0,71.20000000000002,41.438730799999995,43.42244999999999,2.0,88,poisson,0.8,349.76503168160764,2.0,11.398204660415649,cliffserve,64
10000,0.0008,177.1890479554651,13580.39617144948,26277.01703594741,27469.721254856126,26271.370080552664,1.0004001600640255,0.0,71.19999400000002,35.97424379751901,37.884249999999994,2.0,88,poisson,0.8,349.76503168160764,4.0,22.796409320831298,dense,64
10000,0.0005,177.13924299885022,13596.210012789237,26292.866049868837,27485.53398151273,26287.209081990495,1.0002000400080016,0.032,71.19939300000001,37.094883076615325,38.993,2.0,88,poisson,0.8,349.76503168160764,4.0,22.796409320831298,static_pomt,64
10000,0.0008,177.1903715182431,13579.97460353261,26276.59546803054,27469.299686939255,26270.948512635794,1.0004001600640255,0.032,71.19920600000003,37.766589835934376,39.864,2.0,88,poisson,0.8,349.76503168160764,4.0,22.796409320831298,decoupled,64
10000,0.0008,177.1903715182431,13579.97460353261,26276.59546803054,27469.299686939255,26270.948512635794,1.0004001600640255,0.032,71.19920600000003,41.86029831932773,43.987,2.0,88,poisson,0.8,349.76503168160764,4.0,22.796409320831298,joint_full,64
10000,0.0008,177.1903715182431,13579.97460353261,26276.59546803054,27469.299686939255,26270.948512635794,1.0004001600640255,0.032,71.19920600000003,41.230809323729495,43.241,2.0,88,poisson,0.8,349.76503168160764,4.0,22.796409320831298,cliffserve,64
10000,0.0101,178.01790088895868,13317.712582229433,26013.96056779441,27206.468670517937,26008.396660791008,1.0079629069650238,0.0,71.19990200000002,36.18271101703457,38.362,2.0,88,poisson,0.8,349.76503168160764,8.0,45.592818641662596,dense,64
10000,0.1963,194.79755852419586,8476.862716309017,21175.32897618124,22368.373772549294,21169.671304348205,1.1715089034676665,12.5568,70.95423000000002,35.67272223523899,39.21325,2.0,88,poisson,0.8,349.76503168160764,8.0,45.592818641662596,static_pomt,64
10000,0.2491,200.6656005001168,6976.042715523687,19674.627434310667,20867.21635001294,19668.983858117812,1.2065637065637065,14.752,70.83434800000002,35.1757804054054,39.594,2.0,88,poisson,0.8,349.76503168160764,8.0,45.592818641662596,decoupled,64
10000,0.4062,219.787824281657,2637.6494372517664,15337.992297532546,16530.821437052644,15332.347187235342,1.392757660167131,24.384,70.59563800000001,36.615987325905294,43.582449999999994,2.0,88,poisson,0.8,349.76503168160764,8.0,45.592818641662596,joint_full,64
10000,0.4062,219.787824281657,2637.6494372517664,15337.992297532546,16530.821437052644,15332.347187235342,1.392757660167131,24.384,70.59563800000001,35.7259426183844,42.409,2.0,88,poisson,0.8,349.76503168160764,8.0,45.592818641662596,cliffserve,64
10000,0.4054,219.56859030431008,2683.8288312584955,15383.958172895895,16577.096398900903,15378.278868725287,1.4450867052023122,0.0,71.19602600000002,32.13484696531792,37.54054999999999,2.0,88,poisson,0.8,349.76503168160764,12.0,68.38922796249389,dense,64
10000,1.0,348.1506858392705,23.56526052981826,42.01806339253329,53.64553496709427,22.877422354407823,4.428697962798937,64.0,69.937432,10.642509743135518,12.79635,2.0,88,poisson,0.8,349.76503168160764,12.0,68.38922796249389,static_pomt,64
10000,1.0,348.211901192694,19.6987105959779,35.05359873402813,43.84340051466589,18.780490740478307,3.4904013961605584,62.432,69.65281,12.140702966841188,15.258,2.0,88,poisson,0.8,349.76503168160764,12.0,68.38922796249389,decoupled,64
10000,1.0,348.211901192694,19.695542858602494,35.048758818372335,44.09191929413788,18.63124109354494,3.4904013961605584,62.368,69.65429,12.977407329842931,17.891199999999998,2.0,88,poisson,0.8,349.76503168160764,12.0,68.38922796249389,joint_full,64
10000,1.0,348.211901192694,19.695542858602494,35.048758818372335,44.09191929413788,18.63124109354494,3.4904013961605584,62.368,69.65429,10.686884467713787,15.446999999999997,2.0,88,poisson,0.8,349.76503168160764,12.0,68.38922796249389,cliffserve,64
10000,0.0003,177.14456883369965,15905.301220905774,30607.83265111286,31968.561137434364,30602.175001524276,1.0,0.0,71.20000000000002,36.3640865,38.172,2.0,88,poisson,0.95,415.345975121909,2.0,11.398204660415649,dense,64
10000,0.0002,177.13398515203195,15908.674148619011,30611.2055788261,31971.9340651476,30605.547929237513,1.0,0.0064,71.19987700000003,37.45270109999999,39.46405,2.0,88,poisson,0.95,415.345975121909,2.0,11.398204660415649,static_pomt,64
10000,0.0003,177.14456883369965,15905.301220905774,30607.83265111286,31968.561137434364,30602.175001524276,1.0,0.0,71.20000000000002,37.990004,39.84405,2.0,88,poisson,0.95,415.345975121909,2.0,11.398204660415649,decoupled,64
10000,0.0003,177.14456883369965,15905.301220905774,30607.83265111286,31968.561137434364,30602.175001524276,1.0,0.0,71.20000000000002,42.00073609999999,44.002,2.0,88,poisson,0.95,415.345975121909,2.0,11.398204660415649,joint_full,64
10000,0.0003,177.14456883369965,15905.301220905774,30607.83265111286,31968.561137434364,30602.175001524276,1.0,0.0,71.20000000000002,41.507587,43.241,2.0,88,poisson,0.95,415.345975121909,2.0,11.398204660415649,cliffserve,64
10000,0.0008,177.1928145897654,15889.95430876016,30592.31383998234,31953.167695008637,30586.666884587594,1.0004001600640255,0.0,71.19999400000002,36.080618847539014,38.22125,2.0,88,poisson,0.95,415.345975121909,4.0,22.796409320831298,dense,64
10000,0.0006,177.15652695350755,15901.451684534386,30603.83540463272,31964.652441035472,30598.18612778011,1.000300090027008,0.0384,71.19925800000003,37.16764439331799,39.1932,2.0,88,poisson,0.95,415.345975121909,4.0,22.796409320831298,static_pomt,64
10000,0.0008,177.19413820881604,15889.53274084329,30591.89227206547,31952.746127091767,30586.245316670724,1.0004001600640255,0.032,71.19920600000003,37.756608243297315,39.64725,2.0,88,poisson,0.95,415.345975121909,4.0,22.796409320831298,decoupled,64
10000,0.0008,177.19413820881604,15889.53274084329,30591.89227206547,31952.746127091767,30586.245316670724,1.0004001600640255,0.032,71.19920600000003,41.8504424769908,43.236000000000004,2.0,88,poisson,0.95,415.345975121909,4.0,22.796409320831298,joint_full,64
10000,0.0008,177.19413820881604,15889.53274084329,30591.89227206547,31952.746127091767,30586.245316670724,1.0004001600640255,0.032,71.19920600000003,41.35488675470189,43.5135,2.0,88,poisson,0.95,415.345975121909,4.0,22.796409320831298,cliffserve,64
10000,0.0041,177.47925922649318,15798.507956755155,30500.587892006228,31861.547662636163,30494.920527432747,1.0030090270812437,0.0,71.19996200000001,36.360473119358076,38.432,2.0,88,poisson,0.95,415.345975121909,8.0,45.592818641662596,dense,64
10000,0.0071,177.81677052400718,15691.862644254998,30393.831020091206,31754.837630745136,30388.2666713697,1.0057326762546515,0.4416,71.19115700000003,37.40402514331691,39.524,2.0,88,poisson,0.95,415.345975121909,8.0,45.592818641662596,static_pomt,64
10000,0.0096,178.09384233821743,15604.543588888639,30306.5385597213,31667.186258431793,30300.870014189073,1.007759750075582,0.736,71.18178200000003,38.14131220397058,40.436,2.0,88,poisson,0.95,415.345975121909,8.0,45.592818641662596,decoupled,64
10000,0.1594,194.02972175798106,10990.938211049674,25694.900734901854,27055.82097885466,25689.2141078238,1.1437721605856113,11.744,70.90922600000002,41.02690300812078,43.99099999999999,2.0,88,poisson,0.95,415.345975121909,8.0,45.592818641662596,joint_full,64
10000,0.1594,194.02972175798106,10990.938211049674,25694.900734901854,27055.82097885466,25689.2141078238,1.1437721605856113,11.744,70.90922600000002,40.264049410957334,43.3101,2.0,88,poisson,0.95,415.345975121909,8.0,45.592818641662596,cliffserve,64
10000,0.0087,177.90151509462302,15665.07542754411,30367.11964328129,31728.013180362108,30361.44781462986,1.006947940791461,0.0,71.19991600000002,36.09357959923472,38.067,2.0,88,poisson,0.95,415.345975121909,12.0,68.38922796249389,dense,64
10000,0.4057,229.08353973778569,3102.1828394951563,17809.50991038542,19169.69659497295,17803.85274392824,1.5167602002123464,25.9584,70.67881200000001,34.7592833308054,38.692,2.0,88,poisson,0.95,415.345975121909,12.0,68.38922796249389,static_pomt,64
10000,0.4124,230.28046056666037,2875.322688770636,17582.464348732174,18942.94644363808,17576.858976136387,1.498800959232614,30.976,70.43278000000002,34.98639433453237,39.764450000000004,2.0,88,poisson,0.95,415.345975121909,12.0,68.38922796249389,decoupled,64
10000,0.4249,232.7067008803891,2422.604320001944,17130.33342596167,18489.86964444565,17124.713152490793,1.525320317266626,31.936,70.40872800000002,38.70020713849908,43.8645,2.0,88,poisson,0.95,415.345975121909,12.0,68.38922796249389,joint_full,64
10000,0.4249,232.7067008803891,2422.604320001944,17130.33342596167,18489.86964444565,17124.713152490793,1.525320317266626,31.936,70.40872800000002,37.71209045149482,43.101,2.0,88,poisson,0.95,415.345975121909,12.0,68.38922796249389,cliffserve,64
10000,0.0003,177.1469650066271,17585.19380967982,33746.33924786684,35229.35837863751,33740.68159827826,1.0,0.0,71.20000000000002,36.3852743,38.31105,2.0,88,poisson,1.1,480.9269185622105,2.0,11.398204660415649,dense,64
10000,0.0002,177.13398515203195,17589.330321005655,33750.475759192675,35233.494889963345,33744.81810960409,1.0,0.0064,71.19987700000003,37.491877900000006,39.504,2.0,88,poisson,1.1,480.9269185622105,2.0,11.398204660415649,static_pomt,64
10000,0.0003,177.1469650066271,17585.19380967982,33746.33924786684,35229.35837863751,33740.68159827826,1.0,0.0,71.20000000000002,37.9758694,39.92549999999999,2.0,88,poisson,1.1,480.9269185622105,2.0,11.398204660415649,decoupled,64
10000,0.0003,177.1469650066271,17585.19380967982,33746.33924786684,35229.35837863751,33740.68159827826,1.0,0.0,71.20000000000002,42.06628770000001,44.043,2.0,88,poisson,1.1,480.9269185622105,2.0,11.398204660415649,joint_full,64
10000,0.0003,177.1469650066271,17585.19380967982,33746.33924786684,35229.35837863751,33740.68159827826,1.0,0.0,71.20000000000002,41.4505698,43.982499999999995,2.0,88,poisson,1.1,480.9269185622105,2.0,11.398204660415649,cliffserve,64
10000,0.0008,177.1952120680865,17569.846897534204,33730.820436736314,35213.96493621178,33725.17348134157,1.0004001600640255,0.0,71.19999400000002,36.190913265306115,38.242,2.0,88,poisson,1.1,480.9269185622105,4.0,22.796409320831298,dense,64
10000,0.0006,177.1698228995314,17577.871697119546,33738.86942519781,35221.97710604973,33733.2201483452,1.000300090027008,0.032,71.19938100000003,37.577188256476944,39.6342,2.0,88,poisson,1.1,480.9269185622105,4.0,22.796409320831298,static_pomt,64
10000,0.0008,177.1965357229556,17569.425329617334,33730.398868819444,35213.54336829491,33724.7519134247,1.0004001600640255,0.032,71.19920600000003,37.83701910764306,40.02525,2.0,88,poisson,1.1,480.9269185622105,4.0,22.796409320831298,decoupled,64
10000,0.0008,177.1965357229556,17569.425329617334,33730.398868819444,35213.54336829491,33724.7519134247,1.0004001600640255,0.032,71.19920600000003,41.81718077230892,44.13525,2.0,88,poisson,1.1,480.9269185622105,4.0,22.796409320831298,joint_full,64
10000,0.0008,177.1965357229556,17569.425329617334,33730.398868819444,35213.54336829491,33724.7519134247,1.0004001600640255,0.032,71.19920600000003,41.433132953181264,43.191,2.0,88,poisson,1.1,480.9269185622105,4.0,22.796409320831298,cliffserve,64
10000,0.0028,177.37796433694012,17511.482849053216,33672.316851302356,35155.53557504483,33666.59865758059,1.002104419280489,0.0,71.19997400000003,36.28787383505361,38.131,2.0,88,poisson,1.1,480.9269185622105,8.0,45.592818641662596,dense,64
10000,0.0043,177.53957090395758,17460.035889319253,33620.64868247148,35103.882967556194,33615.010428019734,1.0034115994380894,0.2624,71.19472500000002,37.33912050973309,39.344,2.0,88,poisson,1.1,480.9269185622105,8.0,45.592818641662596,static_pomt,64
10000,0.0052,177.65154095847205,17424.540625504327,33585.0891087496,35068.291279209334,33579.46050254938,1.0041168792047395,0.384,71.19049400000002,37.96405181243097,39.955,2.0,88,poisson,1.1,480.9269185622105,8.0,45.592818641662596,decoupled,64
10000,0.0058,177.74051177238206,17396.47563331492,33557.142494841784,35040.469417322354,33551.50945000288,1.004823151125402,0.448,71.18891200000002,42.02219845257235,44.092,2.0,88,poisson,1.1,480.9269185622105,8.0,45.592818641662596,joint_full,64
10000,0.0058,177.74051177238206,17396.47563331492,33557.142494841784,35040.469417322354,33551.50945000288,1.004823151125402,0.448,71.18891200000002,41.50075291398714,44.00704999999999,2.0,88,poisson,1.1,480.9269185622105,8.0,45.592818641662596,cliffserve,64
10000,0.0056,177.63622691210406,17429.534912279916,33590.050111242504,35073.40337728806,33584.352610584465,1.0045203415369162,0.0,71.19994600000003,36.44099276745354,38.512,2.0,88,poisson,1.1,480.9269185622105,12.0,68.38922796249389,dense,64
10000,0.0104,178.1842390032566,17256.817852667642,33417.29110862848,34900.18772827931,33411.59577741262,1.0088781275221954,0.6592,71.186659,37.50597134786118,39.584450000000004,2.0,88,poisson,1.1,480.9269185622105,12.0,68.38922796249389,static_pomt,64
10000,0.0956,187.85060222853582,14367.440328940273,30529.734611941596,32012.782783330207,30524.099555779718,1.088850174216028,7.424,71.01613600000002,37.59757295296168,39.714,2.0,88,poisson,1.1,480.9269185622105,12.0,68.38922796249389,decoupled,64
10000,0.2229,204.9070536982088,9935.058249882528,26097.846634908885,27582.021263850405,26092.2769277775,1.242544731610338,17.632,70.761812,41.082220800198805,43.922,2.0,88,poisson,1.1,480.9269185622105,12.0,68.38922796249389,joint_full,64
10000,0.2229,204.9070536982088,9935.058249882528,26097.846634908885,27582.021263850405,26092.2769277775,1.242544731610338,17.632,70.761812,40.31457716202783,42.8465,2.0,88,poisson,1.1,480.9269185622105,12.0,68.38922796249389,cliffserve,64
10000,0.2013,128.62171603883036,44.417073892206645,208.3337424626064,272.30526312500734,202.6835312952709,1.0303967027305512,0.0,71.19941000000001,10.630873364245232,20.809,2.0,88,onoff,0.3,131.16188688060285,2.0,11.398204660415649,dense,64
10000,0.097,128.60772696258584,52.19297473485949,216.6688210412426,280.08120626355446,211.024089710371,1.0,4.7808,71.10811900000002,11.525006999999999,21.851,2.0,88,onoff,0.3,131.16188688060285,2.0,11.398204660415649,static_pomt,64
10000,0.2013,128.62171603883036,44.417073892206645,208.3337424626064,272.30526312500734,202.6835312952709,1.0303967027305512,0.0,71.19941000000001,12.528636682122617,22.673,2.0,88,onoff,0.3,131.16188688060285,2.0,11.398204660415649,decoupled,64
10000,0.2013,128.62171603883036,44.417073892206645,208.3337424626064,272.30526312500734,202.6835312952709,1.0303967027305512,0.0,71.19941000000001,13.521612673879442,25.668,2.0,88,onoff,0.3,131.16188688060285,2.0,11.398204660415649,joint_full,64
10000,0.2013,128.62171603883036,44.417073892206645,208.3337424626064,272.30526312500734,202.6835312952709,1.0303967027305512,0.0,71.19941000000001,12.858462545079856,25.067,2.0,88,onoff,0.3,131.16188688060285,2.0,11.398204660415649,cliffserve,64
10000,0.7722,128.62155425693345,12.046795588220448,139.62416552004936,214.77166034444951,133.96894958911062,1.38811771238201,0.0,71.19504400000002,9.206736118822874,16.721,2.0,88,onoff,0.3,131.16188688060285,4.0,22.796409320831298,dense,64
10000,0.3963,128.60218883160147,35.572009070590866,200.60403433572935,261.60228948129986,194.95727065466272,1.172195522213105,22.944,70.76085700000002,11.401370999882781,21.801,2.0,88,onoff,0.3,131.16188688060285,4.0,22.796409320831298,static_pomt,64
10000,0.7918,128.62165462944017,11.722795546800626,121.64215640468201,213.64909147063597,115.94327489776205,1.4019346698443853,10.464,70.937244,11.233269171456612,18.505,2.0,88,onoff,0.3,131.16188688060285,4.0,22.796409320831298,decoupled,64
10000,0.801,128.62183981151748,11.666053645914872,120.50728392859297,211.6754866721216,114.88277693053088,1.4150275930380642,11.456,70.91274600000001,11.153785198811377,20.979,2.0,88,onoff,0.3,131.16188688060285,4.0,22.796409320831298,joint_full,64
10000,0.801,128.62183981151748,11.666053645914872,120.50728392859297,211.6754866721216,114.88277693053088,1.4150275930380642,11.456,70.91274600000001,9.861519739634923,20.264999999999997,2.0,88,onoff,0.3,131.16188688060285,4.0,22.796409320831298,cliffserve,64
10000,1.0,128.62180640728093,10.615170094148198,22.255646887232423,31.325890567933925,11.443534615895988,1.6619577862722288,0.0,71.19326600000001,7.701281369453216,10.181799999999997,2.0,88,onoff,0.3,131.16188688060285,8.0,45.592818641662596,dense,64
10000,1.0,128.6019289776882,17.241739594523096,26.58596704388109,31.340293365216013,14.918151346547154,2.103491796381994,64.0,69.97034800000002,8.44303533866218,10.59,2.0,88,onoff,0.3,131.16188688060285,8.0,45.592818641662596,static_pomt,64
10000,1.0,128.62167580473172,10.5286799976966,20.439341218986623,26.36222320022877,10.642608528350726,1.6482610845557937,18.24,70.74415200000003,10.025990440085708,12.674,2.0,88,onoff,0.3,131.16188688060285,8.0,45.592818641662596,decoupled,64
10000,1.0,128.62167580473172,10.5286799976966,20.439341218986623,26.36222320022877,10.642608528350726,1.6482610845557937,18.24,70.74415200000003,9.317402835009066,14.087,2.0,88,onoff,0.3,131.16188688060285,8.0,45.592818641662596,joint_full,64
10000,1.0,128.62167580473172,10.5286799976966,20.439341218986623,26.36222320022877,10.642608528350726,1.6482610845557937,18.24,70.74415200000003,7.702843909675293,11.782,2.0,88,onoff,0.3,131.16188688060285,8.0,45.592818641662596,cliffserve,64
10000,1.0,128.6216656939492,10.604536168641062,22.255646887232423,31.234034927270407,11.411264436181586,1.6625103906899419,0.0,71.19326400000001,7.5863331670822935,10.009,2.0,88,onoff,0.3,131.16188688060285,12.0,68.38922796249389,dense,64
10000,1.0,128.6019289776882,17.241739594523096,26.58596704388109,31.340293365216013,14.918151346547154,2.103491796381994,64.0,69.97034800000002,8.460478965082036,10.55,2.0,88,onoff,0.3,131.16188688060285,12.0,68.38922796249389,static_pomt,64
10000,1.0,128.62167580473172,10.5286799976966,20.439341218986623,26.36222320022877,10.642608528350726,1.6482610845557937,18.24,70.74415200000003,9.960364595351903,12.583,2.0,88,onoff,0.3,131.16188688060285,12.0,68.38922796249389,decoupled,64
10000,1.0,128.62167580473172,10.5286799976966,20.439341218986623,26.36222320022877,10.642608528350726,1.6482610845557937,18.24,70.74415200000003,9.323091478490193,14.0467,2.0,88,onoff,0.3,131.16188688060285,12.0,68.38922796249389,joint_full,64
10000,1.0,128.62167580473172,10.5286799976966,20.439341218986623,26.36222320022877,10.642608528350726,1.6482610845557937,18.24,70.74415200000003,7.737935058513268,11.802,2.0,88,onoff,0.3,131.16188688060285,12.0,68.38922796249389,cliffserve,64
10000,0.0029,176.90104622724397,7099.027914233779,17095.03434073155,17892.87719507844,17089.37571353142,1.0006003602161297,0.0,71.19998800000002,35.299867520512315,38.085150000000006,2.0,88,onoff,0.6,262.3237737612057,2.0,11.398204660415649,dense,64
10000,0.0009,176.87435113645918,7107.640409417723,17103.627711669847,17901.507501398548,17098.011783472943,1.0,0.0448,71.19913900000002,36.413451300000006,39.04444999999999,2.0,88,onoff,0.6,262.3237737612057,2.0,11.398204660415649,static_pomt,64
10000,0.0029,176.90104622724397,7099.027914233779,17095.03434073155,17892.87719507844,17089.37571353142,1.0006003602161297,0.0,71.19998800000002,36.84490124074444,39.584,2.0,88,onoff,0.6,262.3237737612057,2.0,11.398204660415649,decoupled,64
10000,0.0029,176.90104622724397,7099.027914233779,17095.03434073155,17892.87719507844,17089.37571353142,1.0006003602161297,0.0,71.19998800000002,41.05844396637983,43.852,2.0,88,onoff,0.6,262.3237737612057,2.0,11.398204660415649,joint_full,64
10000,0.0029,176.90104622724397,7099.027914233779,17095.03434073155,17892.87719507844,17089.37571353142,1.0006003602161297,0.0,71.19998800000002,40.34234900940564,43.534850000000006,2.0,88,onoff,0.6,262.3237737612057,2.0,11.398204660415649,cliffserve,64
10000,0.012,176.96227022388393,7079.198570199584,17074.79727002804,17872.99997018495,17069.239505187914,1.0053282396702523,0.0,71.199914,35.265629134412386,38.101,2.0,88,onoff,0.6,262.3237737612057,4.0,22.796409320831298,dense,64
10000,0.0059,176.87923766325284,7105.520250506972,17101.50286056225,17899.372910706108,17095.87027823155,1.0023053021950485,0.3072,71.19410800000003,36.31691690889045,39.2832,2.0,88,onoff,0.6,262.3237737612057,4.0,22.796409320831298,static_pomt,64
10000,0.0124,176.96435571776607,7078.565210767363,17074.24580992882,17872.348656646398,17068.608017889903,1.0054293183189222,0.32,71.19203200000003,37.036007741805754,39.865,2.0,88,onoff,0.6,262.3237737612057,4.0,22.796409320831298,decoupled,64
10000,0.0127,176.98642805429523,7071.599994369124,17067.37000028317,17865.392408556654,17061.689021102833,1.005631536604988,0.352,71.19124200000002,40.91413153660499,43.902,2.0,88,onoff,0.6,262.3237737612057,4.0,22.796409320831298,joint_full,64
10000,0.0127,176.98642805429523,7071.599994369124,17067.37000028317,17865.392408556654,17061.689021102833,1.005631536604988,0.352,71.19124200000002,40.32996389782784,43.131,2.0,88,onoff,0.6,262.3237737612057,4.0,22.796409320831298,cliffserve,64
10000,0.038,177.60891858197402,6874.089161783879,16871.12992358495,17667.865801781052,16865.488405135166,1.023331968890708,0.0,71.19968800000001,35.47213364715515,37.981,2.0,88,onoff,0.6,262.3237737612057,8.0,45.592818641662596,dense,64
10000,0.0402,177.85927305875273,6794.779532142256,16791.88233260338,17588.869156043318,16786.180492464944,1.027643613194944,2.5664,71.14963300000004,36.660865892508475,39.234,2.0,88,onoff,0.6,262.3237737612057,8.0,45.592818641662596,static_pomt,64
10000,0.0419,178.05772302098777,6731.9677859847,16729.154843547833,17525.96473794305,16723.49827218343,1.0267994660642776,2.272,71.14370200000002,37.03304179073827,39.526,2.0,88,onoff,0.6,262.3237737612057,8.0,45.592818641662596,decoupled,64
10000,0.0423,178.11866967801427,6712.84301748914,16710.02349508096,17506.937050018558,16704.337368610395,1.027326895418122,2.336,71.14212200000001,41.055254571604685,43.742,2.0,88,onoff,0.6,262.3237737612057,8.0,45.592818641662596,joint_full,64
10000,0.0423,178.11866967801427,6712.84301748914,16710.02349508096,17506.937050018558,16704.337368610395,1.027326895418122,2.336,71.14212200000001,40.20612543661393,42.783500000000004,2.0,88,onoff,0.6,262.3237737612057,8.0,45.592818641662596,cliffserve,64
10000,0.0419,177.97402219601926,6758.358503967946,16755.596001008045,17552.467472089167,16749.895469596875,1.0271158586688578,0.0,71.19965000000002,35.16228173788003,37.8005,2.0,88,onoff,0.6,262.3237737612057,12.0,68.38922796249389,dense,64
10000,0.2065,183.16397971368434,5164.165393551637,15162.39338510525,15960.132236704685,15156.765756135102,1.179801793298726,13.216,70.93707300000003,35.31707314771119,39.166250000000005,2.0,88,onoff,0.6,262.3237737612057,12.0,68.38922796249389,static_pomt,64
10000,0.5119,202.98266719447193,56.03398089006737,9831.768589714018,10629.712367091382,9826.20703459069,1.5885623510722795,33.152,70.37846800000001,31.601677045274027,39.09669999999999,2.0,88,onoff,0.6,262.3237737612057,12.0,68.38922796249389,decoupled,64
10000,0.5145,203.2470863951502,57.13137256480036,9767.594539573638,10565.677521486485,9761.904200532881,1.597444089456869,33.152,70.377536,34.7896303514377,43.27105,2.0,88,onoff,0.6,262.3237737612057,12.0,68.38922796249389,joint_full,64
10000,0.5145,203.2470863951502,57.13137256480036,9767.594539573638,10565.677521486485,9761.904200532881,1.597444089456869,33.152,70.377536,33.73512667731629,41.658,2.0,88,onoff,0.6,262.3237737612057,12.0,68.38922796249389,cliffserve,64
10000,0.0002,177.16034308096317,14923.43870993198,28165.274599625573,29291.12349282772,28159.60901067446,1.000100010001,0.0,71.19999800000002,36.58718821882187,38.403000000000006,2.0,88,onoff,0.8,349.76503168160764,2.0,11.398204660415649,dense,64
10000,0.0001,177.13398515203195,14931.873541551242,28173.81712398718,29299.609698176686,28168.119559361443,1.0,0.0064,71.19987700000003,37.4248507,39.564499999999995,2.0,88,onoff,0.8,349.76503168160764,2.0,11.398204660415649,static_pomt,64
10000,0.0002,177.16034308096317,14923.43870993198,28165.274599625573,29291.12349282772,28159.60901067446,1.000100010001,0.0,71.19999800000002,38.08906330633063,40.145,2.0,88,onoff,0.8,349.76503168160764,2.0,11.398204660415649,decoupled,64
10000,0.0002,177.16034308096317,14923.43870993198,28165.274599625573,29291.12349282772,28159.60901067446,1.000100010001,0.0,71.19999800000002,42.10988898889889,44.334,2.0,88,onoff,0.8,349.76503168160764,2.0,11.398204660415649,joint_full,64
10000,0.0002,177.16034308096317,14923.43870993198,28165.274599625573,29291.12349282772,28159.60901067446,1.000100010001,0.0,71.19999800000002,41.31241354135413,43.3211,2.0,88,onoff,0.8,349.76503168160764,2.0,11.398204660415649,cliffserve,64
10000,0.0007,177.1950861747898,14912.421126084933,28154.293932106004,29280.119840231244,28148.670300199494,1.0004001600640255,0.0,71.19999400000002,36.20233383353341,38.172,2.0,88,onoff,0.8,349.76503168160764,4.0,22.796409320831298,dense,64
10000,0.0006,177.185943920881,14915.332998471866,28157.205804492936,29283.031712618176,28151.582172586426,1.0004001600640255,0.0384,71.199262,37.258588635454174,39.25325,2.0,88,onoff,0.8,349.76503168160764,4.0,22.796409320831298,static_pomt,64
10000,0.0007,177.19666473549216,14911.918373780856,28153.791179801927,29279.617087927167,28148.167547895417,1.0004001600640255,0.032,71.19920600000003,37.73210304121648,39.845,2.0,88,onoff,0.8,349.76503168160764,4.0,22.796409320831298,decoupled,64
10000,0.0007,177.19666473549216,14911.918373780856,28153.791179801927,29279.617087927167,28148.167547895417,1.0004001600640255,0.032,71.19920600000003,41.82206042416967,43.674499999999995,2.0,88,onoff,0.8,349.76503168160764,4.0,22.796409320831298,joint_full,64
10000,0.0007,177.19666473549216,14911.918373780856,28153.791179801927,29279.617087927167,28148.167547895417,1.0004001600640255,0.032,71.19920600000003,41.30668147258904,43.21025,2.0,88,onoff,0.8,349.76503168160764,4.0,22.796409320831298,cliffserve,64
10000,0.0052,177.5395323830348,14802.637810558404,28044.387492599908,29170.030039013647,28038.685345378344,1.003814495081309,0.0,71.19995000000003,36.15743184099579,38.27195,2.0,88,onoff,0.8,349.76503168160764,8.0,45.592818641662596,dense,64
10000,0.0053,177.55509124514882,14797.50928434762,28039.361834812116,29164.983366168763,28033.708411025953,1.0041168792047395,0.3328,71.19336800000002,37.34642102620745,39.384,2.0,88,onoff,0.8,349.76503168160764,8.0,45.592818641662596,static_pomt,64
10000,0.0063,177.67603394573823,14759.45969924363,28001.331891798924,29127.0013752115,27995.673503088903,1.004823151125402,0.416,71.18969600000003,37.73856440916399,39.77445,2.0,88,onoff,0.8,349.76503168160764,8.0,45.592818641662596,decoupled,64
10000,0.0063,177.67603394573823,14759.45969924363,28001.331891798924,29127.0013752115,27995.673503088903,1.004823151125402,0.416,71.18969600000003,41.8773211414791,43.923,2.0,88,onoff,0.8,349.76503168160764,8.0,45.592818641662596,joint_full,64
10000,0.0063,177.67603394573823,14759.45969924363,28001.331891798924,29127.0013752115,27995.673503088903,1.004823151125402,0.416,71.18969600000003,41.023358018488736,43.051,2.0,88,onoff,0.8,349.76503168160764,8.0,45.592818641662596,cliffserve,64
10000,0.0074,177.7396270140728,14739.410851329889,27981.175197839686,29106.864946550155,27975.510700130413,1.0059350165979277,0.0,71.19992800000003,36.046506287093855,38.042,2.0,88,onoff,0.8,349.76503168160764,12.0,68.38922796249389,dense,64
10000,0.0085,177.89718056470173,14689.708610147562,27931.388005223696,29057.021749981664,27925.737461033288,1.0070493454179255,0.5376,71.18917600000002,36.94745720040282,39.00849999999999,2.0,88,onoff,0.8,349.76503168160764,12.0,68.38922796249389,static_pomt,64
10000,0.0341,179.15301280352207,14295.956735404136,27538.417340220432,28663.983148243722,27532.7672152891,1.0256410256410255,2.208,71.14522600000002,37.5615518974359,39.43894999999999,2.0,88,onoff,0.8,349.76503168160764,12.0,68.38922796249389,decoupled,64
10000,0.0362,179.18292863747465,14286.789067538382,27529.33392530821,28654.736950114067,27523.702477230054,1.0275380189066996,2.368,71.14117200000003,41.58849753390874,43.491,2.0,88,onoff,0.8,349.76503168160764,12.0,68.38922796249389,joint_full,64
10000,0.0362,179.18292863747465,14286.789067538382,27529.33392530821,28654.736950114067,27523.702477230054,1.0275380189066996,2.368,71.14117200000003,41.01265896013153,42.62449999999999,2.0,88,onoff,0.8,349.76503168160764,12.0,68.38922796249389,cliffserve,64
10000,0.0002,177.16034308096314,15802.840459096125,31980.770641051007,33303.96393821642,31975.08294807501,1.000100010001,0.0,71.19999800000002,36.24333073307331,38.373000000000005,2.0,88,onoff,0.95,415.345975121909,2.0,11.398204660415649,dense,64
10000,0.0001,177.13398515203195,15811.314586865596,31989.270899949744,33312.45014356539,31983.615600786878,1.0,0.0064,71.19987700000003,37.3285809,39.213,2.0,88,onoff,0.95,415.345975121909,2.0,11.398204660415649,static_pomt,64
10000,0.0002,177.16034308096314,15802.840459096125,31980.770641051007,33303.96393821642,31975.08294807501,1.000100010001,0.0,71.19999800000002,37.907969596959695,39.8059,2.0,88,onoff,0.95,415.345975121909,2.0,11.398204660415649,decoupled,64
10000,0.0002,177.16034308096314,15802.840459096125,31980.770641051007,33303.96393821642,31975.08294807501,1.000100010001,0.0,71.19999800000002,41.977128712871284,43.932,2.0,88,onoff,0.95,415.345975121909,2.0,11.398204660415649,joint_full,64
10000,0.0002,177.16034308096314,15802.840459096125,31980.770641051007,33303.96393821642,31975.08294807501,1.000100010001,0.0,71.19999800000002,41.27183438343834,42.931,2.0,88,onoff,0.95,415.345975121909,2.0,11.398204660415649,cliffserve,64
10000,0.0007,177.1950861747898,15791.804394709758,31969.687230954838,33292.96028561994,31964.04843410082,1.0004001600640255,0.0,71.19999400000002,35.88968557422969,37.921,2.0,88,onoff,0.95,415.345975121909,4.0,22.796409320831298,dense,64
10000,0.0006,177.18594392088096,15794.71626709669,31972.59910334177,33295.872158006874,31966.960306487752,1.0004001600640255,0.0384,71.199262,37.189890056022406,39.10625,2.0,88,onoff,0.95,415.345975121909,4.0,22.796409320831298,static_pomt,64
10000,0.0007,177.19666473549213,15791.30164240568,31969.18447865076,33292.457533315865,31963.545681796742,1.0004001600640255,0.032,71.19920600000003,37.669318727490996,39.544,2.0,88,onoff,0.95,415.345975121909,4.0,22.796409320831298,decoupled,64
10000,0.0007,177.19666473549213,15791.30164240568,31969.18447865076,33292.457533315865,31963.545681796742,1.0004001600640255,0.032,71.19920600000003,41.821860544217685,43.3335,2.0,88,onoff,0.95,415.345975121909,4.0,22.796409320831298,joint_full,64
10000,0.0007,177.19666473549213,15791.30164240568,31969.18447865076,33292.457533315865,31963.545681796742,1.0004001600640255,0.032,71.19920600000003,41.25187605042017,42.7,2.0,88,onoff,0.95,415.345975121909,4.0,22.796409320831298,cliffserve,64
10000,0.0035,177.44491867485996,15711.944587695292,31889.67926639147,33212.95802982733,31884.017199192716,1.002707309736288,0.0,71.19996600000002,36.21204552291186,38.1614,2.0,88,onoff,0.95,415.345975121909,8.0,45.592818641662596,dense,64
10000,0.0036,177.4752376351592,15702.385852086238,31880.099839602186,33203.36308845922,31874.38386827536,1.0029084344599337,0.2304,71.19540400000002,37.2556006418614,39.234,2.0,88,onoff,0.95,415.345975121909,8.0,45.592818641662596,static_pomt,64
10000,0.0053,177.60148028701525,15662.362334110978,31839.922692228574,33163.10145621756,31834.256287647506,1.0040160642570282,0.352,71.19128000000003,37.873133032128514,39.704,2.0,88,onoff,0.95,415.345975121909,8.0,45.592818641662596,decoupled,64
10000,0.0056,177.6388857095797,15650.630925753358,31828.123874379417,33151.47965481261,31822.45982487323,1.0043185698503565,0.384,71.19049000000001,41.92690780355529,43.745999999999974,2.0,88,onoff,0.95,415.345975121909,8.0,45.592818641662596,joint_full,64
10000,0.0056,177.6388857095797,15650.630925753358,31828.123874379417,33151.47965481261,31822.45982487323,1.0043185698503565,0.384,71.19049000000001,41.082938535703526,42.39,2.0,88,onoff,0.95,415.345975121909,8.0,45.592818641662596,cliffserve,64
10000,0.012,178.1899226073103,15476.901339867356,31654.179147793075,32977.213585057056,31648.61698958995,1.00999899000101,0.0,71.19988200000003,36.052587112412894,38.061,2.0,88,onoff,0.95,415.345975121909,12.0,68.38922796249389,dense,64
10000,0.0147,178.40954377683852,15407.67712701179,31585.151524145156,32908.129097443154,31579.467730671913,1.0121457489878543,0.9344,71.18112200000002,37.24945273279353,39.21444999999999,2.0,88,onoff,0.95,415.345975121909,12.0,68.38922796249389,static_pomt,64
10000,0.015,178.46757305571256,15389.476273187174,31566.942694408448,32889.82923881583,31561.290078241378,1.0120433154539015,1.024,71.17454600000002,37.55973029045643,39.825,2.0,88,onoff,0.95,415.345975121909,12.0,68.38922796249389,decoupled,64
10000,0.0159,178.56291210825322,15359.79344189979,31537.44388803328,32860.162459059284,31531.87319535101,1.012965964343598,1.088,71.17286600000001,41.88471160858995,44.297499999999985,2.0,88,onoff,0.95,415.345975121909,12.0,68.38922796249389,joint_full,64
10000,0.0159,178.56291210825322,15359.79344189979,31537.44388803328,32860.162459059284,31531.87319535101,1.012965964343598,1.088,71.17286600000001,41.14421667341977,42.89549999999999,2.0,88,onoff,0.95,415.345975121909,12.0,68.38922796249389,cliffserve,64
10000,0.0002,177.16034308096314,17608.90102517529,32316.473539270683,33901.47245425738,32310.77535864286,1.000100010001,0.0,71.19999800000002,36.00175917591759,37.8629,2.0,88,onoff,1.1,480.9269185622105,2.0,11.398204660415649,dense,64
10000,0.0001,177.13398515203195,17617.352048992354,32324.976148595135,33909.95865960635,32319.318499006553,1.0,0.0064,71.19987700000003,37.0543057,39.044,2.0,88,onoff,1.1,480.9269185622105,2.0,11.398204660415649,static_pomt,64
10000,0.0002,177.16034308096314,17608.90102517529,32316.473539270683,33901.47245425738,32310.77535864286,1.000100010001,0.0,71.19999800000002,37.654137813781375,39.8641,2.0,88,onoff,1.1,480.9269185622105,2.0,11.398204660415649,decoupled,64
10000,0.0002,177.16034308096314,17608.90102517529,32316.473539270683,33901.47245425738,32310.77535864286,1.000100010001,0.0,71.19999800000002,41.70682848284828,43.872,2.0,88,onoff,1.1,480.9269185622105,2.0,11.398204660415649,joint_full,64
10000,0.0002,177.16034308096314,17608.90102517529,32316.473539270683,33901.47245425738,32310.77535864286,1.000100010001,0.0,71.19999800000002,41.194712371237124,43.6229,2.0,88,onoff,1.1,480.9269185622105,2.0,11.398204660415649,cliffserve,64
10000,0.0006,177.1950861747898,17597.908721327025,32305.3609219449,33890.46880166091,32299.713966550153,1.0004001600640255,0.0,71.19999400000002,35.860352240896354,37.891,2.0,88,onoff,1.1,480.9269185622105,4.0,22.796409320831298,dense,64
10000,0.0006,177.18594392088096,17600.820593713957,32308.27279433183,33893.38067404784,32302.625838937085,1.0004001600640255,0.0384,71.199262,37.04959803921569,39.254,2.0,88,onoff,1.1,480.9269185622105,4.0,22.796409320831298,static_pomt,64
10000,0.0007,177.19666473549213,17597.405969022948,32304.858169640822,33889.96604935683,32299.211214246076,1.0004001600640255,0.032,71.19920600000003,37.4030800320128,39.63425,2.0,88,onoff,1.1,480.9269185622105,4.0,22.796409320831298,decoupled,64
10000,0.0007,177.19666473549213,17597.405969022948,32304.858169640822,33889.96604935683,32299.211214246076,1.0004001600640255,0.032,71.19920600000003,41.71771968787515,43.91275,2.0,88,onoff,1.1,480.9269185622105,4.0,22.796409320831298,joint_full,64
10000,0.0007,177.19666473549213,17597.405969022948,32304.858169640822,33889.96604935683,32299.211214246076,1.0004001600640255,0.032,71.19920600000003,41.01492777110844,42.981,2.0,88,onoff,1.1,480.9269185622105,4.0,22.796409320831298,cliffserve,64
10000,0.01,177.64232040912745,17455.620747568475,32162.70799466843,33748.046520722906,32157.136330811925,1.006137438374082,0.0,71.199914,36.064575410001,38.293000000000006,2.0,88,onoff,1.1,480.9269185622105,8.0,45.592818641662596,dense,64
10000,0.0109,177.66125981647787,17449.761507040108,32156.962361928152,33742.13928061225,32151.263008304762,1.0071507704703395,0.6656,71.18689200000001,37.105132843186624,39.1794,2.0,88,onoff,1.1,480.9269185622105,8.0,45.592818641662596,static_pomt,64
10000,0.0135,177.73491982878548,17426.57842874752,32133.644121901936,33718.456274751225,32128.01038281197,1.008471157724889,0.704,71.18255200000003,37.75817416296894,39.825,2.0,88,onoff,1.1,480.9269185622105,8.0,45.592818641662596,decoupled,64
10000,0.0136,177.7429283095749,17424.054267408716,32131.123789470144,33715.893073323765,32125.4839477467,1.0085728693898135,0.704,71.18250400000002,41.8597235501765,43.792,2.0,88,onoff,1.1,480.9269185622105,8.0,45.592818641662596,joint_full,64
10000,0.0136,177.7429283095749,17424.054267408716,32131.123789470144,33715.893073323765,32125.4839477467,1.0085728693898135,0.704,71.18250400000002,40.94392889561271,42.78,2.0,88,onoff,1.1,480.9269185622105,8.0,45.592818641662596,cliffserve,64
10000,0.0154,177.79480942615913,17407.56658601986,32114.848910753673,33699.46114226679,32109.164230863997,1.0101010101010102,0.0,71.19987200000003,36.03080606060607,37.972,2.0,88,onoff,1.1,480.9269185622105,12.0,68.38922796249389,dense,64
10000,0.0218,178.39336481045405,17218.810003689385,31927.185207909282,33511.15762400606,31921.573828524288,1.016260162601626,1.3824,71.17242400000002,37.23625264227642,39.153,2.0,88,onoff,1.1,480.9269185622105,12.0,68.38922796249389,static_pomt,64
10000,0.0229,178.52617282915458,17177.097477129555,31885.43255948418,33469.41859537103,31879.805529183086,1.01615689462453,1.28,71.168136,37.630805914033125,39.244,2.0,88,onoff,1.1,480.9269185622105,12.0,68.38922796249389,decoupled,64
10000,0.0232,178.58504708459563,17158.5766464983,31866.98573903435,33450.94174268701,31861.339163082775,1.01667344448963,1.312,71.16725000000002,41.81431425376169,43.792,2.0,88,onoff,1.1,480.9269185622105,12.0,68.38922796249389,joint_full,64
10000,0.0232,178.58504708459563,17158.5766464983,31866.98573903435,33450.94174268701,31861.339163082775,1.01667344448963,1.312,71.16725000000002,41.00718462789752,42.30925,2.0,88,onoff,1.1,480.9269185622105,12.0,68.38922796249389,cliffserve,64
