epsilon_pp,pattern,load_factor,deadline_factor,policy,slo_mean,slo_std,throughput_mean,throughput_std,p95_latency_mean,p99_latency_mean,scheduler_overhead_mean_us,scheduler_overhead_p95_us,mean_batch_size,mean_r
0.5,onoff,0.3,2.0,cliffserve,0.19812,0.015739345602660864,129.8661486834241,3.1689919687939,178.68134228038008,252.17060938263134,12.027335378017694,21.561039999999995,1.0313158789542791,0.0
0.5,onoff,0.3,2.0,decoupled,0.19812,0.015739345602660864,129.8661486834241,3.1689919687939,178.68134228038008,252.17060938263134,11.89290418935034,20.403170000000006,1.0313158789542791,0.0
0.5,onoff,0.3,2.0,dense,0.19812,0.015739345602660864,129.8661486834241,3.1689919687939,178.68134228038008,252.17060938263134,10.204017056446265,18.631870000000003,1.0313158789542791,0.0
0.5,onoff,0.3,2.0,joint_full,0.19812,0.015739345602660864,129.8661486834241,3.1689919687939,178.68134228038008,252.17060938263134,11.99747452848465,21.305730000000004,1.0313158789542791,0.0
0.5,onoff,0.3,2.0,static_pomt,0.19812,0.015739345602660864,129.8661486834241,3.1689919687939,178.68134228038008,252.17060938263134,10.896936849887588,19.64604,1.0313158789542791,0.0
0.5,onoff,0.3,4.0,cliffserve,0.81386,0.02666117026688816,129.95666044410322,3.2032771784082437,100.89132585359445,176.46135139139574,9.123813355310181,15.948550000000001,1.4368521522980786,0.0
0.5,onoff,0.3,4.0,decoupled,0.81386,0.02666117026688816,129.95666044410322,3.2032771784082437,100.89132585359445,176.46135139139574,10.325179173157176,15.282999999999998,1.4368521522980786,0.0
0.5,onoff,0.3,4.0,dense,0.81386,0.02666117026688816,129.95666044410322,3.2032771784082437,100.89132585359445,176.46135139139574,8.548791708303014,13.555299999999999,1.4368521522980786,0.0
0.5,onoff,0.3,4.0,joint_full,0.81386,0.02666117026688816,129.95666044410322,3.2032771784082437,100.89132585359445,176.46135139139574,9.13317066537789,15.909209999999998,1.4368521522980786,0.0
0.5,onoff,0.3,4.0,static_pomt,0.81386,0.02666117026688816,129.95666044410322,3.2032771784082437,100.89132585359445,176.46135139139574,9.010129038202942,14.443389999999999,1.4368521522980786,0.0
0.5,onoff,0.3,8.0,cliffserve,1.0,0.0,129.97226463620032,3.2037640139212735,22.073726026782147,29.54273942362557,7.563944378673982,10.781,1.6801588742080735,0.0
0.5,onoff,0.3,8.0,decoupled,1.0,0.0,129.97226463620032,3.2037640139212735,22.073726026782147,29.54273942362557,9.42334983249173,11.97284,1.6801588742080735,0.0
0.5,onoff,0.3,8.0,dense,1.0,0.0,129.97226463620032,3.2037640139212735,22.073726026782147,29.54273942362557,7.539683342630643,9.957040000000001,1.6801588742080735,0.0
0.5,onoff,0.3,8.0,joint_full,1.0,0.0,129.97226463620032,3.2037640139212735,22.073726026782147,29.54273942362557,7.575441933446733,10.774600000000001,1.6801588742080735,0.0
0.5,onoff,0.3,8.0,static_pomt,1.0,0.0,129.97226463620032,3.2037640139212735,22.073726026782147,29.54273942362557,7.917923093687518,10.467600000000001,1.6801588742080735,0.0
0.5,onoff,0.3,12.0,cliffserve,1.0,0.0,129.97224163565718,3.203780957384704,22.039651096996575,29.530350481776416,7.550278393861018,10.7786,1.680385759513334,0.0
0.5,onoff,0.3,12.0,decoupled,1.0,0.0,129.97224163565718,3.203780957384704,22.039651096996575,29.530350481776416,9.350304881401716,11.87933,1.680385759513334,0.0
0.5,onoff,0.3,12.0,dense,1.0,0.0,129.97224163565718,3.203780957384704,22.039651096996575,29.530350481776416,7.535467131745548,9.959349999999999,1.680385759513334,0.0
0.5,onoff,0.3,12.0,joint_full,1.0,0.0,129.97224163565718,3.203780957384704,22.039651096996575,29.530350481776416,7.52681961910928,10.74485,1.680385759513334,0.0
0.5,onoff,0.3,12.0,static_pomt,1.0,0.0,129.97224163565718,3.203780957384704,22.039651096996575,29.530350481776416,7.912247113769951,10.44761,1.680385759513334,0.0
0.5,onoff,0.6,2.0,cliffserve,0.00116,0.0010830512453249845,176.99364666091245,0.22486863382964212,16610.10768915891,17282.272446773437,38.26676194799839,45.334950000000006,1.000180078043826,0.0
0.5,onoff,0.6,2.0,decoupled,0.00116,0.0010830512453249845,176.99364666091245,0.22486863382964212,16610.10768915891,17282.272446773437,36.98656148454778,43.83639,1.000180078043826,0.0
0.5,onoff,0.6,2.0,dense,0.00116,0.0010830512453249845,176.99364666091245,0.22486863382964212,16610.10768915891,17282.272446773437,35.36544653345335,42.314569999999996,1.000180078043826,0.0
0.5,onoff,0.6,2.0,joint_full,0.00116,0.0010830512453249845,176.99364666091245,0.22486863382964212,16610.10768915891,17282.272446773437,38.22337591766827,45.11541000000001,1.000180078043826,0.0
0.5,onoff,0.6,2.0,static_pomt,0.00116,0.0010830512453249845,176.99364666091245,0.22486863382964212,16610.10768915891,17282.272446773437,36.75988211321072,43.673500000000004,1.000180078043826,0.0
0.5,onoff,0.6,4.0,cliffserve,0.00412,0.0046900959478458435,177.09653021157186,0.1541103601163803,16577.070798089502,17249.28358392136,38.10723513963366,44.80778,1.001886876252281,0.0
0.5,onoff,0.6,4.0,decoupled,0.00412,0.0046900959478458435,177.09653021157186,0.1541103601163803,16577.070798089502,17249.28358392136,36.88123938884638,43.827329999999996,1.001886876252281,0.0
0.5,onoff,0.6,4.0,dense,0.00412,0.0046900959478458435,177.09653021157186,0.1541103601163803,16577.070798089502,17249.28358392136,35.2569544787019,41.99213999999999,1.001886876252281,0.0
0.5,onoff,0.6,4.0,joint_full,0.00412,0.0046900959478458435,177.09653021157186,0.1541103601163803,16577.070798089502,17249.28358392136,38.218484173045894,45.217229999999994,1.001886876252281,0.0
0.5,onoff,0.6,4.0,static_pomt,0.00412,0.0046900959478458435,177.09653021157186,0.1541103601163803,16577.070798089502,17249.28358392136,36.78524103968037,43.82055,1.001886876252281,0.0
0.5,onoff,0.6,8.0,cliffserve,0.01632,0.01382197525681478,177.7814225119883,0.4789185936112613,16360.307881557927,17032.2473077021,38.04862497671256,44.93892,1.0109323911118762,0.0
0.5,onoff,0.6,8.0,decoupled,0.01632,0.01382197525681478,177.7814225119883,0.4789185936112613,16360.307881557927,17032.2473077021,36.89227471320281,43.73769,1.0109323911118762,0.0
0.5,onoff,0.6,8.0,dense,0.01632,0.01382197525681478,177.7814225119883,0.4789185936112613,16360.307881557927,17032.2473077021,35.15083487241698,42.09731,1.0109323911118762,0.0
0.5,onoff,0.6,8.0,joint_full,0.01632,0.01382197525681478,177.7814225119883,0.4789185936112613,16360.307881557927,17032.2473077021,38.10394497720984,45.03607999999999,1.0109323911118762,0.0
0.5,onoff,0.6,8.0,static_pomt,0.01632,0.01382197525681478,177.7814225119883,0.4789185936112613,16360.307881557927,17032.2473077021,36.611224421883,43.53039,1.0109323911118762,0.0
0.5,onoff,0.6,12.0,cliffserve,0.03814,0.01466025238527632,179.12776379651245,1.0612850000833378,15938.29369410333,16610.44328517044,38.0186646872896,45.083780000000004,1.028720912376407,0.0
0.5,onoff,0.6,12.0,decoupled,0.03814,0.01466025238527632,179.12776379651245,1.0612850000833378,15938.29369410333,16610.44328517044,36.65928647588709,43.39928,1.028720912376407,0.0
0.5,onoff,0.6,12.0,dense,0.03814,0.01466025238527632,179.12776379651245,1.0612850000833378,15938.29369410333,16610.44328517044,35.12117973319481,41.037189999999995,1.028720912376407,0.0
0.5,onoff,0.6,12.0,joint_full,0.03814,0.01466025238527632,179.12776379651245,1.0612850000833378,15938.29369410333,16610.44328517044,38.02743567909241,45.1708,1.028720912376407,0.0
0.5,onoff,0.6,12.0,static_pomt,0.03814,0.01466025238527632,179.12776379651245,1.0612850000833378,15938.29369410333,16610.44328517044,36.33140287419998,42.99993,1.028720912376407,0.0
0.5,onoff,0.8,2.0,cliffserve,0.0016800000000000003,0.0024843510218968655,176.78369005750568,0.6389491748581057,26693.604422416858,27906.668447414886,38.329579919318675,45.27454,1.0001600320076018,0.0
0.5,onoff,0.8,2.0,decoupled,0.0016800000000000003,0.0024843510218968655,176.78369005750568,0.6389491748581057,26693.604422416858,27906.668447414886,36.98248378821147,43.19219999999999,1.0001600320076018,0.0
0.5,onoff,0.8,2.0,dense,0.0016800000000000003,0.0024843510218968655,176.78369005750568,0.6389491748581057,26693.604422416858,27906.668447414886,35.35912126802927,41.80264000000001,1.0001600320076018,0.0
0.5,onoff,0.8,2.0,joint_full,0.0016800000000000003,0.0024843510218968655,176.78369005750568,0.6389491748581057,26693.604422416858,27906.668447414886,38.31462777180007,44.964,1.0001600320076018,0.0
0.5,onoff,0.8,2.0,static_pomt,0.0016800000000000003,0.0024843510218968655,176.78369005750568,0.6389491748581057,26693.604422416858,27906.668447414886,36.8026395026733,43.36828,1.0001600320076018,0.0
0.5,onoff,0.8,4.0,cliffserve,0.00392,0.005228479702552167,176.83576670125942,0.6230748997529268,26676.867497215444,27889.95196270386,38.372653231815335,45.07917,1.0013635438996047,0.0
0.5,onoff,0.8,4.0,decoupled,0.00392,0.005228479702552167,176.83576670125942,0.6230748997529268,26676.867497215444,27889.95196270386,37.11043204857463,44.14542,1.0013635438996047,0.0
0.5,onoff,0.8,4.0,dense,0.00392,0.005228479702552167,176.83576670125942,0.6230748997529268,26676.867497215444,27889.95196270386,35.48565806518873,42.208909999999996,1.0013635438996047,0.0
0.5,onoff,0.8,4.0,joint_full,0.00392,0.005228479702552167,176.83576670125942,0.6230748997529268,26676.867497215444,27889.95196270386,38.35742149714331,45.14396000000001,1.0013635438996047,0.0
0.5,onoff,0.8,4.0,static_pomt,0.00392,0.005228479702552167,176.83576670125942,0.6230748997529268,26676.867497215444,27889.95196270386,37.03730492297528,43.99519,1.0013635438996047,0.0
0.5,onoff,0.8,8.0,cliffserve,0.01004,0.011333490194992892,177.14873531664102,0.5182484551661012,26576.785268277563,27789.855172176252,38.28704634219659,44.824949999999994,1.005919726308378,0.0
0.5,onoff,0.8,8.0,decoupled,0.01004,0.011333490194992892,177.14873531664102,0.5182484551661012,26576.785268277563,27789.855172176252,37.17496219930426,44.29061,1.005919726308378,0.0
0.5,onoff,0.8,8.0,dense,0.01004,0.011333490194992892,177.14873531664102,0.5182484551661012,26576.785268277563,27789.855172176252,35.27942961174587,41.816500000000005,1.005919726308378,0.0
0.5,onoff,0.8,8.0,joint_full,0.01004,0.011333490194992892,177.14873531664102,0.5182484551661012,26576.785268277563,27789.855172176252,38.38380436714844,45.60141999999999,1.005919726308378,0.0
0.5,onoff,0.8,8.0,static_pomt,0.01004,0.011333490194992892,177.14873531664102,0.5182484551661012,26576.785268277563,27789.855172176252,36.82814470933638,42.802679999999995,1.005919726308378,0.0
0.5,onoff,0.8,12.0,cliffserve,0.01488,0.013806773699890936,177.44722065394973,0.6666498244957249,26481.951342503984,27694.934683511623,38.2710748974057,45.04971999999999,1.0099607266747188,0.0
0.5,onoff,0.8,12.0,decoupled,0.01488,0.013806773699890936,177.44722065394973,0.6666498244957249,26481.951342503984,27694.934683511623,36.93780144106354,43.39716999999999,1.0099607266747188,0.0
0.5,onoff,0.8,12.0,dense,0.01488,0.013806773699890936,177.44722065394973,0.6666498244957249,26481.951342503984,27694.934683511623,35.070851309125494,41.23049999999999,1.0099607266747188,0.0
0.5,onoff,0.8,12.0,joint_full,0.01488,0.013806773699890936,177.44722065394973,0.6666498244957249,26481.951342503984,27694.934683511623,38.15900122758095,44.4598,1.0099607266747188,0.0
0.5,onoff,0.8,12.0,static_pomt,0.01488,0.013806773699890936,177.44722065394973,0.6666498244957249,26481.951342503984,27694.934683511623,36.51629159802325,42.76106,1.0099607266747188,0.0
0.5,onoff,0.95,2.0,cliffserve,0.0009000000000000001,0.0008774964387392122,177.03026909553563,0.1947047309566664,29960.575208795268,31341.32824914587,38.64426432560473,45.4266,1.0002000560188067,0.0
0.5,onoff,0.95,2.0,decoupled,0.0009000000000000001,0.0008774964387392122,177.03026909553563,0.1947047309566664,29960.575208795268,31341.32824914587,37.15394379623226,43.26721,1.0002000560188067,0.0
0.5,onoff,0.95,2.0,dense,0.0009000000000000001,0.0008774964387392122,177.03026909553563,0.1947047309566664,29960.575208795268,31341.32824914587,35.350561722919466,41.6452,1.0002000560188067,0.0
0.5,onoff,0.95,2.0,joint_full,0.0009000000000000001,0.0008774964387392122,177.03026909553563,0.1947047309566664,29960.575208795268,31341.32824914587,38.49964767652499,44.816629999999996,1.0002000560188067,0.0
0.5,onoff,0.95,2.0,static_pomt,0.0009000000000000001,0.0008774964387392122,177.03026909553563,0.1947047309566664,29960.575208795268,31341.32824914587,37.21740029718658,43.87197999999999,1.0002000560188067,0.0
0.5,onoff,0.95,4.0,cliffserve,0.0018199999999999998,0.0013989281611290836,177.09492425932214,0.1589568347111087,29939.880454447462,31320.656187670113,38.47612177358203,44.716449999999995,1.000861019420705,0.0
0.5,onoff,0.95,4.0,decoupled,0.0018199999999999998,0.0013989281611290836,177.09492425932214,0.1589568347111087,29939.880454447462,31320.656187670113,37.19752387301741,43.463589999999996,1.000861019420705,0.0
0.5,onoff,0.95,4.0,dense,0.0018199999999999998,0.0013989281611290836,177.09492425932214,0.1589568347111087,29939.880454447462,31320.656187670113,35.19703928391859,41.23196,1.000861019420705,0.0
0.5,onoff,0.95,4.0,joint_full,0.0018199999999999998,0.0013989281611290836,177.09492425932214,0.1589568347111087,29939.880454447462,31320.656187670113,38.41222028833451,43.894850000000005,1.000861019420705,0.0
0.5,onoff,0.95,4.0,static_pomt,0.0018199999999999998,0.0013989281611290836,177.09492425932214,0.1589568347111087,29939.880454447462,31320.656187670113,37.18111512322535,43.7001,1.000861019420705,0.0
0.5,onoff,0.95,8.0,cliffserve,0.00372,0.0011519548602267366,177.26823213212202,0.19046454238468796,29884.577724950806,31265.324332342505,38.626852247151504,45.25166,1.0024662382041438,0.0
0.5,onoff,0.95,8.0,decoupled,0.00372,0.0011519548602267366,177.26823213212202,0.19046454238468796,29884.577724950806,31265.324332342505,37.262847329312805,43.71275,1.0024662382041438,0.0
0.5,onoff,0.95,8.0,dense,0.00372,0.0011519548602267366,177.26823213212202,0.19046454238468796,29884.577724950806,31265.324332342505,35.24292177507362,40.806219999999996,1.0024662382041438,0.0
0.5,onoff,0.95,8.0,joint_full,0.00372,0.0011519548602267366,177.26823213212202,0.19046454238468796,29884.577724950806,31265.324332342505,38.46639433639475,44.97218,1.0024662382041438,0.0
0.5,onoff,0.95,8.0,static_pomt,0.00372,0.0011519548602267366,177.26823213212202,0.19046454238468796,29884.577724950806,31265.324332342505,36.786493319179456,43.17178,1.0024662382041438,0.0
0.5,onoff,0.95,12.0,cliffserve,0.006820000000000001,0.00308496353300975,177.54496502984784,0.39917223111539013,29796.970309587603,31177.596778418054,38.42164605135273,44.99423999999999,1.0051522980263035,0.0
0.5,onoff,0.95,12.0,decoupled,0.006820000000000001,0.00308496353300975,177.54496502984784,0.39917223111539013,29796.970309587603,31177.596778418054,37.137190087500024,43.494409999999995,1.0051522980263035,0.0
0.5,onoff,0.95,12.0,dense,0.006820000000000001,0.00308496353300975,177.54496502984784,0.39917223111539013,29796.970309587603,31177.596778418054,35.506094059337876,41.89361,1.0051522980263035,0.0
0.5,onoff,0.95,12.0,joint_full,0.006820000000000001,0.00308496353300975,177.54496502984784,0.39917223111539013,29796.970309587603,31177.596778418054,38.469301528882376,45.10489,1.0051522980263035,0.0
0.5,onoff,0.95,12.0,static_pomt,0.006820000000000001,0.00308496353300975,177.54496502984784,0.39917223111539013,29796.970309587603,31177.596778418054,37.170289953969885,43.85558999999999,1.0051522980263035,0.0
0.5,onoff,1.1,2.0,cliffserve,0.00132,0.001605303709582707,176.97319232363566,0.2722803431853325,33367.81181353268,34816.1165616267,38.71302883603671,45.90153,1.0002601340818533,0.0
0.5,onoff,1.1,2.0,decoupled,0.00132,0.001605303709582707,176.97319232363566,0.2722803431853325,33367.81181353268,34816.1165616267,37.252143117062325,43.451499999999996,1.0002601340818533,0.0
0.5,onoff,1.1,2.0,dense,0.00132,0.001605303709582707,176.97319232363566,0.2722803431853325,33367.81181353268,34816.1165616267,35.55492914642667,41.82804,1.0002601340818533,0.0
0.5,onoff,1.1,2.0,joint_full,0.00132,0.001605303709582707,176.97319232363566,0.2722803431853325,33367.81181353268,34816.1165616267,38.510605171263855,45.26321,1.0002601340818533,0.0
0.5,onoff,1.1,2.0,static_pomt,0.00132,0.001605303709582707,176.97319232363566,0.2722803431853325,33367.81181353268,34816.1165616267,37.08232781847656,43.75219,1.0002601340818533,0.0
0.5,onoff,1.1,4.0,cliffserve,0.00232,0.0023605084198112915,177.02540165643356,0.26523622046894246,33351.07721628364,34799.393947842866,38.48382797899018,44.962779999999995,1.0008610515651413,0.0
0.5,onoff,1.1,4.0,decoupled,0.00232,0.0023605084198112915,177.02540165643356,0.26523622046894246,33351.07721628364,34799.393947842866,37.21079210360084,43.775439999999996,1.0008610515651413,0.0
0.5,onoff,1.1,4.0,dense,0.00232,0.0023605084198112915,177.02540165643356,0.26523622046894246,33351.07721628364,34799.393947842866,35.214479254778844,41.89492,1.0008610515651413,0.0
0.5,onoff,1.1,4.0,joint_full,0.00232,0.0023605084198112915,177.02540165643356,0.26523622046894246,33351.07721628364,34799.393947842866,38.51014968513753,45.362559999999995,1.0008610515651413,0.0
0.5,onoff,1.1,4.0,static_pomt,0.00232,0.0023605084198112915,177.02540165643356,0.26523622046894246,33351.07721628364,34799.393947842866,37.09765530848255,43.7762,1.0008610515651413,0.0
0.5,onoff,1.1,8.0,cliffserve,0.00566,0.003399705869630489,177.23712867923567,0.3325485265990549,33283.45518365619,34731.90373475543,38.51738040411967,45.03404,1.0031927427593037,0.0
0.5,onoff,1.1,8.0,decoupled,0.00566,0.003399705869630489,177.23712867923567,0.3325485265990549,33283.45518365619,34731.90373475543,37.26205216377988,44.060559999999995,1.0031927427593037,0.0
0.5,onoff,1.1,8.0,dense,0.00566,0.003399705869630489,177.23712867923567,0.3325485265990549,33283.45518365619,34731.90373475543,35.51759180235528,41.920899999999996,1.0031927427593037,0.0
0.5,onoff,1.1,8.0,joint_full,0.00566,0.003399705869630489,177.23712867923567,0.3325485265990549,33283.45518365619,34731.90373475543,38.532187411526536,45.32272,1.0031927427593037,0.0
0.5,onoff,1.1,8.0,static_pomt,0.00566,0.003399705869630489,177.23712867923567,0.3325485265990549,33283.45518365619,34731.90373475543,37.049565688588046,43.514419999999994,1.0031927427593037,0.0
0.5,onoff,1.1,12.0,cliffserve,0.010839999999999999,0.006909992764106197,177.5672910483007,0.13323825877828058,33178.7234980142,34626.96474096697,38.55002449505247,45.21293999999999,1.007224315116942,0.0
0.5,onoff,1.1,12.0,decoupled,0.010839999999999999,0.006909992764106197,177.5672910483007,0.13323825877828058,33178.7234980142,34626.96474096697,37.31207599505824,44.00308,1.007224315116942,0.0
0.5,onoff,1.1,12.0,dense,0.010839999999999999,0.006909992764106197,177.5672910483007,0.13323825877828058,33178.7234980142,34626.96474096697,35.26925132751842,41.61307,1.007224315116942,0.0
0.5,onoff,1.1,12.0,joint_full,0.010839999999999999,0.006909992764106197,177.5672910483007,0.13323825877828058,33178.7234980142,34626.96474096697,38.56502994957695,45.418499999999995,1.007224315116942,0.0
0.5,onoff,1.1,12.0,static_pomt,0.010839999999999999,0.006909992764106197,177.5672910483007,0.13323825877828058,33178.7234980142,34626.96474096697,36.95207990991541,43.31269999999999,1.007224315116942,0.0
0.5,poisson,0.3,2.0,cliffserve,0.67418,0.012629410120825182,130.47005352979653,1.0709282346952957,30.021085666732453,49.717882513661976,7.518294277683545,10.571909999999999,1.10085286743588,0.0
0.5,poisson,0.3,2.0,decoupled,0.67418,0.012629410120825182,130.47005352979653,1.0709282346952957,30.021085666732453,49.717882513661976,8.804764242311496,10.636479999999999,1.10085286743588,0.0
0.5,poisson,0.3,2.0,dense,0.67418,0.012629410120825182,130.47005352979653,1.0709282346952957,30.021085666732453,49.717882513661976,7.014795322587413,8.748209999999997,1.10085286743588,0.0
0.5,poisson,0.3,2.0,joint_full,0.67418,0.012629410120825182,130.47005352979653,1.0709282346952957,30.021085666732453,49.717882513661976,7.564497144660964,10.6142,1.10085286743588,0.0
0.5,poisson,0.3,2.0,static_pomt,0.67418,0.012629410120825182,130.47005352979653,1.0709282346952957,30.021085666732453,49.717882513661976,7.471196782362576,9.367299999999993,1.10085286743588,0.0
0.5,poisson,0.3,4.0,cliffserve,0.9989000000000001,0.00175071414000115,130.47305798375115,1.074252676420033,14.420198950145926,18.061736810513207,6.83790313787797,8.861,1.2844638915372308,0.0
0.5,poisson,0.3,4.0,decoupled,0.9989000000000001,0.00175071414000115,130.47305798375115,1.074252676420033,14.420198950145926,18.061736810513207,8.858486339691193,10.34564,1.2844638915372308,0.0
0.5,poisson,0.3,4.0,dense,0.9989000000000001,0.00175071414000115,130.47305798375115,1.074252676420033,14.420198950145926,18.061736810513207,6.990131445576682,8.38584,1.2844638915372308,0.0
0.5,poisson,0.3,4.0,joint_full,0.9989000000000001,0.00175071414000115,130.47305798375115,1.074252676420033,14.420198950145926,18.061736810513207,6.844496303873683,8.857,1.2844638915372308,0.0
0.5,poisson,0.3,4.0,static_pomt,0.9989000000000001,0.00175071414000115,130.47305798375115,1.074252676420033,14.420198950145926,18.061736810513207,7.35006238607424,8.7828,1.2844638915372308,0.0
0.5,poisson,0.3,8.0,cliffserve,1.0,0.0,130.47305540504252,1.074211363944219,14.372623418477833,17.809935042211887,6.837577981369776,8.85817,1.2862511029137234,0.0
0.5,poisson,0.3,8.0,decoupled,1.0,0.0,130.47305540504252,1.074211363944219,14.372623418477833,17.809935042211887,8.826093000568207,10.30293,1.2862511029137234,0.0
0.5,poisson,0.3,8.0,dense,1.0,0.0,130.47305540504252,1.074211363944219,14.372623418477833,17.809935042211887,6.9941873660661855,8.384,1.2862511029137234,0.0
0.5,poisson,0.3,8.0,joint_full,1.0,0.0,130.47305540504252,1.074211363944219,14.372623418477833,17.809935042211887,6.835964864178104,8.85093,1.2862511029137234,0.0
0.5,poisson,0.3,8.0,static_pomt,1.0,0.0,130.47305540504252,1.074211363944219,14.372623418477833,17.809935042211887,7.359707460765364,8.78673,1.2862511029137234,0.0
0.5,poisson,0.3,12.0,cliffserve,1.0,0.0,130.47305540504252,1.074211363944219,14.372623418477833,17.809935042211887,6.811342405712833,8.83606,1.2862511029137234,0.0
0.5,poisson,0.3,12.0,decoupled,1.0,0.0,130.47305540504252,1.074211363944219,14.372623418477833,17.809935042211887,8.842039156738554,10.33334,1.2862511029137234,0.0
0.5,poisson,0.3,12.0,dense,1.0,0.0,130.47305540504252,1.074211363944219,14.372623418477833,17.809935042211887,7.0405866466445985,8.41737,1.2862511029137234,0.0
0.5,poisson,0.3,12.0,joint_full,1.0,0.0,130.47305540504252,1.074211363944219,14.372623418477833,17.809935042211887,6.82246719558908,8.84474,1.2862511029137234,0.0
0.5,poisson,0.3,12.0,static_pomt,1.0,0.0,130.47305540504252,1.074211363944219,14.372623418477833,17.809935042211887,7.374960061200007,8.79391,1.2862511029137234,0.0
0.5,poisson,0.6,2.0,cliffserve,0.00066,0.00035071355833500367,177.15694564597044,0.019649251732129645,17273.423171507668,17980.097339505388,38.3472440852061,45.33723,1.0001400260050008,0.0
0.5,poisson,0.6,2.0,decoupled,0.00066,0.00035071355833500367,177.15694564597044,0.019649251732129645,17273.423171507668,17980.097339505388,37.00412426574882,43.73242,1.0001400260050008,0.0
0.5,poisson,0.6,2.0,dense,0.00066,0.00035071355833500367,177.15694564597044,0.019649251732129645,17273.423171507668,17980.097339505388,35.351294882861055,41.91151,1.0001400260050008,0.0
0.5,poisson,0.6,2.0,joint_full,0.00066,0.00035071355833500367,177.15694564597044,0.019649251732129645,17273.423171507668,17980.097339505388,38.262156869772795,45.183299999999996,1.0001400260050008,0.0
0.5,poisson,0.6,2.0,static_pomt,0.00066,0.00035071355833500367,177.15694564597044,0.019649251732129645,17273.423171507668,17980.097339505388,36.62652542315126,43.40721,1.0001400260050008,0.0
0.5,poisson,0.6,4.0,cliffserve,0.01042,0.011444081439766147,177.68498700565036,0.6007404509577438,17106.085813777492,17812.817952595316,38.36094427925213,45.5168,1.0048662458118058,0.0
0.5,poisson,0.6,4.0,decoupled,0.01042,0.011444081439766147,177.68498700565036,0.6007404509577438,17106.085813777492,17812.817952595316,36.989539871926866,43.9094,1.0048662458118058,0.0
0.5,poisson,0.6,4.0,dense,0.01042,0.011444081439766147,177.68498700565036,0.6007404509577438,17106.085813777492,17812.817952595316,35.22112450991085,41.02294,1.0048662458118058,0.0
0.5,poisson,0.6,4.0,joint_full,0.01042,0.011444081439766147,177.68498700565036,0.6007404509577438,17106.085813777492,17812.817952595316,38.20288258104285,45.20632,1.0048662458118058,0.0
0.5,poisson,0.6,4.0,static_pomt,0.01042,0.011444081439766147,177.68498700565036,0.6007404509577438,17106.085813777492,17812.817952595316,36.67905787885612,43.18208,1.0048662458118058,0.0
0.5,poisson,0.6,8.0,cliffserve,0.67362,0.39880114342865164,229.6995120613241,35.169386035053186,5547.8789666884495,6011.526081379539,19.96429954164664,29.896799999999995,1.6915674688258449,0.0
0.5,poisson,0.6,8.0,decoupled,0.67362,0.39880114342865164,229.6995120613241,35.169386035053186,5547.8789666884495,6011.526081379539,20.416658522378434,29.3682,1.6915674688258449,0.0
0.5,poisson,0.6,8.0,dense,0.67362,0.39880114342865164,229.6995120613241,35.169386035053186,5547.8789666884495,6011.526081379539,18.659685196433436,27.601890000000004,1.6915674688258449,0.0
0.5,poisson,0.6,8.0,joint_full,0.67362,0.39880114342865164,229.6995120613241,35.169386035053186,5547.8789666884495,6011.526081379539,19.994398910828814,29.947719999999997,1.6915674688258449,0.0
0.5,poisson,0.6,8.0,static_pomt,0.67362,0.39880114342865164,229.6995120613241,35.169386035053186,5547.8789666884495,6011.526081379539,19.57129316131097,28.88001,1.6915674688258449,0.0
0.5,poisson,0.6,12.0,cliffserve,1.0,0.0,260.8920420083974,2.1287295333028804,28.34698578810717,38.686213640909145,8.399323906027297,10.9575,2.161255672355747,0.0
0.5,poisson,0.6,12.0,decoupled,1.0,0.0,260.8920420083974,2.1287295333028804,28.34698578810717,38.686213640909145,9.989343935835585,12.2304,2.161255672355747,0.0
0.5,poisson,0.6,12.0,dense,1.0,0.0,260.8920420083974,2.1287295333028804,28.34698578810717,38.686213640909145,8.127624091092656,10.11904,2.161255672355747,0.0
0.5,poisson,0.6,12.0,joint_full,1.0,0.0,260.8920420083974,2.1287295333028804,28.34698578810717,38.686213640909145,8.382068211028553,10.93281,2.161255672355747,0.0
0.5,poisson,0.6,12.0,static_pomt,1.0,0.0,260.8920420083974,2.1287295333028804,28.34698578810717,38.686213640909145,8.557999283052684,10.644020000000001,2.161255672355747,0.0
0.5,poisson,0.8,2.0,cliffserve,0.00041999999999999996,0.00023874672772626645,177.15878110251583,0.017960648917363722,26356.27156007218,27454.80253387805,38.62176197575116,45.46189,1.0000800120020004,0.0
0.5,poisson,0.8,2.0,decoupled,0.00041999999999999996,0.00023874672772626645,177.15878110251583,0.017960648917363722,26356.27156007218,27454.80253387805,37.23125210916008,43.74248,1.0000800120020004,0.0
0.5,poisson,0.8,2.0,dense,0.00041999999999999996,0.00023874672772626645,177.15878110251583,0.017960648917363722,26356.27156007218,27454.80253387805,35.41515757344079,41.80649,1.0000800120020004,0.0
0.5,poisson,0.8,2.0,joint_full,0.00041999999999999996,0.00023874672772626645,177.15878110251583,0.017960648917363722,26356.27156007218,27454.80253387805,38.72005021613906,45.70408,1.0000800120020004,0.0
0.5,poisson,0.8,2.0,static_pomt,0.00041999999999999996,0.00023874672772626645,177.15878110251583,0.017960648917363722,26356.27156007218,27454.80253387805,37.05006653163141,43.18452,1.0000800120020004,0.0
0.5,poisson,0.8,4.0,cliffserve,0.00268,0.0025508822003377576,177.31872291399506,0.15959943691407608,26305.228668793996,27403.848515920447,38.513448460701454,44.78756,1.0013832035841437,0.0
0.5,poisson,0.8,4.0,decoupled,0.00268,0.0025508822003377576,177.31872291399506,0.15959943691407608,26305.228668793996,27403.848515920447,37.1814438368725,43.49021,1.0013832035841437,0.0
0.5,poisson,0.8,4.0,dense,0.00268,0.0025508822003377576,177.31872291399506,0.15959943691407608,26305.228668793996,27403.848515920447,35.402882961665554,41.588609999999996,1.0013832035841437,0.0
0.5,poisson,0.8,4.0,joint_full,0.00268,0.0025508822003377576,177.31872291399506,0.15959943691407608,26305.228668793996,27403.848515920447,38.4112685012929,44.834979999999995,1.0013832035841437,0.0
0.5,poisson,0.8,4.0,static_pomt,0.00268,0.0025508822003377576,177.31872291399506,0.15959943691407608,26305.228668793996,27403.848515920447,37.12039486114438,43.18585,1.0013832035841437,0.0
0.5,poisson,0.8,8.0,cliffserve,0.021939999999999998,0.013611502488704177,178.9574615036789,1.119143441861773,25790.026405292792,26889.008028303913,38.530583470201336,45.49254,1.0159623914198033,0.0
0.5,poisson,0.8,8.0,decoupled,0.021939999999999998,0.013611502488704177,178.9574615036789,1.119143441861773,25790.026405292792,26889.008028303913,37.20132388251289,43.95392,1.0159623914198033,0.0
0.5,poisson,0.8,8.0,dense,0.021939999999999998,0.013611502488704177,178.9574615036789,1.119143441861773,25790.026405292792,26889.008028303913,35.49264973133827,41.987970000000004,1.0159623914198033,0.0
0.5,poisson,0.8,8.0,joint_full,0.021939999999999998,0.013611502488704177,178.9574615036789,1.119143441861773,25790.026405292792,26889.008028303913,38.512243834131695,45.5302,1.0159623914198033,0.0
0.5,poisson,0.8,8.0,static_pomt,0.021939999999999998,0.013611502488704177,178.9574615036789,1.119143441861773,25790.026405292792,26889.008028303913,37.018572880152966,43.61162,1.0159623914198033,0.0
0.5,poisson,0.8,12.0,cliffserve,0.17648,0.15081298684131947,194.58263245821678,16.032408669351796,21569.44387765046,22668.180495540353,36.85484239509885,44.669509999999995,1.1747710998305354,0.0
0.5,poisson,0.8,12.0,decoupled,0.17648,0.15081298684131947,194.58263245821678,16.032408669351796,21569.44387765046,22668.180495540353,35.98314130999236,43.8528,1.1747710998305354,0.0
0.5,poisson,0.8,12.0,dense,0.17648,0.15081298684131947,194.58263245821678,16.032408669351796,21569.44387765046,22668.180495540353,34.09177846568018,41.754819999999995,1.1747710998305354,0.0
0.5,poisson,0.8,12.0,joint_full,0.17648,0.15081298684131947,194.58263245821678,16.032408669351796,21569.44387765046,22668.180495540353,37.105362820415486,44.8362,1.1747710998305354,0.0
0.5,poisson,0.8,12.0,static_pomt,0.17648,0.15081298684131947,194.58263245821678,16.032408669351796,21569.44387765046,22668.180495540353,35.69949237047918,43.64529,1.1747710998305354,0.0
0.5,poisson,0.95,2.0,cliffserve,0.00031999999999999997,0.0001643167672515498,177.1583006570713,0.016510524814705673,30661.9310193689,31943.48237850221,38.64684842508851,45.35252,1.0000600060006,0.0
0.5,poisson,0.95,2.0,decoupled,0.00031999999999999997,0.0001643167672515498,177.1583006570713,0.016510524814705673,30661.9310193689,31943.48237850221,37.15978098819882,43.41699,1.0000600060006,0.0
0.5,poisson,0.95,2.0,dense,0.00031999999999999997,0.0001643167672515498,177.1583006570713,0.016510524814705673,30661.9310193689,31943.48237850221,35.44130017239124,41.5535,1.0000600060006,0.0
0.5,poisson,0.95,2.0,joint_full,0.00031999999999999997,0.0001643167672515498,177.1583006570713,0.016510524814705673,30661.9310193689,31943.48237850221,38.438849695919586,44.7636,1.0000600060006,0.0
0.5,poisson,0.95,2.0,static_pomt,0.00031999999999999997,0.0001643167672515498,177.1583006570713,0.016510524814705673,30661.9310193689,31943.48237850221,37.14137353412741,43.22483,1.0000600060006,0.0
0.5,poisson,0.95,4.0,cliffserve,0.0014,0.0005049752469181039,177.24265922041988,0.03535863150163628,30634.9273618339,31916.57448222724,38.54806411414363,45.12939,1.0007606445913724,0.0
0.5,poisson,0.95,4.0,decoupled,0.0014,0.0005049752469181039,177.24265922041988,0.03535863150163628,30634.9273618339,31916.57448222724,37.274782531451834,43.57845,1.0007606445913724,0.0
0.5,poisson,0.95,4.0,dense,0.0014,0.0005049752469181039,177.24265922041988,0.03535863150163628,30634.9273618339,31916.57448222724,35.575666141604,41.99735,1.0007606445913724,0.0
0.5,poisson,0.95,4.0,joint_full,0.0014,0.0005049752469181039,177.24265922041988,0.03535863150163628,30634.9273618339,31916.57448222724,38.50248753748973,45.11692000000001,1.0007606445913724,0.0
0.5,poisson,0.95,4.0,static_pomt,0.0014,0.0005049752469181039,177.24265922041988,0.03535863150163628,30634.9273618339,31916.57448222724,37.25148581685236,43.630129999999994,1.0007606445913724,0.0
0.5,poisson,0.95,8.0,cliffserve,0.0075,0.0037623131182824223,177.76848151027136,0.3008632175224213,30468.185630748125,31749.90614075461,38.62327085327699,45.59895999999999,1.005454993564443,0.0
0.5,poisson,0.95,8.0,decoupled,0.0075,0.0037623131182824223,177.76848151027136,0.3008632175224213,30468.185630748125,31749.90614075461,37.26064702035739,43.855720000000005,1.005454993564443,0.0
0.5,poisson,0.95,8.0,dense,0.0075,0.0037623131182824223,177.76848151027136,0.3008632175224213,30468.185630748125,31749.90614075461,35.425565837795844,41.56306,1.005454993564443,0.0
0.5,poisson,0.95,8.0,joint_full,0.0075,0.0037623131182824223,177.76848151027136,0.3008632175224213,30468.185630748125,31749.90614075461,38.32142107229583,44.89824,1.005454993564443,0.0
0.5,poisson,0.95,8.0,static_pomt,0.0075,0.0037623131182824223,177.76848151027136,0.3008632175224213,30468.185630748125,31749.90614075461,36.66032148662414,42.860400000000006,1.005454993564443,0.0
0.5,poisson,0.95,12.0,cliffserve,0.016220000000000002,0.008395058070079089,178.5852946885896,0.7975165200076485,30211.162767345755,31493.346346037775,38.670416497471024,45.462869999999995,1.013194407738561,0.0
0.5,poisson,0.95,12.0,decoupled,0.016220000000000002,0.008395058070079089,178.5852946885896,0.7975165200076485,30211.162767345755,31493.346346037775,37.19837719033855,43.819939999999995,1.013194407738561,0.0
0.5,poisson,0.95,12.0,dense,0.016220000000000002,0.008395058070079089,178.5852946885896,0.7975165200076485,30211.162767345755,31493.346346037775,35.672706772886094,42.23421,1.013194407738561,0.0
0.5,poisson,0.95,12.0,joint_full,0.016220000000000002,0.008395058070079089,178.5852946885896,0.7975165200076485,30211.162767345755,31493.346346037775,38.517103535575544,45.445249999999994,1.013194407738561,0.0
0.5,poisson,0.95,12.0,static_pomt,0.016220000000000002,0.008395058070079089,178.5852946885896,0.7975165200076485,30211.162767345755,31493.346346037775,37.08487743014004,43.3275,1.013194407738561,0.0
0.5,poisson,1.1,2.0,cliffserve,0.00026,8.944271909999159e-05,177.15600743696817,0.015957396166759702,33793.932515583874,35208.584720055966,38.593324817599765,44.29654000000001,1.0000400040003998,0.0
0.5,poisson,1.1,2.0,decoupled,0.00026,8.944271909999159e-05,177.15600743696817,0.015957396166759702,33793.932515583874,35208.584720055966,37.2591956239624,43.56595,1.0000400040003998,0.0
0.5,poisson,1.1,2.0,dense,0.00026,8.944271909999159e-05,177.15600743696817,0.015957396166759702,33793.932515583874,35208.584720055966,35.07856567548555,41.17629,1.0000400040003998,0.0
0.5,poisson,1.1,2.0,joint_full,0.00026,8.944271909999159e-05,177.15600743696817,0.015957396166759702,33793.932515583874,35208.584720055966,38.50967258567057,45.36261,1.0000400040003998,0.0
0.5,poisson,1.1,2.0,static_pomt,0.00026,8.944271909999159e-05,177.15600743696817,0.015957396166759702,33793.932515583874,35208.584720055966,37.03949722990299,43.340819999999994,1.0000400040003998,0.0
0.5,poisson,1.1,4.0,cliffserve,0.00134,0.0004159326868617084,177.24726951696323,0.03160468109685232,33764.708421096984,35179.48346750806,38.76474880041585,45.867470000000004,1.0008007006506285,0.0
0.5,poisson,1.1,4.0,decoupled,0.00134,0.0004159326868617084,177.24726951696323,0.03160468109685232,33764.708421096984,35179.48346750806,37.318678943550104,43.898669999999996,1.0008007006506285,0.0
0.5,poisson,1.1,4.0,dense,0.00134,0.0004159326868617084,177.24726951696323,0.03160468109685232,33764.708421096984,35179.48346750806,35.52286695373102,41.44089,1.0008007006506285,0.0
0.5,poisson,1.1,4.0,joint_full,0.00134,0.0004159326868617084,177.24726951696323,0.03160468109685232,33764.708421096984,35179.48346750806,38.60746058343416,44.92282,1.0008007006506285,0.0
0.5,poisson,1.1,4.0,static_pomt,0.00134,0.0004159326868617084,177.24726951696323,0.03160468109685232,33764.708421096984,35179.48346750806,37.280070741299184,43.83143999999999,1.0008007006506285,0.0
0.5,poisson,1.1,8.0,cliffserve,0.00526,0.0020947553556441858,177.60329123599325,0.1799300206158371,33651.6831984188,35066.51985947201,38.58782263334041,45.285189999999986,1.0040989234550133,0.0
0.5,poisson,1.1,8.0,decoupled,0.00526,0.0020947553556441858,177.60329123599325,0.1799300206158371,33651.6831984188,35066.51985947201,37.25452747044719,43.815749999999994,1.0040989234550133,0.0
0.5,poisson,1.1,8.0,dense,0.00526,0.0020947553556441858,177.60329123599325,0.1799300206158371,33651.6831984188,35066.51985947201,35.64376328500071,42.11836999999999,1.0040989234550133,0.0
0.5,poisson,1.1,8.0,joint_full,0.00526,0.0020947553556441858,177.60329123599325,0.1799300206158371,33651.6831984188,35066.51985947201,38.61791815423415,45.38966999999999,1.0040989234550133,0.0
0.5,poisson,1.1,8.0,static_pomt,0.00526,0.0020947553556441858,177.60329123599325,0.1799300206158371,33651.6831984188,35066.51985947201,37.02814757446238,43.44265999999999,1.0040989234550133,0.0
0.5,poisson,1.1,12.0,cliffserve,0.00964,0.0031957784654133956,178.00252041803688,0.28194498627285647,33525.294117450896,34940.29363648484,38.6925200836203,45.40734,1.0078463884725108,0.0
0.5,poisson,1.1,12.0,decoupled,0.00964,0.0031957784654133956,178.00252041803688,0.28194498627285647,33525.294117450896,34940.29363648484,37.35562274037191,43.26859999999999,1.0078463884725108,0.0
0.5,poisson,1.1,12.0,dense,0.00964,0.0031957784654133956,178.00252041803688,0.28194498627285647,33525.294117450896,34940.29363648484,35.57645297677343,41.939879999999995,1.0078463884725108,0.0
0.5,poisson,1.1,12.0,joint_full,0.00964,0.0031957784654133956,178.00252041803688,0.28194498627285647,33525.294117450896,34940.29363648484,38.62919382829463,45.18663999999999,1.0078463884725108,0.0
0.5,poisson,1.1,12.0,static_pomt,0.00964,0.0031957784654133956,178.00252041803688,0.28194498627285647,33525.294117450896,34940.29363648484,37.079139667748805,43.39525999999999,1.0078463884725108,0.0
1.0,onoff,0.3,2.0,cliffserve,0.19812,0.015739345602660864,129.8661486834241,3.1689919687939,178.68134228038008,252.17060938263134,12.270840540168868,21.629310000000007,1.0313158789542791,0.0
1.0,onoff,0.3,2.0,decoupled,0.19812,0.015739345602660864,129.8661486834241,3.1689919687939,178.68134228038008,252.17060938263134,12.176219313649213,20.76897000000001,1.0313158789542791,0.0
1.0,onoff,0.3,2.0,dense,0.19812,0.015739345602660864,129.8661486834241,3.1689919687939,178.68134228038008,252.17060938263134,10.45313493818313,18.855759999999997,1.0313158789542791,0.0
1.0,onoff,0.3,2.0,joint_full,0.19812,0.015739345602660864,129.8661486834241,3.1689919687939,178.68134228038008,252.17060938263134,12.534856030057018,22.046100000000024,1.0313158789542791,0.0
1.0,onoff,0.3,2.0,static_pomt,0.19812,0.015739345602660864,129.8661486834241,3.1689919687939,178.68134228038008,252.17060938263134,11.032160263658072,19.734910000000003,1.0313158789542791,0.0
1.0,onoff,0.3,4.0,cliffserve,0.81386,0.02666117026688816,129.95666044410322,3.2032771784082437,100.89132585359445,176.46135139139574,9.331023319266933,16.54906,1.4368521522980784,0.0
1.0,onoff,0.3,4.0,decoupled,0.81386,0.02666117026688816,129.95666044410322,3.2032771784082437,100.89132585359445,176.46135139139574,10.63059046206889,15.621260000000001,1.4368521522980784,0.0
1.0,onoff,0.3,4.0,dense,0.81386,0.02666117026688816,129.95666044410322,3.2032771784082437,100.89132585359445,176.46135139139574,8.733224048057366,13.9722,1.4368521522980784,0.0
1.0,onoff,0.3,4.0,joint_full,0.81386,0.02666117026688816,129.95666044410322,3.2032771784082437,100.89132585359445,176.46135139139574,9.936646135247765,16.76946,1.4368521522980784,0.0
1.0,onoff,0.3,4.0,static_pomt,0.81386,0.02666117026688816,129.95666044410322,3.2032771784082437,100.89132585359445,176.46135139139574,9.028589918760389,14.62688,1.4368521522980784,0.0
1.0,onoff,0.3,8.0,cliffserve,1.0,0.0,129.97226463620032,3.2037640139212775,22.010480473993923,29.027471623338528,7.690311515087842,10.904390000000001,1.6801588742080735,0.66816
1.0,onoff,0.3,8.0,decoupled,1.0,0.0,129.97226463620032,3.2037640139212775,22.010480473993923,29.027471623338528,9.695898783339809,12.197399999999998,1.6801588742080735,0.66816
1.0,onoff,0.3,8.0,dense,1.0,0.0,129.97226463620032,3.2037640139212775,22.073726026782147,29.54273942362557,7.7125391640187555,10.131,1.6801588742080735,0.0
1.0,onoff,0.3,8.0,joint_full,1.0,0.0,129.97226463620032,3.2037640139212775,22.010480473993923,29.027471623338528,8.49595168816174,12.1244,1.6801588742080735,0.66816
1.0,onoff,0.3,8.0,static_pomt,1.0,0.0,129.97226463620032,3.2037640139212775,22.073726026782147,29.54273942362557,7.928315712575397,10.45796,1.6801588742080735,0.0
1.0,onoff,0.3,12.0,cliffserve,1.0,0.0,129.97223649353396,3.2037788429595753,21.998785387116268,28.974138969352925,7.719836643311497,10.92457,1.680269395091616,0.70656
1.0,onoff,0.3,12.0,decoupled,1.0,0.0,129.97223649353396,3.2037788429595753,21.998785387116268,28.974138969352925,9.708094571244931,12.209,1.680269395091616,0.70656
1.0,onoff,0.3,12.0,dense,1.0,0.0,129.97224163565718,3.203780957384704,22.039651096996575,29.530350481776416,7.704545679096043,10.1268,1.6803857595133338,0.0
1.0,onoff,0.3,12.0,joint_full,1.0,0.0,129.97223649353396,3.2037788429595753,21.998785387116268,28.974138969352925,8.477793926751117,12.11954,1.680269395091616,0.70656
1.0,onoff,0.3,12.0,static_pomt,1.0,0.0,129.97224163565718,3.203780957384704,22.039651096996575,29.530350481776416,7.923830843894146,10.463659999999999,1.6803857595133338,0.0
1.0,onoff,0.6,2.0,cliffserve,0.00116,0.0010830512453249845,176.99364666091245,0.22486863382964212,16610.10768915891,17282.272446773437,39.21452419904189,41.0542,1.000180078043826,0.0
1.0,onoff,0.6,2.0,decoupled,0.00116,0.0010830512453249845,176.99364666091245,0.22486863382964212,16610.10768915891,17282.272446773437,37.27019753213171,39.309250000000006,1.000180078043826,0.0
1.0,onoff,0.6,2.0,dense,0.00116,0.0010830512453249845,176.99364666091245,0.22486863382964212,16610.10768915891,17282.272446773437,35.54688164145061,38.010830000000006,1.000180078043826,0.0
1.0,onoff,0.6,2.0,joint_full,0.00116,0.0010830512453249845,176.99364666091245,0.22486863382964212,16610.10768915891,17282.272446773437,39.48661950821432,41.76497,1.000180078043826,0.0
1.0,onoff,0.6,2.0,static_pomt,0.00116,0.0010830512453249845,176.99364666091245,0.22486863382964212,16610.10768915891,17282.272446773437,36.838715801561555,39.05800000000001,1.000180078043826,0.0
1.0,onoff,0.6,4.0,cliffserve,0.00412,0.0046900959478458435,177.09653021157186,0.15411036011638643,16577.070798089502,17249.28358392136,39.15656416422689,40.85615,1.001886876252281,0.0
1.0,onoff,0.6,4.0,decoupled,0.00412,0.0046900959478458435,177.09653021157186,0.15411036011638643,16577.070798089502,17249.28358392136,37.323157082039,39.32302,1.001886876252281,0.0
1.0,onoff,0.6,4.0,dense,0.00412,0.0046900959478458435,177.09653021157186,0.15411036011638643,16577.070798089502,17249.28358392136,35.614801007113144,37.63844999999999,1.001886876252281,0.0
1.0,onoff,0.6,4.0,joint_full,0.00412,0.0046900959478458435,177.09653021157186,0.15411036011638643,16577.070798089502,17249.28358392136,39.49227502434101,41.384460000000004,1.001886876252281,0.0
1.0,onoff,0.6,4.0,static_pomt,0.00412,0.0046900959478458435,177.09653021157186,0.15411036011638643,16577.070798089502,17249.28358392136,36.80195963151609,38.91769,1.001886876252281,0.0
1.0,onoff,0.6,8.0,cliffserve,0.017099999999999997,0.013520909732706596,177.8493671312389,0.45532153486633836,16338.834511430246,17010.735482921635,39.15077976793481,40.94202,1.011522752359611,0.25344
1.0,onoff,0.6,8.0,decoupled,0.017099999999999997,0.013520909732706596,177.8493671312389,0.45532153486633836,16338.834511430246,17010.735482921635,37.16820773090838,39.266980000000004,1.011522752359611,0.25344
1.0,onoff,0.6,8.0,dense,0.01632,0.01382197525681478,177.7814225119883,0.4789185936112613,16360.307881557927,17032.2473077021,35.61875768307421,37.45822,1.0109323911118762,0.0
1.0,onoff,0.6,8.0,joint_full,0.017099999999999997,0.013520909732706596,177.8493671312389,0.45532153486633836,16338.834511430246,17010.735482921635,39.46920406206752,41.55776,1.011522752359611,0.25344
1.0,onoff,0.6,8.0,static_pomt,0.01632,0.01382197525681478,177.7814225119883,0.4789185936112613,16360.307881557927,17032.2473077021,36.784817182372215,38.96942,1.0109323911118762,0.0
1.0,onoff,0.6,12.0,cliffserve,0.04148,0.012728197044357856,179.45445349707114,1.0545093949753104,15836.613923681347,16508.550368013268,39.04293979080907,40.905240000000006,1.031691137798236,1.09824
1.0,onoff,0.6,12.0,decoupled,0.04136,0.012833277056153662,179.43976815957708,1.0544294247592638,15841.188129985898,16513.133880522615,37.11804485688633,39.37737,1.031543131593205,1.09056
1.0,onoff,0.6,12.0,dense,0.03814,0.01466025238527632,179.12776379651245,1.0612850000833378,15938.29369410333,16610.44328517044,35.54288470319592,37.604949999999995,1.028720912376407,0.0
1.0,onoff,0.6,12.0,joint_full,0.04148,0.012728197044357856,179.45445349707114,1.0545093949753104,15836.613923681347,16508.550368013268,39.329321040125194,41.58723,1.031691137798236,1.09824
1.0,onoff,0.6,12.0,static_pomt,0.03814,0.01466025238527632,179.12776379651245,1.0612850000833378,15938.29369410333,16610.44328517044,36.65385968914235,38.96673,1.028720912376407,0.0
1.0,onoff,0.8,2.0,cliffserve,0.0016800000000000003,0.0024843510218968655,176.78369005750568,0.6389491748581057,26693.604422416865,27906.66844741489,39.451357666109985,41.24805,1.0001600320076018,0.0
1.0,onoff,0.8,2.0,decoupled,0.0016800000000000003,0.0024843510218968655,176.78369005750568,0.6389491748581057,26693.604422416865,27906.66844741489,37.60597714822943,39.652640000000005,1.0001600320076018,0.0
1.0,onoff,0.8,2.0,dense,0.0016800000000000003,0.0024843510218968655,176.78369005750568,0.6389491748581057,26693.604422416865,27906.66844741489,36.00441105088154,37.96210000000001,1.0001600320076018,0.0
1.0,onoff,0.8,2.0,joint_full,0.0016800000000000003,0.0024843510218968655,176.78369005750568,0.6389491748581057,26693.604422416865,27906.66844741489,39.721380584560286,41.65943,1.0001600320076018,0.0
1.0,onoff,0.8,2.0,static_pomt,0.0016800000000000003,0.0024843510218968655,176.78369005750568,0.6389491748581057,26693.604422416865,27906.66844741489,37.114950885308374,39.29198,1.0001600320076018,0.0
1.0,onoff,0.8,4.0,cliffserve,0.00392,0.005228479702552167,176.83576670125942,0.6230748997529268,26676.867497215444,27889.95196270386,39.45414386588472,41.44253,1.0013635438996047,0.0
1.0,onoff,0.8,4.0,decoupled,0.00392,0.005228479702552167,176.83576670125942,0.6230748997529268,26676.867497215444,27889.95196270386,37.435721195079566,39.44791,1.0013635438996047,0.0
1.0,onoff,0.8,4.0,dense,0.00392,0.005228479702552167,176.83576670125942,0.6230748997529268,26676.867497215444,27889.95196270386,35.69666558977454,37.63287,1.0013635438996047,0.0
1.0,onoff,0.8,4.0,joint_full,0.00392,0.005228479702552167,176.83576670125942,0.6230748997529268,26676.867497215444,27889.95196270386,39.754463141577425,41.83858999999999,1.0013635438996047,0.0
1.0,onoff,0.8,4.0,static_pomt,0.00392,0.005228479702552167,176.83576670125942,0.6230748997529268,26676.867497215444,27889.95196270386,37.036977164743874,39.17385,1.0013635438996047,0.0
1.0,onoff,0.8,8.0,cliffserve,0.01018,0.011497477984323344,177.16243551964016,0.5139462819017877,26572.345431937334,27785.411689324945,39.424562109511854,41.4867,1.006123999177812,0.16127999999999998
1.0,onoff,0.8,8.0,decoupled,0.01014,0.011526404469738169,177.15833528899984,0.5106705742344368,26573.660172857402,27786.73400294837,37.45841698893709,39.59787,1.0060837661642907,0.1536
1.0,onoff,0.8,8.0,dense,0.01004,0.011333490194992892,177.14873531664102,0.5182484551661012,26576.785268277563,27789.855172176252,35.91024832172256,37.934,1.005919726308378,0.0
1.0,onoff,0.8,8.0,joint_full,0.01018,0.011497477984323344,177.16243551964016,0.5139462819017877,26572.345431937334,27785.411689324945,39.67610772035614,41.758489999999995,1.006123999177812,0.16127999999999998
1.0,onoff,0.8,8.0,static_pomt,0.01004,0.011333490194992892,177.14873531664102,0.5182484551661012,26576.785268277563,27789.855172176252,37.08358349860322,39.29325,1.005919726308378,0.0
1.0,onoff,0.8,12.0,cliffserve,0.01532,0.014000428564869008,177.49223544097055,0.6860236948665248,26467.729766935467,27680.755243898002,39.427300174460086,41.528079999999996,1.0104141398327626,0.36863999999999997
1.0,onoff,0.8,12.0,decoupled,0.015280000000000002,0.013913015489102284,177.49100687568585,0.6850701431329848,26468.138984375975,27681.168364166824,37.473061182302146,39.60705,1.0103310140108666,0.35328
1.0,onoff,0.8,12.0,dense,0.01488,0.013806773699890936,177.44722065394973,0.6666498244957249,26481.951342503977,27694.934683511623,35.89861261603589,38.02353,1.0099607266747188,0.0
1.0,onoff,0.8,12.0,joint_full,0.01532,0.014000428564869008,177.49223544097055,0.6860236948665248,26467.729766935467,27680.755243898002,39.63755341011335,41.81262999999999,1.0104141398327626,0.36863999999999997
1.0,onoff,0.8,12.0,static_pomt,0.01488,0.013806773699890936,177.44722065394973,0.6666498244957249,26481.951342503977,27694.934683511623,37.12576530109709,39.41772999999999,1.0099607266747188,0.0
1.0,onoff,0.95,2.0,cliffserve,0.0009000000000000001,0.0008774964387392122,177.03026909553563,0.1947047309566664,29960.575208795268,31341.32824914587,39.68905334798002,41.308769999999996,1.0002000560188067,0.0
1.0,onoff,0.95,2.0,decoupled,0.0009000000000000001,0.0008774964387392122,177.03026909553563,0.1947047309566664,29960.575208795268,31341.32824914587,37.67977290262602,39.48418,1.0002000560188067,0.0
1.0,onoff,0.95,2.0,dense,0.0009000000000000001,0.0008774964387392122,177.03026909553563,0.1947047309566664,29960.575208795268,31341.32824914587,36.068127350185115,38.03791,1.0002000560188067,0.0
1.0,onoff,0.95,2.0,joint_full,0.0009000000000000001,0.0008774964387392122,177.03026909553563,0.1947047309566664,29960.575208795268,31341.32824914587,39.95887661145632,41.6589,1.0002000560188067,0.0
1.0,onoff,0.95,2.0,static_pomt,0.0009000000000000001,0.0008774964387392122,177.03026909553563,0.1947047309566664,29960.575208795268,31341.32824914587,37.23160267611821,39.15958,1.0002000560188067,0.0
1.0,onoff,0.95,4.0,cliffserve,0.0018199999999999998,0.0013989281611290836,177.09492425932214,0.1589568347111087,29939.880454447462,31320.656187670113,39.61763666619936,41.19289,1.000861019420705,0.0
1.0,onoff,0.95,4.0,decoupled,0.0018199999999999998,0.0013989281611290836,177.09492425932214,0.1589568347111087,29939.880454447462,31320.656187670113,37.60963440341768,39.48451,1.000861019420705,0.0
1.0,onoff,0.95,4.0,dense,0.0018199999999999998,0.0013989281611290836,177.09492425932214,0.1589568347111087,29939.880454447462,31320.656187670113,36.05993613061562,37.847210000000004,1.000861019420705,0.0
1.0,onoff,0.95,4.0,joint_full,0.0018199999999999998,0.0013989281611290836,177.09492425932214,0.1589568347111087,29939.880454447462,31320.656187670113,39.906795182564885,41.52654,1.000861019420705,0.0
1.0,onoff,0.95,4.0,static_pomt,0.0018199999999999998,0.0013989281611290836,177.09492425932214,0.1589568347111087,29939.880454447462,31320.656187670113,37.18499881671427,39.08014,1.000861019420705,0.0
1.0,onoff,0.95,8.0,cliffserve,0.00394,0.0011610340218959994,177.28928968314872,0.21221358151540445,29877.902418182388,31258.64781966627,39.70033455743644,41.261520000000004,1.0026271461052392,0.08448
1.0,onoff,0.95,8.0,decoupled,0.00394,0.0011610340218959994,177.28928968314872,0.21221358151540445,29877.902418182388,31258.64781966627,37.75422638238357,39.55426,1.0026271461052392,0.08448
1.0,onoff,0.95,8.0,dense,0.00372,0.0011519548602267366,177.26823213212202,0.19046454238468796,29884.577724950806,31265.324332342505,36.07360262854284,37.82958,1.0024662382041438,0.0
1.0,onoff,0.95,8.0,joint_full,0.00394,0.0011610340218959994,177.28928968314872,0.21221358151540445,29877.902418182388,31258.64781966627,39.988384073004895,41.62469,1.0026271461052392,0.08448
1.0,onoff,0.95,8.0,static_pomt,0.00372,0.0011519548602267366,177.26823213212202,0.19046454238468796,29884.577724950806,31265.324332342505,37.26156004972643,39.13532,1.0024662382041438,0.0
1.0,onoff,0.95,12.0,cliffserve,0.00746,0.00365349148076193,177.60045450243766,0.429221178051258,29779.37978861671,31160.094110552443,39.703570416462014,41.35809,1.0056183160981982,0.22271999999999997
1.0,onoff,0.95,12.0,decoupled,0.0074399999999999996,0.0036616935972306583,177.5950886697338,0.4331045425457549,29781.07496482711,31161.772537817615,37.594484654443676,39.47148,1.0055578311755193,0.22271999999999997
1.0,onoff,0.95,12.0,dense,0.006820000000000001,0.00308496353300975,177.54496502984784,0.39917223111539013,29796.970309587603,31177.596778418054,36.09335956376104,38.01921,1.0051522980263035,0.0
1.0,onoff,0.95,12.0,joint_full,0.00746,0.00365349148076193,177.60045450243766,0.429221178051258,29779.37978861671,31160.094110552443,39.99596863757812,41.80808999999999,1.0056183160981982,0.22271999999999997
1.0,onoff,0.95,12.0,static_pomt,0.006820000000000001,0.00308496353300975,177.54496502984784,0.39917223111539013,29796.970309587603,31177.596778418054,37.24332535736356,39.183550000000004,1.0051522980263035,0.0
1.0,onoff,1.1,2.0,cliffserve,0.00132,0.001605303709582707,176.97319232363566,0.2722803431853325,33367.81181353268,34816.1165616267,39.65522278028125,41.458690000000004,1.0002601340818533,0.0
1.0,onoff,1.1,2.0,decoupled,0.00132,0.001605303709582707,176.97319232363566,0.2722803431853325,33367.81181353268,34816.1165616267,37.6441996841315,39.76282,1.0002601340818533,0.0
1.0,onoff,1.1,2.0,dense,0.00132,0.001605303709582707,176.97319232363566,0.2722803431853325,33367.81181353268,34816.1165616267,35.96691726434544,37.99026,1.0002601340818533,0.0
1.0,onoff,1.1,2.0,joint_full,0.00132,0.001605303709582707,176.97319232363566,0.2722803431853325,33367.81181353268,34816.1165616267,39.88044853051183,41.80493,1.0002601340818533,0.0
1.0,onoff,1.1,2.0,static_pomt,0.00132,0.001605303709582707,176.97319232363566,0.2722803431853325,33367.81181353268,34816.1165616267,37.21176126008349,39.21768,1.0002601340818533,0.0
1.0,onoff,1.1,4.0,cliffserve,0.00232,0.0023605084198112915,177.02540165643356,0.26523622046894246,33351.07721628364,34799.393947842866,39.53263868201092,41.218329999999995,1.0008610515651413,0.0
1.0,onoff,1.1,4.0,decoupled,0.00232,0.0023605084198112915,177.02540165643356,0.26523622046894246,33351.07721628364,34799.393947842866,37.583854509113976,39.54181,1.0008610515651413,0.0
1.0,onoff,1.1,4.0,dense,0.00232,0.0023605084198112915,177.02540165643356,0.26523622046894246,33351.07721628364,34799.393947842866,36.04462379491629,38.01365,1.0008610515651413,0.0
1.0,onoff,1.1,4.0,joint_full,0.00232,0.0023605084198112915,177.02540165643356,0.26523622046894246,33351.07721628364,34799.393947842866,39.86707708939789,41.73655,1.0008610515651413,0.0
1.0,onoff,1.1,4.0,static_pomt,0.00232,0.0023605084198112915,177.02540165643356,0.26523622046894246,33351.07721628364,34799.393947842866,37.1905324936714,39.20182,1.0008610515651413,0.0
1.0,onoff,1.1,8.0,cliffserve,0.0058,0.0035616007637016248,177.24504776191466,0.3259464354520168,33280.95455232379,34729.41992099657,39.63032600541071,41.50014,1.0033138998695676,0.08447999999999999
1.0,onoff,1.1,8.0,decoupled,0.0058,0.0035616007637016248,177.24504776191466,0.3259464354520168,33280.95455232379,34729.41992099657,37.65862303620018,39.69862,1.0033138998695676,0.08447999999999999
1.0,onoff,1.1,8.0,dense,0.00566,0.003399705869630489,177.23712867923567,0.3325485265990549,33283.45518365619,34731.90373475543,36.13084159571847,38.0772,1.0031927427593037,0.0
1.0,onoff,1.1,8.0,joint_full,0.0058,0.0035616007637016248,177.24504776191466,0.3259464354520168,33280.95455232379,34729.41992099657,39.92528581113147,41.759190000000004,1.0033138998695676,0.08447999999999999
1.0,onoff,1.1,8.0,static_pomt,0.00566,0.003399705869630489,177.23712867923567,0.3325485265990549,33283.45518365619,34731.90373475543,37.33531604502336,39.431380000000004,1.0031927427593037,0.0
1.0,onoff,1.1,12.0,cliffserve,0.01206,0.00775680346534576,177.66577784357574,0.2963869079749286,33147.647496875514,34595.82083266753,39.669335627289726,41.339299999999994,1.008245220342274,0.29951999999999995
1.0,onoff,1.1,12.0,decoupled,0.01182,0.00785060507222214,177.65029729718847,0.30367001471258726,33152.63442130446,34600.73982227248,37.60222885065406,39.584889999999994,1.0080022367326464,0.29184
1.0,onoff,1.1,12.0,dense,0.010839999999999999,0.006909992764106197,177.5672910483007,0.13323825877827913,33178.7234980142,34626.96474096697,35.97955064898705,37.9072,1.007224315116942,0.0
1.0,onoff,1.1,12.0,joint_full,0.01206,0.00775680346534576,177.66577784357574,0.2963869079749286,33147.647496875514,34595.82083266753,39.97112995782811,41.66813,1.008245220342274,0.29951999999999995
1.0,onoff,1.1,12.0,static_pomt,0.010839999999999999,0.006909992764106197,177.5672910483007,0.13323825877827913,33178.7234980142,34626.96474096697,37.29182954819506,39.2618,1.007224315116942,0.0
1.0,poisson,0.3,2.0,cliffserve,0.67418,0.012629410120825182,130.47005352979653,1.0709282346952844,30.021085666732453,49.717882513661976,7.671003856970752,10.644200000000001,1.10085286743588,0.0
1.0,poisson,0.3,2.0,decoupled,0.67418,0.012629410120825182,130.47005352979653,1.0709282346952844,30.021085666732453,49.717882513661976,9.064756179344286,10.543800000000001,1.10085286743588,0.0
1.0,poisson,0.3,2.0,dense,0.67418,0.012629410120825182,130.47005352979653,1.0709282346952844,30.021085666732453,49.717882513661976,7.229035715305312,8.7384,1.10085286743588,0.0
1.0,poisson,0.3,2.0,joint_full,0.67418,0.012629410120825182,130.47005352979653,1.0709282346952844,30.021085666732453,49.717882513661976,8.060949010624396,10.9846,1.10085286743588,0.0
1.0,poisson,0.3,2.0,static_pomt,0.67418,0.012629410120825182,130.47005352979653,1.0709282346952844,30.021085666732453,49.717882513661976,7.515909077836244,9.235149999999999,1.10085286743588,0.0
1.0,poisson,0.3,4.0,cliffserve,0.9989000000000001,0.00175071414000115,130.47305798375115,1.074252676420033,14.420198950145926,18.061736810513207,6.920268551399384,8.9288,1.2844638915372308,0.0
1.0,poisson,0.3,4.0,decoupled,0.9989000000000001,0.00175071414000115,130.47305798375115,1.074252676420033,14.420198950145926,18.061736810513207,9.126487675318321,10.59624,1.2844638915372308,0.0
1.0,poisson,0.3,4.0,dense,0.9989000000000001,0.00175071414000115,130.47305798375115,1.074252676420033,14.420198950145926,18.061736810513207,7.127928082606731,8.534,1.2844638915372308,0.0
1.0,poisson,0.3,4.0,joint_full,0.9989000000000001,0.00175071414000115,130.47305798375115,1.074252676420033,14.420198950145926,18.061736810513207,7.689861697204309,9.810379999999999,1.2844638915372308,0.0
1.0,poisson,0.3,4.0,static_pomt,0.9989000000000001,0.00175071414000115,130.47305798375115,1.074252676420033,14.420198950145926,18.061736810513207,7.373560557383814,8.795319999999998,1.2844638915372308,0.0
1.0,poisson,0.3,8.0,cliffserve,1.0,0.0,130.47305540504252,1.074211363944219,14.372623418477833,17.809935042211887,6.915118353493639,8.9168,1.2862511029137234,0.0
1.0,poisson,0.3,8.0,decoupled,1.0,0.0,130.47305540504252,1.074211363944219,14.372623418477833,17.809935042211887,9.126462701088329,10.581999999999999,1.2862511029137234,0.0
1.0,poisson,0.3,8.0,dense,1.0,0.0,130.47305540504252,1.074211363944219,14.372623418477833,17.809935042211887,7.127248698097432,8.534,1.2862511029137234,0.0
1.0,poisson,0.3,8.0,joint_full,1.0,0.0,130.47305540504252,1.074211363944219,14.372623418477833,17.809935042211887,7.662906723157489,9.79044,1.2862511029137234,0.0
1.0,poisson,0.3,8.0,static_pomt,1.0,0.0,130.47305540504252,1.074211363944219,14.372623418477833,17.809935042211887,7.37195051532577,8.8028,1.2862511029137234,0.0
1.0,poisson,0.3,12.0,cliffserve,1.0,0.0,130.47305540504252,1.074211363944219,14.372623418477833,17.809935042211887,6.930173850676709,8.9408,1.2862511029137234,0.0
1.0,poisson,0.3,12.0,decoupled,1.0,0.0,130.47305540504252,1.074211363944219,14.372623418477833,17.809935042211887,9.145505390013586,10.616,1.2862511029137234,0.0
1.0,poisson,0.3,12.0,dense,1.0,0.0,130.47305540504252,1.074211363944219,14.372623418477833,17.809935042211887,7.133547422974793,8.5258,1.2862511029137234,0.0
1.0,poisson,0.3,12.0,joint_full,1.0,0.0,130.47305540504252,1.074211363944219,14.372623418477833,17.809935042211887,7.6564472954497536,9.787859999999998,1.2862511029137234,0.0
1.0,poisson,0.3,12.0,static_pomt,1.0,0.0,130.47305540504252,1.074211363944219,14.372623418477833,17.809935042211887,7.375163181403204,8.80641,1.2862511029137234,0.0
1.0,poisson,0.6,2.0,cliffserve,0.00066,0.00035071355833500367,177.15694564597044,0.019649251732129645,17273.423171507668,17980.097339505388,39.294314095367895,42.09563,1.0001400260050008,0.0
1.0,poisson,0.6,2.0,decoupled,0.00066,0.00035071355833500367,177.15694564597044,0.019649251732129645,17273.423171507668,17980.097339505388,37.39818656079789,40.53267,1.0001400260050008,0.0
1.0,poisson,0.6,2.0,dense,0.00066,0.00035071355833500367,177.15694564597044,0.019649251732129645,17273.423171507668,17980.097339505388,35.76205407507216,38.901529999999994,1.0001400260050008,0.0
1.0,poisson,0.6,2.0,joint_full,0.00066,0.00035071355833500367,177.15694564597044,0.019649251732129645,17273.423171507668,17980.097339505388,39.64862963025159,42.63507,1.0001400260050008,0.0
1.0,poisson,0.6,2.0,static_pomt,0.00066,0.00035071355833500367,177.15694564597044,0.019649251732129645,17273.423171507668,17980.097339505388,36.95839177962574,39.9733,1.0001400260050008,0.0
1.0,poisson,0.6,4.0,cliffserve,0.01042,0.011444081439766147,177.68498700565036,0.6007404509577438,17106.085813777492,17812.817952595313,39.1465375110033,41.999,1.0048662458118058,0.0
1.0,poisson,0.6,4.0,decoupled,0.01042,0.011444081439766147,177.68498700565036,0.6007404509577438,17106.085813777492,17812.817952595313,37.151034780523446,40.182359999999996,1.0048662458118058,0.0
1.0,poisson,0.6,4.0,dense,0.01042,0.011444081439766147,177.68498700565036,0.6007404509577438,17106.085813777492,17812.817952595313,35.5292554337975,38.403679999999994,1.0048662458118058,0.0
1.0,poisson,0.6,4.0,joint_full,0.01042,0.011444081439766147,177.68498700565036,0.6007404509577438,17106.085813777492,17812.817952595313,39.365011435772985,42.47052,1.0048662458118058,0.0
1.0,poisson,0.6,4.0,static_pomt,0.01042,0.011444081439766147,177.68498700565036,0.6007404509577438,17106.085813777492,17812.817952595313,36.824535211628806,40.06446,1.0048662458118058,0.0
1.0,poisson,0.6,8.0,cliffserve,0.6822,0.4049051987811468,230.68161674141584,35.84959502960402,5390.102497394653,5853.646001396337,19.836017329556984,28.2692,1.7073038799757718,1.37472
1.0,poisson,0.6,8.0,decoupled,0.68194,0.40527147444645056,230.65099927225756,35.89222583999826,5398.59925313344,5862.071449306734,20.28011853126857,28.12694,1.7069935072968536,1.33632
1.0,poisson,0.6,8.0,dense,0.67362,0.39880114342865164,229.69951206132404,35.1693860350532,5547.8789666884495,6011.526081379539,18.853020395580184,26.140480000000004,1.6915674688258449,0.0
1.0,poisson,0.6,8.0,joint_full,0.6822,0.4049051987811468,230.68161674141584,35.84959502960402,5390.102497394653,5853.646001396337,20.516765194223744,29.1546,1.7073038799757718,1.37472
1.0,poisson,0.6,8.0,static_pomt,0.67362,0.39880114342865164,229.69951206132404,35.1693860350532,5547.8789666884495,6011.526081379539,19.46424435348384,27.081,1.6915674688258449,0.0
1.0,poisson,0.6,12.0,cliffserve,1.0,0.0,260.8920698283187,2.128992791538412,27.818888747736924,37.258796386772005,8.443630446028916,11.0106,2.1555926155563396,2.44224
1.0,poisson,0.6,12.0,decoupled,1.0,0.0,260.8920698283187,2.128992791538412,27.818888747736924,37.258796386772005,10.301821066693913,12.405199999999999,2.1555926155563396,2.44224
1.0,poisson,0.6,12.0,dense,1.0,0.0,260.8920420083974,2.1287295333028804,28.34698578810717,38.686213640909145,8.22527977336908,10.205939999999998,2.161255672355747,0.0
1.0,poisson,0.6,12.0,joint_full,1.0,0.0,260.8920698283187,2.128992791538412,27.818888747736924,37.258796386772005,9.344676252328789,12.221,2.1555926155563396,2.44224
1.0,poisson,0.6,12.0,static_pomt,1.0,0.0,260.8920420083974,2.1287295333028804,28.34698578810717,38.686213640909145,8.524971351903432,10.59621,2.161255672355747,0.0
1.0,poisson,0.8,2.0,cliffserve,0.00041999999999999996,0.00023874672772626645,177.15878110251583,0.017960648917357377,26356.27156007218,27454.80253387805,39.52389431618384,42.082049999999995,1.0000800120020004,0.0
1.0,poisson,0.8,2.0,decoupled,0.00041999999999999996,0.00023874672772626645,177.15878110251583,0.017960648917357377,26356.27156007218,27454.80253387805,37.615299165330484,40.568889999999996,1.0000800120020004,0.0
1.0,poisson,0.8,2.0,dense,0.00041999999999999996,0.00023874672772626645,177.15878110251583,0.017960648917357377,26356.27156007218,27454.80253387805,36.0251184597826,38.981700000000004,1.0000800120020004,0.0
1.0,poisson,0.8,2.0,joint_full,0.00041999999999999996,0.00023874672772626645,177.15878110251583,0.017960648917357377,26356.27156007218,27454.80253387805,39.82052739291233,42.598879999999994,1.0000800120020004,0.0
1.0,poisson,0.8,2.0,static_pomt,0.00041999999999999996,0.00023874672772626645,177.15878110251583,0.017960648917357377,26356.27156007218,27454.80253387805,37.23307643167813,40.14799,1.0000800120020004,0.0
1.0,poisson,0.8,4.0,cliffserve,0.00268,0.0025508822003377576,177.31872291399506,0.15959943691407608,26305.228668793996,27403.848515920447,39.578197168864705,42.223569999999995,1.0013832035841437,0.0
1.0,poisson,0.8,4.0,decoupled,0.00268,0.0025508822003377576,177.31872291399506,0.15959943691407608,26305.228668793996,27403.848515920447,37.44411015074272,40.119989999999994,1.0013832035841437,0.0
1.0,poisson,0.8,4.0,dense,0.00268,0.0025508822003377576,177.31872291399506,0.15959943691407608,26305.228668793996,27403.848515920447,35.65429382777862,38.61478,1.0013832035841437,0.0
1.0,poisson,0.8,4.0,joint_full,0.00268,0.0025508822003377576,177.31872291399506,0.15959943691407608,26305.228668793996,27403.848515920447,39.790955880460416,42.412659999999995,1.0013832035841437,0.0
1.0,poisson,0.8,4.0,static_pomt,0.00268,0.0025508822003377576,177.31872291399506,0.15959943691407608,26305.228668793996,27403.848515920447,36.80791596490303,39.74026,1.0013832035841437,0.0
1.0,poisson,0.8,8.0,cliffserve,0.03332,0.012390601276774263,179.93710326667332,1.0131112986485662,25486.041853291117,26584.724771674246,39.31136253931446,42.175760000000004,1.0245900132508392,0.48384
1.0,poisson,0.8,8.0,decoupled,0.03548,0.013441986460341343,180.14013134778537,1.1329373661933089,25423.79140903159,26522.349820194453,37.31062987366116,40.4687,1.0263942086274556,0.4992
1.0,poisson,0.8,8.0,dense,0.021939999999999998,0.013611502488704177,178.9574615036789,1.1191434418617558,25790.02640529279,26889.008028303913,35.80608539060332,38.7355,1.015962391419803,0.0
1.0,poisson,0.8,8.0,joint_full,0.03332,0.012390601276774263,179.93710326667332,1.0131112986485662,25486.041853291117,26584.724771674246,39.57749792781196,42.37739,1.0245900132508392,0.48384
1.0,poisson,0.8,8.0,static_pomt,0.021939999999999998,0.013611502488704177,178.9574615036789,1.1191434418617558,25790.02640529279,26889.008028303913,37.12604783272108,40.10718,1.015962391419803,0.0
1.0,poisson,0.8,12.0,cliffserve,0.2116,0.16163831538345108,198.61577482463576,17.19717180710479,20562.089209173737,21660.74405377681,37.548977538187295,41.912079999999996,1.2135260156871535,4.661759999999999
1.0,poisson,0.8,12.0,decoupled,0.20006,0.15712497573587722,197.19982193069387,16.69171292631452,20907.30737469059,22006.074119655677,35.89394291637141,39.901529999999994,1.1981738137990505,4.24704
1.0,poisson,0.8,12.0,dense,0.17648,0.15081298684131947,194.58263245821678,16.032408669351796,21569.44387765046,22668.180495540353,34.56487199097445,38.54522,1.1747710998305354,0.0
1.0,poisson,0.8,12.0,joint_full,0.2116,0.16163831538345108,198.61577482463576,17.19717180710479,20562.089209173737,21660.74405377681,37.941027958772615,42.374970000000005,1.2135260156871535,4.661759999999999
1.0,poisson,0.8,12.0,static_pomt,0.17648,0.15081298684131947,194.58263245821678,16.032408669351796,21569.44387765046,22668.180495540353,35.63062192840086,39.6875,1.1747710998305354,0.0
1.0,poisson,0.95,2.0,cliffserve,0.00031999999999999997,0.0001643167672515498,177.1583006570713,0.016510524814698453,30661.9310193689,31943.48237850221,39.6050841420122,42.203430000000004,1.0000600060006,0.0
1.0,poisson,0.95,2.0,decoupled,0.00031999999999999997,0.0001643167672515498,177.1583006570713,0.016510524814698453,30661.9310193689,31943.48237850221,37.59566057987399,40.416199999999996,1.0000600060006,0.0
1.0,poisson,0.95,2.0,dense,0.00031999999999999997,0.0001643167672515498,177.1583006570713,0.016510524814698453,30661.9310193689,31943.48237850221,35.956289186894686,38.67702,1.0000600060006,0.0
1.0,poisson,0.95,2.0,joint_full,0.00031999999999999997,0.0001643167672515498,177.1583006570713,0.016510524814698453,30661.9310193689,31943.48237850221,39.884619160482046,42.66259,1.0000600060006,0.0
1.0,poisson,0.95,2.0,static_pomt,0.00031999999999999997,0.0001643167672515498,177.1583006570713,0.016510524814698453,30661.9310193689,31943.48237850221,37.07233528376438,39.8988,1.0000600060006,0.0
1.0,poisson,0.95,4.0,cliffserve,0.0014,0.0005049752469181039,177.24265922041988,0.03535863150163628,30634.9273618339,31916.57448222724,39.66639559700817,42.2527,1.0007606445913724,0.0
1.0,poisson,0.95,4.0,decoupled,0.0014,0.0005049752469181039,177.24265922041988,0.03535863150163628,30634.9273618339,31916.57448222724,37.63567907730263,40.578179999999996,1.0007606445913724,0.0
1.0,poisson,0.95,4.0,dense,0.0014,0.0005049752469181039,177.24265922041988,0.03535863150163628,30634.9273618339,31916.57448222724,35.968985192372784,38.83009,1.0007606445913724,0.0
1.0,poisson,0.95,4.0,joint_full,0.0014,0.0005049752469181039,177.24265922041988,0.03535863150163628,30634.9273618339,31916.57448222724,39.940980709763366,42.59102,1.0007606445913724,0.0
1.0,poisson,0.95,4.0,static_pomt,0.0014,0.0005049752469181039,177.24265922041988,0.03535863150163628,30634.9273618339,31916.57448222724,37.21695994716814,39.94803,1.0007606445913724,0.0
1.0,poisson,0.95,8.0,cliffserve,0.00786,0.0036087393920869377,177.80537822717702,0.2860896395037094,30456.470051891654,31738.188115886598,39.6239828307612,42.25993,1.0057376139165133,0.13055999999999998
1.0,poisson,0.95,8.0,decoupled,0.0077,0.0037006756139926662,177.79165753131844,0.2944064258857492,30460.85143334135,31742.58212054816,37.59399406578419,40.55869,1.0056165508948067,0.12287999999999999
1.0,poisson,0.95,8.0,dense,0.0075,0.0037623131182824223,177.76848151027136,0.3008632175224213,30468.185630748125,31749.90614075461,35.92163272549238,38.775,1.005454993564443,0.0
1.0,poisson,0.95,8.0,joint_full,0.00786,0.0036087393920869377,177.80537822717702,0.2860896395037094,30456.470051891654,31738.188115886598,39.813474264719886,42.441970000000005,1.0057376139165133,0.13055999999999998
1.0,poisson,0.95,8.0,static_pomt,0.0075,0.0037623131182824223,177.76848151027136,0.3008632175224213,30468.185630748125,31749.90614075461,37.20249125504042,40.02452,1.005454993564443,0.0
1.0,poisson,0.95,12.0,cliffserve,0.01774,0.009623305045565167,178.7566737733973,0.934905504103107,30157.806531174032,31439.930462729368,39.53416838070092,41.93833,1.0145650469408767,0.56832
1.0,poisson,0.95,12.0,decoupled,0.01762,0.009720699563303042,178.74680278523357,0.9424356791158514,30160.9336277698,31443.050078050524,37.54886934995875,40.372159999999994,1.0144835543718786,0.56832
1.0,poisson,0.95,12.0,dense,0.016220000000000002,0.008395058070079089,178.5852946885896,0.7975165200076485,30211.162767345755,31493.346346037775,35.87401704934281,38.70263,1.013194407738561,0.0
1.0,poisson,0.95,12.0,joint_full,0.01774,0.009623305045565167,178.7566737733973,0.934905504103107,30157.806531174032,31439.930462729368,39.75354555148947,42.459109999999995,1.0145650469408767,0.56832
1.0,poisson,0.95,12.0,static_pomt,0.016220000000000002,0.008395058070079089,178.5852946885896,0.7975165200076485,30211.162767345755,31493.346346037775,37.12478607273425,40.13099,1.013194407738561,0.0
1.0,poisson,1.1,2.0,cliffserve,0.00026,8.944271909999159e-05,177.15600743696817,0.015957396166752232,33793.932515583874,35208.584720055966,39.69132974016402,42.464389999999995,1.0000400040003998,0.0
1.0,poisson,1.1,2.0,decoupled,0.00026,8.944271909999159e-05,177.15600743696817,0.015957396166752232,33793.932515583874,35208.584720055966,37.71595219866387,40.624199999999995,1.0000400040003998,0.0
1.0,poisson,1.1,2.0,dense,0.00026,8.944271909999159e-05,177.15600743696817,0.015957396166752232,33793.932515583874,35208.584720055966,36.009391680640064,38.717290000000006,1.0000400040003998,0.0
1.0,poisson,1.1,2.0,joint_full,0.00026,8.944271909999159e-05,177.15600743696817,0.015957396166752232,33793.932515583874,35208.584720055966,39.95902574328233,42.7589,1.0000400040003998,0.0
1.0,poisson,1.1,2.0,static_pomt,0.00026,8.944271909999159e-05,177.15600743696817,0.015957396166752232,33793.932515583874,35208.584720055966,37.24966154384838,39.91322,1.0000400040003998,0.0
1.0,poisson,1.1,4.0,cliffserve,0.00134,0.0004159326868617084,177.24726951696323,0.03160468109685232,33764.708421096984,35179.48346750806,39.70159803123607,42.6001,1.0008007006506285,0.0
1.0,poisson,1.1,4.0,decoupled,0.00134,0.0004159326868617084,177.24726951696323,0.03160468109685232,33764.708421096984,35179.48346750806,37.65792900672297,40.57487999999999,1.0008007006506285,0.0
1.0,poisson,1.1,4.0,dense,0.00134,0.0004159326868617084,177.24726951696323,0.03160468109685232,33764.708421096984,35179.48346750806,36.068086219512836,38.949999999999996,1.0008007006506285,0.0
1.0,poisson,1.1,4.0,joint_full,0.00134,0.0004159326868617084,177.24726951696323,0.03160468109685232,33764.708421096984,35179.48346750806,40.0121186882007,42.87644,1.0008007006506285,0.0
1.0,poisson,1.1,4.0,static_pomt,0.00134,0.0004159326868617084,177.24726951696323,0.03160468109685232,33764.708421096984,35179.48346750806,37.255084394655626,40.15456,1.0008007006506285,0.0
1.0,poisson,1.1,8.0,cliffserve,0.0055,0.002023610634484806,177.62461540650793,0.18095586384653184,33644.910691223326,35059.72430458424,39.60838918241501,42.321099999999994,1.004219869341133,0.13055999999999998
1.0,poisson,1.1,8.0,decoupled,0.0055,0.002023610634484806,177.62461540650793,0.18095586384653184,33644.910691223326,35059.72430458424,37.75539144283593,40.78001,1.004219869341133,0.13055999999999998
1.0,poisson,1.1,8.0,dense,0.00526,0.0020947553556441858,177.60329123599325,0.1799300206158371,33651.6831984188,35066.51985947201,36.19867842567571,39.18149,1.0040989234550133,0.0
1.0,poisson,1.1,8.0,joint_full,0.0055,0.002023610634484806,177.62461540650793,0.18095586384653184,33644.910691223326,35059.72430458424,39.95491056264281,42.754059999999996,1.004219869341133,0.13055999999999998
1.0,poisson,1.1,8.0,static_pomt,0.00526,0.0020947553556441858,177.60329123599325,0.1799300206158371,33651.6831984188,35066.51985947201,37.3708589999633,40.369809999999994,1.0040989234550133,0.0
1.0,poisson,1.1,12.0,cliffserve,0.01048,0.0033379634509682695,178.10639189136617,0.3086951651051676,33492.46909813899,34907.54350822613,39.799501745015796,42.817249999999994,1.0087011538372248,0.35328
1.0,poisson,1.1,12.0,decoupled,0.01046,0.0033328666339954263,178.10258442210807,0.306363339135015,33493.68644135971,34908.75641224739,37.69547093309886,40.57565,1.0086399248456943,0.3456
1.0,poisson,1.1,12.0,dense,0.00964,0.0031957784654133956,178.00252041803688,0.28194498627285647,33525.294117450896,34940.29363648484,36.140484099532394,38.9906,1.0078463884725108,0.0
1.0,poisson,1.1,12.0,joint_full,0.01048,0.0033379634509682695,178.10639189136617,0.3086951651051676,33492.46909813899,34907.54350822613,40.02622095912659,42.89084,1.0087011538372248,0.35328
1.0,poisson,1.1,12.0,static_pomt,0.00964,0.0031957784654133956,178.00252041803688,0.28194498627285647,33525.294117450896,34940.29363648484,37.30122504287734,40.22636,1.0078463884725108,0.0
2.0,onoff,0.3,2.0,cliffserve,0.19812,0.015739345602660864,129.8661486834241,3.1689919687939,178.68134228038008,252.17060938263134,12.675931051802989,22.94084000000002,1.0313158789542791,0.0
2.0,onoff,0.3,2.0,decoupled,0.19812,0.015739345602660864,129.8661486834241,3.1689919687939,178.68134228038008,252.17060938263134,12.341446171220943,20.617670000000004,1.0313158789542791,0.0
2.0,onoff,0.3,2.0,dense,0.19812,0.015739345602660864,129.8661486834241,3.1689919687939,178.68134228038008,252.17060938263134,10.447383617207118,18.781840000000003,1.0313158789542791,0.0
2.0,onoff,0.3,2.0,joint_full,0.19812,0.015739345602660864,129.8661486834241,3.1689919687939,178.68134228038008,252.17060938263134,13.315731370655914,23.42337,1.0313158789542791,0.0
2.0,onoff,0.3,2.0,static_pomt,0.09272,0.007478435665297925,129.84664953124553,3.1613824265746264,186.24219302869733,259.96194343773357,11.30241402,20.5586,1.0,4.38784
2.0,onoff,0.3,4.0,cliffserve,0.8467399999999999,0.03471581772045705,129.95701050608403,3.203012372736853,87.85808406948095,170.78157172690914,9.229927519490206,17.1149,1.469732396457616,12.5632
2.0,onoff,0.3,4.0,decoupled,0.8431200000000001,0.037179523934553024,129.9568273605431,3.202917876624229,89.85606481731286,175.20261846053978,10.855760009478606,15.703619999999997,1.4628849628491387,12.0064
2.0,onoff,0.3,4.0,dense,0.81386,0.02666117026688816,129.95666044410322,3.2032771784082437,100.89132585359445,176.46135139139574,8.706841804689327,13.88251,1.4368521522980784,0.0
2.0,onoff,0.3,4.0,joint_full,0.8467399999999999,0.03471581772045705,129.95701050608403,3.203012372736853,87.85808406948095,170.78157172690914,10.626807593469978,17.8114,1.469732396457616,12.5632
2.0,onoff,0.3,4.0,static_pomt,0.3996,0.04050358008867859,129.87390538539816,3.181172044324383,168.37773109213873,242.35371075200368,11.110110294637868,19.3962,1.179825625068609,23.06816
2.0,onoff,0.3,8.0,cliffserve,1.0,0.0,129.97286916573378,3.2030335236402183,20.329895933992287,25.458728830312076,7.78372845639395,11.8345,1.6653877167284203,18.6176
2.0,onoff,0.3,8.0,decoupled,1.0,0.0,129.97286916573378,3.2030335236402183,20.329895933992287,25.458728830312076,10.093051353706594,12.7336,1.6653877167284203,18.6176
2.0,onoff,0.3,8.0,dense,1.0,0.0,129.97226463620032,3.2037640139212775,22.073726026782147,29.54273942362557,7.72908733076612,10.175089999999997,1.6801588742080735,0.0
2.0,onoff,0.3,8.0,joint_full,1.0,0.0,129.97286916573378,3.2030335236402183,20.329895933992287,25.458728830312076,9.432635915167413,14.149719999999999,1.6653877167284203,18.6176
2.0,onoff,0.3,8.0,static_pomt,1.0,0.0,129.95559037959725,3.201663917540971,26.483376208580943,30.83271169700139,8.483817655744808,10.5998,2.1318997200783025,64.0
2.0,onoff,0.3,12.0,cliffserve,1.0,0.0,129.97286916573378,3.2030335236402183,20.329895933992287,25.458728830312076,7.806287303047684,11.82856,1.6653877167284203,18.6176
2.0,onoff,0.3,12.0,decoupled,1.0,0.0,129.97286916573378,3.2030335236402183,20.329895933992287,25.458728830312076,10.087198052411486,12.7238,1.6653877167284203,18.6176
2.0,onoff,0.3,12.0,dense,1.0,0.0,129.97224163565718,3.203780957384704,22.039651096996575,29.530350481776416,7.711211056366689,10.135,1.6803857595133338,0.0
2.0,onoff,0.3,12.0,joint_full,1.0,0.0,129.97286916573378,3.2030335236402183,20.329895933992287,25.458728830312076,9.450685898876277,14.160919999999999,1.6653877167284203,18.6176
2.0,onoff,0.3,12.0,static_pomt,1.0,0.0,129.95559037959725,3.201663917540971,26.483376208580943,30.83271169700139,8.524478453655579,10.598,2.1318997200783025,64.0
2.0,onoff,0.6,2.0,cliffserve,0.00116,0.0010830512453249845,176.99364666091245,0.22486863382964212,16610.10768915891,17282.272446773437,40.832000178176756,42.841770000000004,1.000180078043826,0.0
2.0,onoff,0.6,2.0,decoupled,0.00116,0.0010830512453249845,176.99364666091245,0.22486863382964212,16610.10768915891,17282.272446773437,37.38432554171424,39.52038,1.000180078043826,0.0
2.0,onoff,0.6,2.0,dense,0.00116,0.0010830512453249845,176.99364666091245,0.22486863382964212,16610.10768915891,17282.272446773437,35.632145561246176,37.71403,1.000180078043826,0.0
2.0,onoff,0.6,2.0,joint_full,0.00116,0.0010830512453249845,176.99364666091245,0.22486863382964212,16610.10768915891,17282.272446773437,41.487691615680205,43.54772,1.000180078043826,0.0
2.0,onoff,0.6,2.0,static_pomt,0.00052,0.0004494441010848847,176.97094130120303,0.22676955150460132,16617.36860682063,17289.537851033157,36.83669336,38.95111,1.0,0.026879999999999998
2.0,onoff,0.6,4.0,cliffserve,0.00426,0.004965178748041202,177.10564673241296,0.15736632280888463,16574.201730110643,17246.385261150866,40.78913098052725,42.72804,1.001967497407072,0.128
2.0,onoff,0.6,4.0,decoupled,0.0042,0.004837871432768754,177.09956858829702,0.1599961825763365,16576.10730802774,17248.305524696276,37.36222215232078,39.4893,1.0019070237160248,0.11520000000000001
2.0,onoff,0.6,4.0,dense,0.00412,0.0046900959478458435,177.09653021157186,0.15411036011638643,16577.070798089502,17249.28358392136,35.63235562935931,37.73462,1.001886876252281,0.0
2.0,onoff,0.6,4.0,joint_full,0.00426,0.004965178748041202,177.10564673241296,0.15736632280888463,16574.201730110643,17246.385261150866,41.41303698538034,43.60218,1.001967497407072,0.128
2.0,onoff,0.6,4.0,static_pomt,0.0021999999999999997,0.0021295539439046855,177.0109515731877,0.24245705017212887,16604.461342998075,17276.603778662644,36.8277915106503,38.995940000000004,1.0008812985812978,0.12287999999999999
2.0,onoff,0.6,8.0,cliffserve,0.040139999999999995,0.011406270205461555,179.49894955033153,1.0213610200941472,15822.655382031191,16494.69527538672,40.51970760297398,42.61265,1.029630163091835,2.5984
2.0,onoff,0.6,8.0,decoupled,0.03498,0.014041616716033805,179.03743524178574,1.0860941107429272,15966.614738929837,16638.704983466036,37.22506082231958,39.55529,1.0250730086304087,2.2016
2.0,onoff,0.6,8.0,dense,0.01632,0.01382197525681478,177.7814225119883,0.4789185936112613,16360.307881557927,17032.2473077021,35.62211341207559,37.814620000000005,1.0109323911118762,0.0
2.0,onoff,0.6,8.0,joint_full,0.040139999999999995,0.011406270205461555,179.49894955033153,1.0213610200941472,15822.655382031191,16494.69527538672,41.1562032691849,43.5616,1.029630163091835,2.5984
2.0,onoff,0.6,8.0,static_pomt,0.029100000000000004,0.012354351460113152,178.63904484430114,0.9999958047814973,16091.19693020606,16763.016174562013,36.71224139895852,38.9994,1.021707116618781,1.8470399999999998
2.0,onoff,0.6,12.0,cliffserve,0.22401999999999997,0.19609178208175884,189.56537623060353,9.662363055331499,12970.458072844493,13642.312441454083,38.321588966559304,42.05228999999999,1.2288550064250903,14.643200000000002
2.0,onoff,0.6,12.0,decoupled,0.22136,0.1962129786736851,189.3161562220067,9.746789828580699,13042.490860286702,13714.313131932407,35.44030435340148,39.258939999999996,1.224019798593997,14.515199999999998
2.0,onoff,0.6,12.0,dense,0.03814,0.01466025238527632,179.12776379651245,1.0612850000833378,15938.29369410333,16610.44328517044,35.530525900822724,37.712900000000005,1.028720912376407,0.0
2.0,onoff,0.6,12.0,joint_full,0.22401999999999997,0.19609178208175884,189.56537623060353,9.662363055331499,12970.458072844493,13642.312441454083,39.09328861464208,43.2371,1.2288550064250903,14.643200000000002
2.0,onoff,0.6,12.0,static_pomt,0.11738,0.08201955254693846,183.25127543271438,4.092178958753149,14701.715586941073,15373.561046430576,36.03630234661036,38.76645,1.1027565662159362,7.5072
2.0,onoff,0.8,2.0,cliffserve,0.0016800000000000003,0.0024843510218968655,176.78369005750568,0.6389491748581057,26693.604422416865,27906.66844741489,40.936056159228244,42.9513,1.0001600320076018,0.0
2.0,onoff,0.8,2.0,decoupled,0.0016800000000000003,0.0024843510218968655,176.78369005750568,0.6389491748581057,26693.604422416865,27906.66844741489,37.63663036316086,39.69864,1.0001600320076018,0.0
2.0,onoff,0.8,2.0,dense,0.0016800000000000003,0.0024843510218968655,176.78369005750568,0.6389491748581057,26693.604422416865,27906.66844741489,35.974599035585676,38.030359999999995,1.0001600320076018,0.0
2.0,onoff,0.8,2.0,joint_full,0.0016800000000000003,0.0024843510218968655,176.78369005750568,0.6389491748581057,26693.604422416865,27906.66844741489,41.67838438723388,43.73113,1.0001600320076018,0.0
2.0,onoff,0.8,2.0,static_pomt,0.00104,0.0016456001944579368,176.76228501929884,0.6327013091346684,26700.50376543062,27913.510526443017,37.01117866,39.1356,1.0,0.04992
2.0,onoff,0.8,4.0,cliffserve,0.004059999999999999,0.005472933399923665,176.83769909629868,0.6223759735632195,26676.28916456717,27889.37189240028,41.00782762383482,42.96261,1.0014644718509373,0.10880000000000001
2.0,onoff,0.8,4.0,decoupled,0.00404,0.005429825043221927,176.8377118312224,0.6223488818806446,26676.287276578125,27889.34121765343,37.536556194552375,39.66676,1.0014241256189407,0.1024
2.0,onoff,0.8,4.0,dense,0.00392,0.005228479702552167,176.83576670125942,0.6230748997529268,26676.867497215444,27889.95196270386,35.863509843477146,38.02213,1.0013635438996047,0.0
2.0,onoff,0.8,4.0,joint_full,0.004059999999999999,0.005472933399923665,176.83769909629868,0.6223759735632195,26676.28916456717,27889.37189240028,41.55026933222968,43.7071,1.0014644718509373,0.10880000000000001
2.0,onoff,0.8,4.0,static_pomt,0.00292,0.003544996473905157,176.79246173470622,0.6464496177882758,26690.755477900682,27903.808972308645,37.00619870933544,39.08939,1.0009213864509297,0.16896
2.0,onoff,0.8,8.0,cliffserve,0.01356,0.012569924423002709,177.41574643122044,0.682161495847762,26492.090264454793,27705.126863007907,40.88810292511228,42.83166,1.0087919236812994,0.768
2.0,onoff,0.8,8.0,decoupled,0.012480000000000002,0.012852509482587439,177.31733339767794,0.5792931102639786,26523.28008542267,27736.307160076703,37.56300132816416,39.614529999999995,1.007816480263576,0.6848
2.0,onoff,0.8,8.0,dense,0.01004,0.011333490194992892,177.14873531664102,0.5182484551661012,26576.785268277563,27789.855172176252,35.831163674921974,37.7964,1.005919726308378,0.0
2.0,onoff,0.8,8.0,joint_full,0.01356,0.012569924423002709,177.41574643122044,0.682161495847762,26492.090264454793,27705.126863007907,41.66375403702309,43.777300000000004,1.0087919236812994,0.768
2.0,onoff,0.8,8.0,static_pomt,0.01104,0.012597737892177309,177.1994019237109,0.5186786837393247,26560.64660187955,27773.666481822856,37.13106888438885,39.20697,1.0072326142921348,0.6975999999999999
2.0,onoff,0.8,12.0,cliffserve,0.04578,0.02470661854645431,179.57922206268253,2.288185532735646,25819.607426467923,27032.851791651326,40.877034382246435,42.9747,1.0357291513615263,2.9888
2.0,onoff,0.8,12.0,decoupled,0.03762,0.018817996705281892,179.2371984628207,2.2654448769838944,25925.86012601405,27139.058400054346,37.47414537943758,39.660909999999994,1.028587829833883,2.464
2.0,onoff,0.8,12.0,dense,0.01488,0.013806773699890936,177.44722065394973,0.6666498244957249,26481.951342503977,27694.934683511623,35.945637205646776,38.04075,1.0099607266747188,0.0
2.0,onoff,0.8,12.0,joint_full,0.04578,0.02470661854645431,179.57922206268253,2.288185532735646,25819.607426467923,27032.851791651326,41.50223047586902,43.626259999999995,1.0357291513615263,2.9888
2.0,onoff,0.8,12.0,static_pomt,0.01838,0.014138493554831082,177.76757696353488,0.7526482012847426,26380.670012190105,27593.60966038768,37.02992201925865,39.11828,1.0135147019486772,1.16736
2.0,onoff,0.95,2.0,cliffserve,0.0009000000000000001,0.0008774964387392122,177.03026909553563,0.1947047309566664,29960.575208795268,31341.32824914587,41.19419043667267,42.725,1.0002000560188067,0.0
2.0,onoff,0.95,2.0,decoupled,0.0009000000000000001,0.0008774964387392122,177.03026909553563,0.1947047309566664,29960.575208795268,31341.32824914587,37.742043255326486,39.60141,1.0002000560188067,0.0
2.0,onoff,0.95,2.0,dense,0.0009000000000000001,0.0008774964387392122,177.03026909553563,0.1947047309566664,29960.575208795268,31341.32824914587,36.07592354996227,37.997640000000004,1.0002000560188067,0.0
2.0,onoff,0.95,2.0,joint_full,0.0009000000000000001,0.0008774964387392122,177.03026909553563,0.1947047309566664,29960.575208795268,31341.32824914587,41.89339791243709,43.83401999999998,1.0002000560188067,0.0
2.0,onoff,0.95,2.0,static_pomt,0.00046,0.0005366563145999495,177.00604208495923,0.18992893580615902,29968.3059814765,31349.05880948007,37.21905532,39.2878,1.0,0.02432
2.0,onoff,0.95,4.0,cliffserve,0.00184,0.0014275853739794339,177.0976480083457,0.1574493205648327,29939.011308672623,31319.787041895273,41.21898500762775,42.99835,1.000861019420705,0.064
2.0,onoff,0.95,4.0,decoupled,0.00184,0.0014275853739794339,177.0976480083457,0.1574493205648327,29939.011308672623,31319.787041895273,37.77199364561322,39.5868,1.000861019420705,0.064
2.0,onoff,0.95,4.0,dense,0.0018199999999999998,0.0013989281611290836,177.09492425932214,0.1589568347111087,29939.880454447462,31320.656187670113,36.083013432594754,37.901509999999995,1.000861019420705,0.0
2.0,onoff,0.95,4.0,joint_full,0.00184,0.0014275853739794339,177.0976480083457,0.1574493205648327,29939.011308672623,31319.787041895273,41.81634565584649,43.54864,1.000861019420705,0.064
2.0,onoff,0.95,4.0,static_pomt,0.00162,0.0012437845472588892,177.07345875836828,0.18721889655295307,29946.750730384498,31327.505185688333,37.27664608424022,39.190250000000006,1.0008008771990409,0.09984
2.0,onoff,0.95,8.0,cliffserve,0.00494,0.0012561846997953762,177.4171707231757,0.2072833701470382,29837.42662854779,31218.030746262066,41.11909967302674,42.5812,1.003512701348792,0.3008
2.0,onoff,0.95,8.0,decoupled,0.00472,0.0013330416347586448,177.39113380898237,0.20024888761807288,29845.655479217654,31226.25808752393,37.77579012512011,39.7506,1.0033113783884733,0.288
2.0,onoff,0.95,8.0,dense,0.00372,0.0011519548602267366,177.26823213212202,0.19046454238468796,29884.577724950806,31265.324332342505,36.093940163101294,38.08748,1.0024662382041438,0.0
2.0,onoff,0.95,8.0,joint_full,0.00494,0.0012561846997953762,177.4171707231757,0.2072833701470382,29837.42662854779,31218.030746262066,41.77524330891093,43.513999999999996,1.003512701348792,0.3008
2.0,onoff,0.95,8.0,static_pomt,0.004200000000000001,0.0014195069566578392,177.3340875870183,0.1572127564022762,29863.777966326685,31244.43241206677,37.26198617879475,39.241020000000006,1.0029893042815043,0.26496
2.0,onoff,0.95,12.0,cliffserve,0.01038,0.004089865523461621,177.98270877515188,0.37793507350935346,29658.417253626394,31039.22596084465,41.228850893012684,43.09340999999999,1.0083980080680208,0.7168
2.0,onoff,0.95,12.0,decoupled,0.009819999999999999,0.003806835956539236,177.91493523156674,0.3458198909250179,29679.711607272417,31060.482761299743,37.733478505157144,39.66968000000001,1.0077868541591704,0.672
2.0,onoff,0.95,12.0,dense,0.006820000000000001,0.00308496353300975,177.54496502984784,0.39917223111539013,29796.970309587603,31177.596778418054,36.105888154155494,38.0451,1.0051522980263035,0.0
2.0,onoff,0.95,12.0,joint_full,0.01038,0.004089865523461621,177.98270877515188,0.37793507350935346,29658.417253626394,31039.22596084465,41.73066443340569,43.59926,1.0083980080680208,0.7168
2.0,onoff,0.95,12.0,static_pomt,0.00908,0.003960681759495453,177.79983897616242,0.37277386175741617,29716.117698157534,31096.88975730285,37.21320177722806,39.09576,1.0072808032826033,0.576
2.0,onoff,1.1,2.0,cliffserve,0.00132,0.001605303709582707,176.97319232363566,0.2722803431853325,33367.81181353268,34816.1165616267,41.22132740956449,43.1498,1.0002601340818533,0.0
2.0,onoff,1.1,2.0,decoupled,0.00132,0.001605303709582707,176.97319232363566,0.2722803431853325,33367.81181353268,34816.1165616267,37.74902919081843,39.83043,1.0002601340818533,0.0
2.0,onoff,1.1,2.0,dense,0.00132,0.001605303709582707,176.97319232363566,0.2722803431853325,33367.81181353268,34816.1165616267,35.9963634269955,37.931670000000004,1.0002601340818533,0.0
2.0,onoff,1.1,2.0,joint_full,0.00132,0.001605303709582707,176.97319232363566,0.2722803431853325,33367.81181353268,34816.1165616267,41.84244265213486,44.00752,1.0002601340818533,0.0
2.0,onoff,1.1,2.0,static_pomt,0.0007,0.0008246211251235321,176.94949708928115,0.2741974726980286,33375.44760312672,34823.699453833244,37.16198306,39.067409999999995,1.0,0.032
2.0,onoff,1.1,4.0,cliffserve,0.00236,0.0023543576618687313,177.030065575079,0.263369487783985,33349.591173889006,34797.91556744221,41.120420413038715,42.874269999999996,1.0008811016590982,0.0448
2.0,onoff,1.1,4.0,decoupled,0.00236,0.0023543576618687313,177.030065575079,0.263369487783985,33349.591173889006,34797.91556744221,37.71226080747262,39.769639999999995,1.0008811016590982,0.0448
2.0,onoff,1.1,4.0,dense,0.00232,0.0023605084198112915,177.02540165643356,0.26523622046894246,33351.07721628364,34799.393947842866,36.0159575122472,37.98715,1.0008610515651413,0.0
2.0,onoff,1.1,4.0,joint_full,0.00236,0.0023543576618687313,177.030065575079,0.263369487783985,33349.591173889006,34797.91556744221,41.81612036115679,43.6256,1.0008811016590982,0.0448
2.0,onoff,1.1,4.0,static_pomt,0.00204,0.002140794245134268,176.99561549095606,0.28601076678429754,33360.613330432134,34808.987087424895,37.23015008391367,39.295049999999996,1.00076090946826,0.1216
2.0,onoff,1.1,8.0,cliffserve,0.00876,0.005779532853094616,177.51744294695126,0.13755885334398726,33194.356832129924,34642.67039537803,41.15717680759207,42.895399999999995,1.0056600934735216,0.46719999999999995
2.0,onoff,1.1,8.0,decoupled,0.00852,0.005751260731352735,177.48188033592663,0.15448540891748783,33205.637689306706,34653.992072591696,37.862459464629566,39.989200000000004,1.0053565352925324,0.43520000000000003
2.0,onoff,1.1,8.0,dense,0.00566,0.003399705869630489,177.23712867923567,0.3325485265990549,33283.45518365619,34731.90373475543,36.06216601926233,38.07128,1.0031927427593037,0.0
2.0,onoff,1.1,8.0,joint_full,0.00876,0.005779532853094616,177.51744294695126,0.13755885334398726,33194.356832129924,34642.67039537803,41.8663986782955,43.90323,1.0056600934735216,0.46719999999999995
2.0,onoff,1.1,8.0,static_pomt,0.006019999999999999,0.0036217399133565624,177.26964197351998,0.3276818873001974,33273.178874628626,34721.65746921923,37.229999606449915,39.30526,1.0037575676446653,0.37376
2.0,onoff,1.1,12.0,cliffserve,0.01476,0.008464218806245498,177.9467516834191,0.3586988634286298,33058.96430054568,34507.13527878898,41.08758253032112,42.68954,1.0105722100943573,0.8576
2.0,onoff,1.1,12.0,decoupled,0.01446,0.00846923845454832,177.89785418013906,0.35294443675155657,33074.360105880725,34522.60562276882,37.690221067921996,39.49632,1.0100814764747725,0.8192
2.0,onoff,1.1,12.0,dense,0.010839999999999999,0.006909992764106197,177.5672910483007,0.13323825877827913,33178.7234980142,34626.96474096697,36.096510769050674,38.01952,1.007224315116942,0.0
2.0,onoff,1.1,12.0,joint_full,0.01476,0.008464218806245498,177.9467516834191,0.3586988634286298,33058.96430054568,34507.13527878898,41.786093292111296,43.7023,1.0105722100943573,0.8576
2.0,onoff,1.1,12.0,static_pomt,0.01308,0.008241783787506196,177.77380211510038,0.34804746613853016,33113.6031712218,34561.823391137616,37.1884945787192,39.0994,1.0095545551489982,0.83072
2.0,poisson,0.3,2.0,cliffserve,0.67418,0.012629410120825182,130.47005352979653,1.0709282346952844,30.021085666732453,49.717882513661976,7.7670191740947585,10.988499999999998,1.10085286743588,0.0
2.0,poisson,0.3,2.0,decoupled,0.67418,0.012629410120825182,130.47005352979653,1.0709282346952844,30.021085666732453,49.717882513661976,9.332208013108838,10.81259,1.10085286743588,0.0
2.0,poisson,0.3,2.0,dense,0.67418,0.012629410120825182,130.47005352979653,1.0709282346952844,30.021085666732453,49.717882513661976,7.26802746393343,8.782399999999999,1.10085286743588,0.0
2.0,poisson,0.3,2.0,joint_full,0.67418,0.012629410120825182,130.47005352979653,1.0709282346952844,30.021085666732453,49.717882513661976,8.558834165245084,11.655889999999998,1.10085286743588,0.0
2.0,poisson,0.3,2.0,static_pomt,0.30846,0.006018554643766222,130.4623842975885,1.06945378596246,37.668265829622214,56.356189733325834,7.63281934,9.3616,1.0,11.39584
2.0,poisson,0.3,4.0,cliffserve,0.9993000000000001,0.0012922847983320444,130.47309140860486,1.0742518421792544,14.219841413771533,17.568127666336938,6.985940285776334,9.019,1.284796653701926,2.9375999999999998
2.0,poisson,0.3,4.0,decoupled,0.99914,0.0015946786510140814,130.47303742205943,1.0742117158471352,14.229900960029989,17.62643848014404,9.52187067427123,11.177629999999999,1.2844003796061298,2.8928000000000003
2.0,poisson,0.3,4.0,dense,0.9989000000000001,0.00175071414000115,130.47305798375115,1.074252676420033,14.420198950145926,18.061736810513207,7.232571445794472,8.646600000000001,1.2844638915372308,0.0
2.0,poisson,0.3,4.0,joint_full,0.9993000000000001,0.0012922847983320444,130.47309140860486,1.0742518421792544,14.219841413771533,17.568127666336938,8.442170608409262,11.0946,1.284796653701926,2.9375999999999998
2.0,poisson,0.3,4.0,static_pomt,0.9089,0.006923871749245484,130.4599597841827,1.072912803492807,29.17715230059046,49.284966625976416,7.982203484698532,10.514429999999999,1.4157580084941177,54.6048
2.0,poisson,0.3,8.0,cliffserve,1.0,0.0,130.47306021732098,1.0742378544821254,14.174337274675889,17.413088532546382,6.987448331069679,9.02289,1.2854250069931237,3.0528
2.0,poisson,0.3,8.0,decoupled,1.0,0.0,130.47306021732098,1.0742378544821254,14.174337274675889,17.413088532546382,9.52933627473946,11.163,1.2854250069931237,3.0528
2.0,poisson,0.3,8.0,dense,1.0,0.0,130.47305540504252,1.074211363944219,14.372623418477833,17.809935042211887,7.185813570251999,8.591660000000001,1.2862511029137234,0.0
2.0,poisson,0.3,8.0,joint_full,1.0,0.0,130.47306021732098,1.0742378544821254,14.174337274675889,17.413088532546382,8.456725636169189,11.11309,1.2854250069931237,3.0528
2.0,poisson,0.3,8.0,static_pomt,1.0,0.0,130.46414786426317,1.0771105692305225,22.893978792854263,26.662002848158675,7.9050942610288315,10.47015,1.5828782048451095,64.0
2.0,poisson,0.3,12.0,cliffserve,1.0,0.0,130.47306021732098,1.0742378544821254,14.174337274675889,17.413088532546382,7.017175668052322,9.037,1.2854250069931237,3.0528
2.0,poisson,0.3,12.0,decoupled,1.0,0.0,130.47306021732098,1.0742378544821254,14.174337274675889,17.413088532546382,9.55708556764602,11.217,1.2854250069931237,3.0528
2.0,poisson,0.3,12.0,dense,1.0,0.0,130.47305540504252,1.074211363944219,14.372623418477833,17.809935042211887,7.179495575226103,8.59414,1.2862511029137234,0.0
2.0,poisson,0.3,12.0,joint_full,1.0,0.0,130.47306021732098,1.0742378544821254,14.174337274675889,17.413088532546382,8.441834946460334,11.109,1.2854250069931237,3.0528
2.0,poisson,0.3,12.0,static_pomt,1.0,0.0,130.46414786426317,1.0771105692305225,22.893978792854263,26.662002848158675,7.871259934135312,10.431149999999999,1.5828782048451095,64.0
2.0,poisson,0.6,2.0,cliffserve,0.00066,0.00035071355833500367,177.15694564597044,0.019649251732129645,17273.423171507668,17980.097339505388,40.933872072733365,42.836819999999996,1.0001400260050008,0.0
2.0,poisson,0.6,2.0,decoupled,0.00066,0.00035071355833500367,177.15694564597044,0.019649251732129645,17273.423171507668,17980.097339505388,37.5350201735255,39.6682,1.0001400260050008,0.0
2.0,poisson,0.6,2.0,dense,0.00066,0.00035071355833500367,177.15694564597044,0.019649251732129645,17273.423171507668,17980.097339505388,35.686344560024665,37.7568,1.0001400260050008,0.0
2.0,poisson,0.6,2.0,joint_full,0.00066,0.00035071355833500367,177.15694564597044,0.019649251732129645,17273.423171507668,17980.097339505388,41.60480580088738,43.61102999999999,1.0001400260050008,0.0
2.0,poisson,0.6,2.0,static_pomt,0.00014000000000000001,5.4772255750516614e-05,177.1292082619696,0.017598453029658376,17282.26708598892,17988.943014634417,36.93634608,38.99798,1.0,0.008960000000000001
2.0,poisson,0.6,4.0,cliffserve,0.01074,0.01279796858880346,177.7005973263693,0.6435474134607906,17101.17713219032,17808.03085488344,40.77979465161833,42.533609999999996,1.004991567403728,0.22400000000000003
2.0,poisson,0.6,4.0,decoupled,0.01064,0.012587612958778166,177.69330898057382,0.6281512314603491,17103.466265448187,17810.348559413203,37.435938664972795,39.50115,1.0049297825428973,0.21760000000000002
2.0,poisson,0.6,4.0,dense,0.01042,0.011444081439766147,177.68498700565036,0.6007404509577438,17106.085813777492,17812.817952595313,35.73949465028805,37.8572,1.0048662458118058,0.0
2.0,poisson,0.6,4.0,joint_full,0.01074,0.01279796858880346,177.7005973263693,0.6435474134607906,17101.17713219032,17808.03085488344,41.462727656298966,43.695949999999996,1.004991567403728,0.22400000000000003
2.0,poisson,0.6,4.0,static_pomt,0.00162,0.0009884331034521253,177.17347791039663,0.028270378634926097,17268.09732431702,17974.763946311403,36.935092126927,39.05441,1.0006806366904002,0.0832
2.0,poisson,0.6,8.0,cliffserve,1.0,0.0,260.8970716361988,2.133007692903518,23.742713790713626,29.476212314578788,8.669249564810578,11.9524,2.0942810190303853,31.923199999999998
2.0,poisson,0.6,8.0,decoupled,1.0,0.0,260.8970716361988,2.133007692903518,23.76324144162724,29.578644067226758,10.732674931525825,12.868199999999998,2.0942810190303853,31.923199999999998
2.0,poisson,0.6,8.0,dense,0.67362,0.39880114342865164,229.69951206132404,35.1693860350532,5547.8789666884495,6011.526081379539,18.838675150344955,25.92792,1.6915674688258449,0.0
2.0,poisson,0.6,8.0,joint_full,1.0,0.0,260.8970716361988,2.133007692903518,23.742713790713626,29.476212314578788,10.518130548264363,14.3088,2.0942810190303853,31.923199999999998
2.0,poisson,0.6,8.0,static_pomt,0.8299799999999999,0.34306400568990036,244.6266178774385,30.725392852544665,2821.646800499995,3144.475568678942,15.13291809490833,21.426359999999995,2.4647049829289616,53.1136
2.0,poisson,0.6,12.0,cliffserve,1.0,0.0,260.8970716361988,2.133007692903518,23.742713790713626,29.476212314578788,8.652591807128363,11.9568,2.0942810190303853,31.923199999999998
2.0,poisson,0.6,12.0,decoupled,1.0,0.0,260.8970716361988,2.133007692903518,23.742713790713626,29.476212314578788,10.72198385405452,12.872009999999998,2.0942810190303853,31.923199999999998
2.0,poisson,0.6,12.0,dense,1.0,0.0,260.8920420083974,2.1287295333028804,28.34698578810717,38.686213640909145,8.331380389325869,10.300999999999998,2.161255672355747,0.0
2.0,poisson,0.6,12.0,joint_full,1.0,0.0,260.8970716361988,2.133007692903518,23.742713790713626,29.476212314578788,10.528937207138524,14.33527,2.0942810190303853,31.923199999999998
2.0,poisson,0.6,12.0,static_pomt,1.0,0.0,260.8542303060769,2.1270854451376127,28.64572164129894,34.47463718035736,9.378288634770868,10.75703,2.8796386344728666,64.0
2.0,poisson,0.8,2.0,cliffserve,0.00041999999999999996,0.00023874672772626645,177.15878110251583,0.017960648917357377,26356.27156007218,27454.80253387805,41.227395350472314,42.986059999999995,1.0000800120020004,0.0
2.0,poisson,0.8,2.0,decoupled,0.00041999999999999996,0.00023874672772626645,177.15878110251583,0.017960648917357377,26356.27156007218,27454.80253387805,37.79075627426336,39.763459999999995,1.0000800120020004,0.0
2.0,poisson,0.8,2.0,dense,0.00041999999999999996,0.00023874672772626645,177.15878110251583,0.017960648917357377,26356.27156007218,27454.80253387805,35.977277087938695,37.89158,1.0000800120020004,0.0
2.0,poisson,0.8,2.0,joint_full,0.00041999999999999996,0.00023874672772626645,177.15878110251583,0.017960648917357377,26356.27156007218,27454.80253387805,41.871362604572724,43.90662,1.0000800120020004,0.0
2.0,poisson,0.8,2.0,static_pomt,0.00014000000000000001,5.4772255750516614e-05,177.137310544135,0.010166057012896178,26363.124781516926,27461.664706139905,37.1090516,39.18331,1.0,0.0064
2.0,poisson,0.8,4.0,cliffserve,0.00294,0.002649150807334305,177.3466884428364,0.17207532000470727,26296.362978731817,27395.007466647345,41.19764539242507,42.95363,1.0015840223383274,0.096
2.0,poisson,0.8,4.0,decoupled,0.00294,0.002649150807334305,177.3466884428364,0.17207532000470727,26296.362978731817,27395.007466647345,37.80847832554953,39.8221,1.0015840223383274,0.096
2.0,poisson,0.8,4.0,dense,0.00268,0.0025508822003377576,177.31872291399506,0.15959943691407608,26305.228668793996,27403.848515920447,36.06117316667586,38.027280000000005,1.0013832035841437,0.0
2.0,poisson,0.8,4.0,joint_full,0.00294,0.002649150807334305,177.3466884428364,0.17207532000470727,26296.362978731817,27395.007466647345,41.88124189982389,44.149280000000005,1.0015840223383274,0.096
2.0,poisson,0.8,4.0,static_pomt,0.0009,0.0005385164807134503,177.18092427111944,0.058506356937922104,26349.10111555943,27447.744048567158,37.25617252203078,39.183260000000004,1.0004803643399423,0.053759999999999995
2.0,poisson,0.8,8.0,cliffserve,0.35908,0.20324402082226184,216.97521784379347,28.64278243870029,16577.952871597005,17676.536163565837,35.97772248099354,42.18801,1.3844413851806814,21.964800000000004
2.0,poisson,0.8,8.0,decoupled,0.19994,0.09406504664326701,196.4521227265387,9.54340326881309,20912.53100531294,22011.1034848676,35.833032479269036,39.3655,1.168599318865677,12.288
2.0,poisson,0.8,8.0,dense,0.021939999999999998,0.013611502488704177,178.9574615036789,1.1191434418617558,25790.02640529279,26889.008028303913,35.95607093670925,38.12761,1.015962391419803,0.0
2.0,poisson,0.8,8.0,joint_full,0.35908,0.20324402082226184,216.97521784379347,28.64278243870029,16577.952871597005,17676.536163565837,36.81125108036812,43.221059999999994,1.3844413851806814,21.964800000000004
2.0,poisson,0.8,8.0,static_pomt,0.18858000000000003,0.09036377592818928,195.15811925295347,9.263597641182715,21244.788814406456,22343.520480025843,35.68578325980773,39.06343,1.173513315275768,12.065280000000001
2.0,poisson,0.8,12.0,cliffserve,1.0,0.0,347.7604376407945,2.790530254805682,34.37039390218378,43.30836214818014,10.703003411638042,15.449419999999998,3.483178253502166,62.598400000000005
2.0,poisson,0.8,12.0,decoupled,1.0,0.0,347.75918902317574,2.7912852070763505,34.45586809000612,43.05430177596706,12.123994143945293,15.168199999999999,3.48173640239983,62.6688
2.0,poisson,0.8,12.0,dense,0.17648,0.15081298684131947,194.58263245821678,16.032408669351792,21569.44387765046,22668.180495540353,34.6419458636984,37.66633,1.1747710998305354,0.0
2.0,poisson,0.8,12.0,joint_full,1.0,0.0,347.7604376407945,2.790530254805682,34.37039390218378,43.30836214818014,12.856737031123199,17.86214,3.483178253502166,62.598400000000005
2.0,poisson,0.8,12.0,static_pomt,0.7083999999999999,0.39934624700878313,289.31359656578525,77.71859581523204,7653.606396303665,8107.786514234698,20.325463060364108,23.24854,3.1140759055311227,45.33376
2.0,poisson,0.95,2.0,cliffserve,0.00031999999999999997,0.0001643167672515498,177.1583006570713,0.016510524814698453,30661.9310193689,31943.48237850221,41.25265537949595,42.83222,1.0000600060006,0.0
2.0,poisson,0.95,2.0,decoupled,0.00031999999999999997,0.0001643167672515498,177.1583006570713,0.016510524814698453,30661.9310193689,31943.48237850221,37.77867971053905,39.66509,1.0000600060006,0.0
2.0,poisson,0.95,2.0,dense,0.00031999999999999997,0.0001643167672515498,177.1583006570713,0.016510524814698453,30661.9310193689,31943.48237850221,36.15791980484448,38.05142,1.0000600060006,0.0
2.0,poisson,0.95,2.0,joint_full,0.00031999999999999997,0.0001643167672515498,177.1583006570713,0.016510524814698453,30661.9310193689,31943.48237850221,41.89442689757375,43.63859000000001,1.0000600060006,0.0
2.0,poisson,0.95,2.0,static_pomt,0.00012000000000000002,4.4721359549995795e-05,177.137310544135,0.010166057012896178,30668.614529257517,31950.178005587863,37.302743879999994,39.23762,1.0,0.0064
2.0,poisson,0.95,4.0,cliffserve,0.00146,0.0005549774770204644,177.24955429996575,0.04242512955036338,30632.741661736818,31914.401201613342,41.34614817135657,43.17846,1.0008007327371875,0.0512
2.0,poisson,0.95,4.0,decoupled,0.00146,0.0005549774770204644,177.24955429996575,0.04242512955036338,30632.741661736818,31914.401201613342,37.840589000115514,39.64715,1.0008007327371875,0.0512
2.0,poisson,0.95,4.0,dense,0.0014,0.0005049752469181039,177.24265922041988,0.03535863150163628,30634.9273618339,31916.57448222724,36.08819024932813,38.13053,1.0007606445913724,0.0
2.0,poisson,0.95,4.0,joint_full,0.00146,0.0005549774770204644,177.24955429996575,0.04242512955036338,30632.741661736818,31914.401201613342,41.90991938806453,43.61559,1.0008007327371875,0.0512
2.0,poisson,0.95,4.0,static_pomt,0.00062,0.000130384048104053,177.1524534254269,0.03349485126732669,30663.724426127177,31945.30246317892,37.316828866163306,39.31642,1.0002400800324145,0.03328
2.0,poisson,0.95,8.0,cliffserve,0.06388,0.05573218998029773,183.75751202431098,5.966693528222228,28678.93511682815,29960.64885869575,40.87296928306925,42.813990000000004,1.0553208910213638,4.736
2.0,poisson,0.95,8.0,decoupled,0.02384,0.016524617998610436,179.48900530848348,1.6619777769388584,29932.17309332158,31214.15965919145,37.889434435235174,39.90479,1.0191810582046938,1.7344000000000002
2.0,poisson,0.95,8.0,dense,0.0075,0.0037623131182824223,177.76848151027136,0.3008632175224213,30468.185630748125,31749.90614075461,36.173677252473986,38.1896,1.005454993564443,0.0
2.0,poisson,0.95,8.0,joint_full,0.06388,0.05573218998029773,183.75751202431098,5.966693528222228,28678.93511682815,29960.64885869575,41.62937361637061,43.99442,1.0553208910213638,4.736
2.0,poisson,0.95,8.0,static_pomt,0.01692,0.010825756324617696,178.74036469675653,1.0698727644824848,30163.30379262517,31445.488613263413,37.26451940472403,39.25873,1.0137699262239128,1.07264
2.0,poisson,0.95,12.0,cliffserve,0.5519000000000001,0.33132099993812647,276.7911886693371,87.66634989128634,13322.036359288235,14353.813035530131,31.69204589417717,37.62569,2.482260732535914,41.8112
2.0,poisson,0.95,12.0,decoupled,0.31429999999999997,0.30827488545128034,225.3092476660786,57.97875509187838,20609.758559229853,21891.57722436959,34.81027405958057,39.36032,1.5424012464048278,23.9104
2.0,poisson,0.95,12.0,dense,0.016220000000000002,0.008395058070079089,178.5852946885896,0.7975165200076485,30211.162767345755,31493.346346037775,36.036678380307436,37.975049999999996,1.013194407738561,0.0
2.0,poisson,0.95,12.0,joint_full,0.5519000000000001,0.33132099993812647,276.7911886693371,87.66634989128634,13322.036359288235,14353.813035530131,32.90638192744031,38.82233,2.482260732535914,41.8112
2.0,poisson,0.95,12.0,static_pomt,0.17648,0.15097868061418473,198.11305674486704,19.695051879264906,25070.550932187616,26351.759667339444,36.30980971330056,39.09134,1.1984606365119586,11.29088
2.0,poisson,1.1,2.0,cliffserve,0.00026,8.944271909999159e-05,177.15600743696817,0.015957396166752232,33793.932515583874,35208.584720055966,41.34056219384338,43.219809999999995,1.0000400040003998,0.0
2.0,poisson,1.1,2.0,decoupled,0.00026,8.944271909999159e-05,177.15600743696817,0.015957396166752232,33793.932515583874,35208.584720055966,37.909043200122014,39.78335,1.0000400040003998,0.0
2.0,poisson,1.1,2.0,dense,0.00026,8.944271909999159e-05,177.15600743696817,0.015957396166752232,33793.932515583874,35208.584720055966,35.931665561848185,37.943310000000004,1.0000400040003998,0.0
2.0,poisson,1.1,2.0,joint_full,0.00026,8.944271909999159e-05,177.15600743696817,0.015957396166752232,33793.932515583874,35208.584720055966,42.009583751227126,43.958619999999996,1.0000400040003998,0.0
2.0,poisson,1.1,2.0,static_pomt,0.00012000000000000002,4.4721359549995795e-05,177.137310544135,0.010166057012896178,33799.88638407791,35214.549001728454,37.40138892,39.395920000000004,1.0,0.0064
2.0,poisson,1.1,4.0,cliffserve,0.00138,0.00046043457732885347,177.25196639943005,0.03288867959859073,33763.199024687,35177.98117451642,41.298962747248524,43.15388,1.0008207346940778,0.064
2.0,poisson,1.1,4.0,decoupled,0.00138,0.00046043457732885347,177.25030442537323,0.0327897046177544,33763.74252639789,35178.51757280896,37.888384446611305,39.874039999999994,1.0008007006506285,0.057600000000000005
2.0,poisson,1.1,4.0,dense,0.00134,0.0004159326868617084,177.24726951696323,0.03160468109685232,33764.708421096984,35179.48346750806,36.14759359973681,38.081309999999995,1.0008007006506285,0.0
2.0,poisson,1.1,4.0,joint_full,0.00138,0.00046043457732885347,177.25196639943005,0.03288867959859073,33763.199024687,35177.98117451642,41.96493546444178,44.15532999999999,1.0008207346940778,0.064
2.0,poisson,1.1,4.0,static_pomt,0.00078,0.0003563705936241092,177.17808864871813,0.04824077995665127,33786.83129366958,35201.52415264359,37.40926515901107,39.36569,1.0003802221659384,0.040959999999999996
2.0,poisson,1.1,8.0,cliffserve,0.0102,0.0032303250610426185,178.14435023034895,0.2867766659342395,33480.58974535483,34895.556786329005,41.379629114452825,43.4002,1.0080892626394995,0.7424000000000001
2.0,poisson,1.1,8.0,decoupled,0.00896,0.0030972568508278414,177.99961644255092,0.2803367393400134,33526.19521325607,34941.136090998385,37.97789367046447,39.987249999999996,1.00695231143527,0.6592
2.0,poisson,1.1,8.0,dense,0.00526,0.0020947553556441858,177.60329123599325,0.1799300206158371,33651.6831984188,35066.51985947201,36.24074339866204,38.1813,1.0040989234550133,0.0
2.0,poisson,1.1,8.0,joint_full,0.0102,0.0032303250610426185,178.14435023034895,0.2867766659342395,33480.58974535483,34895.556786329005,42.006788282575144,44.277159999999995,1.0080892626394995,0.7424000000000001
2.0,poisson,1.1,8.0,static_pomt,0.007400000000000001,0.0033264094756959802,177.83589449928024,0.29806776658094375,33578.07935998523,34992.936602451715,37.368861887785535,39.32863,1.0058999089744116,0.46592
2.0,poisson,1.1,12.0,cliffserve,0.07561999999999999,0.08353542362375377,186.08170442338664,10.639478540278693,31217.449638910475,32632.37295538113,41.01489750803643,43.30463,1.0763265454875826,5.945600000000001
2.0,poisson,1.1,12.0,decoupled,0.04204,0.031342511067239016,181.70294783350784,3.5765945070438363,32397.56780002232,33812.65727004599,37.82797561850769,40.06357999999999,1.0374522686867433,3.2512
2.0,poisson,1.1,12.0,dense,0.00964,0.0031957784654133956,178.00252041803688,0.28194498627285647,33525.294117450896,34940.29363648484,36.28621445338449,38.282619999999994,1.0078463884725108,0.0
2.0,poisson,1.1,12.0,joint_full,0.07561999999999999,0.08353542362375377,186.08170442338664,10.639478540278693,31217.449638910475,32632.37295538113,41.72240233882315,43.959230000000005,1.0763265454875826,5.945600000000001
2.0,poisson,1.1,12.0,static_pomt,0.01754,0.009454522727245413,178.91442680012432,1.0249864566160767,33240.03859893882,34655.17092042676,37.39409184411666,39.4551,1.015121402926979,1.11616
