requests,slo_attainment,throughput_qps,e2e_p50_ms,e2e_p95_ms,e2e_p99_ms,queue_p95_ms,mean_batch_size,mean_r,estimated_accuracy_pct,scheduler_overhead_mean_us,scheduler_overhead_p95_us,seed,pattern,load_factor,offered_qps,deadline_factor,deadline_ms,policy,epsilon_pp
5000,0.0016,174.99454357570227,7595.541808080139,14403.212914884502,15000.360318854178,14397.50831822198,1.0004001600640255,0.0,75.10008,15.801228091236494,16.34,84,poisson,0.3,379.99360305905594,2,11.483967781066895,dense,1.0
5000,0.0016,174.99454357570227,7595.541808080139,14403.212914884502,15000.360318854178,14397.50831822198,1.0004001600640255,0.0,75.10008,17.046146658663467,17.543,84,poisson,0.3,379.99360305905594,2,11.483967781066895,static_pomt,1.0
5000,0.0016,174.99454357570227,7595.541808080139,14403.212914884502,15000.360318854178,14397.50831822198,1.0004001600640255,0.0,75.10008,1415.7570286114444,1468.5955000000001,84,poisson,0.3,379.99360305905594,2,11.483967781066895,decoupled,1.0
5000,0.0016,174.99454357570227,7595.541808080139,14403.212914884502,15000.360318854178,14397.50831822198,1.0004001600640255,0.0,75.10008,6918.4147344937965,6997.791649999999,84,poisson,0.3,379.99360305905594,2,11.483967781066895,joint_full,1.0
5000,0.0016,174.99454357570227,7595.541808080139,14403.212914884502,15000.360318854178,14397.50831822198,1.0004001600640255,0.0,75.10008,6907.292955382153,6981.598,84,poisson,0.3,379.99360305905594,2,11.483967781066895,cliffserve,1.0
5000,1.0,372.23756679526355,9.314930272192669,13.2561851011521,15.007812108878435,7.569141516195658,2.208480565371025,0.0,75.18772000000001,9.415813604240283,11.722,84,poisson,0.3,379.99360305905594,4,22.96793556213379,dense,1.0
5000,1.0,372.23756679526355,9.314930272192669,13.2561851011521,15.007812108878435,7.569141516195658,2.208480565371025,0.0,75.18772000000001,9.830640459363957,12.213,84,poisson,0.3,379.99360305905594,4,22.96793556213379,static_pomt,1.0
5000,1.0,372.23756679526355,9.314930272192669,13.2561851011521,15.007812108878435,7.569141516195658,2.208480565371025,0.0,75.18772000000001,1395.2584076855123,1475.12635,84,poisson,0.3,379.99360305905594,4,22.96793556213379,decoupled,1.0
5000,1.0,372.23756679526355,9.314930272192669,13.2561851011521,15.007812108878435,7.569141516195658,2.208480565371025,0.0,75.18772000000001,2765.371961130742,4186.352,84,poisson,0.3,379.99360305905594,4,22.96793556213379,joint_full,1.0
5000,1.0,372.23756679526355,9.314930272192669,13.2561851011521,15.007812108878435,7.569141516195658,2.208480565371025,0.0,75.18772000000001,2698.9025803886925,4175.50735,84,poisson,0.3,379.99360305905594,4,22.96793556213379,cliffserve,1.0
5000,1.0,372.23756679526355,9.314930272192669,13.2561851011521,15.007812108878435,7.569141516195658,2.208480565371025,0.0,75.18772000000001,9.375069787985867,11.642,84,poisson,0.3,379.99360305905594,8,45.93587112426758,dense,1.0
5000,1.0,372.23756679526355,9.314930272192669,13.2561851011521,15.007812108878435,7.569141516195658,2.208480565371025,0.0,75.18772000000001,9.856422703180211,12.283,84,poisson,0.3,379.99360305905594,8,45.93587112426758,static_pomt,1.0
5000,1.0,372.23756679526355,9.314930272192669,13.2561851011521,15.007812108878435,7.569141516195658,2.208480565371025,0.0,75.18772000000001,1448.6216537102473,1478.342,84,poisson,0.3,379.99360305905594,8,45.93587112426758,decoupled,1.0
5000,1.0,372.23756679526355,9.314930272192669,13.2561851011521,15.007812108878435,7.569141516195658,2.208480565371025,0.0,75.18772000000001,2707.691252208481,4174.35235,84,poisson,0.3,379.99360305905594,8,45.93587112426758,joint_full,1.0
5000,1.0,372.23756679526355,9.314930272192669,13.2561851011521,15.007812108878435,7.569141516195658,2.208480565371025,0.0,75.18772000000001,2762.389777385159,4179.1475,84,poisson,0.3,379.99360305905594,8,45.93587112426758,cliffserve,1.0
5000,0.001,174.99779627821368,10939.45084793536,20772.93191899673,21643.040442305508,20767.22732233421,1.0004001600640255,0.0,75.10008,16.08504341736695,16.611,84,poisson,0.6,759.9872061181119,2,11.483967781066895,dense,1.0
5000,0.001,174.99779627821368,10939.45084793536,20772.93191899673,21643.040442305508,20767.22732233421,1.0004001600640255,0.0,75.10008,17.257763105242095,17.833,84,poisson,0.6,759.9872061181119,2,11.483967781066895,static_pomt,1.0
5000,0.001,174.99779627821368,10939.45084793536,20772.93191899673,21643.040442305508,20767.22732233421,1.0004001600640255,0.0,75.10008,1399.0213407362946,1478.59365,84,poisson,0.6,759.9872061181119,2,11.483967781066895,decoupled,1.0
5000,0.001,174.99779627821368,10939.45084793536,20772.93191899673,21643.040442305508,20767.22732233421,1.0004001600640255,0.0,75.10008,6939.369333533413,7010.3415,84,poisson,0.6,759.9872061181119,2,11.483967781066895,joint_full,1.0
5000,0.001,174.99779627821368,10939.45084793536,20772.93191899673,21643.040442305508,20767.22732233421,1.0004001600640255,0.0,75.10008,6925.066637855142,6999.986599999999,84,poisson,0.6,759.9872061181119,2,11.483967781066895,cliffserve,1.0
5000,1.0,743.2897485385271,10.665187650981295,15.078062812523308,16.43489760516072,8.563760647874323,4.440497335701599,0.0,75.19960000000002,11.637236234458259,14.06375,84,poisson,0.6,759.9872061181119,4,22.96793556213379,dense,1.0
5000,1.0,743.2897485385271,10.665187650981295,15.078062812523308,16.43489760516072,8.563760647874323,4.440497335701599,0.0,75.19960000000002,12.261221136767317,14.728,84,poisson,0.6,759.9872061181119,4,22.96793556213379,static_pomt,1.0
5000,1.0,743.2897485385271,10.665187650981295,15.078062812523308,16.43489760516072,8.563760647874323,4.440497335701599,0.0,75.19960000000002,1399.322743339254,1478.86125,84,poisson,0.6,759.9872061181119,4,22.96793556213379,decoupled,1.0
5000,1.0,743.2897485385271,10.665187650981295,15.078062812523308,16.43489760516072,8.563760647874323,4.440497335701599,0.0,75.19960000000002,4235.436964476021,5536.1995,84,poisson,0.6,759.9872061181119,4,22.96793556213379,joint_full,1.0
5000,1.0,743.2897485385271,10.665187650981295,15.078062812523308,16.43489760516072,8.563760647874323,4.440497335701599,0.0,75.19960000000002,4138.489238898756,5538.025250000001,84,poisson,0.6,759.9872061181119,4,22.96793556213379,cliffserve,1.0
5000,1.0,743.2897485385271,10.665187650981295,15.078062812523308,16.43489760516072,8.563760647874323,4.440497335701599,0.0,75.19960000000002,11.585945825932503,13.97375,84,poisson,0.6,759.9872061181119,8,45.93587112426758,dense,1.0
5000,1.0,743.2897485385271,10.665187650981295,15.078062812523308,16.43489760516072,8.563760647874323,4.440497335701599,0.0,75.19960000000002,12.241252220248667,14.788,84,poisson,0.6,759.9872061181119,8,45.93587112426758,static_pomt,1.0
5000,1.0,743.2897485385271,10.665187650981295,15.078062812523308,16.43489760516072,8.563760647874323,4.440497335701599,0.0,75.19960000000002,1401.8120142095916,1487.67975,84,poisson,0.6,759.9872061181119,8,45.93587112426758,decoupled,1.0
5000,1.0,743.2897485385271,10.665187650981295,15.078062812523308,16.43489760516072,8.563760647874323,4.440497335701599,0.0,75.19960000000002,4229.775741563055,5529.21075,84,poisson,0.6,759.9872061181119,8,45.93587112426758,joint_full,1.0
5000,1.0,743.2897485385271,10.665187650981295,15.078062812523308,16.43489760516072,8.563760647874323,4.440497335701599,0.0,75.19960000000002,4138.158927175843,5543.2855,84,poisson,0.6,759.9872061181119,8,45.93587112426758,cliffserve,1.0
5000,0.0016,175.1032041357422,11758.409101241596,22348.342905362075,23286.63075133034,22342.618201263373,1.001001001001001,0.0,75.10016,16.22719319319319,16.751,84,poisson,0.8,1013.3162748241492,2,11.483967781066895,dense,1.0
5000,0.0016,175.1032041357422,11758.409101241596,22348.342905362075,23286.63075133034,22342.618201263373,1.001001001001001,0.0,75.10016,17.387259859859864,18.034,84,poisson,0.8,1013.3162748241492,2,11.483967781066895,static_pomt,1.0
5000,0.0016,175.1032041357422,11758.409101241596,22348.342905362075,23286.63075133034,22342.618201263373,1.001001001001001,0.0,75.10016,1423.3572748748747,1478.257,84,poisson,0.8,1013.3162748241492,2,11.483967781066895,decoupled,1.0
5000,0.0016,175.1032041357422,11758.409101241596,22348.342905362075,23286.63075133034,22342.618201263373,1.001001001001001,0.0,75.10016,6917.9211879879895,6993.5933,84,poisson,0.8,1013.3162748241492,2,11.483967781066895,joint_full,1.0
5000,0.0016,175.1032041357422,11758.409101241596,22348.342905362075,23286.63075133034,22342.618201263373,1.001001001001001,0.0,75.10016,6915.637631231231,6982.636,84,poisson,0.8,1013.3162748241492,2,11.483967781066895,cliffserve,1.0
5000,0.0972,190.15982270969798,9497.152409308917,20087.40471335215,21025.698250600777,20081.69210212988,1.090037061260083,0.0,75.10972000000002,16.140055809897532,16.682,84,poisson,0.8,1013.3162748241492,4,22.96793556213379,dense,1.0
5000,0.0972,190.15982270969798,9497.152409308917,20087.40471335215,21025.698250600777,20081.69210212988,1.090037061260083,0.0,75.10972000000002,17.212827992151734,17.814,84,poisson,0.8,1013.3162748241492,4,22.96793556213379,static_pomt,1.0
5000,0.098,190.32236650122147,9474.692008489139,20064.936541350307,21003.123176762543,20059.207136733952,1.0909884355225834,0.256,75.10676000000001,1427.1602845297841,1480.217,84,poisson,0.8,1013.3162748241492,4,22.96793556213379,decoupled,1.0
5000,0.098,190.32236650122147,9474.692008489139,20064.936541350307,21003.123176762543,20059.207136733952,1.0909884355225834,0.256,75.10676000000001,6882.596511891774,6995.8029,84,poisson,0.8,1013.3162748241492,4,22.96793556213379,joint_full,1.0
5000,0.098,190.32236650122147,9474.692008489139,20064.936541350307,21003.123176762543,20059.207136733952,1.0909884355225834,0.256,75.10676000000001,6869.603463888283,6982.895,84,poisson,0.8,1013.3162748241492,4,22.96793556213379,cliffserve,1.0
5000,1.0,991.3050108562786,12.445933468729038,19.368460084388996,24.08395539507478,10.542761527580685,6.7114093959731544,0.0,75.2,12.887971812080538,14.812799999999994,84,poisson,0.8,1013.3162748241492,8,45.93587112426758,dense,1.0
5000,1.0,991.3050108562786,12.445933468729038,19.368460084388996,24.08395539507478,10.542761527580685,6.7114093959731544,0.0,75.2,13.675228187919464,15.22799999999999,84,poisson,0.8,1013.3162748241492,8,45.93587112426758,static_pomt,1.0
5000,1.0,990.4309169696139,12.427295043965842,18.274189267416347,21.631997891972265,10.430509595814497,6.613756613756614,5.376,75.13612000000002,1401.8600066137567,1486.0185000000001,84,poisson,0.8,1013.3162748241492,8,45.93587112426758,decoupled,1.0
5000,1.0,990.4309169696139,12.427295043965842,18.274189267416347,21.631997891972265,10.430509595814497,6.613756613756614,5.376,75.13612000000002,5129.92683068783,5671.634,84,poisson,0.8,1013.3162748241492,8,45.93587112426758,joint_full,1.0
5000,1.0,990.4309169696139,12.427295043965842,18.274189267416347,21.631997891972265,10.430509595814497,6.613756613756614,5.376,75.13612000000002,4967.161366402116,5621.03425,84,poisson,0.8,1013.3162748241492,8,45.93587112426758,cliffserve,1.0
5000,0.002,175.17325236252054,12143.003683850442,23091.279983646094,24061.890429886334,23085.55099652451,1.001401962747847,0.0,75.10020000000002,16.148395754055677,16.662,84,poisson,0.95,1203.3130763536772,2,11.483967781066895,dense,1.0
5000,0.002,175.17325236252054,12143.003683850442,23091.279983646094,24061.890429886334,23085.55099652451,1.001401962747847,0.0,75.10020000000002,17.43060785099139,17.9534,84,poisson,0.95,1203.3130763536772,2,11.483967781066895,static_pomt,1.0
5000,0.002,175.17325236252054,12143.003683850442,23091.279983646094,24061.890429886334,23085.55099652451,1.001401962747847,0.0,75.10020000000002,1424.313893450831,1482.3,84,poisson,0.95,1203.3130763536772,2,11.483967781066895,decoupled,1.0
5000,0.002,175.17325236252054,12143.003683850442,23091.279983646094,24061.890429886334,23085.55099652451,1.001401962747847,0.0,75.10020000000002,6898.736654115762,6981.943999999999,84,poisson,0.95,1203.3130763536772,2,11.483967781066895,joint_full,1.0
5000,0.002,175.17325236252054,12143.003683850442,23091.279983646094,24061.890429886334,23085.55099652451,1.001401962747847,0.0,75.10020000000002,6864.3302245143195,6955.6184,84,poisson,0.95,1203.3130763536772,2,11.483967781066895,cliffserve,1.0
5000,0.0228,178.25525313706174,11649.532838866387,22597.226968533218,23568.215575741284,22591.528315788924,1.0195758564437194,0.0,75.10228000000001,16.26262194127243,16.802,84,poisson,0.95,1203.3130763536772,4,22.96793556213379,dense,1.0
5000,0.0228,178.25525313706174,11649.532838866387,22597.226968533218,23568.215575741284,22591.528315788924,1.0195758564437194,0.0,75.10228000000001,17.395088499184343,17.974,84,poisson,0.95,1203.3130763536772,4,22.96793556213379,static_pomt,1.0
5000,0.0228,178.25525313706174,11649.532838866387,22597.226968533218,23568.215575741284,22591.528315788924,1.0195758564437194,0.0,75.10228000000001,1399.9034842985318,1479.1584999999998,84,poisson,0.95,1203.3130763536772,4,22.96793556213379,decoupled,1.0
5000,0.026,178.76459636214747,11569.640919253503,22517.386982065855,23488.24103375768,22511.66787155312,1.022704029453876,0.256,75.09956000000001,6890.67338351401,6970.134599999999,84,poisson,0.95,1203.3130763536772,4,22.96793556213379,joint_full,1.0
5000,0.026,178.76459636214747,11569.640919253503,22517.386982065855,23488.24103375768,22511.66787155312,1.022704029453876,0.256,75.09956000000001,6908.373713847412,6977.780599999999,84,poisson,0.95,1203.3130763536772,4,22.96793556213379,cliffserve,1.0
5000,1.0,1176.005802703797,17.985389288970055,30.589482191999892,36.29729784375235,17.95873960249735,10.775862068965518,0.0,75.2,14.871870689655172,17.293,84,poisson,0.95,1203.3130763536772,8,45.93587112426758,dense,1.0
5000,1.0,1176.005802703797,17.985389288970055,30.589482191999892,36.29729784375235,17.95873960249735,10.775862068965518,0.0,75.2,15.752405172413793,18.201999999999998,84,poisson,0.95,1203.3130763536772,8,45.93587112426758,static_pomt,1.0
5000,1.0,1175.6620164243984,15.232538739471579,23.150987789888884,26.04051021081726,12.412165185282142,9.380863039399625,31.232,74.82911999999999,1398.6747823639776,1474.1381999999999,84,poisson,0.95,1203.3130763536772,8,45.93587112426758,decoupled,1.0
5000,1.0,1175.6620164243984,15.232538739471579,23.150987789888884,26.04051021081726,12.412165185282142,9.380863039399625,31.232,74.82911999999999,5856.188857410882,6902.525,84,poisson,0.95,1203.3130763536772,8,45.93587112426758,joint_full,1.0
5000,1.0,1175.6620164243984,15.232538739471579,23.150987789888884,26.04051021081726,12.412165185282142,9.380863039399625,31.232,74.82911999999999,5640.170061913696,6895.8884,84,poisson,0.95,1203.3130763536772,8,45.93587112426758,cliffserve,1.0
5000,0.002,175.17325236252054,12431.041588627035,23639.913961899365,24634.027581380116,23634.184974777785,1.001401962747847,0.0,75.10020000000002,16.09180432605648,16.601399999999998,84,poisson,1.1,1393.3098778832052,2,11.483967781066895,dense,1.0
5000,0.002,175.17325236252054,12431.041588627035,23639.913961899365,24634.027581380116,23634.184974777785,1.001401962747847,0.0,75.10020000000002,17.405253955537752,17.997999999999998,84,poisson,1.1,1393.3098778832052,2,11.483967781066895,static_pomt,1.0
5000,0.002,175.17325236252054,12431.041588627035,23639.913961899365,24634.027581380116,23634.184974777785,1.001401962747847,0.0,75.10020000000002,1421.7977844982977,1479.9576,84,poisson,1.1,1393.3098778832052,2,11.483967781066895,decoupled,1.0
5000,0.002,175.17325236252054,12431.041588627035,23639.913961899365,24634.027581380116,23634.184974777785,1.001401962747847,0.0,75.10020000000002,6935.491448027237,7001.9583999999995,84,poisson,1.1,1393.3098778832052,2,11.483967781066895,joint_full,1.0
5000,0.002,175.17325236252054,12431.041588627035,23639.913961899365,24634.027581380116,23634.184974777785,1.001401962747847,0.0,75.10020000000002,6917.743803925496,6987.0244,84,poisson,1.1,1393.3098778832052,2,11.483967781066895,cliffserve,1.0
5000,0.0172,177.465898265691,12062.183109842474,23270.525237166967,24265.03901283096,23264.804539764013,1.0150223304912709,0.0,75.10172000000001,16.153477263499795,16.70875,84,poisson,1.1,1393.3098778832052,4,22.96793556213379,dense,1.0
5000,0.0172,177.465898265691,12062.183109842474,23270.525237166967,24265.03901283096,23264.804539764013,1.0150223304912709,0.0,75.10172000000001,17.39938550548112,17.91075,84,poisson,1.1,1393.3098778832052,4,22.96793556213379,static_pomt,1.0
5000,0.0172,177.465898265691,12062.183109842474,23270.525237166967,24265.03901283096,23264.804539764013,1.0150223304912709,0.0,75.10172000000001,1402.9413256191638,1482.62825,84,poisson,1.1,1393.3098778832052,4,22.96793556213379,decoupled,1.0
5000,0.0172,177.465898265691,12062.183109842474,23270.525237166967,24265.03901283096,23264.804539764013,1.0150223304912709,0.0,75.10172000000001,6919.456257206659,6991.48625,84,poisson,1.1,1393.3098778832052,4,22.96793556213379,joint_full,1.0
5000,0.0172,177.465898265691,12062.183109842474,23270.525237166967,24265.03901283096,23264.804539764013,1.0150223304912709,0.0,75.10172000000001,6779.056152659357,6948.9662499999995,84,poisson,1.1,1393.3098778832052,4,22.96793556213379,cliffserve,1.0
5000,0.0676,185.61380892714945,10825.847979866201,22034.3059137226,23028.540029280888,22028.595193660345,1.0658708164570454,0.0,75.10676000000001,16.149143466211896,16.661,84,poisson,1.1,1393.3098778832052,8,45.93587112426758,dense,1.0
5000,0.0676,185.61380892714945,10825.847979866201,22034.3059137226,23028.540029280888,22028.595193660345,1.0658708164570454,0.0,75.10676000000001,17.05459475591558,17.553,84,poisson,1.1,1393.3098778832052,8,45.93587112426758,static_pomt,1.0
5000,0.1124,193.73398958314772,9696.191859804327,20905.335077607717,21899.18725478004,20899.62617539176,1.1150758251561106,6.656,75.03220000000002,1423.12580396967,1476.736,84,poisson,1.1,1393.3098778832052,8,45.93587112426758,decoupled,1.0
5000,0.9492,1006.3821565238816,23.982038144711055,64.92635122546274,1058.9631293852217,59.21450968989448,8.576329331046312,68.096,74.38628,6584.028528301887,6950.1256,84,poisson,1.1,1393.3098778832052,8,45.93587112426758,joint_full,1.0
5000,0.9492,1006.3821565238816,23.982038144711055,64.92635122546274,1058.9631293852217,59.21450968989448,8.576329331046312,68.096,74.38628,6840.467566037736,6970.5618,84,poisson,1.1,1393.3098778832052,8,45.93587112426758,cliffserve,1.0
5000,0.0008,174.96237087465224,6716.1012334345005,15116.992818859375,15542.378620136533,15111.270998171129,1.0002000400080016,0.0,75.10004,15.812898179635924,16.391,84,onoff,0.3,379.99360305905594,2,11.483967781066895,dense,1.0
5000,0.0008,174.96237087465224,6716.1012334345005,15116.992818859375,15542.378620136533,15111.270998171129,1.0002000400080016,0.0,75.10004,17.169068413682737,17.753,84,onoff,0.3,379.99360305905594,2,11.483967781066895,static_pomt,1.0
5000,0.0008,174.96237087465224,6716.1012334345005,15116.992818859375,15542.378620136533,15111.270998171129,1.0002000400080016,0.0,75.10004,1398.509898579716,1476.5090999999998,84,onoff,0.3,379.99360305905594,2,11.483967781066895,decoupled,1.0
5000,0.0008,174.96237087465224,6716.1012334345005,15116.992818859375,15542.378620136533,15111.270998171129,1.0002000400080016,0.0,75.10004,6905.814412682536,6984.119,84,onoff,0.3,379.99360305905594,2,11.483967781066895,joint_full,1.0
5000,0.0008,174.96237087465224,6716.1012334345005,15116.992818859375,15542.378620136533,15111.270998171129,1.0002000400080016,0.0,75.10004,6908.399339867973,6983.305,84,onoff,0.3,379.99360305905594,2,11.483967781066895,cliffserve,1.0
5000,1.0,385.81508187701615,10.191420498975049,14.672304208084144,16.134358372147698,8.497218296886372,3.146633102580239,0.0,75.19192000000002,10.147232850849592,13.731599999999998,84,onoff,0.3,379.99360305905594,4,22.96793556213379,dense,1.0
5000,1.0,385.81508187701615,10.191420498975049,14.672304208084144,16.134358372147698,8.497218296886372,3.146633102580239,0.0,75.19192000000002,10.694977973568282,14.5334,84,onoff,0.3,379.99360305905594,4,22.96793556213379,static_pomt,1.0
5000,1.0,385.81508187701615,10.191420498975049,14.672304208084144,16.134358372147698,8.497218296886372,3.146633102580239,0.0,75.19192000000002,1471.449146003776,1475.0256,84,onoff,0.3,379.99360305905594,4,22.96793556213379,decoupled,1.0
5000,1.0,385.81508187701615,10.191420498975049,14.672304208084144,16.134358372147698,8.497218296886372,3.146633102580239,0.0,75.19192000000002,3247.1648854625555,5454.5116,84,onoff,0.3,379.99360305905594,4,22.96793556213379,joint_full,1.0
5000,1.0,385.81508187701615,10.191420498975049,14.672304208084144,16.134358372147698,8.497218296886372,3.146633102580239,0.0,75.19192000000002,3253.4774977973566,5467.7526,84,onoff,0.3,379.99360305905594,4,22.96793556213379,cliffserve,1.0
5000,1.0,385.81508187701615,10.191420498975049,14.672304208084144,16.134358372147698,8.497218296886372,3.146633102580239,0.0,75.19192000000002,10.16042605412209,13.841999999999999,84,onoff,0.3,379.99360305905594,8,45.93587112426758,dense,1.0
5000,1.0,385.81508187701615,10.191420498975049,14.672304208084144,16.134358372147698,8.497218296886372,3.146633102580239,0.0,75.19192000000002,10.668042794210196,14.517,84,onoff,0.3,379.99360305905594,8,45.93587112426758,static_pomt,1.0
5000,1.0,385.81508187701615,10.191420498975049,14.672304208084144,16.134358372147698,8.497218296886372,3.146633102580239,0.0,75.19192000000002,1466.0534745122718,1472.98,84,onoff,0.3,379.99360305905594,8,45.93587112426758,decoupled,1.0
5000,1.0,385.81508187701615,10.191420498975049,14.672304208084144,16.134358372147698,8.497218296886372,3.146633102580239,0.0,75.19192000000002,3250.0534480805536,5465.893599999999,84,onoff,0.3,379.99360305905594,8,45.93587112426758,joint_full,1.0
5000,1.0,385.81508187701615,10.191420498975049,14.672304208084144,16.134358372147698,8.497218296886372,3.146633102580239,0.0,75.19192000000002,3326.9768640654497,5466.1674,84,onoff,0.3,379.99360305905594,8,45.93587112426758,cliffserve,1.0
5000,0.0018,175.13789723545614,10863.429305509651,20212.343643603133,21205.933184325408,20206.64202621918,1.001201441730076,0.0,75.10016,16.052776131357632,16.601,84,onoff,0.6,759.9872061181119,2,11.483967781066895,dense,1.0
5000,0.0018,175.13789723545614,10863.429305509651,20212.343643603133,21205.933184325408,20206.64202621918,1.001201441730076,0.0,75.10016,17.190023828594313,17.803,84,onoff,0.6,759.9872061181119,2,11.483967781066895,static_pomt,1.0
5000,0.0018,175.13789723545614,10863.429305509651,20212.343643603133,21205.933184325408,20206.64202621918,1.001201441730076,0.0,75.10016,1399.292349219063,1477.562,84,onoff,0.6,759.9872061181119,2,11.483967781066895,decoupled,1.0
5000,0.0018,175.13789723545614,10863.429305509651,20212.343643603133,21205.933184325408,20206.64202621918,1.001201441730076,0.0,75.10016,6922.698600720866,6996.86535,84,onoff,0.6,759.9872061181119,2,11.483967781066895,joint_full,1.0
5000,0.0018,175.13789723545614,10863.429305509651,20212.343643603133,21205.933184325408,20206.64202621918,1.001201441730076,0.0,75.10016,6880.95929114938,6972.3197,84,onoff,0.6,759.9872061181119,2,11.483967781066895,cliffserve,1.0
5000,0.017,177.4293848637606,10494.574746803368,19842.954320630837,20836.948210613442,19837.253301486777,1.0148163182463974,0.0,75.10168,16.04320478993302,16.5373,84,onoff,0.6,759.9872061181119,4,22.96793556213379,dense,1.0
5000,0.017,177.4293848637606,10494.574746803368,19842.954320630837,20836.948210613442,19837.253301486777,1.0148163182463974,0.0,75.10168,17.186627156484676,17.663,84,onoff,0.6,759.9872061181119,4,22.96793556213379,static_pomt,1.0
5000,0.017,177.4293848637606,10494.574746803368,19842.954320630837,20836.948210613442,19837.253301486777,1.0148163182463974,0.0,75.10168,1409.569836817536,1471.5766999999998,84,onoff,0.6,759.9872061181119,4,22.96793556213379,decoupled,1.0
5000,0.017,177.4293848637606,10494.574746803368,19842.954320630837,20836.948210613442,19837.253301486777,1.0148163182463974,0.0,75.10168,6774.459522630403,6943.824,84,onoff,0.6,759.9872061181119,4,22.96793556213379,joint_full,1.0
5000,0.017,177.4293848637606,10494.574746803368,19842.954320630837,20836.948210613442,19837.253301486777,1.0148163182463974,0.0,75.10168,6911.754354170896,6987.479,84,onoff,0.6,759.9872061181119,4,22.96793556213379,cliffserve,1.0
5000,0.8326,463.27817609222944,20.884129056640404,2455.6410277756277,3449.415194724329,2449.935394278389,3.37609723160027,0.0,75.17964000000002,13.868433490884536,17.192,84,onoff,0.6,759.9872061181119,8,45.93587112426758,dense,1.0
5000,0.8326,463.27817609222944,20.884129056640404,2455.6410277756277,3449.415194724329,2449.935394278389,3.37609723160027,0.0,75.17964000000002,14.81005874409183,17.964,84,onoff,0.6,759.9872061181119,8,45.93587112426758,static_pomt,1.0
5000,1.0,703.1950622073198,16.042951847940685,26.336029922829574,33.36191057192306,15.250228496484459,6.20347394540943,40.96,74.70872000000001,1399.2558436724564,1479.379,84,onoff,0.6,759.9872061181119,8,45.93587112426758,decoupled,1.0
5000,1.0,703.1950622073198,16.042951847940685,26.336029922829574,33.36191057192306,15.250228496484459,6.20347394540943,40.96,74.70872000000001,3991.3082878411906,6917.09375,84,onoff,0.6,759.9872061181119,8,45.93587112426758,joint_full,1.0
5000,1.0,703.1950622073198,16.042951847940685,26.336029922829574,33.36191057192306,15.250228496484459,6.20347394540943,40.96,74.70872000000001,4117.7507903225805,6888.43175,84,onoff,0.6,759.9872061181119,8,45.93587112426758,cliffserve,1.0
5000,0.001,175.03240624323107,11136.467759340103,22343.594085471745,23058.56445556603,22337.88438164484,1.0006003602161297,0.0,75.10008,16.011865119071444,16.541,84,onoff,0.8,1013.3162748241492,2,11.483967781066895,dense,1.0
5000,0.001,175.03240624323107,11136.467759340103,22343.594085471745,23058.56445556603,22337.88438164484,1.0006003602161297,0.0,75.10008,17.409950170102064,17.944,84,onoff,0.8,1013.3162748241492,2,11.483967781066895,static_pomt,1.0
5000,0.001,175.03240624323107,11136.467759340103,22343.594085471745,23058.56445556603,22337.88438164484,1.0006003602161297,0.0,75.10008,1396.2801532919752,1479.038,84,onoff,0.8,1013.3162748241492,2,11.483967781066895,decoupled,1.0
5000,0.001,175.03240624323107,11136.467759340103,22343.594085471745,23058.56445556603,22337.88438164484,1.0006003602161297,0.0,75.10008,6924.199631578947,6996.478,84,onoff,0.8,1013.3162748241492,2,11.483967781066895,joint_full,1.0
5000,0.001,175.03240624323107,11136.467759340103,22343.594085471745,23058.56445556603,22337.88438164484,1.0006003602161297,0.0,75.10008,6912.784281168701,6984.3022,84,onoff,0.8,1013.3162748241492,2,11.483967781066895,cliffserve,1.0
5000,0.0106,176.46197419686843,10904.821583717163,22111.573419587727,22826.880693134884,22105.850040309542,1.0090817356205852,0.0,75.10104000000001,15.947607265388497,16.381,84,onoff,0.8,1013.3162748241492,4,22.96793556213379,dense,1.0
5000,0.0106,176.46197419686843,10904.821583717163,22111.573419587727,22826.880693134884,22105.850040309542,1.0090817356205852,0.0,75.10104000000001,17.322641977800203,17.813,84,onoff,0.8,1013.3162748241492,4,22.96793556213379,static_pomt,1.0
5000,0.0106,176.46197419686843,10904.821583717163,22111.573419587727,22826.880693134884,22105.850040309542,1.0090817356205852,0.0,75.10104000000001,1421.0930296670028,1476.028,84,onoff,0.8,1013.3162748241492,4,22.96793556213379,decoupled,1.0
5000,0.0106,176.46197419686843,10904.821583717163,22111.573419587727,22826.880693134884,22105.850040309542,1.0090817356205852,0.0,75.10104000000001,6905.156283753784,6977.1552,84,onoff,0.8,1013.3162748241492,4,22.96793556213379,joint_full,1.0
5000,0.0106,176.46197419686843,10904.821583717163,22111.573419587727,22826.880693134884,22105.850040309542,1.0090817356205852,0.0,75.10104000000001,6930.299740867811,7000.3903,84,onoff,0.8,1013.3162748241492,4,22.96793556213379,cliffserve,1.0
5000,0.0282,179.2183871620192,10469.402688949402,21676.032269971485,22391.162126059153,21670.31820780527,1.0264832683227263,0.0,75.10280000000002,16.060588996099362,16.581,84,onoff,0.8,1013.3162748241492,8,45.93587112426758,dense,1.0
5000,0.0282,179.2183871620192,10469.402688949402,21676.032269971485,22391.162126059153,21670.31820780527,1.0264832683227263,0.0,75.10280000000002,17.283661876411415,17.794,84,onoff,0.8,1013.3162748241492,8,45.93587112426758,static_pomt,1.0
5000,0.037,180.67609159924174,10244.312114684875,21450.953892009373,22166.09491760216,21445.238640706655,1.03498240529911,2.048,75.07936000000001,1426.9394620161459,1482.0794999999998,84,onoff,0.8,1013.3162748241492,8,45.93587112426758,decoupled,1.0
5000,0.037,180.67609159924174,10244.312114684875,21450.953892009373,22166.09491760216,21445.238640706655,1.03498240529911,2.048,75.07936000000001,6922.776230801077,6999.2880000000005,84,onoff,0.8,1013.3162748241492,8,45.93587112426758,joint_full,1.0
5000,0.037,180.67609159924174,10244.312114684875,21450.953892009373,22166.09491760216,21445.238640706655,1.03498240529911,2.048,75.07936000000001,6903.838607327675,6996.172500000001,84,onoff,0.8,1013.3162748241492,8,45.93587112426758,cliffserve,1.0
5000,0.002,175.19894489217032,11976.802915337405,22376.75894349003,23240.653147488727,22371.038053778648,1.001602564102564,0.0,75.10020000000002,16.06206590544872,16.53505,84,onoff,0.95,1203.3130763536772,2,11.483967781066895,dense,1.0
5000,0.002,175.19894489217032,11976.802915337405,22376.75894349003,23240.653147488727,22371.038053778648,1.001602564102564,0.0,75.10020000000002,17.165087740384614,17.623,84,onoff,0.95,1203.3130763536772,2,11.483967781066895,static_pomt,1.0
5000,0.002,175.19894489217032,11976.802915337405,22376.75894349003,23240.653147488727,22371.038053778648,1.001602564102564,0.0,75.10020000000002,1398.6021464342948,1478.4005,84,onoff,0.95,1203.3130763536772,2,11.483967781066895,decoupled,1.0
5000,0.002,175.19894489217032,11976.802915337405,22376.75894349003,23240.653147488727,22371.038053778648,1.001602564102564,0.0,75.10020000000002,6908.798658653846,6993.93245,84,onoff,0.95,1203.3130763536772,2,11.483967781066895,joint_full,1.0
5000,0.002,175.19894489217032,11976.802915337405,22376.75894349003,23240.653147488727,22371.038053778648,1.001602564102564,0.0,75.10020000000002,6930.632938902243,6995.91805,84,onoff,0.95,1203.3130763536772,2,11.483967781066895,cliffserve,1.0
5000,0.0092,176.26809559178622,11803.53499555858,22203.19527058983,23067.35661658396,22197.46439047241,1.0080645161290323,0.0,75.10092000000002,16.097467540322576,16.531,84,onoff,0.95,1203.3130763536772,4,22.96793556213379,dense,1.0
5000,0.0092,176.26809559178622,11803.53499555858,22203.19527058983,23067.35661658396,22197.46439047241,1.0080645161290323,0.0,75.10092000000002,17.38551995967742,17.874,84,onoff,0.95,1203.3130763536772,4,22.96793556213379,static_pomt,1.0
5000,0.0092,176.27492141141408,11802.436595442614,22202.096870473863,23066.25821646799,22196.365990356444,1.0080645161290323,0.256,75.09788,1420.8323143145162,1478.85055,84,onoff,0.95,1203.3130763536772,4,22.96793556213379,decoupled,1.0
5000,0.0092,176.27492141141408,11802.436595442614,22202.096870473863,23066.25821646799,22196.365990356444,1.0080645161290323,0.256,75.09788,6911.079587096775,6992.75365,84,onoff,0.95,1203.3130763536772,4,22.96793556213379,joint_full,1.0
5000,0.0092,176.27492141141408,11802.436595442614,22202.096870473863,23066.25821646799,22196.365990356444,1.0080645161290323,0.256,75.09788,6912.585916733871,6985.144200000001,84,onoff,0.95,1203.3130763536772,4,22.96793556213379,cliffserve,1.0
5000,0.0228,178.39403566766597,11465.7319893864,21865.181370595932,22729.37273806204,21859.469172290803,1.0214504596527068,0.0,75.10228000000001,16.1009291113381,16.681,84,onoff,0.95,1203.3130763536772,8,45.93587112426758,dense,1.0
5000,0.0228,178.39403566766597,11465.7319893864,21865.181370595932,22729.37273806204,21859.469172290803,1.0214504596527068,0.0,75.10228000000001,17.238287436159347,17.834,84,onoff,0.95,1203.3130763536772,8,45.93587112426758,static_pomt,1.0
5000,0.026,178.9483685744964,11378.975683930239,21778.43965232754,22642.526485911505,21772.71990976715,1.0245901639344261,1.792,75.08132000000002,1426.6036754098361,1481.48245,84,onoff,0.95,1203.3130763536772,8,45.93587112426758,decoupled,1.0
5000,0.026,178.9483685744964,11378.975683930239,21778.43965232754,22642.526485911505,21772.71990976715,1.0245901639344261,1.792,75.08132000000002,6900.145286885246,7001.17405,84,onoff,0.95,1203.3130763536772,8,45.93587112426758,joint_full,1.0
5000,0.026,178.9483685744964,11378.975683930239,21778.43965232754,22642.526485911505,21772.71990976715,1.0245901639344261,1.792,75.08132000000002,6923.788589549181,6991.75155,84,onoff,0.95,1203.3130763536772,8,45.93587112426758,cliffserve,1.0
5000,0.002,175.19894489217032,12839.73796933551,24483.307507176476,25189.637405281814,24477.605889792518,1.001602564102564,0.0,75.10020000000002,16.263029447115386,16.76145,84,onoff,1.1,1393.3098778832052,2,11.483967781066895,dense,1.0
5000,0.002,175.19894489217032,12839.73796933551,24483.307507176476,25189.637405281814,24477.605889792518,1.001602564102564,0.0,75.10020000000002,17.272128806089743,17.714,84,onoff,1.1,1393.3098778832052,2,11.483967781066895,static_pomt,1.0
5000,0.002,175.19894489217032,12839.73796933551,24483.307507176476,25189.637405281814,24477.605889792518,1.001602564102564,0.0,75.10020000000002,1422.5064965945512,1477.25745,84,onoff,1.1,1393.3098778832052,2,11.483967781066895,decoupled,1.0
5000,0.002,175.19894489217032,12839.73796933551,24483.307507176476,25189.637405281814,24477.605889792518,1.001602564102564,0.0,75.10020000000002,6920.241488982372,6992.3995,84,onoff,1.1,1393.3098778832052,2,11.483967781066895,joint_full,1.0
5000,0.002,175.19894489217032,12839.73796933551,24483.307507176476,25189.637405281814,24477.605889792518,1.001602564102564,0.0,75.10020000000002,6931.392079527243,6998.043699999999,84,onoff,1.1,1393.3098778832052,2,11.483967781066895,cliffserve,1.0
5000,0.0068,175.92247351392064,12722.369953569367,24365.57253643997,25072.094815417084,24359.85231387146,1.0060362173038229,0.0,75.10068000000001,16.163525955734407,16.67695,84,onoff,1.1,1393.3098778832052,4,22.96793556213379,dense,1.0
5000,0.0068,175.92247351392064,12722.369953569367,24365.57253643997,25072.094815417084,24359.85231387146,1.0060362173038229,0.0,75.10068000000001,17.408072032193157,17.93355,84,onoff,1.1,1393.3098778832052,4,22.96793556213379,static_pomt,1.0
5000,0.0076,176.03579539546445,12704.057617124512,24347.24660975464,25053.794977260382,24341.54135710724,1.00664384940608,0.256,75.09772000000002,1423.686070062412,1479.443,84,onoff,1.1,1393.3098778832052,4,22.96793556213379,decoupled,1.0
5000,0.0076,176.03579539546445,12704.057617124512,24347.24660975464,25053.794977260382,24341.54135710724,1.00664384940608,0.256,75.09772000000002,6918.164496879404,6996.9533,84,onoff,1.1,1393.3098778832052,4,22.96793556213379,joint_full,1.0
5000,0.0076,176.03579539546445,12704.057617124512,24347.24660975464,25053.794977260382,24341.54135710724,1.00664384940608,0.256,75.09772000000002,6914.445891886451,6982.3423999999995,84,onoff,1.1,1393.3098778832052,4,22.96793556213379,cliffserve,1.0
5000,0.0196,177.89347682093342,12407.476867851212,24050.478094954567,24757.192189288886,24044.765534777718,1.0183299389002036,0.0,75.10196,16.03649205702648,16.511,84,onoff,1.1,1393.3098778832052,8,45.93587112426758,dense,1.0
5000,0.0196,177.89347682093342,12407.476867851212,24050.478094954567,24757.192189288886,24044.765534777718,1.0183299389002036,0.0,75.10196,17.225607739307534,17.77355,84,onoff,1.1,1393.3098778832052,8,45.93587112426758,static_pomt,1.0
5000,0.0228,178.43779629525167,12321.81505745311,23964.868787665444,24671.483362470422,23959.13730434902,1.0214504596527068,1.536,75.08404000000002,1401.5697160367722,1481.991,84,onoff,1.1,1393.3098778832052,8,45.93587112426758,decoupled,1.0
5000,0.0228,178.43779629525167,12321.81505745311,23964.868787665444,24671.483362470422,23959.13730434902,1.0214504596527068,1.536,75.08404000000002,6909.878360572011,6985.301600000001,84,onoff,1.1,1393.3098778832052,8,45.93587112426758,joint_full,1.0
5000,0.0228,178.43779629525167,12321.81505745311,23964.868787665444,24671.483362470422,23959.13730434902,1.0214504596527068,1.536,75.08404000000002,6932.6638621041875,6992.5419,84,onoff,1.1,1393.3098778832052,8,45.93587112426758,cliffserve,1.0
5000,0.0028,175.14646370557475,7685.119288511342,14731.525407549758,15299.214963396531,14725.81664430799,1.001201441730076,0.0,75.10024000000001,16.05616960352423,16.611,85,poisson,0.3,379.99360305905594,2,11.483967781066895,dense,1.0
5000,0.0028,175.14646370557475,7685.119288511342,14731.525407549758,15299.214963396531,14725.81664430799,1.001201441730076,0.0,75.10024000000001,17.261962755306367,17.827149999999996,85,poisson,0.3,379.99360305905594,2,11.483967781066895,static_pomt,1.0
5000,0.0028,175.14646370557475,7685.119288511342,14731.525407549758,15299.214963396531,14725.81664430799,1.001201441730076,0.0,75.10024000000001,1419.4572513015619,1473.8415,85,poisson,0.3,379.99360305905594,2,11.483967781066895,decoupled,1.0
5000,0.0028,175.14646370557475,7685.119288511342,14731.525407549758,15299.214963396531,14725.81664430799,1.001201441730076,0.0,75.10024000000001,6890.2385362434925,6986.77135,85,poisson,0.3,379.99360305905594,2,11.483967781066895,joint_full,1.0
5000,0.0028,175.14646370557475,7685.119288511342,14731.525407549758,15299.214963396531,14725.81664430799,1.001201441730076,0.0,75.10024000000001,6909.77024229075,6985.563349999999,85,poisson,0.3,379.99360305905594,2,11.483967781066895,cliffserve,1.0
5000,1.0,381.7509299327786,9.323372863477744,13.445146291370929,15.195578178957298,7.758873828694643,2.2789425706472195,0.0,75.18884000000001,9.46119872379216,11.672,85,poisson,0.3,379.99360305905594,4,22.96793556213379,dense,1.0
5000,1.0,381.7509299327786,9.323372863477744,13.445146291370929,15.195578178957298,7.758873828694643,2.2789425706472195,0.0,75.18884000000001,9.863926618049224,12.163,85,poisson,0.3,379.99360305905594,4,22.96793556213379,static_pomt,1.0
5000,1.0,381.7509299327786,9.323372863477744,13.445146291370929,15.195578178957298,7.758873828694643,2.2789425706472195,0.0,75.18884000000001,1396.4814184138559,1477.9955,85,poisson,0.3,379.99360305905594,4,22.96793556213379,decoupled,1.0
5000,1.0,381.7509299327786,9.323372863477744,13.445146291370929,15.195578178957298,7.758873828694643,2.2789425706472195,0.0,75.18884000000001,2821.5635852324517,4184.422,85,poisson,0.3,379.99360305905594,4,22.96793556213379,joint_full,1.0
5000,1.0,381.7509299327786,9.323372863477744,13.445146291370929,15.195578178957298,7.758873828694643,2.2789425706472195,0.0,75.18884000000001,2758.175022333637,4181.401000000001,85,poisson,0.3,379.99360305905594,4,22.96793556213379,cliffserve,1.0
5000,1.0,381.7509299327786,9.323372863477744,13.445146291370929,15.195578178957298,7.758873828694643,2.2789425706472195,0.0,75.18884000000001,9.495876481312672,11.702,85,poisson,0.3,379.99360305905594,8,45.93587112426758,dense,1.0
5000,1.0,381.7509299327786,9.323372863477744,13.445146291370929,15.195578178957298,7.758873828694643,2.2789425706472195,0.0,75.18884000000001,9.889092980856883,12.183,85,poisson,0.3,379.99360305905594,8,45.93587112426758,static_pomt,1.0
5000,1.0,381.7509299327786,9.323372863477744,13.445146291370929,15.195578178957298,7.758873828694643,2.2789425706472195,0.0,75.18884000000001,1443.5326914311759,1469.40685,85,poisson,0.3,379.99360305905594,8,45.93587112426758,decoupled,1.0
5000,1.0,381.7509299327786,9.323372863477744,13.445146291370929,15.195578178957298,7.758873828694643,2.2789425706472195,0.0,75.18884000000001,2767.808506381039,4184.40965,85,poisson,0.3,379.99360305905594,8,45.93587112426758,joint_full,1.0
5000,1.0,381.7509299327786,9.323372863477744,13.445146291370929,15.195578178957298,7.758873828694643,2.2789425706472195,0.0,75.18884000000001,2817.302964448496,4181.662499999999,85,poisson,0.3,379.99360305905594,8,45.93587112426758,cliffserve,1.0
5000,0.004,175.42782609233313,10926.381460087647,20879.05677167354,21731.81799638874,20873.348631014207,1.0028078620136383,0.0,75.10040000000001,16.168228038507824,16.631,85,poisson,0.6,759.9872061181119,2,11.483967781066895,dense,1.0
5000,0.004,175.42782609233313,10926.381460087647,20879.05677167354,21731.81799638874,20873.348631014207,1.0028078620136383,0.0,75.10040000000001,17.368862615322904,17.86375,85,poisson,0.6,759.9872061181119,2,11.483967781066895,static_pomt,1.0
5000,0.004,175.42782609233313,10926.381460087647,20879.05677167354,21731.81799638874,20873.348631014207,1.0028078620136383,0.0,75.10040000000001,1425.202045527477,1479.00325,85,poisson,0.6,759.9872061181119,2,11.483967781066895,decoupled,1.0
5000,0.004,175.42782609233313,10926.381460087647,20879.05677167354,21731.81799638874,20873.348631014207,1.0028078620136383,0.0,75.10040000000001,6889.661309466505,6993.98775,85,poisson,0.6,759.9872061181119,2,11.483967781066895,joint_full,1.0
5000,0.004,175.42782609233313,10926.381460087647,20879.05677167354,21731.81799638874,20873.348631014207,1.0028078620136383,0.0,75.10040000000001,6883.321675491376,6969.46925,85,poisson,0.6,759.9872061181119,2,11.483967781066895,cliffserve,1.0
5000,1.0,762.5178125595627,10.833196662828982,15.256185143874838,16.804386987369003,8.829004218057072,4.591368227731864,0.0,75.19960000000002,11.662725436179983,14.0366,85,poisson,0.6,759.9872061181119,4,22.96793556213379,dense,1.0
5000,1.0,762.5178125595627,10.833196662828982,15.256185143874838,16.804386987369003,8.829004218057072,4.591368227731864,0.0,75.19960000000002,12.305786960514233,14.7936,85,poisson,0.6,759.9872061181119,4,22.96793556213379,static_pomt,1.0
5000,1.0,762.5178125595627,10.833196662828982,15.256185143874838,16.804386987369003,8.829004218057072,4.591368227731864,0.0,75.19960000000002,1501.2892975206612,1470.0706,85,poisson,0.6,759.9872061181119,4,22.96793556213379,decoupled,1.0
5000,1.0,762.5178125595627,10.833196662828982,15.256185143874838,16.804386987369003,8.829004218057072,4.591368227731864,0.0,75.19960000000002,4192.697039485766,5551.694600000001,85,poisson,0.6,759.9872061181119,4,22.96793556213379,joint_full,1.0
5000,1.0,762.5178125595627,10.833196662828982,15.256185143874838,16.804386987369003,8.829004218057072,4.591368227731864,0.0,75.19960000000002,4200.386740128559,5555.6414,85,poisson,0.6,759.9872061181119,4,22.96793556213379,cliffserve,1.0
5000,1.0,762.5178125595627,10.833196662828982,15.256185143874838,16.804386987369003,8.829004218057072,4.591368227731864,0.0,75.19960000000002,11.70786409550046,14.033,85,poisson,0.6,759.9872061181119,8,45.93587112426758,dense,1.0
5000,1.0,762.5178125595627,10.833196662828982,15.256185143874838,16.804386987369003,8.829004218057072,4.591368227731864,0.0,75.19960000000002,12.188593204775023,14.707600000000001,85,poisson,0.6,759.9872061181119,8,45.93587112426758,static_pomt,1.0
5000,1.0,762.5178125595627,10.833196662828982,15.256185143874838,16.804386987369003,8.829004218057072,4.591368227731864,0.0,75.19960000000002,1392.675471992654,1469.802,85,poisson,0.6,759.9872061181119,8,45.93587112426758,decoupled,1.0
5000,1.0,762.5178125595627,10.833196662828982,15.256185143874838,16.804386987369003,8.829004218057072,4.591368227731864,0.0,75.19960000000002,4190.968953168043,5543.673,85,poisson,0.6,759.9872061181119,8,45.93587112426758,joint_full,1.0
5000,1.0,762.5178125595627,10.833196662828982,15.256185143874838,16.804386987369003,8.829004218057072,4.591368227731864,0.0,75.19960000000002,4198.956385674931,5556.3336,85,poisson,0.6,759.9872061181119,8,45.93587112426758,cliffserve,1.0
5000,0.002,175.18013810927394,11788.522309167049,22467.880408929115,23393.196248055447,22462.17117528749,1.001401962747847,0.0,75.10020000000002,16.058822751852592,16.631,85,poisson,0.8,1013.3162748241492,2,11.483967781066895,dense,1.0
5000,0.002,175.18013810927394,11788.522309167049,22467.880408929115,23393.196248055447,22462.17117528749,1.001401962747847,0.0,75.10020000000002,17.356327859002604,17.837599999999995,85,poisson,0.8,1013.3162748241492,2,11.483967781066895,static_pomt,1.0
5000,0.002,175.18013810927394,11788.522309167049,22467.880408929115,23393.196248055447,22462.17117528749,1.001401962747847,0.0,75.10020000000002,1423.4869214900862,1477.7959999999998,85,poisson,0.8,1013.3162748241492,2,11.483967781066895,decoupled,1.0
5000,0.002,175.18013810927394,11788.522309167049,22467.880408929115,23393.196248055447,22462.17117528749,1.001401962747847,0.0,75.10020000000002,6922.796007210094,6994.55,85,poisson,0.8,1013.3162748241492,2,11.483967781066895,joint_full,1.0
5000,0.002,175.18013810927394,11788.522309167049,22467.880408929115,23393.196248055447,22462.17117528749,1.001401962747847,0.0,75.10020000000002,6931.387187462447,7004.2444,85,poisson,0.8,1013.3162748241492,2,11.483967781066895,cliffserve,1.0
5000,0.096,189.86509911967275,9580.413651091716,20259.982948110825,21185.277580553044,20254.274993060357,1.0879025239338556,0.0,75.10960000000001,16.14225043516101,16.732,85,poisson,0.8,1013.3162748241492,4,22.96793556213379,dense,1.0
5000,0.096,189.86509911967275,9580.413651091716,20259.982948110825,21185.277580553044,20254.274993060357,1.0879025239338556,0.0,75.10960000000001,17.223564403829418,17.784,85,poisson,0.8,1013.3162748241492,4,22.96793556213379,static_pomt,1.0
5000,0.096,189.86509911967275,9580.413651091716,20259.982948110825,21185.277580553044,20254.274993060357,1.0879025239338556,0.0,75.10960000000001,1426.7038120104437,1480.57125,85,poisson,0.8,1013.3162748241492,4,22.96793556213379,decoupled,1.0
5000,0.096,189.86509911967275,9580.413651091716,20259.982948110825,21185.277580553044,20254.274993060357,1.0879025239338556,0.0,75.10960000000001,6900.002834421236,7002.4865,85,poisson,0.8,1013.3162748241492,4,22.96793556213379,joint_full,1.0
5000,0.096,189.86509911967275,9580.413651091716,20259.982948110825,21185.277580553044,20254.274993060357,1.0879025239338556,0.0,75.10960000000001,6855.855927328112,6981.318499999999,85,poisson,0.8,1013.3162748241492,4,22.96793556213379,cliffserve,1.0
5000,1.0,1015.8140639461258,12.805781431148944,19.118773573219087,23.352313506440435,10.884880369568647,6.97350069735007,0.0,75.2,13.139970711297071,14.40319999999997,85,poisson,0.8,1013.3162748241492,8,45.93587112426758,dense,1.0
5000,1.0,1015.8140639461258,12.805781431148944,19.118773573219087,23.352313506440435,10.884880369568647,6.97350069735007,0.0,75.2,13.829062761506277,15.394999999999985,85,poisson,0.8,1013.3162748241492,8,45.93587112426758,static_pomt,1.0
5000,1.0,1016.267904094053,12.683479455859697,18.30494298571123,20.97831237652122,10.620948118045876,6.896551724137931,5.376,75.13616,1401.7026179310346,1486.4838,85,poisson,0.8,1013.3162748241492,8,45.93587112426758,decoupled,1.0
5000,1.0,1016.267904094053,12.683479455859697,18.30494298571123,20.97831237652122,10.620948118045876,6.896551724137931,5.376,75.13616,5220.790366896552,5670.6506,85,poisson,0.8,1013.3162748241492,8,45.93587112426758,joint_full,1.0
5000,1.0,1016.267904094053,12.683479455859697,18.30494298571123,20.97831237652122,10.620948118045876,6.896551724137931,5.376,75.13616,5064.367713103448,5687.1134,85,poisson,0.8,1013.3162748241492,8,45.93587112426758,cliffserve,1.0
5000,0.0012,175.0745774095413,12194.994482452712,23218.605740292314,24178.329230096515,23212.899487717394,1.00080064051241,0.0,75.10012000000002,16.05634727782226,16.491,85,poisson,0.95,1203.3130763536772,2,11.483967781066895,dense,1.0
5000,0.0012,175.0745774095413,12194.994482452712,23218.605740292314,24178.329230096515,23212.899487717394,1.00080064051241,0.0,75.10012000000002,17.3233903122498,17.803,85,poisson,0.95,1203.3130763536772,2,11.483967781066895,static_pomt,1.0
5000,0.0012,175.0745774095413,12194.994482452712,23218.605740292314,24178.329230096515,23212.899487717394,1.00080064051241,0.0,75.10012000000002,1424.0878604883906,1480.95725,85,poisson,0.95,1203.3130763536772,2,11.483967781066895,decoupled,1.0
5000,0.0012,175.0745774095413,12194.994482452712,23218.605740292314,24178.329230096515,23212.899487717394,1.00080064051241,0.0,75.10012000000002,6919.7377351881505,6998.03575,85,poisson,0.95,1203.3130763536772,2,11.483967781066895,joint_full,1.0
5000,0.0012,175.0745774095413,12194.994482452712,23218.605740292314,24178.329230096515,23212.899487717394,1.00080064051241,0.0,75.10012000000002,6888.210393314652,6974.809499999999,85,poisson,0.95,1203.3130763536772,2,11.483967781066895,cliffserve,1.0
5000,0.0336,179.89494235420997,11429.613914186797,22453.014612324478,23412.82602387684,22447.290692169907,1.029230135858378,0.0,75.10336000000001,16.126886372993003,16.671,85,poisson,0.95,1203.3130763536772,4,22.96793556213379,dense,1.0
5000,0.0336,179.89494235420997,11429.613914186797,22453.014612324478,23412.82602387684,22447.290692169907,1.029230135858378,0.0,75.10336000000001,17.22245409633594,17.734,85,poisson,0.95,1203.3130763536772,4,22.96793556213379,static_pomt,1.0
5000,0.0336,179.89494235420997,11429.613914186797,22453.014612324478,23412.82602387684,22447.290692169907,1.029230135858378,0.0,75.10336000000001,1426.4825117332236,1482.2024999999999,85,poisson,0.95,1203.3130763536772,4,22.96793556213379,decoupled,1.0
5000,0.0344,180.05041740236146,11405.55477803453,22428.966930325274,23388.78158657807,22423.253682143928,1.030290541932825,0.256,75.10040000000001,6902.402351535133,7000.176799999998,85,poisson,0.95,1203.3130763536772,4,22.96793556213379,joint_full,1.0
5000,0.0344,180.05041740236146,11405.55477803453,22428.966930325274,23388.78158657807,22423.253682143928,1.030290541932825,0.256,75.10040000000001,6907.125239851637,6984.478799999999,85,poisson,0.95,1203.3130763536772,4,22.96793556213379,cliffserve,1.0
5000,1.0,1205.0596832517488,20.56758386584454,31.598840704335863,35.52395409939522,18.932775834571817,12.40694789081886,0.0,75.2,15.636697270471464,17.360999999999997,85,poisson,0.95,1203.3130763536772,8,45.93587112426758,dense,1.0
5000,1.0,1205.0596832517488,20.56758386584454,31.598840704335863,35.52395409939522,18.932775834571817,12.40694789081886,0.0,75.2,16.449913151364765,18.252100000000002,85,poisson,0.95,1203.3130763536772,8,45.93587112426758,static_pomt,1.0
5000,1.0,1205.3898429015867,15.673801752059035,23.280244643371002,26.284409373131197,12.572529672281064,10.0,37.376,74.75616000000001,1399.084502,1479.93205,85,poisson,0.95,1203.3130763536772,8,45.93587112426758,decoupled,1.0
5000,1.0,1205.3898429015867,15.673801752059035,23.280244643371002,26.284409373131197,12.572529672281064,10.0,37.376,74.75616000000001,6003.251883999999,6924.2302,85,poisson,0.95,1203.3130763536772,8,45.93587112426758,joint_full,1.0
5000,1.0,1205.3898429015867,15.673801752059035,23.280244643371002,26.284409373131197,12.572529672281064,10.0,37.376,74.75616000000001,5781.088425999999,6924.743149999999,85,poisson,0.95,1203.3130763536772,8,45.93587112426758,cliffserve,1.0
5000,0.0012,175.0745774095413,12478.121671794299,23752.084278326565,24736.79702174516,23746.378025751645,1.00080064051241,0.0,75.10012000000002,16.230334067253803,16.701,85,poisson,1.1,1393.3098778832052,2,11.483967781066895,dense,1.0
5000,0.0012,175.0745774095413,12478.121671794299,23752.084278326565,24736.79702174516,23746.378025751645,1.00080064051241,0.0,75.10012000000002,17.289715572457965,17.854,85,poisson,1.1,1393.3098778832052,2,11.483967781066895,static_pomt,1.0
5000,0.0012,175.0745774095413,12478.121671794299,23752.084278326565,24736.79702174516,23746.378025751645,1.00080064051241,0.0,75.10012000000002,1426.667881104884,1482.6682500000002,85,poisson,1.1,1393.3098778832052,2,11.483967781066895,decoupled,1.0
5000,0.0012,175.0745774095413,12478.121671794299,23752.084278326565,24736.79702174516,23746.378025751645,1.00080064051241,0.0,75.10012000000002,6939.981381505204,7008.65525,85,poisson,1.1,1393.3098778832052,2,11.483967781066895,joint_full,1.0
5000,0.0012,175.0745774095413,12478.121671794299,23752.084278326565,24736.79702174516,23746.378025751645,1.00080064051241,0.0,75.10012000000002,6930.357830264211,6999.88375,85,poisson,1.1,1393.3098778832052,2,11.483967781066895,cliffserve,1.0
5000,0.0276,179.06438194128796,11841.520831225756,23115.332474213177,24100.23118769975,23109.61864390903,1.0245901639344261,0.0,75.10276,16.044736065573773,16.661,85,poisson,1.1,1393.3098778832052,4,22.96793556213379,dense,1.0
5000,0.0276,179.06438194128796,11841.520831225756,23115.332474213177,24100.23118769975,23109.61864390903,1.0245901639344261,0.0,75.10276,17.2339125,17.844450000000002,85,poisson,1.1,1393.3098778832052,4,22.96793556213379,static_pomt,1.0
5000,0.0276,179.07139136521906,11840.427839396838,23114.23948238426,24099.13819587083,23108.525652080112,1.0245901639344261,0.256,75.09972000000002,1402.5756983606557,1481.6495,85,poisson,1.1,1393.3098778832052,4,22.96793556213379,decoupled,1.0
5000,0.0316,179.69677889583812,11743.357087491397,23017.078956633144,24002.03782432885,23011.372627192075,1.0283833813245578,0.512,75.09708,6867.201177293296,6979.467500000001,85,poisson,1.1,1393.3098778832052,4,22.96793556213379,joint_full,1.0
5000,0.0316,179.69677889583812,11743.357087491397,23017.078956633144,24002.03782432885,23011.372627192075,1.0283833813245578,0.512,75.09708,6761.030521184698,6948.863450000001,85,poisson,1.1,1393.3098778832052,4,22.96793556213379,cliffserve,1.0
5000,0.0764,187.09148089315343,10643.34616505945,21917.37670922809,22902.049243887377,21911.65983584457,1.0748065348237317,0.0,75.10764000000002,16.126097807394668,16.596049999999998,85,poisson,1.1,1393.3098778832052,8,45.93587112426758,dense,1.0
5000,0.0764,187.09148089315343,10643.34616505945,21917.37670922809,22902.049243887377,21911.65983584457,1.0748065348237317,0.0,75.10764000000002,17.35284200343938,17.924,85,poisson,1.1,1393.3098778832052,8,45.93587112426758,static_pomt,1.0
5000,0.3028,237.48279444004208,4971.99299990976,16246.907980185084,17231.338378213357,16241.20724266105,1.3919821826280623,21.76,74.87188,1424.0061776169266,1479.9525,85,poisson,1.1,1393.3098778832052,8,45.93587112426758,decoupled,1.0
5000,0.3084,239.0861615887323,4831.01535188997,16105.82823913627,17090.129398420762,16100.087460046343,1.402524544179523,22.528,74.86332,6691.96683029453,6918.324799999999,85,poisson,1.1,1393.3098778832052,8,45.93587112426758,joint_full,1.0
5000,0.3084,239.0861615887323,4831.01535188997,16105.82823913627,17090.129398420762,16100.087460046343,1.402524544179523,22.528,74.86332,6704.725217391304,6913.495800000001,85,poisson,1.1,1393.3098778832052,8,45.93587112426758,cliffserve,1.0
5000,0.012,174.82756843884923,8164.844841063228,15989.076744589245,16680.876561074798,15983.37188223306,1.0064412238325282,0.0,75.10096000000001,16.093950885668278,16.647849999999995,85,onoff,0.3,379.99360305905594,2,11.483967781066895,dense,1.0
5000,0.012,174.82756843884923,8164.844841063228,15989.076744589245,16680.876561074798,15983.37188223306,1.0064412238325282,0.0,75.10096000000001,17.11465841384863,17.623,85,onoff,0.3,379.99360305905594,2,11.483967781066895,static_pomt,1.0
5000,0.012,174.82756843884923,8164.844841063228,15989.076744589245,16680.876561074798,15983.37188223306,1.0064412238325282,0.0,75.10096000000001,1419.09840136876,1480.60915,85,onoff,0.3,379.99360305905594,2,11.483967781066895,decoupled,1.0
5000,0.012,174.82756843884923,8164.844841063228,15989.076744589245,16680.876561074798,15983.37188223306,1.0064412238325282,0.0,75.10096000000001,6678.0757783816425,6925.401650000001,85,onoff,0.3,379.99360305905594,2,11.483967781066895,joint_full,1.0
5000,0.012,174.82756843884923,8164.844841063228,15989.076744589245,16680.876561074798,15983.37188223306,1.0064412238325282,0.0,75.10096000000001,6648.662084339774,6912.9315,85,onoff,0.3,379.99360305905594,2,11.483967781066895,cliffserve,1.0
5000,1.0,427.19872441081577,10.233172740884584,14.50662837580203,16.050846850085872,8.340369185617966,3.3046926635822866,0.0,75.19344000000001,10.344602115003305,13.860599999999998,85,onoff,0.3,379.99360305905594,4,22.96793556213379,dense,1.0
5000,1.0,427.19872441081577,10.233172740884584,14.50662837580203,16.050846850085872,8.340369185617966,3.3046926635822866,0.0,75.19344000000001,10.830600132187707,14.555599999999998,85,onoff,0.3,379.99360305905594,4,22.96793556213379,static_pomt,1.0
5000,1.0,427.19872441081577,10.233172740884584,14.50662837580203,16.050846850085872,8.340369185617966,3.3046926635822866,0.0,75.19344000000001,1395.8990059484468,1474.7276,85,onoff,0.3,379.99360305905594,4,22.96793556213379,decoupled,1.0
5000,1.0,427.19872441081577,10.233172740884584,14.50662837580203,16.050846850085872,8.340369185617966,3.3046926635822866,0.0,75.19344000000001,3373.4709345670854,5515.0236,85,onoff,0.3,379.99360305905594,4,22.96793556213379,joint_full,1.0
5000,1.0,427.19872441081577,10.233172740884584,14.50662837580203,16.050846850085872,8.340369185617966,3.3046926635822866,0.0,75.19344000000001,3443.8529775280895,5500.2354,85,onoff,0.3,379.99360305905594,4,22.96793556213379,cliffserve,1.0
5000,1.0,427.19872441081577,10.233172740884584,14.50662837580203,16.050846850085872,8.340369185617966,3.3046926635822866,0.0,75.19344000000001,10.354153337739591,13.899999999999999,85,onoff,0.3,379.99360305905594,8,45.93587112426758,dense,1.0
5000,1.0,427.19872441081577,10.233172740884584,14.50662837580203,16.050846850085872,8.340369185617966,3.3046926635822866,0.0,75.19344000000001,10.896300727032385,14.571599999999998,85,onoff,0.3,379.99360305905594,8,45.93587112426758,static_pomt,1.0
5000,1.0,427.19872441081577,10.233172740884584,14.50662837580203,16.050846850085872,8.340369185617966,3.3046926635822866,0.0,75.19344000000001,1397.3487614011897,1477.0339999999999,85,onoff,0.3,379.99360305905594,8,45.93587112426758,decoupled,1.0
5000,1.0,427.19872441081577,10.233172740884584,14.50662837580203,16.050846850085872,8.340369185617966,3.3046926635822866,0.0,75.19344000000001,3354.3826021150035,5486.7864,85,onoff,0.3,379.99360305905594,8,45.93587112426758,joint_full,1.0
5000,1.0,427.19872441081577,10.233172740884584,14.50662837580203,16.050846850085872,8.340369185617966,3.3046926635822866,0.0,75.19344000000001,3432.95932452082,5484.281399999999,85,onoff,0.3,379.99360305905594,8,45.93587112426758,cliffserve,1.0
5000,0.0036,174.97720649612333,11594.431480155528,22102.477381729943,23037.58233071075,22096.785232782226,1.001602564102564,0.0,75.10028,16.177028044871797,16.712,85,onoff,0.6,759.9872061181119,2,11.483967781066895,dense,1.0
5000,0.0036,174.97720649612333,11594.431480155528,22102.477381729943,23037.58233071075,22096.785232782226,1.001602564102564,0.0,75.10028,17.242308493589746,17.828049999999998,85,onoff,0.6,759.9872061181119,2,11.483967781066895,static_pomt,1.0
5000,0.0036,174.97720649612333,11594.431480155528,22102.477381729943,23037.58233071075,22096.785232782226,1.001602564102564,0.0,75.10028,1416.0793153044872,1481.5774999999999,85,onoff,0.6,759.9872061181119,2,11.483967781066895,decoupled,1.0
5000,0.0036,174.97720649612333,11594.431480155528,22102.477381729943,23037.58233071075,22096.785232782226,1.001602564102564,0.0,75.10028,6764.487525641026,6949.9710000000005,85,onoff,0.6,759.9872061181119,2,11.483967781066895,joint_full,1.0
5000,0.0036,174.97720649612333,11594.431480155528,22102.477381729943,23037.58233071075,22096.785232782226,1.001602564102564,0.0,75.10028,6704.642238782051,6920.271,85,onoff,0.6,759.9872061181119,2,11.483967781066895,cliffserve,1.0
5000,0.0254,177.54960414078838,11180.092217065016,21688.04273749872,22623.208204696613,21682.367024031122,1.0187449062754685,0.0,75.10228000000001,16.118596984515076,16.741,85,onoff,0.6,759.9872061181119,4,22.96793556213379,dense,1.0
5000,0.0254,177.54960414078838,11180.092217065016,21688.04273749872,22623.208204696613,21682.367024031122,1.0187449062754685,0.0,75.10228000000001,17.10316911165444,17.73365,85,onoff,0.6,759.9872061181119,4,22.96793556213379,static_pomt,1.0
5000,0.0262,177.66607688918774,11161.657992221037,21669.65547772928,22604.80608608051,21663.93267609163,1.019367991845056,0.256,75.09932000000002,1373.3942150866462,1470.5898,85,onoff,0.6,759.9872061181119,4,22.96793556213379,decoupled,1.0
5000,0.0294,178.1714346437737,11081.75735268704,21589.825057306723,22524.944823878246,21584.09642702623,1.0224948875255624,0.512,75.09660000000001,6691.256572597137,6927.82045,85,onoff,0.6,759.9872061181119,4,22.96793556213379,joint_full,1.0
5000,0.0294,178.1714346437737,11081.75735268704,21589.825057306723,22524.944823878246,21584.09642702623,1.0224948875255624,0.512,75.09660000000001,6823.197008793457,6969.514050000001,85,onoff,0.6,759.9872061181119,4,22.96793556213379,cliffserve,1.0
5000,0.1862,205.22464265312544,7381.312775106942,17890.46777428134,18825.759295956923,17884.737743959264,1.1961722488038278,0.0,75.11816,15.877314832535884,16.54105,85,onoff,0.6,759.9872061181119,8,45.93587112426758,dense,1.0
5000,0.1862,205.22464265312544,7381.312775106942,17890.46777428134,18825.759295956923,17884.737743959264,1.1961722488038278,0.0,75.11816,17.21293588516746,17.884449999999998,85,onoff,0.6,759.9872061181119,8,45.93587112426758,static_pomt,1.0
5000,1.0,932.8662097747454,18.24018986290912,28.94246273459587,34.26836755795178,17.650560358243116,8.389261744966444,54.016,74.55616,1403.3315218120806,1495.73025,85,onoff,0.6,759.9872061181119,8,45.93587112426758,decoupled,1.0
5000,1.0,932.8662097747454,18.24018986290912,28.94246273459587,34.26836755795178,17.650560358243116,8.389261744966444,54.016,74.55616,4726.539713087248,6943.80075,85,onoff,0.6,759.9872061181119,8,45.93587112426758,joint_full,1.0
5000,1.0,932.8662097747454,18.24018986290912,28.94246273459587,34.26836755795178,17.650560358243116,8.389261744966444,54.016,74.55616,4908.318703020134,6914.31275,85,onoff,0.6,759.9872061181119,8,45.93587112426758,cliffserve,1.0
5000,0.0036,175.09381803561837,11139.444149307905,21370.773840043446,22395.7662090022,21365.08169109573,1.001602564102564,0.0,75.10028,16.131128806089745,16.662,85,onoff,0.8,1013.3162748241492,2,11.483967781066895,dense,1.0
5000,0.0036,175.09381803561837,11139.444149307905,21370.773840043446,22395.7662090022,21365.08169109573,1.001602564102564,0.0,75.10028,17.313161458333333,17.86345,85,onoff,0.8,1013.3162748241492,2,11.483967781066895,static_pomt,1.0
5000,0.0036,175.09381803561837,11139.444149307905,21370.773840043446,22395.7662090022,21365.08169109573,1.001602564102564,0.0,75.10028,1391.2522626201924,1478.999,85,onoff,0.8,1013.3162748241492,2,11.483967781066895,decoupled,1.0
5000,0.0036,175.09381803561837,11139.444149307905,21370.773840043446,22395.7662090022,21365.08169109573,1.001602564102564,0.0,75.10028,6800.965148637821,6958.811049999999,85,onoff,0.8,1013.3162748241492,2,11.483967781066895,joint_full,1.0
5000,0.0036,175.09381803561837,11139.444149307905,21370.773840043446,22395.7662090022,21365.08169109573,1.001602564102564,0.0,75.10028,6776.394020432693,6950.41795,85,onoff,0.8,1013.3162748241492,2,11.483967781066895,cliffserve,1.0
5000,0.0134,176.4467697572608,10920.2276794423,21151.55674256477,22176.54324425687,21145.846747151947,1.0096930533117932,0.0,75.10124000000002,16.08618881260097,16.531,85,onoff,0.8,1013.3162748241492,4,22.96793556213379,dense,1.0
5000,0.0134,176.4467697572608,10920.2276794423,21151.55674256477,22176.54324425687,21145.846747151947,1.0096930533117932,0.0,75.10124000000002,17.237354402261712,17.694,85,onoff,0.8,1013.3162748241492,4,22.96793556213379,static_pomt,1.0
5000,0.0134,176.4467697572608,10920.2276794423,21151.55674256477,22176.54324425687,21145.846747151947,1.0096930533117932,0.0,75.10124000000002,1422.485813812601,1477.078,85,onoff,0.8,1013.3162748241492,4,22.96793556213379,decoupled,1.0
5000,0.0134,176.4467697572608,10920.2276794423,21151.55674256477,22176.54324425687,21145.846747151947,1.0096930533117932,0.0,75.10124000000002,6719.3031771001615,6930.32645,85,onoff,0.8,1013.3162748241492,4,22.96793556213379,joint_full,1.0
5000,0.0134,176.4467697572608,10920.2276794423,21151.55674256477,22176.54324425687,21145.846747151947,1.0096930533117932,0.0,75.10124000000002,6805.9418085621965,6950.23095,85,onoff,0.8,1013.3162748241492,4,22.96793556213379,cliffserve,1.0
5000,0.0502,182.2645918716001,10015.64175028695,20246.843899695014,21272.235597596067,20241.1317108551,1.0460251046025104,0.0,75.10492000000002,16.05698535564854,16.61245,85,onoff,0.8,1013.3162748241492,8,45.93587112426758,dense,1.0
5000,0.0502,182.2645918716001,10015.64175028695,20246.843899695014,21272.235597596067,20241.1317108551,1.0460251046025104,0.0,75.10492000000002,17.165728242677822,17.724,85,onoff,0.8,1013.3162748241492,8,45.93587112426758,static_pomt,1.0
5000,0.0948,188.35091503065365,9129.023180295591,19360.551024169294,20385.48816416038,19354.822254747716,1.0853049706967657,5.376,75.04516000000001,1425.3281024527892,1480.263,85,onoff,0.8,1013.3162748241492,8,45.93587112426758,decoupled,1.0
5000,0.0972,188.7967473583679,9066.233964730864,19297.779827279413,20322.739311077723,19292.06470102724,1.088139281828074,5.632,75.04236000000002,6665.6792091403695,6944.865,85,onoff,0.8,1013.3162748241492,8,45.93587112426758,joint_full,1.0
5000,0.0972,188.7967473583679,9066.233964730864,19297.779827279413,20322.739311077723,19292.06470102724,1.088139281828074,5.632,75.04236000000002,6731.070930794342,6944.044,85,onoff,0.8,1013.3162748241492,8,45.93587112426758,cliffserve,1.0
5000,0.0028,175.061131959065,12635.164785165629,24288.09812989077,25333.74331374662,24282.390643642757,1.001001001001001,0.0,75.10020000000002,16.14278118118118,16.641,85,onoff,0.95,1203.3130763536772,2,11.483967781066895,dense,1.0
5000,0.0028,175.061131959065,12635.164785165629,24288.09812989077,25333.74331374662,24282.390643642757,1.001001001001001,0.0,75.10020000000002,17.24501861861862,17.713,85,onoff,0.95,1203.3130763536772,2,11.483967781066895,static_pomt,1.0
5000,0.0028,175.061131959065,12635.164785165629,24288.09812989077,25333.74331374662,24282.390643642757,1.001001001001001,0.0,75.10020000000002,1424.150248048048,1479.7903000000001,85,onoff,0.95,1203.3130763536772,2,11.483967781066895,decoupled,1.0
5000,0.0028,175.061131959065,12635.164785165629,24288.09812989077,25333.74331374662,24282.390643642757,1.001001001001001,0.0,75.10020000000002,6842.819277677679,6969.650299999999,85,onoff,0.95,1203.3130763536772,2,11.483967781066895,joint_full,1.0
5000,0.0028,175.061131959065,12635.164785165629,24288.09812989077,25333.74331374662,24282.390643642757,1.001001001001001,0.0,75.10020000000002,6915.055843643644,6996.837200000001,85,onoff,0.95,1203.3130763536772,2,11.483967781066895,cliffserve,1.0
5000,0.0132,176.573346152642,12390.36360432609,24043.252436755512,25088.894537234475,24037.545428655954,1.0101010101010102,0.0,75.10124000000002,16.18486303030303,16.721,85,onoff,0.95,1203.3130763536772,4,22.96793556213379,dense,1.0
5000,0.0132,176.573346152642,12390.36360432609,24043.252436755512,25088.894537234475,24037.545428655954,1.0101010101010102,0.0,75.10124000000002,17.312553939393936,17.894,85,onoff,0.95,1203.3130763536772,4,22.96793556213379,static_pomt,1.0
5000,0.0132,176.58030359425976,12389.247892160258,24042.13672458968,25087.778825068643,24036.42971649012,1.0101010101010102,0.256,75.0982,1423.4895151515152,1480.2935,85,onoff,0.95,1203.3130763536772,4,22.96793556213379,decoupled,1.0
5000,0.0132,176.58030359425976,12389.247892160258,24042.13672458968,25087.778825068643,24036.42971649012,1.0101010101010102,0.256,75.0982,6902.609983838384,6991.916,85,onoff,0.95,1203.3130763536772,4,22.96793556213379,joint_full,1.0
5000,0.0132,176.58030359425976,12389.247892160258,24042.13672458968,25087.778825068643,24036.42971649012,1.0101010101010102,0.256,75.0982,6885.746784848484,6990.65705,85,onoff,0.95,1203.3130763536772,4,22.96793556213379,cliffserve,1.0
5000,0.0444,181.46507811736322,11627.06684352859,23279.72836336932,24325.68829035776,23274.016862486216,1.0403662089055348,0.0,75.10436000000001,16.06786100707449,16.6085,85,onoff,0.95,1203.3130763536772,8,45.93587112426758,dense,1.0
5000,0.0444,181.46507811736322,11627.06684352859,23279.72836336932,24325.68829035776,23274.016862486216,1.0403662089055348,0.0,75.10436000000001,17.246810237203494,17.794,85,onoff,0.95,1203.3130763536772,8,45.93587112426758,static_pomt,1.0
5000,0.0508,182.60923273622382,11454.328747529826,23107.11129650912,24153.132545232944,23101.386301205966,1.0471204188481675,3.072,75.06852000000002,1398.052697172775,1475.137,85,onoff,0.95,1203.3130763536772,8,45.93587112426758,decoupled,1.0
5000,0.0508,182.60923273622382,11454.328747529826,23107.11129650912,24153.132545232944,23101.386301205966,1.0471204188481675,3.072,75.06852000000002,6925.45146408377,6993.6343,85,onoff,0.95,1203.3130763536772,8,45.93587112426758,joint_full,1.0
5000,0.0508,182.60923273622382,11454.328747529826,23107.11129650912,24153.132545232944,23101.386301205966,1.0471204188481675,3.072,75.06852000000002,6912.301310366492,6988.6683,85,onoff,0.95,1203.3130763536772,8,45.93587112426758,cliffserve,1.0
5000,0.0058,175.3333535778531,12432.67989890325,23747.910073694617,24812.183682028408,23742.201933035285,1.0028078620136383,0.0,75.10048,15.989651624548738,16.61875,85,onoff,1.1,1393.3098778832052,2,11.483967781066895,dense,1.0
5000,0.0058,175.3333535778531,12432.67989890325,23747.910073694617,24812.183682028408,23742.201933035285,1.0028078620136383,0.0,75.10048,17.137878660248695,17.73075,85,onoff,1.1,1393.3098778832052,2,11.483967781066895,static_pomt,1.0
5000,0.0058,175.3333535778531,12432.67989890325,23747.910073694617,24812.183682028408,23742.201933035285,1.0028078620136383,0.0,75.10048,1426.1169091456077,1480.351,85,onoff,1.1,1393.3098778832052,2,11.483967781066895,decoupled,1.0
5000,0.0058,175.3333535778531,12432.67989890325,23747.910073694617,24812.183682028408,23742.201933035285,1.0028078620136383,0.0,75.10048,6884.897557160048,6990.29075,85,onoff,1.1,1393.3098778832052,2,11.483967781066895,joint_full,1.0
5000,0.0058,175.3333535778531,12432.67989890325,23747.910073694617,24812.183682028408,23742.201933035285,1.0028078620136383,0.0,75.10048,6879.306509426393,6971.89075,85,onoff,1.1,1393.3098778832052,2,11.483967781066895,cliffserve,1.0
5000,0.0148,176.18942586583177,12293.912668392539,23609.070162066848,24673.410952660197,23603.358877310187,1.0086746015735324,0.0,75.10116000000001,15.98146600766593,16.612,85,onoff,1.1,1393.3098778832052,4,22.96793556213379,dense,1.0
5000,0.0148,176.18942586583177,12293.912668392539,23609.070162066848,24673.410952660197,23603.358877310187,1.0086746015735324,0.0,75.10116000000001,17.20661589671172,17.833,85,onoff,1.1,1393.3098778832052,4,22.96793556213379,static_pomt,1.0
5000,0.0148,176.1968394753792,12292.718620464682,23607.87611413899,24672.21690473234,23602.16482938233,1.0086746015735324,0.256,75.09812000000002,1401.808830139197,1481.308,85,onoff,1.1,1393.3098778832052,4,22.96793556213379,decoupled,1.0
5000,0.0148,176.1968394753792,12292.718620464682,23607.87611413899,24672.21690473234,23602.16482938233,1.0086746015735324,0.256,75.09812000000002,6893.904725438773,6995.593199999999,85,onoff,1.1,1393.3098778832052,4,22.96793556213379,joint_full,1.0
5000,0.0148,176.1968394753792,12292.718620464682,23607.87611413899,24672.21690473234,23602.16482938233,1.0086746015735324,0.256,75.09812000000002,6909.5608474884,7001.0542,85,onoff,1.1,1393.3098778832052,4,22.96793556213379,cliffserve,1.0
5000,0.0276,178.16679669849938,11978.823615953803,23294.027626070412,24358.361971375103,23288.32254141274,1.0210332856851134,0.0,75.10244000000002,15.921186440677968,16.411,85,onoff,1.1,1393.3098778832052,8,45.93587112426758,dense,1.0
5000,0.0276,178.16679669849938,11978.823615953803,23294.027626070412,24358.361971375103,23288.32254141274,1.0210332856851134,0.0,75.10244000000002,17.201974474167855,17.793,85,onoff,1.1,1393.3098778832052,8,45.93587112426758,static_pomt,1.0
5000,0.0308,178.71248540569968,11893.147040769934,23208.238114437492,24272.73981509363,23202.507533535394,1.024170421958214,1.536,75.08452000000001,1423.3887654649734,1478.18,85,onoff,1.1,1393.3098778832052,8,45.93587112426758,decoupled,1.0
5000,0.0308,178.71248540569968,11893.147040769934,23208.238114437492,24272.73981509363,23202.507533535394,1.024170421958214,1.536,75.08452000000001,6814.4107494879145,6959.875,85,onoff,1.1,1393.3098778832052,8,45.93587112426758,joint_full,1.0
5000,0.0308,178.71248540569968,11893.147040769934,23208.238114437492,24272.73981509363,23202.507533535394,1.024170421958214,1.536,75.08452000000001,6890.083977058582,6981.5364500000005,85,onoff,1.1,1393.3098778832052,8,45.93587112426758,cliffserve,1.0
5000,0.0008,174.97932166201863,7664.218939399347,14597.508343707095,15222.43001635371,14591.796138988506,1.0004001600640255,0.0,75.10008,16.037647659063627,16.742,86,poisson,0.3,379.99360305905594,2,11.483967781066895,dense,1.0
5000,0.0008,174.97932166201863,7664.218939399347,14597.508343707095,15222.43001635371,14591.796138988506,1.0004001600640255,0.0,75.10008,17.278252100840337,17.854,86,poisson,0.3,379.99360305905594,2,11.483967781066895,static_pomt,1.0
5000,0.0008,174.97932166201863,7664.218939399347,14597.508343707095,15222.43001635371,14591.796138988506,1.0004001600640255,0.0,75.10008,1404.4518265306124,1482.8555000000001,86,poisson,0.3,379.99360305905594,2,11.483967781066895,decoupled,1.0
5000,0.0008,174.97932166201863,7664.218939399347,14597.508343707095,15222.43001635371,14591.796138988506,1.0004001600640255,0.0,75.10008,6906.686421368547,6994.108799999999,86,poisson,0.3,379.99360305905594,2,11.483967781066895,joint_full,1.0
5000,0.0008,174.97932166201863,7664.218939399347,14597.508343707095,15222.43001635371,14591.796138988506,1.0004001600640255,0.0,75.10008,6925.441015806322,7001.472,86,poisson,0.3,379.99360305905594,2,11.483967781066895,cliffserve,1.0
5000,1.0,378.77476218682045,9.419534580358487,13.34656254302081,15.137388168333189,7.694937471808498,2.2573363431151243,0.0,75.18936000000001,9.48869887133183,11.672,86,poisson,0.3,379.99360305905594,4,22.96793556213379,dense,1.0
5000,1.0,378.77476218682045,9.419534580358487,13.34656254302081,15.137388168333189,7.694937471808498,2.2573363431151243,0.0,75.18936000000001,9.969257336343114,12.283,86,poisson,0.3,379.99360305905594,4,22.96793556213379,static_pomt,1.0
5000,1.0,378.77476218682045,9.419534580358487,13.34656254302081,15.137388168333189,7.694937471808498,2.2573363431151243,0.0,75.18936000000001,1445.8181665914221,1472.2473,86,poisson,0.3,379.99360305905594,4,22.96793556213379,decoupled,1.0
5000,1.0,378.77476218682045,9.419534580358487,13.34656254302081,15.137388168333189,7.694937471808498,2.2573363431151243,0.0,75.18936000000001,2765.0908049661402,4192.7253,86,poisson,0.3,379.99360305905594,4,22.96793556213379,joint_full,1.0
5000,1.0,378.77476218682045,9.419534580358487,13.34656254302081,15.137388168333189,7.694937471808498,2.2573363431151243,0.0,75.18936000000001,2822.252858690745,4189.3383,86,poisson,0.3,379.99360305905594,4,22.96793556213379,cliffserve,1.0
5000,1.0,378.77476218682045,9.419534580358487,13.34656254302081,15.137388168333189,7.694937471808498,2.2573363431151243,0.0,75.18936000000001,9.48802889390519,11.632299999999999,86,poisson,0.3,379.99360305905594,8,45.93587112426758,dense,1.0
5000,1.0,378.77476218682045,9.419534580358487,13.34656254302081,15.137388168333189,7.694937471808498,2.2573363431151243,0.0,75.18936000000001,9.912771106094809,12.243,86,poisson,0.3,379.99360305905594,8,45.93587112426758,static_pomt,1.0
5000,1.0,378.77476218682045,9.419534580358487,13.34656254302081,15.137388168333189,7.694937471808498,2.2573363431151243,0.0,75.18936000000001,1392.5858027088036,1475.948,86,poisson,0.3,379.99360305905594,8,45.93587112426758,decoupled,1.0
5000,1.0,378.77476218682045,9.419534580358487,13.34656254302081,15.137388168333189,7.694937471808498,2.2573363431151243,0.0,75.18936000000001,2817.102987358917,4184.0113,86,poisson,0.3,379.99360305905594,8,45.93587112426758,joint_full,1.0
5000,1.0,378.77476218682045,9.419534580358487,13.34656254302081,15.137388168333189,7.694937471808498,2.2573363431151243,0.0,75.18936000000001,2741.5967837471785,4181.911599999999,86,poisson,0.3,379.99360305905594,8,45.93587112426758,cliffserve,1.0
5000,0.0012,175.04994854767608,10963.187037992291,20861.63114476494,21743.1749186357,20855.90622318081,1.00080064051241,0.0,75.10012000000002,16.06043434747798,16.531,86,poisson,0.6,759.9872061181119,2,11.483967781066895,dense,1.0
5000,0.0012,175.04994854767608,10963.187037992291,20861.63114476494,21743.1749186357,20855.90622318081,1.00080064051241,0.0,75.10012000000002,17.141262810248197,17.683,86,poisson,0.6,759.9872061181119,2,11.483967781066895,static_pomt,1.0
5000,0.0012,175.04994854767608,10963.187037992291,20861.63114476494,21743.1749186357,20855.90622318081,1.00080064051241,0.0,75.10012000000002,1418.700389311449,1477.641,86,poisson,0.6,759.9872061181119,2,11.483967781066895,decoupled,1.0
5000,0.0012,175.04994854767608,10963.187037992291,20861.63114476494,21743.1749186357,20855.90622318081,1.00080064051241,0.0,75.10012000000002,6683.089445556445,6920.84275,86,poisson,0.6,759.9872061181119,2,11.483967781066895,joint_full,1.0
5000,0.0012,175.04994854767608,10963.187037992291,20861.63114476494,21743.1749186357,20855.90622318081,1.00080064051241,0.0,75.10012000000002,6763.558591273019,6924.10875,86,poisson,0.6,759.9872061181119,2,11.483967781066895,cliffserve,1.0
5000,1.0,756.3607933911021,10.720953362498072,15.361104606261483,17.568970288293638,8.88610138347063,4.524886877828054,0.0,75.19968,11.620106787330318,13.967,86,poisson,0.6,759.9872061181119,4,22.96793556213379,dense,1.0
5000,1.0,756.3607933911021,10.720953362498072,15.361104606261483,17.568970288293638,8.88610138347063,4.524886877828054,0.0,75.19968,12.171870588235295,14.625,86,poisson,0.6,759.9872061181119,4,22.96793556213379,static_pomt,1.0
5000,1.0,757.3071329110688,10.728636125897083,15.16544079477763,17.051199486645203,8.837821767255834,4.520795660036167,0.256,75.1966,1399.9961726943943,1478.03425,86,poisson,0.6,759.9872061181119,4,22.96793556213379,decoupled,1.0
5000,1.0,757.3071329110688,10.728636125897083,15.16544079477763,17.051199486645203,8.837821767255834,4.520795660036167,0.256,75.1966,4313.16457233273,5570.33625,86,poisson,0.6,759.9872061181119,4,22.96793556213379,joint_full,1.0
5000,1.0,757.3071329110688,10.728636125897083,15.16544079477763,17.051199486645203,8.837821767255834,4.520795660036167,0.256,75.1966,4186.319082278481,5545.284000000001,86,poisson,0.6,759.9872061181119,4,22.96793556213379,cliffserve,1.0
5000,1.0,756.3607933911021,10.720953362498072,15.361104606261483,17.568970288293638,8.88610138347063,4.524886877828054,0.0,75.19968,11.632285067873303,14.024199999999999,86,poisson,0.6,759.9872061181119,8,45.93587112426758,dense,1.0
5000,1.0,756.3607933911021,10.720953362498072,15.361104606261483,17.568970288293638,8.88610138347063,4.524886877828054,0.0,75.19968,12.248852488687783,14.732999999999999,86,poisson,0.6,759.9872061181119,8,45.93587112426758,static_pomt,1.0
5000,1.0,757.3071329110688,10.728636125897083,15.16544079477763,17.051199486645203,8.837821767255834,4.520795660036167,0.256,75.1966,1399.5648933092223,1480.99525,86,poisson,0.6,759.9872061181119,8,45.93587112426758,decoupled,1.0
5000,1.0,757.3071329110688,10.728636125897083,15.16544079477763,17.051199486645203,8.837821767255834,4.520795660036167,0.256,75.1966,4307.709,5564.49775,86,poisson,0.6,759.9872061181119,8,45.93587112426758,joint_full,1.0
5000,1.0,757.3071329110688,10.728636125897083,15.16544079477763,17.051199486645203,8.837821767255834,4.520795660036167,0.256,75.1966,4185.156273056057,5551.938749999999,86,poisson,0.6,759.9872061181119,8,45.93587112426758,cliffserve,1.0
5000,0.0012,175.04994854767605,11790.793402588219,22429.88234328248,23376.820466444493,22424.15742169835,1.00080064051241,0.0,75.10012000000002,16.198225380304244,16.77425,86,poisson,0.8,1013.3162748241492,2,11.483967781066895,dense,1.0
5000,0.0012,175.04994854767605,11790.793402588219,22429.88234328248,23376.820466444493,22424.15742169835,1.00080064051241,0.0,75.10012000000002,17.257382105684545,17.793,86,poisson,0.8,1013.3162748241492,2,11.483967781066895,static_pomt,1.0
5000,0.0012,175.04994854767605,11790.793402588219,22429.88234328248,23376.820466444493,22424.15742169835,1.00080064051241,0.0,75.10012000000002,1427.4925228182544,1484.1657500000001,86,poisson,0.8,1013.3162748241492,2,11.483967781066895,decoupled,1.0
5000,0.0012,175.04994854767605,11790.793402588219,22429.88234328248,23376.820466444493,22424.15742169835,1.00080064051241,0.0,75.10012000000002,6806.861813851081,6973.797500000001,86,poisson,0.8,1013.3162748241492,2,11.483967781066895,joint_full,1.0
5000,0.0012,175.04994854767605,11790.793402588219,22429.88234328248,23376.820466444493,22424.15742169835,1.00080064051241,0.0,75.10012000000002,6928.552883907127,6999.2675,86,poisson,0.8,1013.3162748241492,2,11.483967781066895,cliffserve,1.0
5000,0.2932,230.41077208667542,4925.964028513283,15566.455919589776,16513.719818403722,15560.748937167902,1.329433661260303,0.0,75.12932,15.832281839936186,16.591,86,poisson,0.8,1013.3162748241492,4,22.96793556213379,dense,1.0
5000,0.2932,230.41077208667542,4925.964028513283,15566.455919589776,16513.719818403722,15560.748937167902,1.329433661260303,0.0,75.12932,17.09794549321989,17.903,86,poisson,0.8,1013.3162748241492,4,22.96793556213379,static_pomt,1.0
5000,0.3336,241.0368781027053,3969.493422186226,14609.66647922017,15556.705106751919,14603.964714517373,1.3935340022296545,0.768,75.12424000000001,1396.6437915273132,1480.08365,86,poisson,0.8,1013.3162748241492,4,22.96793556213379,decoupled,1.0
5000,0.3336,241.0368781027053,3969.493422186226,14609.66647922017,15556.705106751919,14603.964714517373,1.3935340022296545,0.768,75.12424000000001,6989.932135451505,6990.269099999999,86,poisson,0.8,1013.3162748241492,4,22.96793556213379,joint_full,1.0
5000,0.3336,241.0368781027053,3969.493422186226,14609.66647922017,15556.705106751919,14603.964714517373,1.3935340022296545,0.768,75.12424000000001,6785.372242196209,6987.84915,86,poisson,0.8,1013.3162748241492,4,22.96793556213379,cliffserve,1.0
5000,1.0,1007.9263593016943,12.739926599651405,21.995342271074772,28.116868839397494,11.571234671748096,6.983240223463687,0.0,75.19996,13.249364525139665,17.12775,86,poisson,0.8,1013.3162748241492,8,45.93587112426758,dense,1.0
5000,1.0,1007.9263593016943,12.739926599651405,21.995342271074772,28.116868839397494,11.571234671748096,6.983240223463687,0.0,75.19996,13.899243016759776,17.944,86,poisson,0.8,1013.3162748241492,8,45.93587112426758,static_pomt,1.0
5000,1.0,1007.8827593357149,12.521480219750174,18.852239644991418,22.487505659260325,10.655618893711193,6.839945280437757,7.168,75.1148,1566.7171874145006,1478.713,86,poisson,0.8,1013.3162748241492,8,45.93587112426758,decoupled,1.0
5000,1.0,1007.8827593357149,12.521480219750174,18.852239644991418,22.487505659260325,10.655618893711193,6.839945280437757,7.168,75.1148,5007.546006839945,5691.8475,86,poisson,0.8,1013.3162748241492,8,45.93587112426758,joint_full,1.0
5000,1.0,1007.8827593357149,12.521480219750174,18.852239644991418,22.487505659260325,10.655618893711193,6.839945280437757,7.168,75.1148,5029.778268125855,5714.73,86,poisson,0.8,1013.3162748241492,8,45.93587112426758,cliffserve,1.0
5000,0.0004,174.94399540938534,12200.054557516583,23189.909449107352,24167.844011719873,23184.197556407154,1.0002000400080016,0.0,75.10004,16.177140828165633,16.671,86,poisson,0.95,1203.3130763536772,2,11.483967781066895,dense,1.0
5000,0.0004,174.94399540938534,12200.054557516583,23189.909449107352,24167.844011719873,23184.197556407154,1.0002000400080016,0.0,75.10004,17.417836167233446,17.913,86,poisson,0.95,1203.3130763536772,2,11.483967781066895,static_pomt,1.0
5000,0.0004,174.94399540938534,12200.054557516583,23189.909449107352,24167.844011719873,23184.197556407154,1.0002000400080016,0.0,75.10004,1427.0309203840768,1481.7229,86,poisson,0.95,1203.3130763536772,2,11.483967781066895,decoupled,1.0
5000,0.0004,174.94399540938534,12200.054557516583,23189.909449107352,24167.844011719873,23184.197556407154,1.0002000400080016,0.0,75.10004,6933.712719943987,6998.829199999999,86,poisson,0.95,1203.3130763536772,2,11.483967781066895,joint_full,1.0
5000,0.0004,174.94399540938534,12200.054557516583,23189.909449107352,24167.844011719873,23184.197556407154,1.0002000400080016,0.0,75.10004,6944.750684536907,7009.49,86,poisson,0.95,1203.3130763536772,2,11.483967781066895,cliffserve,1.0
5000,0.0652,185.00640521769864,10644.839589073667,21634.68969085902,22613.252818225075,21628.98101394862,1.0599957600169598,0.0,75.10652000000002,16.12190756836973,16.641,86,poisson,0.95,1203.3130763536772,4,22.96793556213379,dense,1.0
5000,0.0652,185.00640521769864,10644.839589073667,21634.68969085902,22613.252818225075,21628.98101394862,1.0599957600169598,0.0,75.10652000000002,17.448578969684124,17.994,86,poisson,0.95,1203.3130763536772,4,22.96793556213379,static_pomt,1.0
5000,0.0676,185.42416570041902,10583.886900856503,21573.76047569007,22552.277698052574,21568.019110996425,1.062473438164046,0.256,75.10372000000002,1428.5184541011474,1481.7530000000002,86,poisson,0.95,1203.3130763536772,4,22.96793556213379,decoupled,1.0
5000,0.0676,185.42457476808588,10583.827412559995,21573.70098739356,22552.218209756065,21567.959622699917,1.062473438164046,0.256,75.10372000000002,6904.204341691458,7001.982749999999,86,poisson,0.95,1203.3130763536772,4,22.96793556213379,joint_full,1.0
5000,0.0676,185.42457476808588,10583.827412559995,21573.70098739356,22552.218209756065,21567.959622699917,1.062473438164046,0.256,75.10372000000002,6924.81162558436,7001.80475,86,poisson,0.95,1203.3130763536772,4,22.96793556213379,cliffserve,1.0
5000,0.554,331.4030763506918,30.116380644565652,9696.207533533277,10674.529005578212,9690.480607325735,2.017756255044391,0.0,75.15540000000001,15.790454802259886,16.8735,86,poisson,0.95,1203.3130763536772,8,45.93587112426758,dense,1.0
5000,0.554,331.4030763506918,30.116380644565652,9696.207533533277,10674.529005578212,9690.480607325735,2.017756255044391,0.0,75.15540000000001,16.8481581920904,17.774,86,poisson,0.95,1203.3130763536772,8,45.93587112426758,static_pomt,1.0
5000,1.0,1197.1575353373744,15.746810245088824,26.085829719877964,33.739989983269794,14.636014402256935,9.82318271119843,35.328,74.78048000000001,1398.9715343811395,1478.0682,86,poisson,0.95,1203.3130763536772,8,45.93587112426758,decoupled,1.0
5000,1.0,1197.1575353373744,15.746810245088824,26.085829719877964,33.739989983269794,14.636014402256935,9.82318271119843,35.328,74.78048000000001,5769.428129666012,6946.1142,86,poisson,0.95,1203.3130763536772,8,45.93587112426758,joint_full,1.0
5000,1.0,1197.1575353373744,15.746810245088824,26.085829719877964,33.739989983269794,14.636014402256935,9.82318271119843,35.328,74.78048000000001,5972.213762278978,6896.7816,86,poisson,0.95,1203.3130763536772,8,45.93587112426758,cliffserve,1.0
5000,0.0004,174.9439954093853,12485.162970200352,23730.16823519953,24730.63099469707,23724.456342499336,1.0002000400080016,0.0,75.10004,16.143037807561512,16.611,86,poisson,1.1,1393.3098778832052,2,11.483967781066895,dense,1.0
5000,0.0004,174.9439954093853,12485.162970200352,23730.16823519953,24730.63099469707,23724.456342499336,1.0002000400080016,0.0,75.10004,17.241724944989,17.833099999999998,86,poisson,1.1,1393.3098778832052,2,11.483967781066895,static_pomt,1.0
5000,0.0004,174.9439954093853,12485.162970200352,23730.16823519953,24730.63099469707,23724.456342499336,1.0002000400080016,0.0,75.10004,1403.6092750550113,1483.081,86,poisson,1.1,1393.3098778832052,2,11.483967781066895,decoupled,1.0
5000,0.0004,174.9439954093853,12485.162970200352,23730.16823519953,24730.63099469707,23724.456342499336,1.0002000400080016,0.0,75.10004,6945.296793158632,7014.837199999999,86,poisson,1.1,1393.3098778832052,2,11.483967781066895,joint_full,1.0
5000,0.0004,174.9439954093853,12485.162970200352,23730.16823519953,24730.63099469707,23724.456342499336,1.0002000400080016,0.0,75.10004,6923.343159431885,6996.4340999999995,86,poisson,1.1,1393.3098778832052,2,11.483967781066895,cliffserve,1.0
5000,0.0124,176.7305422263689,12196.031468287281,23441.246221010762,24441.560538435435,23435.507908885556,1.0109179134654267,0.0,75.10124000000002,16.027583299636067,16.451,86,poisson,1.1,1393.3098778832052,4,22.96793556213379,dense,1.0
5000,0.0124,176.7305422263689,12196.031468287281,23441.246221010762,24441.560538435435,23435.507908885556,1.0109179134654267,0.0,75.10124000000002,17.190928022644563,17.713,86,poisson,1.1,1393.3098778832052,4,22.96793556213379,static_pomt,1.0
5000,0.0148,177.08719077668016,12139.248044863514,23384.305228011686,24384.693577104066,23378.58482457884,1.012965964343598,0.256,75.09844000000001,1397.2776073743921,1474.73825,86,poisson,1.1,1393.3098778832052,4,22.96793556213379,decoupled,1.0
5000,0.0148,177.08719077668016,12139.248044863514,23384.305228011686,24384.693577104066,23378.58482457884,1.012965964343598,0.256,75.09844000000001,6930.49449432739,7004.01,86,poisson,1.1,1393.3098778832052,4,22.96793556213379,joint_full,1.0
5000,0.0148,177.08719077668016,12139.248044863514,23384.305228011686,24384.693577104066,23378.58482457884,1.012965964343598,0.256,75.09844000000001,6932.987192868719,6996.964,86,poisson,1.1,1393.3098778832052,4,22.96793556213379,cliffserve,1.0
5000,0.0948,190.35784727855034,10170.322596207432,21415.471534388143,22416.20047444389,21409.741518371182,1.0960105217010083,0.0,75.10948,16.142302498903987,16.70195,86,poisson,1.1,1393.3098778832052,8,45.93587112426758,dense,1.0
5000,0.0948,190.35784727855034,10170.322596207432,21415.471534388143,22416.20047444389,21409.741518371182,1.0960105217010083,0.0,75.10948,17.356324419114422,17.96255,86,poisson,1.1,1393.3098778832052,8,45.93587112426758,static_pomt,1.0
5000,0.4908,305.2934741843157,281.76796902733247,11526.667872088032,12527.668808799242,11520.959817760067,1.840264998159735,35.072,74.7326,1406.3763938167097,1487.021,86,poisson,1.1,1393.3098778832052,8,45.93587112426758,decoupled,1.0
5000,0.4996,309.5519546084749,56.383857622913524,11301.41445321329,12302.070177894091,11295.68931705244,1.8698578908002992,36.096,74.72132,6930.969286462229,7002.5224,86,poisson,1.1,1393.3098778832052,8,45.93587112426758,joint_full,1.0
5000,0.4996,309.5519546084749,56.383857622913524,11301.41445321329,12302.070177894091,11295.68931705244,1.8698578908002992,36.096,74.72132,6919.480955123411,6994.7875,86,poisson,1.1,1393.3098778832052,8,45.93587112426758,cliffserve,1.0
5000,0.0012,175.04994854767608,7372.162880363165,14698.731962430846,15122.167081111224,14693.022456634413,1.00080064051241,0.0,75.10012000000002,15.91821216973579,16.441,86,onoff,0.3,379.99360305905594,2,11.483967781066895,dense,1.0
5000,0.0012,175.04994854767608,7372.162880363165,14698.731962430846,15122.167081111224,14693.022456634413,1.00080064051241,0.0,75.10012000000002,17.19574639711769,17.78625,86,onoff,0.3,379.99360305905594,2,11.483967781066895,static_pomt,1.0
5000,0.0012,175.04994854767608,7372.162880363165,14698.731962430846,15122.167081111224,14693.022456634413,1.00080064051241,0.0,75.10012000000002,1403.6044013210567,1482.1275,86,onoff,0.3,379.99360305905594,2,11.483967781066895,decoupled,1.0
5000,0.0012,175.04994854767608,7372.162880363165,14698.731962430846,15122.167081111224,14693.022456634413,1.00080064051241,0.0,75.10012000000002,6941.839207766212,7011.601000000001,86,onoff,0.3,379.99360305905594,2,11.483967781066895,joint_full,1.0
5000,0.0012,175.04994854767608,7372.162880363165,14698.731962430846,15122.167081111224,14693.022456634413,1.00080064051241,0.0,75.10012000000002,6923.4906194955975,6991.52825,86,onoff,0.3,379.99360305905594,2,11.483967781066895,cliffserve,1.0
5000,1.0,370.68261111629624,10.114569267946763,14.747711405497785,16.82483096312715,8.505411100201673,3.1625553447185326,0.0,75.19108,10.230261227071475,13.946,86,onoff,0.3,379.99360305905594,4,22.96793556213379,dense,1.0
5000,1.0,370.68261111629624,10.114569267946763,14.747711405497785,16.82483096312715,8.505411100201673,3.1625553447185326,0.0,75.19108,10.672402277039847,14.647,86,onoff,0.3,379.99360305905594,4,22.96793556213379,static_pomt,1.0
5000,1.0,370.68261111629624,10.1114169830239,14.678448387355479,16.74881853423479,8.419109545171887,3.1625553447185326,0.256,75.18800000000002,1470.0427381404174,1479.915,86,onoff,0.3,379.99360305905594,4,22.96793556213379,decoupled,1.0
5000,1.0,370.68261111629624,10.1114169830239,14.678448387355479,16.74881853423479,8.419109545171887,3.1625553447185326,0.256,75.18800000000002,3220.021367488931,5497.126,86,onoff,0.3,379.99360305905594,4,22.96793556213379,joint_full,1.0
5000,1.0,370.68261111629624,10.1114169830239,14.678448387355479,16.74881853423479,8.419109545171887,3.1625553447185326,0.256,75.18800000000002,3299.606040480708,5496.334,86,onoff,0.3,379.99360305905594,4,22.96793556213379,cliffserve,1.0
5000,1.0,370.68261111629624,10.114569267946763,14.747711405497785,16.82483096312715,8.505411100201673,3.1625553447185326,0.0,75.19108,10.119829854522454,13.836,86,onoff,0.3,379.99360305905594,8,45.93587112426758,dense,1.0
5000,1.0,370.68261111629624,10.114569267946763,14.747711405497785,16.82483096312715,8.505411100201673,3.1625553447185326,0.0,75.19108,10.708683744465528,14.678,86,onoff,0.3,379.99360305905594,8,45.93587112426758,static_pomt,1.0
5000,1.0,370.68261111629624,10.1114169830239,14.678448387355479,16.74881853423479,8.419109545171887,3.1625553447185326,0.256,75.18800000000002,1392.1084067046172,1469.205,86,onoff,0.3,379.99360305905594,8,45.93587112426758,decoupled,1.0
5000,1.0,370.68261111629624,10.1114169830239,14.678448387355479,16.74881853423479,8.419109545171887,3.1625553447185326,0.256,75.18800000000002,3222.719921568628,5522.594,86,onoff,0.3,379.99360305905594,8,45.93587112426758,joint_full,1.0
5000,1.0,370.68261111629624,10.1114169830239,14.678448387355479,16.74881853423479,8.419109545171887,3.1625553447185326,0.256,75.18800000000002,3296.499614800759,5490.162,86,onoff,0.3,379.99360305905594,8,45.93587112426758,cliffserve,1.0
5000,0.0012,175.04994854767608,10564.20227229801,19818.743504113198,20656.25558035066,19813.01858252907,1.00080064051241,0.0,75.10012000000002,15.912294635708568,16.381,86,onoff,0.6,759.9872061181119,2,11.483967781066895,dense,1.0
5000,0.0012,175.04994854767608,10564.20227229801,19818.743504113198,20656.25558035066,19813.01858252907,1.00080064051241,0.0,75.10012000000002,17.103242193755005,17.673,86,onoff,0.6,759.9872061181119,2,11.483967781066895,static_pomt,1.0
5000,0.0012,175.04994854767608,10564.20227229801,19818.743504113198,20656.25558035066,19813.01858252907,1.00080064051241,0.0,75.10012000000002,1402.6089271417131,1481.98925,86,onoff,0.6,759.9872061181119,2,11.483967781066895,decoupled,1.0
5000,0.0012,175.04994854767608,10564.20227229801,19818.743504113198,20656.25558035066,19813.01858252907,1.00080064051241,0.0,75.10012000000002,6935.194214971978,7001.05375,86,onoff,0.6,759.9872061181119,2,11.483967781066895,joint_full,1.0
5000,0.0012,175.04994854767608,10564.20227229801,19818.743504113198,20656.25558035066,19813.01858252907,1.00080064051241,0.0,75.10012000000002,6929.540129303443,6996.72575,86,onoff,0.6,759.9872061181119,2,11.483967781066895,cliffserve,1.0
5000,0.014,176.97228373748175,10253.829025866658,19508.347818011283,20345.830717965862,19502.631373113632,1.0123506782749545,0.0,75.10140000000001,15.829503138287102,16.28,86,onoff,0.6,759.9872061181119,4,22.96793556213379,dense,1.0
5000,0.014,176.97228373748175,10253.829025866658,19508.347818011283,20345.830717965862,19502.631373113632,1.0123506782749545,0.0,75.10140000000001,17.152892083417694,17.654899999999994,86,onoff,0.6,759.9872061181119,4,22.96793556213379,static_pomt,1.0
5000,0.0244,178.55123286392595,10003.587489964635,19258.393319934847,20095.952139941954,19252.661343950273,1.021659174499387,0.256,75.09940000000002,1422.8278700449528,1476.6066999999998,86,onoff,0.6,759.9872061181119,4,22.96793556213379,decoupled,1.0
5000,0.0668,183.3407926377053,9271.95068938269,18526.433119737612,19364.44349665142,18520.720897256837,1.0548523206751055,1.28,75.09092000000001,6878.200533544304,7006.3575,86,onoff,0.6,759.9872061181119,4,22.96793556213379,joint_full,1.0
5000,0.0668,183.3407926377053,9271.95068938269,18526.433119737612,19364.44349665142,18520.720897256837,1.0548523206751055,1.28,75.09092000000001,6880.679865822784,6987.52605,86,onoff,0.6,759.9872061181119,4,22.96793556213379,cliffserve,1.0
5000,0.3206,225.56552604592872,4165.586239907093,13421.495938528697,14259.2693033852,13415.799610389391,1.3542795232936078,0.0,75.12956000000001,15.598067984832069,16.761,86,onoff,0.6,759.9872061181119,8,45.93587112426758,dense,1.0
5000,0.3206,225.56552604592872,4165.586239907093,13421.495938528697,14259.2693033852,13415.799610389391,1.3542795232936078,0.0,75.12956000000001,16.74012080173348,17.808049999999998,86,onoff,0.6,759.9872061181119,8,45.93587112426758,static_pomt,1.0
5000,0.5454,296.1278686294105,30.900546281209472,8139.364969394483,8977.305970583498,8133.654779050626,1.8545994065281899,28.416,74.81412000000002,1402.2557292284869,1484.34125,86,onoff,0.6,759.9872061181119,8,45.93587112426758,decoupled,1.0
5000,0.5454,296.1278686294105,30.900546281209472,8139.364969394483,8977.305970583498,8133.654779050626,1.8545994065281899,28.416,74.81412000000002,6478.124186572701,6984.46925,86,onoff,0.6,759.9872061181119,8,45.93587112426758,joint_full,1.0
5000,0.5454,296.1278686294105,30.900546281209472,8139.364969394483,8977.305970583498,8133.654779050626,1.8545994065281899,28.416,74.81412000000002,6420.747578264095,6981.48175,86,onoff,0.6,759.9872061181119,8,45.93587112426758,cliffserve,1.0
5000,0.0016,175.11989861911164,12103.712259352997,22177.34014494772,23073.577312012516,22171.562615204617,1.001201441730076,0.0,75.10016,15.966507809371244,16.381,86,onoff,0.8,1013.3162748241492,2,11.483967781066895,dense,1.0
5000,0.0016,175.11989861911164,12103.712259352997,22177.34014494772,23073.577312012516,22171.562615204617,1.001201441730076,0.0,75.10016,17.345513015618742,17.934,86,onoff,0.8,1013.3162748241492,2,11.483967781066895,static_pomt,1.0
5000,0.0016,175.11989861911164,12103.712259352997,22177.34014494772,23073.577312012516,22171.562615204617,1.001201441730076,0.0,75.10016,1421.2581269523428,1477.0959999999998,86,onoff,0.8,1013.3162748241492,2,11.483967781066895,decoupled,1.0
5000,0.0016,175.11989861911164,12103.712259352997,22177.34014494772,23073.577312012516,22171.562615204617,1.001201441730076,0.0,75.10016,6921.622461353623,6994.785699999999,86,onoff,0.8,1013.3162748241492,2,11.483967781066895,joint_full,1.0
5000,0.0016,175.11989861911164,12103.712259352997,22177.34014494772,23073.577312012516,22171.562615204617,1.001201441730076,0.0,75.10016,6941.464873448138,7004.115749999998,86,onoff,0.8,1013.3162748241492,2,11.483967781066895,cliffserve,1.0
5000,0.0096,176.32031465886703,11909.128628791168,21982.754198885723,22879.059883094633,21977.037358690068,1.008471157724889,0.0,75.10096000000001,16.18309136748689,16.691,86,onoff,0.8,1013.3162748241492,4,22.96793556213379,dense,1.0
5000,0.0096,176.32031465886703,11909.128628791168,21982.754198885723,22879.059883094633,21977.037358690068,1.008471157724889,0.0,75.10096000000001,17.2358721258572,17.795349999999996,86,onoff,0.8,1013.3162748241492,4,22.96793556213379,static_pomt,1.0
5000,0.0104,176.46028234059057,11886.618037522629,21960.284547711177,22856.574101014936,21954.58768055515,1.0092854259184498,0.256,75.09800000000001,1429.5108641501815,1484.4544999999998,86,onoff,0.8,1013.3162748241492,4,22.96793556213379,decoupled,1.0
5000,0.0104,176.46028234059057,11886.618037522629,21960.284547711177,22856.574101014936,21954.58768055515,1.0092854259184498,0.256,75.09800000000001,6907.340379087607,7008.18315,86,onoff,0.8,1013.3162748241492,4,22.96793556213379,joint_full,1.0
5000,0.0104,176.46028234059057,11886.618037522629,21960.284547711177,22856.574101014936,21954.58768055515,1.0092854259184498,0.256,75.09800000000001,6923.19341966088,6991.165,86,onoff,0.8,1013.3162748241492,4,22.96793556213379,cliffserve,1.0
5000,0.0328,179.94888417586026,11336.871031344726,21410.429884196084,22306.932782564963,21404.721724344057,1.031140441328109,0.0,75.10328,16.078157558259434,16.591,86,onoff,0.8,1013.3162748241492,8,45.93587112426758,dense,1.0
5000,0.0328,179.94888417586026,11336.871031344726,21410.429884196084,22306.932782564963,21404.721724344057,1.031140441328109,0.0,75.10328,17.21584429779336,17.739399999999996,86,onoff,0.8,1013.3162748241492,8,45.93587112426758,static_pomt,1.0
5000,0.0464,182.2253459548973,10990.131226361587,21063.426664686962,21960.23117110809,21057.72178454475,1.0447137484329294,3.072,75.06816,1422.3778524864188,1475.0335,86,onoff,0.8,1013.3162748241492,8,45.93587112426758,decoupled,1.0
5000,0.0464,182.2253459548973,10990.131226361587,21063.426664686962,21960.23117110809,21057.72178454475,1.0447137484329294,3.072,75.06816,6946.9840035520265,7010.4712500000005,86,onoff,0.8,1013.3162748241492,8,45.93587112426758,joint_full,1.0
5000,0.0464,182.2253459548973,10990.131226361587,21063.426664686962,21960.23117110809,21057.72178454475,1.0447137484329294,3.072,75.06816,6915.950959047221,6991.638,86,onoff,0.8,1013.3162748241492,8,45.93587112426758,cliffserve,1.0
5000,0.0016,175.11989861911164,12305.400917138753,22659.470796713642,23699.597302863447,22653.74358573895,1.001201441730076,0.0,75.10016,15.978866039247096,16.501,86,onoff,0.95,1203.3130763536772,2,11.483967781066895,dense,1.0
5000,0.0016,175.11989861911164,12305.400917138753,22659.470796713642,23699.597302863447,22653.74358573895,1.001201441730076,0.0,75.10016,17.13221185422507,17.697149999999993,86,onoff,0.95,1203.3130763536772,2,11.483967781066895,static_pomt,1.0
5000,0.0016,175.11989861911164,12305.400917138753,22659.470796713642,23699.597302863447,22653.74358573895,1.001201441730076,0.0,75.10016,1426.8506483780536,1482.058,86,onoff,0.95,1203.3130763536772,2,11.483967781066895,decoupled,1.0
5000,0.0016,175.11989861911164,12305.400917138753,22659.470796713642,23699.597302863447,22653.74358573895,1.001201441730076,0.0,75.10016,6950.944914297157,7017.8457,86,onoff,0.95,1203.3130763536772,2,11.483967781066895,joint_full,1.0
5000,0.0016,175.11989861911164,12305.400917138753,22659.470796713642,23699.597302863447,22653.74358573895,1.001201441730076,0.0,75.10016,6910.293659191029,6997.701,86,onoff,0.95,1203.3130763536772,2,11.483967781066895,cliffserve,1.0
5000,0.0072,175.96501763091743,12168.190214242635,22522.2207081173,23562.423051655143,22516.51359270554,1.0062386798148522,0.0,75.10072000000002,15.976613000603745,16.541,86,onoff,0.95,1203.3130763536772,4,22.96793556213379,dense,1.0
5000,0.0072,175.96501763091743,12168.190214242635,22522.2207081173,23562.423051655143,22516.51359270554,1.0062386798148522,0.0,75.10072000000002,17.229823103240086,17.724,86,onoff,0.95,1203.3130763536772,4,22.96793556213379,static_pomt,1.0
5000,0.0072,175.96501763091743,12168.190214242635,22522.2207081173,23562.423051655143,22516.51359270554,1.0062386798148522,0.0,75.10072000000002,1401.2851483195814,1480.4466,86,onoff,0.95,1203.3130763536772,4,22.96793556213379,decoupled,1.0
5000,0.008,176.08821366052038,12148.14478978127,22502.26201492291,23542.46188842997,22496.56550439339,1.0070493454179255,0.256,75.09776000000001,6934.735829607251,7004.1978,86,onoff,0.95,1203.3130763536772,4,22.96793556213379,joint_full,1.0
5000,0.008,176.08821366052038,12148.14478978127,22502.26201492291,23542.46188842997,22496.56550439339,1.0070493454179255,0.256,75.09776000000001,6933.935726283988,6992.1248000000005,86,onoff,0.95,1203.3130763536772,4,22.96793556213379,cliffserve,1.0
5000,0.0224,178.29467547213156,11796.47579916924,22150.885974130444,23191.176211507172,22145.131945333294,1.0208248264597795,0.0,75.10224000000001,16.17035075541037,16.682,86,onoff,0.95,1203.3130763536772,8,45.93587112426758,dense,1.0
5000,0.0224,178.29467547213156,11796.47579916924,22150.885974130444,23191.176211507172,22145.131945333294,1.0208248264597795,0.0,75.10224000000001,17.31479052674561,17.81315,86,onoff,0.95,1203.3130763536772,8,45.93587112426758,static_pomt,1.0
5000,0.0304,179.6259341754155,11588.567416753469,21942.6539071415,22983.025298797937,21936.951807889753,1.02880658436214,2.048,75.07872000000002,1425.811232510288,1482.558,86,onoff,0.95,1203.3130763536772,8,45.93587112426758,decoupled,1.0
5000,0.0304,179.6259341754155,11588.567416753469,21942.6539071415,22983.025298797937,21936.951807889753,1.02880658436214,2.048,75.07872000000002,6936.535634979425,7006.42305,86,onoff,0.95,1203.3130763536772,8,45.93587112426758,joint_full,1.0
5000,0.0304,179.6259341754155,11588.567416753469,21942.6539071415,22983.025298797937,21936.951807889753,1.02880658436214,2.048,75.07872000000002,6944.222363580247,7007.593750000001,86,onoff,0.95,1203.3130763536772,8,45.93587112426758,cliffserve,1.0
5000,0.0016,175.11989861911164,12101.224017424876,23171.87690707167,24233.236770534044,23166.149696096978,1.001201441730076,0.0,75.10016,16.200719463356027,16.711,86,onoff,1.1,1393.3098778832052,2,11.483967781066895,dense,1.0
5000,0.0016,175.11989861911164,12101.224017424876,23171.87690707167,24233.236770534044,23166.149696096978,1.001201441730076,0.0,75.10016,17.42918061674009,18.044,86,onoff,1.1,1393.3098778832052,2,11.483967781066895,static_pomt,1.0
5000,0.0016,175.11989861911164,12101.224017424876,23171.87690707167,24233.236770534044,23166.149696096978,1.001201441730076,0.0,75.10016,1403.879476371646,1484.30035,86,onoff,1.1,1393.3098778832052,2,11.483967781066895,decoupled,1.0
5000,0.0016,175.11989861911164,12101.224017424876,23171.87690707167,24233.236770534044,23166.149696096978,1.001201441730076,0.0,75.10016,6943.6537575090115,7012.58735,86,onoff,1.1,1393.3098778832052,2,11.483967781066895,joint_full,1.0
5000,0.0016,175.11989861911164,12101.224017424876,23171.87690707167,24233.236770534044,23166.149696096978,1.001201441730076,0.0,75.10016,6939.079393071686,7009.582199999999,86,onoff,1.1,1393.3098778832052,2,11.483967781066895,cliffserve,1.0
5000,0.0064,175.83288028848335,11985.372898145015,23056.092879089912,24117.42722991896,23050.262173471052,1.0054293183189222,0.0,75.10064000000001,16.12417233058516,16.635599999999997,86,onoff,1.1,1393.3098778832052,4,22.96793556213379,dense,1.0
5000,0.0064,175.83288028848335,11985.372898145015,23056.092879089912,24117.42722991896,23050.262173471052,1.0054293183189222,0.0,75.10064000000001,17.2688793484818,17.797599999999996,86,onoff,1.1,1393.3098778832052,4,22.96793556213379,static_pomt,1.0
5000,0.0064,175.83288028848335,11985.372898145015,23056.092879089912,24117.42722991896,23050.262173471052,1.0054293183189222,0.0,75.10064000000001,1402.1014293183189,1479.897,86,onoff,1.1,1393.3098778832052,4,22.96793556213379,decoupled,1.0
5000,0.0064,175.83288028848335,11985.372898145015,23056.092879089912,24117.42722991896,23050.262173471052,1.0054293183189222,0.0,75.10064000000001,6933.314744822038,7003.088199999999,86,onoff,1.1,1393.3098778832052,4,22.96793556213379,joint_full,1.0
5000,0.0064,175.83288028848335,11985.372898145015,23056.092879089912,24117.42722991896,23050.262173471052,1.0054293183189222,0.0,75.10064000000001,6941.977849989947,7006.709,86,onoff,1.1,1393.3098778832052,4,22.96793556213379,cliffserve,1.0
5000,0.0184,177.68815353173267,11688.349683327968,22759.045103678305,23820.525372762208,22753.332686171136,1.017087062652563,0.0,75.10184000000001,16.01462082994304,16.4935,86,onoff,1.1,1393.3098778832052,8,45.93587112426758,dense,1.0
5000,0.0184,177.68815353173267,11688.349683327968,22759.045103678305,23820.525372762208,22753.332686171136,1.017087062652563,0.0,75.10184000000001,17.145924938974776,17.773,86,onoff,1.1,1393.3098778832052,8,45.93587112426758,static_pomt,1.0
5000,0.0224,178.33776876979277,11585.522515101726,22656.515700134834,23718.039294824128,22650.761671337685,1.0208248264597795,1.28,75.08704000000002,1424.6650669661085,1479.2376499999998,86,onoff,1.1,1393.3098778832052,8,45.93587112426758,decoupled,1.0
5000,0.0232,178.49154348524388,11561.386673970515,22632.31394124945,23693.828553547388,22626.580941185555,1.0218679746576742,1.536,75.08408,6951.06348089107,7012.776,86,onoff,1.1,1393.3098778832052,8,45.93587112426758,joint_full,1.0
5000,0.0232,178.49154348524388,11561.386673970515,22632.31394124945,23693.828553547388,22626.580941185555,1.0218679746576742,1.536,75.08408,6937.935557939914,7006.212,86,onoff,1.1,1393.3098778832052,8,45.93587112426758,cliffserve,1.0
