epsilon_pp,pattern,load_factor,deadline_factor,policy,slo_mean,slo_std,throughput_mean,throughput_std,p95_latency_mean,p99_latency_mean,scheduler_overhead_mean_us,scheduler_overhead_p95_us,mean_batch_size,mean_r
0.5,onoff,0.3,2.0,cliffserve,0.00198,0.0022631835983852482,174.81569991903672,0.2348332319537004,34922.97833269807,36385.42794509973,38.01630181393813,39.661950000000004,1.0006406769149712,0.0
0.5,onoff,0.3,2.0,decoupled,0.00198,0.0022631835983852482,174.81569991903672,0.2348332319537004,34922.97833269807,36385.42794509973,36.93358217050492,39.021280000000004,1.0006406769149712,0.0
0.5,onoff,0.3,2.0,dense,0.00198,0.0022631835983852482,174.81569991903672,0.2348332319537004,34922.97833269807,36385.42794509973,35.3547450238661,37.37292,1.0006406769149712,0.0
0.5,onoff,0.3,2.0,joint_full,0.00198,0.0022631835983852482,174.81569991903672,0.2348332319537004,34922.97833269807,36385.42794509973,38.868309858895266,40.7587,1.0006406769149712,0.0
0.5,onoff,0.3,2.0,static_pomt,0.00198,0.0022631835983852482,174.81569991903672,0.2348332319537004,34922.97833269807,36385.42794509973,36.63840303430532,38.910579999999996,1.0006406769149712,0.0
0.5,onoff,0.3,4.0,cliffserve,0.30574,0.06087386959936095,219.8340454291603,12.402766645040579,23321.270459442407,24783.57370027231,35.21505055286184,39.65433,1.3059415010884101,0.0
0.5,onoff,0.3,4.0,decoupled,0.30574,0.06087386959936095,219.8340454291603,12.402766645040579,23321.270459442407,24783.57370027231,34.465472664675595,38.9033,1.3059415010884101,0.0
0.5,onoff,0.3,4.0,dense,0.30574,0.06087386959936095,219.8340454291603,12.402766645040579,23321.270459442407,24783.57370027231,32.3167116144197,37.00815,1.3059415010884101,0.0
0.5,onoff,0.3,4.0,joint_full,0.30574,0.06087386959936095,219.8340454291603,12.402766645040579,23321.270459442407,24783.57370027231,35.998059553866746,40.34695,1.3059415010884101,0.0
0.5,onoff,0.3,4.0,static_pomt,0.30574,0.06087386959936095,219.8340454291603,12.402766645040579,23321.270459442407,24783.57370027231,33.79031539508931,38.4543,1.3059415010884101,0.0
0.5,onoff,0.3,8.0,cliffserve,1.0,0.0,489.7158018974509,29.938492348194355,16.467204561200518,19.91439014856374,9.748452541839542,13.06431,4.005930339663076,0.0
0.5,onoff,0.3,8.0,decoupled,1.0,0.0,489.7158018974509,29.938492348194355,16.467204561200518,19.91439014856374,11.448700149226173,14.399000000000001,4.005930339663076,0.0
0.5,onoff,0.3,8.0,dense,1.0,0.0,489.7158018974509,29.938492348194355,16.467204561200518,19.91439014856374,9.216794879480485,11.874289999999998,4.005930339663076,0.0
0.5,onoff,0.3,8.0,joint_full,1.0,0.0,489.7158018974509,29.938492348194355,16.467204561200518,19.91439014856374,10.905996207917804,14.627590000000001,4.005930339663076,0.0
0.5,onoff,0.3,8.0,static_pomt,1.0,0.0,489.7158018974509,29.938492348194355,16.467204561200518,19.91439014856374,9.70463126917768,12.52507,4.005930339663076,0.0
0.5,onoff,0.3,12.0,cliffserve,1.0,0.0,489.7158018974509,29.938492348194355,16.467204561200518,19.91439014856374,9.761410214179936,13.072629999999998,4.005930339663076,0.0
0.5,onoff,0.3,12.0,decoupled,1.0,0.0,489.7158018974509,29.938492348194355,16.467204561200518,19.91439014856374,11.480985504181461,14.44119,4.005930339663076,0.0
0.5,onoff,0.3,12.0,dense,1.0,0.0,489.7158018974509,29.938492348194355,16.467204561200518,19.91439014856374,9.209964574328588,11.882200000000001,4.005930339663076,0.0
0.5,onoff,0.3,12.0,joint_full,1.0,0.0,489.7158018974509,29.938492348194355,16.467204561200518,19.91439014856374,10.888264612223153,14.62942,4.005930339663076,0.0
0.5,onoff,0.3,12.0,static_pomt,1.0,0.0,489.7158018974509,29.938492348194355,16.467204561200518,19.91439014856374,9.683291758044602,12.509739999999999,4.005930339663076,0.0
0.5,onoff,0.6,2.0,cliffserve,0.0009000000000000001,0.0007416198487095664,175.00562123299582,0.025630319583589883,45521.0107515154,47306.855632999715,38.25038177151514,39.77242,1.0005203402670344,0.0
0.5,onoff,0.6,2.0,decoupled,0.0009000000000000001,0.0007416198487095664,175.00562123299582,0.025630319583589883,45521.0107515154,47306.855632999715,36.9179256240796,38.907560000000004,1.0005203402670344,0.0
0.5,onoff,0.6,2.0,dense,0.0009000000000000001,0.0007416198487095664,175.00562123299582,0.025630319583589883,45521.0107515154,47306.855632999715,35.03436945288981,37.1684,1.0005203402670344,0.0
0.5,onoff,0.6,2.0,joint_full,0.0009000000000000001,0.0007416198487095664,175.00562123299582,0.025630319583589883,45521.0107515154,47306.855632999715,38.991925893216795,40.86194999999999,1.0005203402670344,0.0
0.5,onoff,0.6,2.0,static_pomt,0.0009000000000000001,0.0007416198487095664,175.00562123299582,0.025630319583589883,45521.0107515154,47306.855632999715,36.555151269243915,38.774680000000004,1.0005203402670344,0.0
0.5,onoff,0.6,4.0,cliffserve,0.00564,0.0012621410380777578,175.65608303235976,0.09311394376190281,45309.45788383694,47095.249834798335,38.113752751189494,39.839729999999996,1.0044802830016222,0.0
0.5,onoff,0.6,4.0,decoupled,0.00564,0.0012621410380777578,175.65608303235976,0.09311394376190281,45309.45788383694,47095.249834798335,37.02873425831751,39.146730000000005,1.0044802830016222,0.0
0.5,onoff,0.6,4.0,dense,0.00564,0.0012621410380777578,175.65608303235976,0.09311394376190281,45309.45788383694,47095.249834798335,35.300926491597,37.46067,1.0044802830016222,0.0
0.5,onoff,0.6,4.0,joint_full,0.00564,0.0012621410380777578,175.65608303235976,0.09311394376190281,45309.45788383694,47095.249834798335,38.880340252683865,40.697669999999995,1.0044802830016222,0.0
0.5,onoff,0.6,4.0,static_pomt,0.00564,0.0012621410380777578,175.65608303235976,0.09311394376190281,45309.45788383694,47095.249834798335,36.53524741746789,38.811,1.0044802830016222,0.0
0.5,onoff,0.6,8.0,cliffserve,0.04864,0.024475559237737553,181.79498888668996,2.9600604262766668,43398.61718985237,45184.61315118974,37.74711346238509,39.69704,1.0442253615321568,0.0
0.5,onoff,0.6,8.0,decoupled,0.04864,0.024475559237737553,181.79498888668996,2.9600604262766668,43398.61718985237,45184.61315118974,37.0241259434564,39.13641,1.0442253615321568,0.0
0.5,onoff,0.6,8.0,dense,0.04864,0.024475559237737553,181.79498888668996,2.9600604262766668,43398.61718985237,45184.61315118974,35.284678909830674,37.52355,1.0442253615321568,0.0
0.5,onoff,0.6,8.0,joint_full,0.04864,0.024475559237737553,181.79498888668996,2.9600604262766668,43398.61718985237,45184.61315118974,38.34485724114775,40.715329999999994,1.0442253615321568,0.0
0.5,onoff,0.6,8.0,static_pomt,0.04864,0.024475559237737553,181.79498888668996,2.9600604262766668,43398.61718985237,45184.61315118974,36.749107845921316,38.97362,1.0442253615321568,0.0
0.5,onoff,0.6,12.0,cliffserve,0.28246000000000004,0.3130816315276257,264.0756116134986,144.10544504756012,32380.89782346426,34166.96374287715,35.87636167002019,39.74935,1.6949366447306964,0.0
0.5,onoff,0.6,12.0,decoupled,0.28246000000000004,0.3130816315276257,264.0756116134986,144.10544504756012,32380.89782346426,34166.96374287715,35.14421013714341,38.94105,1.6949366447306964,0.0
0.5,onoff,0.6,12.0,dense,0.28246000000000004,0.3130816315276257,264.0756116134986,144.10544504756012,32380.89782346426,34166.96374287715,33.3672121252083,37.34155,1.6949366447306964,0.0
0.5,onoff,0.6,12.0,joint_full,0.28246000000000004,0.3130816315276257,264.0756116134986,144.10544504756012,32380.89782346426,34166.96374287715,36.748305582423335,40.63054999999999,1.6949366447306964,0.0
0.5,onoff,0.6,12.0,static_pomt,0.28246000000000004,0.3130816315276257,264.0756116134986,144.10544504756012,32380.89782346426,34166.96374287715,34.64287764774533,38.7778,1.6949366447306964,0.0
0.5,onoff,0.8,2.0,cliffserve,0.0009400000000000001,0.0005813776741499453,175.03004658296027,0.041022904436938075,47177.74592824328,49108.21694975863,38.3037394112318,40.03633,1.000620450364115,0.0
0.5,onoff,0.8,2.0,decoupled,0.0009400000000000001,0.0005813776741499453,175.03004658296027,0.041022904436938075,47177.74592824328,49108.21694975863,37.263626923498464,39.17996,1.000620450364115,0.0
0.5,onoff,0.8,2.0,dense,0.0009400000000000001,0.0005813776741499453,175.03004658296027,0.041022904436938075,47177.74592824328,49108.21694975863,35.04544737527524,37.268249999999995,1.000620450364115,0.0
0.5,onoff,0.8,2.0,joint_full,0.0009400000000000001,0.0005813776741499453,175.03004658296027,0.041022904436938075,47177.74592824328,49108.21694975863,38.95942621407262,40.62359,1.000620450364115,0.0
0.5,onoff,0.8,2.0,static_pomt,0.0009400000000000001,0.0005813776741499453,175.03004658296027,0.041022904436938075,47177.74592824328,49108.21694975863,36.81012717308203,39.13144,1.000620450364115,0.0
0.5,onoff,0.8,4.0,cliffserve,0.00496,0.0024141251003210254,175.5706502709748,0.24051320352358965,47001.964381308586,48932.425350340374,37.952837533156085,39.92055,1.0039373250573338,0.0
0.5,onoff,0.8,4.0,decoupled,0.00496,0.0024141251003210254,175.5706502709748,0.24051320352358965,47001.964381308586,48932.425350340374,37.092666132284755,39.14886,1.0039373250573338,0.0
0.5,onoff,0.8,4.0,dense,0.00496,0.0024141251003210254,175.5706502709748,0.24051320352358965,47001.964381308586,48932.425350340374,35.51665561747575,37.5158,1.0039373250573338,0.0
0.5,onoff,0.8,4.0,joint_full,0.00496,0.0024141251003210254,175.5706502709748,0.24051320352358965,47001.964381308586,48932.425350340374,39.06268994626837,40.738249999999994,1.0039373250573338,0.0
0.5,onoff,0.8,4.0,static_pomt,0.00496,0.0024141251003210254,175.5706502709748,0.24051320352358965,47001.964381308586,48932.425350340374,36.773647797349625,39.00892,1.0039373250573338,0.0
0.5,onoff,0.8,8.0,cliffserve,0.016239999999999997,0.00353100552251055,177.34023368912466,0.5562818657109417,46434.04303741935,48364.51286061717,38.146594248295216,39.90183999999999,1.0149491350736137,0.0
0.5,onoff,0.8,8.0,decoupled,0.016239999999999997,0.00353100552251055,177.34023368912466,0.5562818657109417,46434.04303741935,48364.51286061717,37.01447798789623,39.00425,1.0149491350736137,0.0
0.5,onoff,0.8,8.0,dense,0.016239999999999997,0.00353100552251055,177.34023368912466,0.5562818657109417,46434.04303741935,48364.51286061717,35.22812324081258,37.41223,1.0149491350736137,0.0
0.5,onoff,0.8,8.0,joint_full,0.016239999999999997,0.00353100552251055,177.34023368912466,0.5562818657109417,46434.04303741935,48364.51286061717,39.04292014861316,40.91574,1.0149491350736137,0.0
0.5,onoff,0.8,8.0,static_pomt,0.016239999999999997,0.00353100552251055,177.34023368912466,0.5562818657109417,46434.04303741935,48364.51286061717,36.69122085713404,38.85735,1.0149491350736137,0.0
0.5,onoff,0.8,12.0,cliffserve,0.03902,0.02605805057942747,180.84340714209068,3.8319250980568427,45360.4843199698,47291.110017241605,38.027498833173944,40.1168,1.03737378135058,0.0
0.5,onoff,0.8,12.0,decoupled,0.03902,0.02605805057942747,180.84340714209068,3.8319250980568427,45360.4843199698,47291.110017241605,36.95800319051354,38.95282999999999,1.03737378135058,0.0
0.5,onoff,0.8,12.0,dense,0.03902,0.02605805057942747,180.84340714209068,3.8319250980568427,45360.4843199698,47291.110017241605,35.278844902694516,37.050689999999996,1.03737378135058,0.0
0.5,onoff,0.8,12.0,joint_full,0.03902,0.02605805057942747,180.84340714209068,3.8319250980568427,45360.4843199698,47291.110017241605,38.96402960735001,40.74316,1.03737378135058,0.0
0.5,onoff,0.8,12.0,static_pomt,0.03902,0.02605805057942747,180.84340714209068,3.8319250980568427,45360.4843199698,47291.110017241605,36.7410095571483,38.6922,1.03737378135058,0.0
0.5,onoff,0.95,2.0,cliffserve,0.00092,0.0007563068160475615,175.0326896525909,0.07188989329799159,48766.04985509534,50783.42184953188,38.18291826264955,39.822250000000004,1.0006205425648511,0.0
0.5,onoff,0.95,2.0,decoupled,0.00092,0.0007563068160475615,175.0326896525909,0.07188989329799159,48766.04985509534,50783.42184953188,37.004224694577985,38.89466,1.0006205425648511,0.0
0.5,onoff,0.95,2.0,dense,0.00092,0.0007563068160475615,175.0326896525909,0.07188989329799159,48766.04985509534,50783.42184953188,35.04459847433831,37.257799999999996,1.0006205425648511,0.0
0.5,onoff,0.95,2.0,joint_full,0.00092,0.0007563068160475615,175.0326896525909,0.07188989329799159,48766.04985509534,50783.42184953188,39.03715804564915,40.78286,1.0006205425648511,0.0
0.5,onoff,0.95,2.0,static_pomt,0.00092,0.0007563068160475615,175.0326896525909,0.07188989329799159,48766.04985509534,50783.42184953188,36.53537712139403,38.69051,1.0006205425648511,0.0
0.5,onoff,0.95,4.0,cliffserve,0.00464,0.0023212065827926645,175.55166260171046,0.2606022882283625,48597.32165328107,50614.67612056555,37.99522502750888,39.911530000000006,1.0037964024656798,0.0
0.5,onoff,0.95,4.0,decoupled,0.00464,0.0023212065827926645,175.55166260171046,0.2606022882283625,48597.32165328107,50614.67612056555,36.77638135260143,38.870999999999995,1.0037964024656798,0.0
0.5,onoff,0.95,4.0,dense,0.00464,0.0023212065827926645,175.55166260171046,0.2606022882283625,48597.32165328107,50614.67612056555,35.15478945960194,37.27342,1.0037964024656798,0.0
0.5,onoff,0.95,4.0,joint_full,0.00464,0.0023212065827926645,175.55166260171046,0.2606022882283625,48597.32165328107,50614.67612056555,38.92795508881227,40.91669,1.0037964024656798,0.0
0.5,onoff,0.95,4.0,static_pomt,0.00464,0.0023212065827926645,175.55166260171046,0.2606022882283625,48597.32165328107,50614.67612056555,36.61144304146383,38.777229999999996,1.0037964024656798,0.0
0.5,onoff,0.95,8.0,cliffserve,0.01432,0.0035681928199019744,177.07282348391018,0.567201435574456,48108.39451608739,50125.72795029081,37.98791691164105,39.483320000000006,1.013283556372719,0.0
0.5,onoff,0.95,8.0,decoupled,0.01432,0.0035681928199019744,177.07282348391018,0.567201435574456,48108.39451608739,50125.72795029081,36.8781184713669,38.99828,1.013283556372719,0.0
0.5,onoff,0.95,8.0,dense,0.01432,0.0035681928199019744,177.07282348391018,0.567201435574456,48108.39451608739,50125.72795029081,35.04216846168714,37.12299,1.013283556372719,0.0
0.5,onoff,0.95,8.0,joint_full,0.01432,0.0035681928199019744,177.07282348391018,0.567201435574456,48108.39451608739,50125.72795029081,38.84307327821176,40.49884999999999,1.013283556372719,0.0
0.5,onoff,0.95,8.0,static_pomt,0.01432,0.0035681928199019744,177.07282348391018,0.567201435574456,48108.39451608739,50125.72795029081,36.30724337137918,38.68425,1.013283556372719,0.0
0.5,onoff,0.95,12.0,cliffserve,0.03764,0.03208407704765715,180.86407267064135,5.160283642113631,46958.960058995275,48976.289290185276,38.14371929223791,39.79243999999999,1.0371643005074787,0.0
0.5,onoff,0.95,12.0,decoupled,0.03764,0.03208407704765715,180.86407267064135,5.160283642113631,46958.960058995275,48976.289290185276,36.9020067146704,38.93176,1.0371643005074787,0.0
0.5,onoff,0.95,12.0,dense,0.03764,0.03208407704765715,180.86407267064135,5.160283642113631,46958.960058995275,48976.289290185276,35.05798297234115,37.16075,1.0371643005074787,0.0
0.5,onoff,0.95,12.0,joint_full,0.03764,0.03208407704765715,180.86407267064135,5.160283642113631,46958.960058995275,48976.289290185276,38.90397167901896,40.582409999999996,1.0371643005074787,0.0
0.5,onoff,0.95,12.0,static_pomt,0.03764,0.03208407704765715,180.86407267064135,5.160283642113631,46958.960058995275,48976.289290185276,36.611227412078385,38.73300999999999,1.0371643005074787,0.0
0.5,onoff,1.1,2.0,cliffserve,0.00052,0.000303315017762062,174.99378807187216,0.04617847542458711,49252.97273437149,51289.04572297011,37.99612623658256,39.59433,1.000380206125079,0.0
0.5,onoff,1.1,2.0,decoupled,0.00052,0.000303315017762062,174.99378807187216,0.04617847542458711,49252.97273437149,51289.04572297011,36.84993808213092,38.79797000000001,1.000380206125079,0.0
0.5,onoff,1.1,2.0,dense,0.00052,0.000303315017762062,174.99378807187216,0.04617847542458711,49252.97273437149,51289.04572297011,35.148043496135685,37.1803,1.000380206125079,0.0
0.5,onoff,1.1,2.0,joint_full,0.00052,0.000303315017762062,174.99378807187216,0.04617847542458711,49252.97273437149,51289.04572297011,38.98690661459382,40.671839999999996,1.000380206125079,0.0
0.5,onoff,1.1,2.0,static_pomt,0.00052,0.000303315017762062,174.99378807187216,0.04617847542458711,49252.97273437149,51289.04572297011,36.59413580172384,38.730650000000004,1.000380206125079,0.0
0.5,onoff,1.1,4.0,cliffserve,0.0033599999999999997,0.0012759310326189263,175.40300576300484,0.14744809478081583,49119.736088453596,51155.80086126529,38.12364086872553,39.79975999999999,1.0028687748729095,0.0
0.5,onoff,1.1,4.0,decoupled,0.0033599999999999997,0.0012759310326189263,175.40300576300484,0.14744809478081583,49119.736088453596,51155.80086126529,37.11674000296614,39.01634,1.0028687748729095,0.0
0.5,onoff,1.1,4.0,dense,0.0033599999999999997,0.0012759310326189263,175.40300576300484,0.14744809478081583,49119.736088453596,51155.80086126529,35.38302534450291,37.43634,1.0028687748729095,0.0
0.5,onoff,1.1,4.0,joint_full,0.0033599999999999997,0.0012759310326189263,175.40300576300484,0.14744809478081583,49119.736088453596,51155.80086126529,39.046120051554304,40.69599999999999,1.0028687748729095,0.0
0.5,onoff,1.1,4.0,static_pomt,0.0033599999999999997,0.0012759310326189263,175.40300576300484,0.14744809478081583,49119.736088453596,51155.80086126529,36.75612395737769,38.7539,1.0028687748729095,0.0
0.5,onoff,1.1,8.0,cliffserve,0.01146,0.0025274493071078597,176.6272392383211,0.28809124632207594,48724.77092045997,50760.85633915045,38.09384195287355,39.91492,1.010470736749826,0.0
0.5,onoff,1.1,8.0,decoupled,0.01146,0.0025274493071078597,176.6272392383211,0.28809124632207594,48724.77092045997,50760.85633915045,37.02134586828221,38.92641,1.010470736749826,0.0
0.5,onoff,1.1,8.0,dense,0.01146,0.0025274493071078597,176.6272392383211,0.28809124632207594,48724.77092045997,50760.85633915045,35.375283523684146,37.254110000000004,1.010470736749826,0.0
0.5,onoff,1.1,8.0,joint_full,0.01146,0.0025274493071078597,176.6272392383211,0.28809124632207594,48724.77092045997,50760.85633915045,38.845841157506285,40.714789999999994,1.010470736749826,0.0
0.5,onoff,1.1,8.0,static_pomt,0.01146,0.0025274493071078597,176.6272392383211,0.28809124632207594,48724.77092045997,50760.85633915045,36.7703055002484,38.80077,1.010470736749826,0.0
0.5,onoff,1.1,12.0,cliffserve,0.02898,0.014774877326055876,179.21820756344113,2.004018779935906,47911.62378443607,49947.92513296092,37.96201675833688,39.76493,1.0267098400027703,0.0
0.5,onoff,1.1,12.0,decoupled,0.02898,0.014774877326055876,179.21820756344113,2.004018779935906,47911.62378443607,49947.92513296092,37.14499857687448,39.09994999999999,1.0267098400027703,0.0
0.5,onoff,1.1,12.0,dense,0.02898,0.014774877326055876,179.21820756344113,2.004018779935906,47911.62378443607,49947.92513296092,35.19650865817124,37.456779999999995,1.0267098400027703,0.0
0.5,onoff,1.1,12.0,joint_full,0.02898,0.014774877326055876,179.21820756344113,2.004018779935906,47911.62378443607,49947.92513296092,39.11648886234242,40.588609999999996,1.0267098400027703,0.0
0.5,onoff,1.1,12.0,static_pomt,0.02898,0.014774877326055876,179.21820756344113,2.004018779935906,47911.62378443607,49947.92513296092,36.70365251460279,38.820820000000005,1.0267098400027703,0.0
0.5,poisson,0.3,2.0,cliffserve,0.00054,0.0003049590136395381,174.97251280564888,0.03078313684806988,35188.13830722286,36662.30408827486,38.071892081026746,39.83898,1.000260094039818,0.0
0.5,poisson,0.3,2.0,decoupled,0.00054,0.0003049590136395381,174.97251280564888,0.03078313684806988,35188.13830722286,36662.30408827486,37.0087804559562,39.2671,1.000260094039818,0.0
0.5,poisson,0.3,2.0,dense,0.00054,0.0003049590136395381,174.97251280564888,0.03078313684806988,35188.13830722286,36662.30408827486,35.27885837287663,38.01198999999999,1.000260094039818,0.0
0.5,poisson,0.3,2.0,joint_full,0.00054,0.0003049590136395381,174.97251280564888,0.03078313684806988,35188.13830722286,36662.30408827486,38.83632566087311,40.40637,1.000260094039818,0.0
0.5,poisson,0.3,2.0,static_pomt,0.00054,0.0003049590136395381,174.97251280564888,0.03078313684806988,35188.13830722286,36662.30408827486,36.675167032018564,38.83735,1.000260094039818,0.0
0.5,poisson,0.3,4.0,cliffserve,1.0,0.0,496.3945049572415,4.092083848173137,13.824389249212924,15.442690609800835,9.31401911629562,10.936350000000001,2.8785146492092597,0.0
0.5,poisson,0.3,4.0,decoupled,1.0,0.0,496.3945049572415,4.092083848173137,13.824389249212924,15.442690609800835,10.935933961551024,12.25465,2.8785146492092597,0.0
0.5,poisson,0.3,4.0,dense,1.0,0.0,496.3945049572415,4.092083848173137,13.824389249212924,15.442690609800835,8.776731978976658,10.0381,2.8785146492092597,0.0
0.5,poisson,0.3,4.0,joint_full,1.0,0.0,496.3945049572415,4.092083848173137,13.824389249212924,15.442690609800835,10.387935953245314,12.19095,2.8785146492092597,0.0
0.5,poisson,0.3,4.0,static_pomt,1.0,0.0,496.3945049572415,4.092083848173137,13.824389249212924,15.442690609800835,9.231932475564047,10.58935,2.8785146492092597,0.0
0.5,poisson,0.3,8.0,cliffserve,1.0,0.0,496.3945049572415,4.092083848173137,13.824389249212924,15.442690609800835,9.295464758084032,10.92201,2.8785146492092597,0.0
0.5,poisson,0.3,8.0,decoupled,1.0,0.0,496.3945049572415,4.092083848173137,13.824389249212924,15.442690609800835,10.930361803480704,12.24466,2.8785146492092597,0.0
0.5,poisson,0.3,8.0,dense,1.0,0.0,496.3945049572415,4.092083848173137,13.824389249212924,15.442690609800835,8.782924668062174,10.0539,2.8785146492092597,0.0
0.5,poisson,0.3,8.0,joint_full,1.0,0.0,496.3945049572415,4.092083848173137,13.824389249212924,15.442690609800835,10.36503722391947,12.178889999999999,2.8785146492092597,0.0
0.5,poisson,0.3,8.0,static_pomt,1.0,0.0,496.3945049572415,4.092083848173137,13.824389249212924,15.442690609800835,9.21064876006091,10.555800000000001,2.8785146492092597,0.0
0.5,poisson,0.3,12.0,cliffserve,1.0,0.0,496.3945049572415,4.092083848173137,13.824389249212924,15.442690609800835,9.28477714096879,10.90129,2.8785146492092597,0.0
0.5,poisson,0.3,12.0,decoupled,1.0,0.0,496.3945049572415,4.092083848173137,13.824389249212924,15.442690609800835,10.915506743475524,12.22684,2.8785146492092597,0.0
0.5,poisson,0.3,12.0,dense,1.0,0.0,496.3945049572415,4.092083848173137,13.824389249212924,15.442690609800835,8.76358700716441,10.04655,2.8785146492092597,0.0
0.5,poisson,0.3,12.0,joint_full,1.0,0.0,496.3945049572415,4.092083848173137,13.824389249212924,15.442690609800835,10.38728213697814,12.190299999999999,2.8785146492092597,0.0
0.5,poisson,0.3,12.0,static_pomt,1.0,0.0,496.3945049572415,4.092083848173137,13.824389249212924,15.442690609800835,9.218398262609051,10.56986,2.8785146492092597,0.0
0.5,poisson,0.6,2.0,cliffserve,0.00074,0.00020736441353327723,175.01494059274654,0.03246927729215843,44727.13941739632,46607.37030481095,38.27376224872823,40.48795,1.000500278168308,0.0
0.5,poisson,0.6,2.0,decoupled,0.00074,0.00020736441353327723,175.01494059274654,0.03246927729215843,44727.13941739632,46607.37030481095,36.99918174209491,39.162400000000005,1.000500278168308,0.0
0.5,poisson,0.6,2.0,dense,0.00074,0.00020736441353327723,175.01494059274654,0.03246927729215843,44727.13941739632,46607.37030481095,34.970179775000744,37.26805,1.000500278168308,0.0
0.5,poisson,0.6,2.0,joint_full,0.00074,0.00020736441353327723,175.01494059274654,0.03246927729215843,44727.13941739632,46607.37030481095,39.166506323098915,41.4214,1.000500278168308,0.0
0.5,poisson,0.6,2.0,static_pomt,0.00074,0.00020736441353327723,175.01494059274654,0.03246927729215843,44727.13941739632,46607.37030481095,36.724016679053435,38.95173,1.000500278168308,0.0
0.5,poisson,0.6,4.0,cliffserve,0.13024,0.09337744909773452,196.96780897854947,16.55691558730439,38652.94224568598,40533.25741929256,37.4750364560076,39.96852,1.1302680891484091,0.0
0.5,poisson,0.6,4.0,decoupled,0.13024,0.09337744909773452,196.96780897854947,16.55691558730439,38652.94224568598,40533.25741929256,36.57129756867555,39.216300000000004,1.1302680891484091,0.0
0.5,poisson,0.6,4.0,dense,0.13024,0.09337744909773452,196.96780897854947,16.55691558730439,38652.94224568598,40533.25741929256,34.42856472896021,37.66936,1.1302680891484091,0.0
0.5,poisson,0.6,4.0,joint_full,0.13024,0.09337744909773452,196.96780897854947,16.55691558730439,38652.94224568598,40533.25741929256,38.57250892920512,40.84958999999999,1.1302680891484091,0.0
0.5,poisson,0.6,4.0,static_pomt,0.13024,0.09337744909773452,196.96780897854947,16.55691558730439,38652.94224568598,40533.25741929256,35.86819749137928,38.98947,1.1302680891484091,0.0
0.5,poisson,0.6,8.0,cliffserve,1.0,0.0,992.0915296309698,7.776070545389088,19.7919643362508,24.564723869639472,12.209697402549983,15.227949999999998,6.747147806874523,0.0
0.5,poisson,0.6,8.0,decoupled,1.0,0.0,992.0915296309698,7.776070545389088,19.7919643362508,24.564723869639472,13.491496900124323,16.94142,6.747147806874523,0.0
0.5,poisson,0.6,8.0,dense,1.0,0.0,992.0915296309698,7.776070545389088,19.7919643362508,24.564723869639472,11.106187835995561,13.168499999999998,6.747147806874523,0.0
0.5,poisson,0.6,8.0,joint_full,1.0,0.0,992.0915296309698,7.776070545389088,19.7919643362508,24.564723869639472,13.597572710762,16.50835,6.747147806874523,0.0
0.5,poisson,0.6,8.0,static_pomt,1.0,0.0,992.0915296309698,7.776070545389088,19.7919643362508,24.564723869639472,11.663475044574472,14.143089999999997,6.747147806874523,0.0
0.5,poisson,0.6,12.0,cliffserve,1.0,0.0,992.0915296309698,7.776070545389088,19.7919643362508,24.564723869639472,12.114718098664238,14.270169999999998,6.747147806874523,0.0
0.5,poisson,0.6,12.0,decoupled,1.0,0.0,992.0915296309698,7.776070545389088,19.7919643362508,24.564723869639472,13.52131037594232,16.51242,6.747147806874523,0.0
0.5,poisson,0.6,12.0,dense,1.0,0.0,992.0915296309698,7.776070545389088,19.7919643362508,24.564723869639472,11.047923921194451,13.344739999999998,6.747147806874523,0.0
0.5,poisson,0.6,12.0,joint_full,1.0,0.0,992.0915296309698,7.776070545389088,19.7919643362508,24.564723869639472,13.59024899583846,16.58564,6.747147806874523,0.0
0.5,poisson,0.6,12.0,static_pomt,1.0,0.0,992.0915296309698,7.776070545389088,19.7919643362508,24.564723869639472,11.715907286214225,14.188959999999998,6.747147806874523,0.0
0.5,poisson,0.8,2.0,cliffserve,0.00058,0.00028635642126552705,174.99489497443605,0.040611440106425326,47121.92951001937,49103.661372696966,38.36585012709836,39.8218,1.00038018209986,0.0
0.5,poisson,0.8,2.0,decoupled,0.00058,0.00028635642126552705,174.99489497443605,0.040611440106425326,47121.92951001937,49103.661372696966,37.18608874008952,39.212,1.00038018209986,0.0
0.5,poisson,0.8,2.0,dense,0.00058,0.00028635642126552705,174.99489497443605,0.040611440106425326,47121.92951001937,49103.661372696966,35.524919332962284,37.49118,1.00038018209986,0.0
0.5,poisson,0.8,2.0,joint_full,0.00058,0.00028635642126552705,174.99489497443605,0.040611440106425326,47121.92951001937,49103.661372696966,39.12661776712448,40.787279999999996,1.00038018209986,0.0
0.5,poisson,0.8,2.0,static_pomt,0.00058,0.00028635642126552705,174.99489497443605,0.040611440106425326,47121.92951001937,49103.661372696966,37.01728320765396,39.007220000000004,1.00038018209986,0.0
0.5,poisson,0.8,4.0,cliffserve,0.00778,0.0036772272162595558,176.0599886372134,0.547773388571175,46776.71297443683,48758.37316244707,38.243809078470115,40.0162,1.0066927720622978,0.0
0.5,poisson,0.8,4.0,decoupled,0.00778,0.0036772272162595558,176.0599886372134,0.547773388571175,46776.71297443683,48758.37316244707,37.32314325054238,39.24419999999999,1.0066927720622978,0.0
0.5,poisson,0.8,4.0,dense,0.00778,0.0036772272162595558,176.0599886372134,0.547773388571175,46776.71297443683,48758.37316244707,35.258036278911874,37.383799999999994,1.0066927720622978,0.0
0.5,poisson,0.8,4.0,joint_full,0.00778,0.0036772272162595558,176.0599886372134,0.547773388571175,46776.71297443683,48758.37316244707,39.063580072539324,40.849109999999996,1.0066927720622978,0.0
0.5,poisson,0.8,4.0,static_pomt,0.00778,0.0036772272162595558,176.0599886372134,0.547773388571175,46776.71297443683,48758.37316244707,36.809679363949314,38.90775,1.0066927720622978,0.0
0.5,poisson,0.8,8.0,cliffserve,0.85724,0.31922106446786996,1100.9140143156287,485.4493869916237,6629.943264361069,7032.5819127610175,20.79020231569135,25.874779999999987,13.519133429240544,0.0
0.5,poisson,0.8,8.0,decoupled,0.85724,0.31922106446786996,1100.9140143156287,485.4493869916237,6629.943264361069,7032.5819127610175,22.24841101932249,27.591410000000007,13.519133429240544,0.0
0.5,poisson,0.8,8.0,dense,0.85724,0.31922106446786996,1100.9140143156287,485.4493869916237,6629.943264361069,7032.5819127610175,18.967790132115404,23.72267,13.519133429240544,0.0
0.5,poisson,0.8,8.0,joint_full,0.85724,0.31922106446786996,1100.9140143156287,485.4493869916237,6629.943264361069,7032.5819127610175,22.553837263102018,28.06673999999999,13.519133429240544,0.0
0.5,poisson,0.8,8.0,static_pomt,0.85724,0.31922106446786996,1100.9140143156287,485.4493869916237,6629.943264361069,7032.5819127610175,19.788745562542772,24.69454,13.519133429240544,0.0
0.5,poisson,0.8,12.0,cliffserve,1.0,0.0,1320.5855453838017,10.46222551454999,34.07753251507809,38.60951211147966,16.58866632790358,22.79017,16.724102366237624,0.0
0.5,poisson,0.8,12.0,decoupled,1.0,0.0,1320.5855453838017,10.46222551454999,34.07753251507809,38.60951211147966,18.487248648433813,25.4594,16.724102366237624,0.0
0.5,poisson,0.8,12.0,dense,1.0,0.0,1320.5855453838017,10.46222551454999,34.07753251507809,38.60951211147966,15.234570494682444,21.355229999999995,16.724102366237624,0.0
0.5,poisson,0.8,12.0,joint_full,1.0,0.0,1320.5855453838017,10.46222551454999,34.07753251507809,38.60951211147966,18.559999705542655,25.29629,16.724102366237624,0.0
0.5,poisson,0.8,12.0,static_pomt,1.0,0.0,1320.5855453838017,10.46222551454999,34.07753251507809,38.60951211147966,15.917522429604185,22.37717,16.724102366237624,0.0
0.5,poisson,0.95,2.0,cliffserve,0.0007,0.00019999999999999998,175.0124006442474,0.02861234972094856,48247.45342754284,50277.26632737664,38.357256471257,40.334500000000006,1.000480252142886,0.0
0.5,poisson,0.95,2.0,decoupled,0.0007,0.00019999999999999998,175.0124006442474,0.02861234972094856,48247.45342754284,50277.26632737664,37.164137171079076,39.09949,1.000480252142886,0.0
0.5,poisson,0.95,2.0,dense,0.0007,0.00019999999999999998,175.0124006442474,0.02861234972094856,48247.45342754284,50277.26632737664,35.5942039439684,37.51873,1.000480252142886,0.0
0.5,poisson,0.95,2.0,joint_full,0.0007,0.00019999999999999998,175.0124006442474,0.02861234972094856,48247.45342754284,50277.26632737664,39.31420381891081,41.079449999999994,1.000480252142886,0.0
0.5,poisson,0.95,2.0,static_pomt,0.0007,0.00019999999999999998,175.0124006442474,0.02861234972094856,48247.45342754284,50277.26632737664,36.72099121853989,38.85125,1.000480252142886,0.0
0.5,poisson,0.95,4.0,cliffserve,0.00574,0.0015059880477613355,175.76504097991736,0.22304203591654595,48002.90387366692,50032.65561939744,38.3044357746483,39.86829,1.0049860824176442,0.0
0.5,poisson,0.95,4.0,decoupled,0.00574,0.0015059880477613355,175.76504097991736,0.22304203591654595,48002.90387366692,50032.65561939744,37.18209176815351,39.33673,1.0049860824176442,0.0
0.5,poisson,0.95,4.0,dense,0.00574,0.0015059880477613355,175.76504097991736,0.22304203591654595,48002.90387366692,50032.65561939744,35.20807305338258,37.24385,1.0049860824176442,0.0
0.5,poisson,0.95,4.0,joint_full,0.00574,0.0015059880477613355,175.76504097991736,0.22304203591654595,48002.90387366692,50032.65561939744,39.1745863158402,41.04622,1.0049860824176442,0.0
0.5,poisson,0.95,4.0,static_pomt,0.00574,0.0015059880477613355,175.76504097991736,0.22304203591654595,48002.90387366692,50032.65561939744,36.70504824487607,38.947179999999996,1.0049860824176442,0.0
0.5,poisson,0.95,8.0,cliffserve,0.0851,0.0802145872020794,190.04554378680385,16.15794873170918,44002.52756284157,46032.712400035176,38.30105782877175,40.09468,1.0953522134903568,0.0
0.5,poisson,0.95,8.0,decoupled,0.0851,0.0802145872020794,190.04554378680385,16.15794873170918,44002.52756284157,46032.712400035176,37.18477924473912,39.18296,1.0953522134903568,0.0
0.5,poisson,0.95,8.0,dense,0.0851,0.0802145872020794,190.04554378680385,16.15794873170918,44002.52756284157,46032.712400035176,35.47076985041306,37.537259999999996,1.0953522134903568,0.0
0.5,poisson,0.95,8.0,joint_full,0.0851,0.0802145872020794,190.04554378680385,16.15794873170918,44002.52756284157,46032.712400035176,38.98809307293564,40.6609,1.0953522134903568,0.0
0.5,poisson,0.95,8.0,static_pomt,0.0851,0.0802145872020794,190.04554378680385,16.15794873170918,44002.52756284157,46032.712400035176,36.86395028168302,39.018029999999996,1.0953522134903568,0.0
0.5,poisson,0.95,12.0,cliffserve,0.4443,0.16092339792584542,305.4302923641625,91.75265342676477,25774.505406407512,27804.349012834824,37.572861012757066,39.6755,1.903366941419156,0.0
0.5,poisson,0.95,12.0,decoupled,0.4443,0.16092339792584542,305.4302923641625,91.75265342676477,25774.505406407512,27804.349012834824,36.56785705183287,38.95718,1.903366941419156,0.0
0.5,poisson,0.95,12.0,dense,0.4443,0.16092339792584542,305.4302923641625,91.75265342676477,25774.505406407512,27804.349012834824,34.63661217189006,37.23011,1.903366941419156,0.0
0.5,poisson,0.95,12.0,joint_full,0.4443,0.16092339792584542,305.4302923641625,91.75265342676477,25774.505406407512,27804.349012834824,38.356275960516754,40.64219,1.903366941419156,0.0
0.5,poisson,0.95,12.0,static_pomt,0.4443,0.16092339792584542,305.4302923641625,91.75265342676477,25774.505406407512,27804.349012834824,36.03403929702936,38.4797,1.903366941419156,0.0
0.5,poisson,1.1,2.0,cliffserve,0.00046,0.00026076809620810597,174.9806205850669,0.035414898478572765,49080.526543965294,51145.31100735159,38.338518423021924,40.06945,1.0003001260618327,0.0
0.5,poisson,1.1,2.0,decoupled,0.00046,0.00026076809620810597,174.9806205850669,0.035414898478572765,49080.526543965294,51145.31100735159,36.99746993992555,39.1762,1.0003001260618327,0.0
0.5,poisson,1.1,2.0,dense,0.00046,0.00026076809620810597,174.9806205850669,0.035414898478572765,49080.526543965294,51145.31100735159,35.16188627548176,37.21638,1.0003001260618327,0.0
0.5,poisson,1.1,2.0,joint_full,0.00046,0.00026076809620810597,174.9806205850669,0.035414898478572765,49080.526543965294,51145.31100735159,39.21058347466373,40.99413,1.0003001260618327,0.0
0.5,poisson,1.1,2.0,static_pomt,0.00046,0.00026076809620810597,174.9806205850669,0.035414898478572765,49080.526543965294,51145.31100735159,36.53381009850476,38.9281,1.0003001260618327,0.0
0.5,poisson,1.1,4.0,cliffserve,0.0047,0.0012409673645990857,175.61204335267627,0.18404297406376932,48875.19269020076,50939.92968638201,38.323207831147585,40.26162,1.0040572812041968,0.0
0.5,poisson,1.1,4.0,decoupled,0.0047,0.0012409673645990857,175.61204335267627,0.18404297406376932,48875.19269020076,50939.92968638201,37.20131896044254,39.17179,1.0040572812041968,0.0
0.5,poisson,1.1,4.0,dense,0.0047,0.0012409673645990857,175.61204335267627,0.18404297406376932,48875.19269020076,50939.92968638201,35.37670752499044,37.417320000000004,1.0040572812041968,0.0
0.5,poisson,1.1,4.0,joint_full,0.0047,0.0012409673645990857,175.61204335267627,0.18404297406376932,48875.19269020076,50939.92968638201,39.351807497027714,40.91528999999999,1.0040572812041968,0.0
0.5,poisson,1.1,4.0,static_pomt,0.0047,0.0012409673645990857,175.61204335267627,0.18404297406376932,48875.19269020076,50939.92968638201,36.87741966338401,39.06689,1.0040572812041968,0.0
0.5,poisson,1.1,8.0,cliffserve,0.023020000000000002,0.005487440204685607,178.51023255069202,0.8741036119791096,47951.58436433311,50016.48469151469,38.3758681801528,39.957139999999995,1.0222045677709035,0.0
0.5,poisson,1.1,8.0,decoupled,0.023020000000000002,0.005487440204685607,178.51023255069202,0.8741036119791096,47951.58436433311,50016.48469151469,37.0228971684488,39.05466,1.0222045677709035,0.0
0.5,poisson,1.1,8.0,dense,0.023020000000000002,0.005487440204685607,178.51023255069202,0.8741036119791096,47951.58436433311,50016.48469151469,35.332628095904695,37.40849,1.0222045677709035,0.0
0.5,poisson,1.1,8.0,joint_full,0.023020000000000002,0.005487440204685607,178.51023255069202,0.8741036119791096,47951.58436433311,50016.48469151469,39.04831220643748,40.758889999999994,1.0222045677709035,0.0
0.5,poisson,1.1,8.0,static_pomt,0.023020000000000002,0.005487440204685607,178.51023255069202,0.8741036119791096,47951.58436433311,50016.48469151469,36.67811142021028,38.79582,1.0222045677709035,0.0
0.5,poisson,1.1,12.0,cliffserve,0.05686,0.019743049409855617,184.22591192803495,3.486144030826386,46227.342000293684,48292.724780863486,38.37215684443525,40.017309999999995,1.0583169645011332,0.0
0.5,poisson,1.1,12.0,decoupled,0.05686,0.019743049409855617,184.22591192803495,3.486144030826386,46227.342000293684,48292.724780863486,37.11040212239063,39.098699999999994,1.0583169645011332,0.0
0.5,poisson,1.1,12.0,dense,0.05686,0.019743049409855617,184.22591192803495,3.486144030826386,46227.342000293684,48292.724780863486,35.579745606753306,37.55525,1.0583169645011332,0.0
0.5,poisson,1.1,12.0,joint_full,0.05686,0.019743049409855617,184.22591192803495,3.486144030826386,46227.342000293684,48292.724780863486,39.13239212307529,41.021339999999995,1.0583169645011332,0.0
0.5,poisson,1.1,12.0,static_pomt,0.05686,0.019743049409855617,184.22591192803495,3.486144030826386,46227.342000293684,48292.724780863486,36.72260972715857,38.92591,1.0583169645011332,0.0
1.0,onoff,0.3,2.0,cliffserve,0.00198,0.0022631835983852482,174.81569991903672,0.2348332319537004,34922.97833269807,36385.42794509973,38.980306654534104,40.61502,1.0006406769149712,0.0
1.0,onoff,0.3,2.0,decoupled,0.00198,0.0022631835983852482,174.81569991903672,0.2348332319537004,34922.97833269807,36385.42794509973,37.30437752925444,39.294050000000006,1.0006406769149712,0.0
1.0,onoff,0.3,2.0,dense,0.00198,0.0022631835983852482,174.81569991903672,0.2348332319537004,34922.97833269807,36385.42794509973,35.568146906791796,37.55877,1.0006406769149712,0.0
1.0,onoff,0.3,2.0,joint_full,0.00198,0.0022631835983852482,174.81569991903672,0.2348332319537004,34922.97833269807,36385.42794509973,40.35671151510353,41.82415,1.0006406769149712,0.0
1.0,onoff,0.3,2.0,static_pomt,0.00198,0.0022631835983852482,174.81569991903672,0.2348332319537004,34922.97833269807,36385.42794509973,37.04514799754848,39.05985,1.0006406769149712,0.0
1.0,onoff,0.3,4.0,cliffserve,0.45655999999999997,0.3105294478789411,269.26130010264404,103.15278118766757,18426.4558920916,19599.94570738293,30.601422601209247,35.00707,1.8122905168961605,0.34816
1.0,onoff,0.3,4.0,decoupled,0.30606,0.0606249783505116,219.9046319209282,12.339387526104277,23305.42507942703,24767.744350384462,34.64056432701115,39.146300000000004,1.306379877738967,0.14336
1.0,onoff,0.3,4.0,dense,0.30574,0.06087386959936095,219.8340454291603,12.402766645040579,23321.270459442407,24783.57370027231,32.806555991736325,37.39867,1.3059415010884101,0.0
1.0,onoff,0.3,4.0,joint_full,0.45655999999999997,0.3105294478789411,269.26130010264404,103.15278118766757,18426.4558920916,19599.94570738293,32.03651349562058,36.647549999999995,1.8122905168961605,0.34816
1.0,onoff,0.3,4.0,static_pomt,0.30574,0.06087386959936095,219.8340454291603,12.402766645040579,23321.270459442407,24783.57370027231,33.876539820062206,38.57678,1.3059415010884101,0.0
1.0,onoff,0.3,8.0,cliffserve,1.0,0.0,489.71406126267976,29.935763495063267,16.433996589062325,19.385194343875973,9.743389451277272,13.1007,4.0033710990988975,1.41312
1.0,onoff,0.3,8.0,decoupled,1.0,0.0,489.71406126267976,29.935763495063267,16.433996589062325,19.385194343875973,11.642846632839577,14.601769999999998,4.0033710990988975,1.41312
1.0,onoff,0.3,8.0,dense,1.0,0.0,489.7158018974509,29.938492348194355,16.467204561200518,19.91439014856374,9.21197917782943,11.895480000000001,4.005930339663076,0.0
1.0,onoff,0.3,8.0,joint_full,1.0,0.0,489.71406126267976,29.935763495063267,16.433996589062325,19.385194343875973,11.93169544898207,16.16593,4.0033710990988975,1.41312
1.0,onoff,0.3,8.0,static_pomt,1.0,0.0,489.7158018974509,29.938492348194355,16.467204561200518,19.91439014856374,9.680681384967698,12.53964,4.005930339663076,0.0
1.0,onoff,0.3,12.0,cliffserve,1.0,0.0,489.71406126267976,29.935763495063267,16.433996589062325,19.385194343875973,9.767155393119896,13.10297,4.0033710990988975,1.41312
1.0,onoff,0.3,12.0,decoupled,1.0,0.0,489.71406126267976,29.935763495063267,16.433996589062325,19.385194343875973,11.63578257415968,14.581520000000001,4.0033710990988975,1.41312
1.0,onoff,0.3,12.0,dense,1.0,0.0,489.7158018974509,29.938492348194355,16.467204561200518,19.91439014856374,9.16331106220356,11.82592,4.005930339663076,0.0
1.0,onoff,0.3,12.0,joint_full,1.0,0.0,489.71406126267976,29.935763495063267,16.433996589062325,19.385194343875973,11.912169475161466,16.1602,4.0033710990988975,1.41312
1.0,onoff,0.3,12.0,static_pomt,1.0,0.0,489.7158018974509,29.938492348194355,16.467204561200518,19.91439014856374,9.699378917163937,12.5278,4.005930339663076,0.0
1.0,onoff,0.6,2.0,cliffserve,0.0009000000000000001,0.0007416198487095664,175.00562123299582,0.025630319583589883,45521.0107515154,47306.855632999715,39.06374000430155,40.691250000000004,1.0005203402670344,0.0
1.0,onoff,0.6,2.0,decoupled,0.0009000000000000001,0.0007416198487095664,175.00562123299582,0.025630319583589883,45521.0107515154,47306.855632999715,37.42518149986863,39.4053,1.0005203402670344,0.0
1.0,onoff,0.6,2.0,dense,0.0009000000000000001,0.0007416198487095664,175.00562123299582,0.025630319583589883,45521.0107515154,47306.855632999715,35.07695927719247,37.23187,1.0005203402670344,0.0
1.0,onoff,0.6,2.0,joint_full,0.0009000000000000001,0.0007416198487095664,175.00562123299582,0.025630319583589883,45521.0107515154,47306.855632999715,40.54560567363499,42.459889999999994,1.0005203402670344,0.0
1.0,onoff,0.6,2.0,static_pomt,0.0009000000000000001,0.0007416198487095664,175.00562123299582,0.025630319583589883,45521.0107515154,47306.855632999715,37.09870544649832,39.07965,1.0005203402670344,0.0
1.0,onoff,0.6,4.0,cliffserve,0.0058000000000000005,0.0013209844813622908,175.6845018067625,0.10232533525507889,45300.248840515334,47086.05383872175,39.06697484264934,40.83061,1.0046620296968094,0.06144000000000001
1.0,onoff,0.6,4.0,decoupled,0.00572,0.0012070625501605127,175.66994598845633,0.09188691666244342,45304.95573987217,47090.745151377196,37.14684719824461,39.384969999999996,1.0045609916786886,0.04096
1.0,onoff,0.6,4.0,dense,0.00564,0.0012621410380777578,175.65608303235976,0.09311394376190281,45309.45788383694,47095.249834798335,35.22653667926028,37.43673,1.0044802830016222,0.0
1.0,onoff,0.6,4.0,joint_full,0.0058000000000000005,0.0013209844813622908,175.6845018067625,0.10232533525507889,45300.248840515334,47086.05383872175,40.26123371799682,42.74150999999999,1.0046620296968094,0.06144000000000001
1.0,onoff,0.6,4.0,static_pomt,0.00564,0.0012621410380777578,175.65608303235976,0.09311394376190281,45309.45788383694,47095.249834798335,36.62179022249285,38.98841,1.0044802830016222,0.0
1.0,onoff,0.6,8.0,cliffserve,0.07704,0.05315409673769275,186.50118441318185,8.041897029580763,42075.0293306189,43861.306860055294,38.77950504929125,40.772409999999994,1.0740860665796048,3.6761600000000003
1.0,onoff,0.6,8.0,decoupled,0.07592,0.05372170883358049,186.30574253172594,8.136680779840322,42133.229067037624,43919.52682782968,36.7558155020252,39.14839,1.0728469998267685,3.5840000000000005
1.0,onoff,0.6,8.0,dense,0.04864,0.024475559237737553,181.79498888668996,2.9600604262766668,43398.61718985237,45184.61315118974,35.34811156455245,37.53741,1.0442253615321568,0.0
1.0,onoff,0.6,8.0,joint_full,0.07704,0.05315409673769275,186.50118441318185,8.041897029580763,42075.0293306189,43861.306860055294,39.90987702342986,42.150099999999995,1.0740860665796048,3.6761600000000003
1.0,onoff,0.6,8.0,static_pomt,0.04864,0.024475559237737553,181.79498888668996,2.9600604262766668,43398.61718985237,45184.61315118974,36.94028663912988,39.09822,1.0442253615321568,0.0
1.0,onoff,0.6,12.0,cliffserve,0.61146,0.33645873892648415,463.71551166954504,259.73068801710934,16626.825057094662,18412.490687854184,32.27916225584151,39.96172,3.523046798186111,32.80896
1.0,onoff,0.6,12.0,decoupled,0.6112200000000001,0.33617166299377466,462.9746321475544,258.5624688089789,16639.659887406437,18425.383371303924,31.594859109005178,38.91459999999999,3.511429353680069,32.78848
1.0,onoff,0.6,12.0,dense,0.28246000000000004,0.3130816315276257,264.0756116134986,144.10544504756012,32380.89782346426,34166.96374287715,33.54235241096153,37.362049999999996,1.6949366447306964,0.0
1.0,onoff,0.6,12.0,joint_full,0.61146,0.33645873892648415,463.71551166954504,259.73068801710934,16626.825057094662,18412.490687854184,33.79843761660299,41.14165,3.523046798186111,32.80896
1.0,onoff,0.6,12.0,static_pomt,0.28246000000000004,0.3130816315276257,264.0756116134986,144.10544504756012,32380.89782346426,34166.96374287715,34.77341443213505,38.79969,1.6949366447306964,0.0
1.0,onoff,0.8,2.0,cliffserve,0.0009400000000000001,0.0005813776741499453,175.03004658296027,0.041022904436938075,47177.74592824328,49108.21694975863,39.180743808700356,41.035199999999996,1.000620450364115,0.0
1.0,onoff,0.8,2.0,decoupled,0.0009400000000000001,0.0005813776741499453,175.03004658296027,0.041022904436938075,47177.74592824328,49108.21694975863,37.454762344555476,39.444069999999996,1.000620450364115,0.0
1.0,onoff,0.8,2.0,dense,0.0009400000000000001,0.0005813776741499453,175.03004658296027,0.041022904436938075,47177.74592824328,49108.21694975863,35.60914843380482,37.65364999999999,1.000620450364115,0.0
1.0,onoff,0.8,2.0,joint_full,0.0009400000000000001,0.0005813776741499453,175.03004658296027,0.041022904436938075,47177.74592824328,49108.21694975863,40.52902369780763,42.194799999999994,1.000620450364115,0.0
1.0,onoff,0.8,2.0,static_pomt,0.0009400000000000001,0.0005813776741499453,175.03004658296027,0.041022904436938075,47177.74592824328,49108.21694975863,36.99284250323072,39.117749999999994,1.000620450364115,0.0
1.0,onoff,0.8,4.0,cliffserve,0.00496,0.0024141251003210254,175.571937002293,0.24060612836527842,47001.54701814178,48932.007987173565,39.15940960428211,40.883979999999994,1.0039373250573338,0.08192
1.0,onoff,0.8,4.0,decoupled,0.00496,0.0024141251003210254,175.571937002293,0.24060612836527842,47001.54701814178,48932.007987173565,37.23007111084326,39.442660000000004,1.0039373250573338,0.08192
1.0,onoff,0.8,4.0,dense,0.00496,0.0024141251003210254,175.5706502709748,0.24051320352358965,47001.964381308586,48932.425350340374,35.4106619135308,37.57742,1.0039373250573338,0.0
1.0,onoff,0.8,4.0,joint_full,0.00496,0.0024141251003210254,175.571937002293,0.24060612836527842,47001.54701814178,48932.007987173565,40.454281057387114,42.2636,1.0039373250573338,0.08192
1.0,onoff,0.8,4.0,static_pomt,0.00496,0.0024141251003210254,175.5706502709748,0.24051320352358965,47001.964381308586,48932.425350340374,36.97136696500849,39.09024,1.0039373250573338,0.0
1.0,onoff,0.8,8.0,cliffserve,0.01794,0.003420233910129539,177.6245879695486,0.5071666840031722,46343.68134310726,48274.16607946159,39.1080385665624,40.96909999999998,1.0166811337740689,0.9011199999999999
1.0,onoff,0.8,8.0,decoupled,0.0173,0.003226453160980337,177.51771921875115,0.5069249793021309,46377.56514901164,48308.05171791221,37.283616498738255,39.340709999999994,1.0159993442342845,0.8396799999999999
1.0,onoff,0.8,8.0,dense,0.016239999999999997,0.00353100552251055,177.34023368912466,0.5562818657109417,46434.04303741935,48364.51286061717,35.28869947418732,37.544239999999995,1.0149491350736137,0.0
1.0,onoff,0.8,8.0,joint_full,0.01794,0.003420233910129539,177.6245879695486,0.5071666840031722,46343.68134310726,48274.16607946159,40.43824717278136,42.321149999999996,1.0166811337740689,0.9011199999999999
1.0,onoff,0.8,8.0,static_pomt,0.016239999999999997,0.00353100552251055,177.34023368912466,0.5562818657109417,46434.04303741935,48364.51286061717,36.87235134791656,39.071749999999994,1.0149491350736137,0.0
1.0,onoff,0.8,12.0,cliffserve,0.04854,0.039273375205092824,182.54294269182463,6.26332844573403,44875.57598250598,46806.392621560735,38.86497554115208,40.46042,1.0479653448665978,2.64192
1.0,onoff,0.8,12.0,decoupled,0.04822,0.03945658373453029,182.48766077831493,6.28919496832736,44892.61196643561,46823.47154476801,37.19861085089248,39.30691,1.0475506067268907,2.59072
1.0,onoff,0.8,12.0,dense,0.03902,0.02605805057942747,180.84340714209068,3.8319250980568427,45360.4843199698,47291.110017241605,35.38938273007424,37.52232,1.03737378135058,0.0
1.0,onoff,0.8,12.0,joint_full,0.04854,0.039273375205092824,182.54294269182463,6.26332844573403,44875.57598250598,46806.392621560735,40.292043725640276,42.15897,1.0479653448665978,2.64192
1.0,onoff,0.8,12.0,static_pomt,0.03902,0.02605805057942747,180.84340714209068,3.8319250980568427,45360.4843199698,47291.110017241605,36.627253788168915,38.847199999999994,1.03737378135058,0.0
1.0,onoff,0.95,2.0,cliffserve,0.00092,0.0007563068160475615,175.0326896525909,0.07188989329799159,48766.04985509534,50783.42184953188,39.145711733719374,40.98034,1.0006205425648511,0.0
1.0,onoff,0.95,2.0,decoupled,0.00092,0.0007563068160475615,175.0326896525909,0.07188989329799159,48766.04985509534,50783.42184953188,37.330191658973476,39.342020000000005,1.0006205425648511,0.0
1.0,onoff,0.95,2.0,dense,0.00092,0.0007563068160475615,175.0326896525909,0.07188989329799159,48766.04985509534,50783.42184953188,35.63435748826724,37.58918,1.0006205425648511,0.0
1.0,onoff,0.95,2.0,joint_full,0.00092,0.0007563068160475615,175.0326896525909,0.07188989329799159,48766.04985509534,50783.42184953188,40.42639589637558,42.10635,1.0006205425648511,0.0
1.0,onoff,0.95,2.0,static_pomt,0.00092,0.0007563068160475615,175.0326896525909,0.07188989329799159,48766.04985509534,50783.42184953188,36.96871486853685,39.08886,1.0006205425648511,0.0
1.0,onoff,0.95,4.0,cliffserve,0.0048000000000000004,0.0023021728866442675,175.58001022178226,0.25780611824482164,48588.138449245314,50605.48566949572,39.002341426362264,40.75356000000001,1.0039575933146576,0.12288000000000002
1.0,onoff,0.95,4.0,decoupled,0.0048000000000000004,0.0023021728866442675,175.58001022178226,0.25780611824482164,48588.138449245314,50605.48566949572,37.327065434165654,39.2975,1.0039575933146576,0.12288000000000002
1.0,onoff,0.95,4.0,dense,0.00464,0.0023212065827926645,175.55166260171046,0.2606022882283625,48597.32165328107,50614.67612056555,35.576175228556664,37.51517,1.0037964024656798,0.0
1.0,onoff,0.95,4.0,joint_full,0.0048000000000000004,0.0023021728866442675,175.58001022178226,0.25780611824482164,48588.138449245314,50605.48566949572,40.374777559470566,42.17922,1.0039575933146576,0.12288000000000002
1.0,onoff,0.95,4.0,static_pomt,0.00464,0.0023212065827926645,175.55166260171046,0.2606022882283625,48597.32165328107,50614.67612056555,36.58343439352059,38.80649999999999,1.0037964024656798,0.0
1.0,onoff,0.95,8.0,cliffserve,0.0178,0.0069526973183074775,177.62153280177805,1.0043703295546953,47934.93046203612,49952.229494235304,38.99722535521849,40.81647,1.016620809013253,0.8908799999999999
1.0,onoff,0.95,8.0,decoupled,0.01772,0.007035055081518552,177.60632916958735,1.0199081037809732,47939.78932088374,49957.08981238678,37.460999432476754,39.44409,1.0165184997666947,0.88064
1.0,onoff,0.95,8.0,dense,0.01432,0.0035681928199019744,177.07282348391018,0.567201435574456,48108.39451608739,50125.72795029081,35.31932157924255,37.27389,1.013283556372719,0.0
1.0,onoff,0.95,8.0,joint_full,0.0178,0.0069526973183074775,177.62153280177805,1.0043703295546953,47934.93046203612,49952.229494235304,40.49637005303688,42.1147,1.016620809013253,0.8908799999999999
1.0,onoff,0.95,8.0,static_pomt,0.01432,0.0035681928199019744,177.07282348391018,0.567201435574456,48108.39451608739,50125.72795029081,36.98564751438414,38.931290000000004,1.013283556372719,0.0
1.0,onoff,0.95,12.0,cliffserve,0.040600000000000004,0.03191081321433222,181.3813535791371,5.159293462936327,46800.92325600246,48818.34222336704,38.9893971797423,40.543839999999996,1.0402093431137622,2.23232
1.0,onoff,0.95,12.0,decoupled,0.04028,0.03181967944527411,181.32430310097854,5.140152267039853,46818.06490934947,48835.47488121063,37.43303765147246,39.63249999999999,1.039812662863979,2.18112
1.0,onoff,0.95,12.0,dense,0.03764,0.03208407704765715,180.86407267064135,5.160283642113631,46958.960058995275,48976.289290185276,35.69921863774307,37.57266,1.0371643005074787,0.0
1.0,onoff,0.95,12.0,joint_full,0.040600000000000004,0.03191081321433222,181.3813535791371,5.159293462936327,46800.92325600246,48818.34222336704,40.1605832906802,41.97673999999999,1.0402093431137622,2.23232
1.0,onoff,0.95,12.0,static_pomt,0.03764,0.03208407704765715,180.86407267064135,5.160283642113631,46958.960058995275,48976.289290185276,36.961941865811085,38.8991,1.0371643005074787,0.0
1.0,onoff,1.1,2.0,cliffserve,0.00052,0.000303315017762062,174.99378807187216,0.04617847542458711,49252.97273437149,51289.04572297011,39.10264677725898,40.75178,1.000380206125079,0.0
1.0,onoff,1.1,2.0,decoupled,0.00052,0.000303315017762062,174.99378807187216,0.04617847542458711,49252.97273437149,51289.04572297011,37.37010950044527,39.3338,1.000380206125079,0.0
1.0,onoff,1.1,2.0,dense,0.00052,0.000303315017762062,174.99378807187216,0.04617847542458711,49252.97273437149,51289.04572297011,35.51136429302551,37.35248,1.000380206125079,0.0
1.0,onoff,1.1,2.0,joint_full,0.00052,0.000303315017762062,174.99378807187216,0.04617847542458711,49252.97273437149,51289.04572297011,40.452820978649456,42.089130000000004,1.000380206125079,0.0
1.0,onoff,1.1,2.0,static_pomt,0.00052,0.000303315017762062,174.99378807187216,0.04617847542458711,49252.97273437149,51289.04572297011,37.042860016758326,38.96533,1.000380206125079,0.0
1.0,onoff,1.1,4.0,cliffserve,0.00352,0.001188276062201036,175.42579735481814,0.1352320149883428,49112.321839457814,51148.380622658835,39.07490193294147,40.80623,1.002989389228159,0.1024
1.0,onoff,1.1,4.0,decoupled,0.00352,0.001188276062201036,175.42579735481814,0.1352320149883428,49112.321839457814,51148.380622658835,37.44842741211896,39.468669999999996,1.002989389228159,0.1024
1.0,onoff,1.1,4.0,dense,0.0033599999999999997,0.0012759310326189263,175.40300576300484,0.14744809478081583,49119.736088453596,51155.80086126529,35.647233444594,37.590999999999994,1.0028687748729095,0.0
1.0,onoff,1.1,4.0,joint_full,0.00352,0.001188276062201036,175.42579735481814,0.1352320149883428,49112.321839457814,51148.380622658835,40.47117001123384,42.43343999999999,1.002989389228159,0.1024
1.0,onoff,1.1,4.0,static_pomt,0.0033599999999999997,0.0012759310326189263,175.40300576300484,0.14744809478081583,49119.736088453596,51155.80086126529,36.96500301449205,38.97116,1.0028687748729095,0.0
1.0,onoff,1.1,8.0,cliffserve,0.01226,0.0027655017627909763,176.76032266362958,0.3331571062782704,48682.17801653598,50718.242418420814,39.15636650459916,40.893969999999996,1.0112686410093157,0.6144000000000001
1.0,onoff,1.1,8.0,decoupled,0.01218,0.002851666179622012,176.74707750482008,0.34423553711649885,48686.42881802295,50722.50216208746,37.45669315908522,39.417379999999994,1.0111665495684845,0.58368
1.0,onoff,1.1,8.0,dense,0.01146,0.0025274493071078597,176.6272392383211,0.28809124632207594,48724.77092045997,50760.85633915045,35.39607464231008,37.535790000000006,1.010470736749826,0.0
1.0,onoff,1.1,8.0,joint_full,0.01226,0.0027655017627909763,176.76032266362958,0.3331571062782704,48682.17801653598,50718.242418420814,40.383523909952316,42.152010000000004,1.0112686410093157,0.6144000000000001
1.0,onoff,1.1,8.0,static_pomt,0.01146,0.0025274493071078597,176.6272392383211,0.28809124632207594,48724.77092045997,50760.85633915045,37.07021219942051,39.112489999999994,1.010470736749826,0.0
1.0,onoff,1.1,12.0,cliffserve,0.030680000000000002,0.014441502691894637,179.5055964525173,1.9570640308568654,47821.9095414246,49858.28869689429,39.11572602285506,40.83684,1.0283697866440096,1.52576
1.0,onoff,1.1,12.0,decoupled,0.030440000000000002,0.014478708505940715,179.46477586501592,1.967500111277558,47834.66613923439,49871.026620036726,37.29398763157306,39.39397,1.0280962447948538,1.49504
1.0,onoff,1.1,12.0,dense,0.02898,0.014774877326055876,179.21820756344113,2.004018779935906,47911.62378443607,49947.92513296092,35.53658564371317,37.68288,1.0267098400027703,0.0
1.0,onoff,1.1,12.0,joint_full,0.030680000000000002,0.014441502691894637,179.5055964525173,1.9570640308568654,47821.9095414246,49858.28869689429,40.33681411569806,42.17686,1.0283697866440096,1.52576
1.0,onoff,1.1,12.0,static_pomt,0.02898,0.014774877326055876,179.21820756344113,2.004018779935906,47911.62378443607,49947.92513296092,36.9328466481895,39.08967,1.0267098400027703,0.0
1.0,poisson,0.3,2.0,cliffserve,0.00054,0.0003049590136395381,174.97251280564888,0.03078313684806988,35188.13830722286,36662.30408827486,39.12629905904383,40.79348,1.000260094039818,0.0
1.0,poisson,0.3,2.0,decoupled,0.00054,0.0003049590136395381,174.97251280564888,0.03078313684806988,35188.13830722286,36662.30408827486,37.423688777329964,39.462,1.000260094039818,0.0
1.0,poisson,0.3,2.0,dense,0.00054,0.0003049590136395381,174.97251280564888,0.03078313684806988,35188.13830722286,36662.30408827486,35.524426671413224,37.489,1.000260094039818,0.0
1.0,poisson,0.3,2.0,joint_full,0.00054,0.0003049590136395381,174.97251280564888,0.03078313684806988,35188.13830722286,36662.30408827486,40.42794908311846,42.20142,1.000260094039818,0.0
1.0,poisson,0.3,2.0,static_pomt,0.00054,0.0003049590136395381,174.97251280564888,0.03078313684806988,35188.13830722286,36662.30408827486,37.18920480988975,39.1385,1.000260094039818,0.0
1.0,poisson,0.3,4.0,cliffserve,1.0,0.0,496.3945049572415,4.092083848173137,13.824389249212924,15.442690609800835,9.30879783727068,10.928149999999999,2.8785146492092597,0.0
1.0,poisson,0.3,4.0,decoupled,1.0,0.0,496.3945049572415,4.092083848173137,13.824389249212924,15.442690609800835,11.15339979405153,12.45798,2.8785146492092597,0.0
1.0,poisson,0.3,4.0,dense,1.0,0.0,496.3945049572415,4.092083848173137,13.824389249212924,15.442690609800835,8.793008501009485,10.03548,2.8785146492092597,0.0
1.0,poisson,0.3,4.0,joint_full,1.0,0.0,496.3945049572415,4.092083848173137,13.824389249212924,15.442690609800835,11.313370801722005,13.314599999999999,2.8785146492092597,0.0
1.0,poisson,0.3,4.0,static_pomt,1.0,0.0,496.3945049572415,4.092083848173137,13.824389249212924,15.442690609800835,9.234276515819541,10.56693,2.8785146492092597,0.0
1.0,poisson,0.3,8.0,cliffserve,1.0,0.0,496.3945049572415,4.092083848173137,13.824389249212924,15.442690609800835,9.313782672779183,10.92471,2.8785146492092597,0.0
1.0,poisson,0.3,8.0,decoupled,1.0,0.0,496.3945049572415,4.092083848173137,13.824389249212924,15.442690609800835,11.1280597697689,12.44628,2.8785146492092597,0.0
1.0,poisson,0.3,8.0,dense,1.0,0.0,496.3945049572415,4.092083848173137,13.824389249212924,15.442690609800835,8.770030599138604,10.0244,2.8785146492092597,0.0
1.0,poisson,0.3,8.0,joint_full,1.0,0.0,496.3945049572415,4.092083848173137,13.824389249212924,15.442690609800835,11.311148233668337,13.34357,2.8785146492092597,0.0
1.0,poisson,0.3,8.0,static_pomt,1.0,0.0,496.3945049572415,4.092083848173137,13.824389249212924,15.442690609800835,9.228289559747001,10.5593,2.8785146492092597,0.0
1.0,poisson,0.3,12.0,cliffserve,1.0,0.0,496.3945049572415,4.092083848173137,13.824389249212924,15.442690609800835,9.325305731340432,10.93357,2.8785146492092597,0.0
1.0,poisson,0.3,12.0,decoupled,1.0,0.0,496.3945049572415,4.092083848173137,13.824389249212924,15.442690609800835,11.145647159933073,12.4523,2.8785146492092597,0.0
1.0,poisson,0.3,12.0,dense,1.0,0.0,496.3945049572415,4.092083848173137,13.824389249212924,15.442690609800835,8.74630223751968,9.99415,2.8785146492092597,0.0
1.0,poisson,0.3,12.0,joint_full,1.0,0.0,496.3945049572415,4.092083848173137,13.824389249212924,15.442690609800835,11.294674003284566,13.3028,2.8785146492092597,0.0
1.0,poisson,0.3,12.0,static_pomt,1.0,0.0,496.3945049572415,4.092083848173137,13.824389249212924,15.442690609800835,9.24744363911463,10.5718,2.8785146492092597,0.0
1.0,poisson,0.6,2.0,cliffserve,0.00074,0.00020736441353327723,175.01494059274654,0.03246927729215843,44727.13941739632,46607.37030481095,39.126858241767145,40.91169,1.000500278168308,0.0
1.0,poisson,0.6,2.0,decoupled,0.00074,0.00020736441353327723,175.01494059274654,0.03246927729215843,44727.13941739632,46607.37030481095,37.47600185327563,39.44454,1.000500278168308,0.0
1.0,poisson,0.6,2.0,dense,0.00074,0.00020736441353327723,175.01494059274654,0.03246927729215843,44727.13941739632,46607.37030481095,35.452484541888644,37.396699999999996,1.000500278168308,0.0
1.0,poisson,0.6,2.0,joint_full,0.00074,0.00020736441353327723,175.01494059274654,0.03246927729215843,44727.13941739632,46607.37030481095,40.57312147533277,42.23225,1.000500278168308,0.0
1.0,poisson,0.6,2.0,static_pomt,0.00074,0.00020736441353327723,175.01494059274654,0.03246927729215843,44727.13941739632,46607.37030481095,37.08952015899676,39.068400000000004,1.000500278168308,0.0
1.0,poisson,0.6,4.0,cliffserve,0.17702,0.16380075396651872,209.27599926494486,36.69659558769855,36442.609565782186,38322.94035006458,38.14724637115555,40.6444,1.2045795768058116,0.45055999999999996
1.0,poisson,0.6,4.0,decoupled,0.13140000000000002,0.09438681051926695,197.20918402122678,16.78092579091807,38597.5910885691,40477.941495627514,36.868947956356315,39.32831,1.1316788416951606,0.1024
1.0,poisson,0.6,4.0,dense,0.13024,0.09337744909773452,196.96780897854947,16.55691558730439,38652.94224568598,40533.25741929256,34.91630129517051,37.48595,1.1302680891484091,0.0
1.0,poisson,0.6,4.0,joint_full,0.17702,0.16380075396651872,209.27599926494486,36.69659558769855,36442.609565782186,38322.94035006458,39.52169410962402,42.14041999999999,1.2045795768058116,0.45055999999999996
1.0,poisson,0.6,4.0,static_pomt,0.13024,0.09337744909773452,196.96780897854947,16.55691558730439,38652.94224568598,40533.25741929256,36.27621279644927,38.87753,1.1302680891484091,0.0
1.0,poisson,0.6,8.0,cliffserve,1.0,0.0,991.7473112027992,7.853875799044508,18.921020878326708,23.01951096464845,12.166323998050268,14.85718,6.6866381156296395,5.60128
1.0,poisson,0.6,8.0,decoupled,1.0,0.0,991.7473112027992,7.853875799044508,18.921020878326708,23.01951096464845,13.718678840935121,16.625130000000006,6.6866381156296395,5.60128
1.0,poisson,0.6,8.0,dense,1.0,0.0,992.0915296309698,7.776070545389088,19.7919643362508,24.564723869639472,11.078795047850043,13.427259999999995,6.747147806874523,0.0
1.0,poisson,0.6,8.0,joint_full,1.0,0.0,991.7473112027992,7.853875799044508,18.921020878326708,23.01951096464845,14.984979940250216,18.3695,6.6866381156296395,5.60128
1.0,poisson,0.6,8.0,static_pomt,1.0,0.0,992.0915296309698,7.776070545389088,19.7919643362508,24.564723869639472,11.685910723352961,14.234340000000003,6.747147806874523,0.0
1.0,poisson,0.6,12.0,cliffserve,1.0,0.0,991.7473112027992,7.853875799044508,18.921020878326708,23.01951096464845,12.16871175741056,14.5104,6.6866381156296395,5.60128
1.0,poisson,0.6,12.0,decoupled,1.0,0.0,991.7473112027992,7.853875799044508,18.921020878326708,23.01951096464845,13.67638989863092,16.06489,6.6866381156296395,5.60128
1.0,poisson,0.6,12.0,dense,1.0,0.0,992.0915296309698,7.776070545389088,19.7919643362508,24.564723869639472,11.042120188058167,13.413339999999996,6.747147806874523,0.0
1.0,poisson,0.6,12.0,joint_full,1.0,0.0,991.7473112027992,7.853875799044508,18.921020878326708,23.01951096464845,14.975935178522482,18.369790000000002,6.6866381156296395,5.60128
1.0,poisson,0.6,12.0,static_pomt,1.0,0.0,992.0915296309698,7.776070545389088,19.7919643362508,24.564723869639472,11.688619161275206,14.605849999999998,6.747147806874523,0.0
1.0,poisson,0.8,2.0,cliffserve,0.00058,0.00028635642126552705,174.99489497443605,0.040611440106425326,47121.92951001937,49103.661372696966,39.20016570607571,40.89835000000001,1.00038018209986,0.0
1.0,poisson,0.8,2.0,decoupled,0.00058,0.00028635642126552705,174.99489497443605,0.040611440106425326,47121.92951001937,49103.661372696966,37.49714693551968,39.42265,1.00038018209986,0.0
1.0,poisson,0.8,2.0,dense,0.00058,0.00028635642126552705,174.99489497443605,0.040611440106425326,47121.92951001937,49103.661372696966,35.50030054621051,37.42676,1.00038018209986,0.0
1.0,poisson,0.8,2.0,joint_full,0.00058,0.00028635642126552705,174.99489497443605,0.040611440106425326,47121.92951001937,49103.661372696966,40.41288847420283,42.29894,1.00038018209986,0.0
1.0,poisson,0.8,2.0,static_pomt,0.00058,0.00028635642126552705,174.99489497443605,0.040611440106425326,47121.92951001937,49103.661372696966,37.142189657954646,39.00178,1.00038018209986,0.0
1.0,poisson,0.8,4.0,cliffserve,0.0089,0.003774917217635374,176.23332003566588,0.5645720874386347,46720.85645240599,48702.55829562864,39.189682437219595,40.97283,1.0077483430538892,0.06144000000000001
1.0,poisson,0.8,4.0,decoupled,0.00778,0.0036772272162595558,176.06030559155528,0.5484234931407261,46776.61175850207,48758.271946512315,37.42351850258227,39.37564,1.0066927720622978,0.02048
1.0,poisson,0.8,4.0,dense,0.00778,0.0036772272162595558,176.0599886372134,0.547773388571175,46776.71297443683,48758.37316244707,35.581741384931455,37.51254,1.0066927720622978,0.0
1.0,poisson,0.8,4.0,joint_full,0.0089,0.003774917217635374,176.23332003566588,0.5645720874386347,46720.85645240599,48702.55829562864,40.47492410736487,42.22015999999999,1.0077483430538892,0.06144000000000001
1.0,poisson,0.8,4.0,static_pomt,0.00778,0.0036772272162595558,176.0599886372134,0.547773388571175,46776.71297443683,48758.37316244707,37.11933458146732,39.052859999999995,1.0066927720622978,0.0
1.0,poisson,0.8,8.0,cliffserve,1.0,0.0,1320.8729493856238,10.420021150576122,29.977302352052163,34.55498793294626,15.971070118276732,21.05779,14.398109546743717,51.712
1.0,poisson,0.8,8.0,decoupled,1.0,0.0,1320.7658470604526,10.289386824073432,30.001991724049294,34.4436870884055,17.56635176235104,22.72925,14.384921226320284,51.65056
1.0,poisson,0.8,8.0,dense,0.85724,0.31922106446786996,1100.9140143156287,485.4493869916237,6629.943264361069,7032.5819127610175,19.091690425244757,23.890589999999992,13.519133429240544,0.0
1.0,poisson,0.8,8.0,joint_full,1.0,0.0,1320.8729493856238,10.420021150576122,29.977302352052163,34.55498793294626,19.38268240719687,25.005599999999998,14.398109546743717,51.712
1.0,poisson,0.8,8.0,static_pomt,0.85724,0.31922106446786996,1100.9140143156287,485.4493869916237,6629.943264361069,7032.5819127610175,20.041268979543947,25.567959999999992,13.519133429240544,0.0
1.0,poisson,0.8,12.0,cliffserve,1.0,0.0,1320.8708421529425,10.417413629313424,29.99121317116606,34.43165559836764,15.853486347347452,20.92611,14.398109546743717,51.70176
1.0,poisson,0.8,12.0,decoupled,1.0,0.0,1320.8708421529425,10.417413629313424,29.99121317116606,34.43165559836764,17.49633749230919,22.70897,14.398109546743717,51.70176
1.0,poisson,0.8,12.0,dense,1.0,0.0,1320.5855453838017,10.46222551454999,34.07753251507809,38.60951211147966,15.306807608433976,21.193499999999997,16.724102366237624,0.0
1.0,poisson,0.8,12.0,joint_full,1.0,0.0,1320.8708421529425,10.417413629313424,29.99121317116606,34.43165559836764,19.258544408336807,24.86198,14.398109546743717,51.70176
1.0,poisson,0.8,12.0,static_pomt,1.0,0.0,1320.5855453838017,10.46222551454999,34.07753251507809,38.60951211147966,16.103419710666525,22.769239999999996,16.724102366237624,0.0
1.0,poisson,0.95,2.0,cliffserve,0.0007,0.00019999999999999998,175.0124006442474,0.02861234972094856,48247.45342754284,50277.26632737664,39.1571011428826,41.04848,1.000480252142886,0.0
1.0,poisson,0.95,2.0,decoupled,0.0007,0.00019999999999999998,175.0124006442474,0.02861234972094856,48247.45342754284,50277.26632737664,37.342554978086405,39.320299999999996,1.000480252142886,0.0
1.0,poisson,0.95,2.0,dense,0.0007,0.00019999999999999998,175.0124006442474,0.02861234972094856,48247.45342754284,50277.26632737664,35.30030429123414,37.49656,1.000480252142886,0.0
1.0,poisson,0.95,2.0,joint_full,0.0007,0.00019999999999999998,175.0124006442474,0.02861234972094856,48247.45342754284,50277.26632737664,40.46992524699634,42.109519999999996,1.000480252142886,0.0
1.0,poisson,0.95,2.0,static_pomt,0.0007,0.00019999999999999998,175.0124006442474,0.02861234972094856,48247.45342754284,50277.26632737664,37.00187730025194,38.98617,1.000480252142886,0.0
1.0,poisson,0.95,4.0,cliffserve,0.0061400000000000005,0.0015453155017665491,175.82984866906605,0.22915368186868595,47981.96052564064,50011.68870013073,39.07044836048117,40.6847,1.0053903423285147,0.1024
1.0,poisson,0.95,4.0,decoupled,0.0058200000000000005,0.0013754999091239513,175.77936456620083,0.20156073670492083,47998.256772226494,50028.001129743854,37.35688696882605,39.249559999999995,1.005066629207919,0.06144000000000001
1.0,poisson,0.95,4.0,dense,0.00574,0.0015059880477613355,175.76504097991736,0.22304203591654595,48002.90387366692,50032.65561939744,35.661318831487094,37.634640000000005,1.0049860824176442,0.0
1.0,poisson,0.95,4.0,joint_full,0.0061400000000000005,0.0015453155017665491,175.82984866906605,0.22915368186868595,47981.96052564064,50011.68870013073,40.30470394918798,41.9938,1.0053903423285147,0.1024
1.0,poisson,0.95,4.0,static_pomt,0.00574,0.0015059880477613355,175.76504097991736,0.22304203591654595,48002.90387366692,50032.65561939744,37.12908439243925,39.051989999999996,1.0049860824176442,0.0
1.0,poisson,0.95,8.0,cliffserve,0.12942,0.1081312720724213,199.40948126951102,22.41475445249801,41748.43147782246,43778.55114755563,38.91618156507106,40.65065,1.154313704410553,7.9257599999999995
1.0,poisson,0.95,8.0,decoupled,0.12862,0.10743729333895191,199.22244119707213,22.227735007206014,41788.72228991428,43818.794235418594,37.28194808367586,39.1856,1.1530837377649614,7.84384
1.0,poisson,0.95,8.0,dense,0.0851,0.0802145872020794,190.04554378680385,16.15794873170918,44002.52756284157,46032.712400035176,35.67782075236646,37.68438,1.0953522134903568,0.0
1.0,poisson,0.95,8.0,joint_full,0.12942,0.1081312720724213,199.40948126951102,22.41475445249801,41748.43147782246,43778.55114755563,40.46351465392489,42.0296,1.154313704410553,7.9257599999999995
1.0,poisson,0.95,8.0,static_pomt,0.0851,0.0802145872020794,190.04554378680385,16.15794873170918,44002.52756284157,46032.712400035176,37.10686615898216,38.9803,1.0953522134903568,0.0
1.0,poisson,0.95,12.0,cliffserve,0.9777799999999999,0.04968543046004531,1418.664497821088,329.770855685932,670.4518591397186,1087.2078557595057,25.824012832735843,35.16109,23.866679103391903,62.09536000000001
1.0,poisson,0.95,12.0,decoupled,0.9777799999999999,0.04968543046004531,1418.6679409104177,329.7725530782992,670.4519521949418,1087.2672575886652,27.14048431620312,36.443599999999996,23.866679103391903,62.09536000000001
1.0,poisson,0.95,12.0,dense,0.4443,0.16092339792584542,305.4302923641625,91.75265342676477,25774.505406407512,27804.349012834824,34.8466596437558,37.279939999999996,1.903366941419156,0.0
1.0,poisson,0.95,12.0,joint_full,0.9777799999999999,0.04968543046004531,1418.664497821088,329.770855685932,670.4518591397186,1087.2078557595057,29.338278543786146,38.28207,23.866679103391903,62.09536000000001
1.0,poisson,0.95,12.0,static_pomt,0.4443,0.16092339792584542,305.4302923641625,91.75265342676477,25774.505406407512,27804.349012834824,36.38513564137734,38.71638,1.903366941419156,0.0
1.0,poisson,1.1,2.0,cliffserve,0.00046,0.00026076809620810597,174.9806205850669,0.035414898478572765,49080.526543965294,51145.31100735159,39.23376068671451,40.97541,1.0003001260618327,0.0
1.0,poisson,1.1,2.0,decoupled,0.00046,0.00026076809620810597,174.9806205850669,0.035414898478572765,49080.526543965294,51145.31100735159,37.548640018569465,39.47363,1.0003001260618327,0.0
1.0,poisson,1.1,2.0,dense,0.00046,0.00026076809620810597,174.9806205850669,0.035414898478572765,49080.526543965294,51145.31100735159,35.61936449233654,37.41082,1.0003001260618327,0.0
1.0,poisson,1.1,2.0,joint_full,0.00046,0.00026076809620810597,174.9806205850669,0.035414898478572765,49080.526543965294,51145.31100735159,40.55723860811414,42.14125,1.0003001260618327,0.0
1.0,poisson,1.1,2.0,static_pomt,0.00046,0.00026076809620810597,174.9806205850669,0.035414898478572765,49080.526543965294,51145.31100735159,37.18430189377453,39.17151,1.0003001260618327,0.0
1.0,poisson,1.1,4.0,cliffserve,0.00486,0.0011610340218959991,175.6388433836762,0.1699247292517927,48866.49640433307,50931.229334385585,39.24602891677134,40.85709,1.004238626713321,0.06144000000000001
1.0,poisson,1.1,4.0,decoupled,0.0047,0.0012409673645990857,175.61236932542218,0.18359014231907683,48875.0867446136,50939.823740794855,37.39570738783685,39.28061,1.0040572812041968,0.02048
1.0,poisson,1.1,4.0,dense,0.0047,0.0012409673645990857,175.61204335267627,0.18404297406376932,48875.19269020076,50939.92968638201,35.629667138147475,37.544689999999996,1.0040572812041968,0.0
1.0,poisson,1.1,4.0,joint_full,0.00486,0.0011610340218959991,175.6388433836762,0.1699247292517927,48866.49640433307,50931.229334385585,40.3889444370382,41.934839999999994,1.004238626713321,0.06144000000000001
1.0,poisson,1.1,4.0,static_pomt,0.0047,0.0012409673645990857,175.61204335267627,0.18404297406376932,48875.19269020076,50939.92968638201,37.154144490514184,38.96886,1.0040572812041968,0.0
1.0,poisson,1.1,8.0,cliffserve,0.02966,0.0038298825047251767,179.60036814746178,0.6282612377359661,47610.987155246694,49676.00475354262,39.1489228460304,40.902049999999996,1.0288607708177728,1.6896
1.0,poisson,1.1,8.0,decoupled,0.028300000000000002,0.004228474902373193,179.37809258741157,0.6972633026074044,47680.111281504585,49745.05137369891,37.564871968655886,39.61232,1.0274683142271681,1.5769600000000001
1.0,poisson,1.1,8.0,dense,0.023020000000000002,0.005487440204685607,178.51023255069202,0.8741036119791096,47951.58436433311,50016.48469151469,35.7217927438889,37.6789,1.0222045677709035,0.0
1.0,poisson,1.1,8.0,joint_full,0.02966,0.0038298825047251767,179.60036814746178,0.6282612377359661,47610.987155246694,49676.00475354262,40.58760438255718,42.488479999999996,1.0288607708177728,1.6896
1.0,poisson,1.1,8.0,static_pomt,0.023020000000000002,0.005487440204685607,178.51023255069202,0.8741036119791096,47951.58436433311,50016.48469151469,37.23173476002665,39.238099999999996,1.0222045677709035,0.0
1.0,poisson,1.1,12.0,cliffserve,0.07949999999999999,0.048149350982126436,188.5765464474795,9.281731974243135,45056.74430377956,47122.13221330233,39.148578780075255,40.81087999999999,1.0855975920329555,4.864
1.0,poisson,1.1,12.0,decoupled,0.0779,0.045047086476263924,188.23089640489616,8.609487359189208,45141.357151408156,47206.81792618533,37.39789767524478,39.31391,1.083348770669184,4.75136
1.0,poisson,1.1,12.0,dense,0.05686,0.019743049409855617,184.22591192803495,3.486144030826386,46227.342000293684,48292.724780863486,35.60206428757493,37.52039,1.0583169645011332,0.0
1.0,poisson,1.1,12.0,joint_full,0.07949999999999999,0.048149350982126436,188.5765464474795,9.281731974243135,45056.74430377956,47122.13221330233,40.446223363979755,42.089459999999995,1.0855975920329555,4.864
1.0,poisson,1.1,12.0,static_pomt,0.05686,0.019743049409855617,184.22591192803495,3.486144030826386,46227.342000293684,48292.724780863486,37.01521570479028,38.96966,1.0583169645011332,0.0
2.0,onoff,0.3,2.0,cliffserve,0.00198,0.0022631835983852482,174.81569991903672,0.2348332319537004,34922.97833269807,36385.42794509973,40.03210546878592,41.8493,1.0006406769149712,0.0
2.0,onoff,0.3,2.0,decoupled,0.00198,0.0022631835983852482,174.81569991903672,0.2348332319537004,34922.97833269807,36385.42794509973,37.227530598726716,39.43549,1.0006406769149712,0.0
2.0,onoff,0.3,2.0,dense,0.00198,0.0022631835983852482,174.81569991903672,0.2348332319537004,34922.97833269807,36385.42794509973,35.21651988853644,37.393449999999994,1.0006406769149712,0.0
2.0,onoff,0.3,2.0,joint_full,0.00198,0.0022631835983852482,174.81569991903672,0.2348332319537004,34922.97833269807,36385.42794509973,42.03720668225551,44.21568,1.0006406769149712,0.0
2.0,onoff,0.3,2.0,static_pomt,0.00092,0.0010473776778220929,174.75365915034098,0.24568698057501248,34943.285733386045,36405.723161498725,36.62896241652648,38.94967,1.0001600400112032,0.0672
2.0,onoff,0.3,4.0,cliffserve,0.63822,0.34030992785988484,331.11925357956477,127.95237866953137,12263.3478648868,13107.133144001538,25.079921090779532,29.8884,2.4161404578298042,0.7372799999999999
2.0,onoff,0.3,4.0,decoupled,0.40248,0.20273645947386967,241.1148626337802,43.9829757726082,20137.189293786934,21599.50269954718,32.84027406164213,39.186099999999996,1.4959489142853182,0.30720000000000003
2.0,onoff,0.3,4.0,dense,0.30574,0.06087386959936095,219.8340454291603,12.402766645040579,23321.270459442407,24783.57370027231,32.43303386530896,37.0807,1.3059415010884101,0.0
2.0,onoff,0.3,4.0,joint_full,0.63822,0.34030992785988484,331.11925357956477,127.95237866953137,12263.3478648868,13107.133144001538,28.237906065353787,33.52934,2.4161404578298042,0.7372799999999999
2.0,onoff,0.3,4.0,static_pomt,0.00334,0.0022755219181541625,174.92944171845002,0.41223653174025077,34885.93499095542,36348.39817322231,36.70218996414805,39.10253,1.0017646393908652,0.30335999999999996
2.0,onoff,0.3,8.0,cliffserve,1.0,0.0,489.7161017138713,29.9390845634165,16.300045979730054,18.843901104206005,9.806381482344108,13.171789999999998,3.9985151519481903,1.87392
2.0,onoff,0.3,8.0,decoupled,1.0,0.0,489.7161017138713,29.9390845634165,16.300045979730054,18.843901104206005,12.237247458907301,15.1846,3.9985151519481903,1.87392
2.0,onoff,0.3,8.0,dense,1.0,0.0,489.7158018974509,29.938492348194355,16.467204561200518,19.91439014856374,9.249963092184073,11.94242,4.005930339663076,0.0
2.0,onoff,0.3,8.0,joint_full,1.0,0.0,489.7161017138713,29.9390845634165,16.300045979730054,18.843901104206005,13.758084134792501,18.93061,3.9985151519481903,1.87392
2.0,onoff,0.3,8.0,static_pomt,1.0,0.0,489.44010541558265,29.66221508734742,26.07942538174954,28.811243416183743,10.576037690966139,15.56926,5.740748979884913,96.0
2.0,onoff,0.3,12.0,cliffserve,1.0,0.0,489.7161017138713,29.9390845634165,16.300045979730054,18.843901104206005,9.824167250503056,13.20096,3.9985151519481903,1.87392
2.0,onoff,0.3,12.0,decoupled,1.0,0.0,489.7161017138713,29.9390845634165,16.300045979730054,18.843901104206005,12.23920259462984,15.19651,3.9985151519481903,1.87392
2.0,onoff,0.3,12.0,dense,1.0,0.0,489.7158018974509,29.938492348194355,16.467204561200518,19.91439014856374,9.197054006149653,11.88412,4.005930339663076,0.0
2.0,onoff,0.3,12.0,joint_full,1.0,0.0,489.7161017138713,29.9390845634165,16.300045979730054,18.843901104206005,13.743055079002596,18.93167,3.9985151519481903,1.87392
2.0,onoff,0.3,12.0,static_pomt,1.0,0.0,489.44010541558265,29.66221508734742,26.07942538174954,28.811243416183743,10.528268325364909,15.48424,5.740748979884913,96.0
2.0,onoff,0.6,2.0,cliffserve,0.0009000000000000001,0.0007416198487095664,175.00562123299582,0.025630319583589883,45521.0107515154,47306.855632999715,40.20239772709234,42.51395,1.0005203402670344,0.0
2.0,onoff,0.6,2.0,decoupled,0.0009000000000000001,0.0007416198487095664,175.00562123299582,0.025630319583589883,45521.0107515154,47306.855632999715,37.5918321603464,39.736509999999996,1.0005203402670344,0.0
2.0,onoff,0.6,2.0,dense,0.0009000000000000001,0.0007416198487095664,175.00562123299582,0.025630319583589883,45521.0107515154,47306.855632999715,35.27587651683556,37.42451,1.0005203402670344,0.0
2.0,onoff,0.6,2.0,joint_full,0.0009000000000000001,0.0007416198487095664,175.00562123299582,0.025630319583589883,45521.0107515154,47306.855632999715,42.349572341477405,44.44008999999999,1.0005203402670344,0.0
2.0,onoff,0.6,2.0,static_pomt,0.00032,0.00016431676725154983,174.94238140345567,0.021025948225412785,45541.65826487057,47327.511327540604,36.82170481230274,39.039840000000005,1.0001600400112032,0.024959999999999996
2.0,onoff,0.6,4.0,cliffserve,0.006039999999999999,0.0012136721138759016,175.72180670613525,0.07129516382275736,45288.1438067791,47073.95431075811,40.23628938283061,42.353649999999995,1.0048839566489085,0.12287999999999999
2.0,onoff,0.6,4.0,decoupled,0.00572,0.0012070625501605127,175.67071560310052,0.09115309467268078,45304.70615281315,47090.495564318175,37.48337737868896,39.58269,1.0045609916786886,0.061439999999999995
2.0,onoff,0.6,4.0,dense,0.00564,0.0012621410380777578,175.65608303235976,0.09311394376190281,45309.45788383694,47095.249834798335,35.499935581223475,37.41467,1.0044802830016222,0.0
2.0,onoff,0.6,4.0,joint_full,0.006039999999999999,0.0012136721138759016,175.72180670613525,0.07129516382275736,45288.1438067791,47073.95431075811,42.12500841278654,44.52060999999999,1.0048839566489085,0.12287999999999999
2.0,onoff,0.6,4.0,static_pomt,0.0023,0.0009924716620639605,175.18713424472668,0.16248927623928483,45461.8101832018,47247.688535938556,37.09062473068752,39.38821,1.0018239921424694,0.21312000000000003
2.0,onoff,0.6,8.0,cliffserve,0.96968,0.0677975810777936,994.4807941718138,258.78327286808144,1053.9739896098288,1466.763358987535,16.78210680604737,30.9831,9.464948151834898,77.75232
2.0,onoff,0.6,8.0,decoupled,0.9684799999999999,0.07048086265079335,992.6727154014291,262.66401297737696,1115.0239592623439,1527.616190131262,18.22326190212707,30.05937,9.434481663801098,77.58336
2.0,onoff,0.6,8.0,dense,0.04864,0.024475559237737553,181.79498888668996,2.9600604262766668,43398.61718985237,45184.61315118974,35.29554290549319,37.53024,1.0442253615321568,0.0
2.0,onoff,0.6,8.0,joint_full,0.96968,0.0677975810777936,994.4807941718138,258.78327286808144,1053.9739896098288,1466.763358987535,20.980061294145976,36.70419,9.464948151834898,77.75232
2.0,onoff,0.6,8.0,static_pomt,0.96854,0.07034669857214337,991.8396147441015,261.8253245234524,1112.9504552242643,1525.7711628436514,17.017129246771493,26.5839,11.595178864132864,92.97984
2.0,onoff,0.6,12.0,cliffserve,1.0,0.0,1073.7374452872862,99.10012025597545,31.747423641432572,36.645885667935275,13.604603244031404,28.33775,10.43710366415339,80.4864
2.0,onoff,0.6,12.0,decoupled,1.0,0.0,1073.7374452872862,99.10012025597545,31.747423641432572,36.645885667935275,15.659170230113451,28.28005,10.43710366415339,80.4864
2.0,onoff,0.6,12.0,dense,0.28246000000000004,0.3130816315276257,264.0756116134986,144.10544504756012,32380.89782346426,34166.96374287715,33.511647873725465,37.34365,1.6949366447306964,0.0
2.0,onoff,0.6,12.0,joint_full,1.0,0.0,1073.7374452872862,99.10012025597545,31.747423641432572,36.645885667935275,18.13591519630892,35.40884,10.43710366415339,80.4864
2.0,onoff,0.6,12.0,static_pomt,1.0,0.0,1072.824338024689,98.19924754415948,32.31005282693357,37.17868344686535,14.139751333046211,23.9053,13.012449357901971,96.0
2.0,onoff,0.8,2.0,cliffserve,0.0009400000000000001,0.0005813776741499453,175.03004658296027,0.041022904436938075,47177.74592824328,49108.21694975863,40.26888752779202,42.13574,1.000620450364115,0.0
2.0,onoff,0.8,2.0,decoupled,0.0009400000000000001,0.0005813776741499453,175.03004658296027,0.041022904436938075,47177.74592824328,49108.21694975863,37.57511443451339,39.47,1.000620450364115,0.0
2.0,onoff,0.8,2.0,dense,0.0009400000000000001,0.0005813776741499453,175.03004658296027,0.041022904436938075,47177.74592824328,49108.21694975863,35.179525792622215,37.26083,1.000620450364115,0.0
2.0,onoff,0.8,2.0,joint_full,0.0009400000000000001,0.0005813776741499453,175.03004658296027,0.041022904436938075,47177.74592824328,49108.21694975863,42.33367737422289,43.94837,1.000620450364115,0.0
2.0,onoff,0.8,2.0,static_pomt,0.00028000000000000003,0.00010954451150103323,174.94547693899275,0.01743388535251095,47205.35860997707,49135.8305218275,37.06094207631426,39.036559999999994,1.000180042011403,0.026879999999999998
2.0,onoff,0.8,4.0,cliffserve,0.00544,0.0027978563222581677,175.65276496979203,0.30841003978231585,46975.323059287104,48905.840784115324,40.15521479606946,41.80037,1.004422454475797,0.16896
2.0,onoff,0.8,4.0,decoupled,0.00528,0.002476287543884999,175.62397191160957,0.25425077468226115,46984.65559267524,48915.12452133704,37.47698580443713,39.292719999999996,1.0042399987272876,0.12287999999999999
2.0,onoff,0.8,4.0,dense,0.00496,0.0024141251003210254,175.5706502709748,0.24051320352358965,47001.964381308586,48932.425350340374,35.357510934567756,37.202,1.0039373250573338,0.0
2.0,onoff,0.8,4.0,joint_full,0.00544,0.0027978563222581677,175.65276496979203,0.30841003978231585,46975.323059287104,48905.840784115324,42.20214453450856,43.64478999999999,1.004422454475797,0.16896
2.0,onoff,0.8,4.0,static_pomt,0.0021199999999999995,0.00028635642126552695,175.1739816016746,0.04063197849164551,47130.81410376102,49061.30604741458,37.11518354379333,39.0974,1.0017029029623055,0.19776
2.0,onoff,0.8,8.0,cliffserve,0.04738,0.04007745001868258,182.42419216053958,6.399414573755327,44913.470892965495,46844.23965657965,40.03085541414644,42.35515999999999,1.0464542186795973,3.8246399999999996
2.0,onoff,0.8,8.0,decoupled,0.037739999999999996,0.02671737262531628,180.69813101896972,3.944154942659204,45406.27954237619,47336.834481983315,37.41658039075218,39.3523,1.0356679469479466,2.9491199999999997
2.0,onoff,0.8,8.0,dense,0.016239999999999997,0.00353100552251055,177.34023368912466,0.5562818657109417,46434.04303741935,48364.51286061717,35.524530651118106,37.345119999999994,1.0149491350736137,0.0
2.0,onoff,0.8,8.0,joint_full,0.04738,0.04007745001868258,182.42419216053958,6.399414573755327,44913.470892965495,46844.23965657965,42.133453117543226,44.415169999999996,1.0464542186795973,3.8246399999999996
2.0,onoff,0.8,8.0,static_pomt,0.04034,0.026446606587613462,181.14756501993446,3.9248759205845825,45268.42783587274,47199.09188584573,36.78299609108952,39.015570000000004,1.0393835717607975,3.8668800000000005
2.0,onoff,0.8,12.0,cliffserve,0.39428,0.31395222088719166,314.12018365294807,166.42635302440294,27961.047382341065,29891.856009579795,37.63982899015626,41.97483,1.9879965537241229,32.3328
2.0,onoff,0.8,12.0,decoupled,0.29708,0.20003328972948478,244.30816016979625,55.275874395871085,32703.83748120118,34634.64161787461,36.66386995180003,39.67984,1.4461637431746126,24.23808
2.0,onoff,0.8,12.0,dense,0.03902,0.02605805057942747,180.84340714209068,3.8319250980568427,45360.4843199698,47291.110017241605,34.967311908406124,37.17232,1.03737378135058,0.0
2.0,onoff,0.8,12.0,joint_full,0.39428,0.31395222088719166,314.12018365294807,166.42635302440294,27961.047382341065,29891.856009579795,39.858493565378645,45.097,1.9879965537241229,32.3328
2.0,onoff,0.8,12.0,static_pomt,0.30554,0.20534343914525244,247.79863132276606,58.55097747301238,32254.243237490726,34184.992815303376,35.963252039005965,38.6838,1.4889519142309358,29.327999999999996
2.0,onoff,0.95,2.0,cliffserve,0.00092,0.0007563068160475615,175.0326896525909,0.07188989329799159,48766.04985509534,50783.42184953188,40.21376501964396,42.28832,1.0006205425648511,0.0
2.0,onoff,0.95,2.0,decoupled,0.00092,0.0007563068160475615,175.0326896525909,0.07188989329799159,48766.04985509534,50783.42184953188,37.6341641018429,39.66341,1.0006205425648511,0.0
2.0,onoff,0.95,2.0,dense,0.00092,0.0007563068160475615,175.0326896525909,0.07188989329799159,48766.04985509534,50783.42184953188,35.50603289480098,37.59898,1.0006205425648511,0.0
2.0,onoff,0.95,2.0,joint_full,0.00092,0.0007563068160475615,175.0326896525909,0.07188989329799159,48766.04985509534,50783.42184953188,42.27801289457789,44.320039999999985,1.0006205425648511,0.0
2.0,onoff,0.95,2.0,static_pomt,0.00035999999999999997,0.00026076809620810597,174.95947602786137,0.04517977395751371,48789.97634910363,50807.35043005178,37.00719326930085,39.2482,1.0002601220746496,0.034559999999999994
2.0,onoff,0.95,4.0,cliffserve,0.00504,0.002551078203426935,175.62246253720616,0.29629220690505126,48574.40145231805,50591.7279363624,40.038027663706565,42.21375999999999,1.0042203722675704,0.24575999999999998
2.0,onoff,0.95,4.0,decoupled,0.004960000000000001,0.0023891421054428722,175.60571596198588,0.2666766625277287,48579.80615434728,50597.13851595319,37.482724045652205,39.526089999999996,1.004098836998378,0.18431999999999998
2.0,onoff,0.95,4.0,dense,0.00464,0.0023212065827926645,175.55166260171046,0.2606022882283625,48597.32165328107,50614.67612056555,35.39883835875551,37.577479999999994,1.0037964024656798,0.0
2.0,onoff,0.95,4.0,joint_full,0.00504,0.002551078203426935,175.62246253720616,0.29629220690505126,48574.40145231805,50591.7279363624,42.18889600321332,44.301669999999994,1.0042203722675704,0.24575999999999998
2.0,onoff,0.95,4.0,static_pomt,0.002,0.0007416198487095663,175.19048082948956,0.13393494366132372,48714.69816060799,50732.0573294935,36.841296424144545,39.13209,1.0016833189075682,0.18048
2.0,onoff,0.95,8.0,cliffserve,0.0356,0.03141782933303954,180.5797339019943,5.022432683428515,47044.31665721923,49061.66203159103,40.040081851055376,41.80897,1.034535560623786,2.81088
2.0,onoff,0.95,8.0,decoupled,0.022,0.0057515215378193645,178.33539054715902,0.81866171186586,47709.05996800353,49726.50884841305,37.558814237359655,39.51022,1.020740437791152,1.7510400000000002
2.0,onoff,0.95,8.0,dense,0.01432,0.0035681928199019744,177.07282348391018,0.567201435574456,48108.39451608739,50125.72795029081,35.30022916740385,37.402120000000004,1.013283556372719,0.0
2.0,onoff,0.95,8.0,joint_full,0.0356,0.03141782933303954,180.5797339019943,5.022432683428515,47044.31665721923,49061.66203159103,42.25809654597506,44.40936999999998,1.034535560623786,2.81088
2.0,onoff,0.95,8.0,static_pomt,0.03444,0.03164684818429791,180.38096862580548,5.0526654992686035,47105.81446035458,49123.155492411664,36.84087418474738,39.000189999999996,1.0342010804734327,3.3024
2.0,onoff,0.95,12.0,cliffserve,0.06938,0.03925980132400061,186.5840905944005,6.7533312346439,45284.24524302716,47301.83159519457,40.07591562060899,42.35056999999999,1.0716440554284827,6.021120000000001
2.0,onoff,0.95,12.0,decoupled,0.06558,0.03777660651779088,185.86015272825608,6.426090745313616,45488.54893767387,47506.116620499226,37.58243084277547,39.63286,1.0670279056142027,5.51424
2.0,onoff,0.95,12.0,dense,0.03764,0.03208407704765715,180.86407267064135,5.160283642113631,46958.960058995275,48976.289290185276,35.42364731793815,37.4406,1.0371643005074787,0.0
2.0,onoff,0.95,12.0,joint_full,0.06938,0.03925980132400061,186.5840905944005,6.7533312346439,45284.24524302716,47301.83159519457,42.27595131595253,44.694569999999985,1.0716440554284827,6.021120000000001
2.0,onoff,0.95,12.0,static_pomt,0.06788,0.0392681423039084,186.29864240446835,6.736237969476751,45366.268380304115,47383.89048436265,36.94567882458047,39.12609,1.0709619761791151,6.51456
2.0,onoff,1.1,2.0,cliffserve,0.00052,0.000303315017762062,174.99378807187216,0.04617847542458711,49252.97273437149,51289.04572297011,40.08384784351343,41.927260000000004,1.000380206125079,0.0
2.0,onoff,1.1,2.0,decoupled,0.00052,0.000303315017762062,174.99378807187216,0.04617847542458711,49252.97273437149,51289.04572297011,37.58047322322937,39.53923,1.000380206125079,0.0
2.0,onoff,1.1,2.0,dense,0.00052,0.000303315017762062,174.99378807187216,0.04617847542458711,49252.97273437149,51289.04572297011,35.41611784669941,37.4153,1.000380206125079,0.0
2.0,onoff,1.1,2.0,joint_full,0.00052,0.000303315017762062,174.99378807187216,0.04617847542458711,49252.97273437149,51289.04572297011,42.17334876042877,44.229150000000004,1.000380206125079,0.0
2.0,onoff,1.1,2.0,static_pomt,0.00035999999999999997,0.00026076809620810597,174.95947602786137,0.04517977395751368,49264.19314745552,51300.268621878735,37.01236128371125,39.20364,1.0002601220746496,0.034559999999999994
2.0,onoff,1.1,4.0,cliffserve,0.00538,0.0029718680993610735,175.67990901541458,0.3658651717364635,49030.020893337474,51066.10935206797,40.1512332925323,42.02446,1.0045444783141828,0.27647999999999995
2.0,onoff,1.1,4.0,decoupled,0.00506,0.0031189741903388684,175.62315522646588,0.3899381434447805,49048.435966236335,51084.50827455618,37.54347002274439,39.42524,1.0041818879744686,0.19968
2.0,onoff,1.1,4.0,dense,0.0033599999999999997,0.0012759310326189263,175.40300576300484,0.14744809478081583,49119.736088453596,51155.80086126529,35.47454134964797,37.56884,1.0028687748729095,0.0
2.0,onoff,1.1,4.0,joint_full,0.00538,0.0029718680993610735,175.67990901541458,0.3658651717364635,49030.020893337474,51066.10935206797,42.250846497222184,44.014709999999994,1.0045444783141828,0.27647999999999995
2.0,onoff,1.1,4.0,static_pomt,0.0018,0.0006480740698407859,175.16364459309779,0.1153537098744871,49197.63941647655,51233.71493751918,36.916294808172225,39.021679999999996,1.0015226769566294,0.16512
2.0,onoff,1.1,8.0,cliffserve,0.026600000000000002,0.014708670912084477,178.87243096709457,1.9893373874223792,48019.573327158665,50055.74483956672,40.05402195112306,41.96468,1.0240333573570815,1.90464
2.0,onoff,1.1,8.0,decoupled,0.0218,0.01217805403174087,178.11182193536953,1.5179981529817492,48255.97864890931,50292.07975434543,37.53707018176807,39.5695,1.0193939994607395,1.5206399999999998
2.0,onoff,1.1,8.0,dense,0.01146,0.0025274493071078597,176.6272392383211,0.28809124632207594,48724.77092045997,50760.85633915045,35.569435119040264,37.72228,1.010470736749826,0.0
2.0,onoff,1.1,8.0,joint_full,0.026600000000000002,0.014708670912084477,178.87243096709457,1.9893373874223792,48019.573327158665,50055.74483956672,42.349507837831496,44.3424,1.0240333573570815,1.90464
2.0,onoff,1.1,8.0,static_pomt,0.015,0.003916631205513227,177.22182523313452,0.535415809967273,48535.156215297044,50571.219373726,36.993929461857704,39.250099999999996,1.0142907985256424,1.43424
2.0,onoff,1.1,12.0,cliffserve,0.05162,0.023812118763352413,183.09554523136845,3.870272116710498,46743.44897879056,48779.90714373979,40.13068118435197,42.256859999999996,1.0500510665390004,4.10112
2.0,onoff,1.1,12.0,decoupled,0.0497,0.0240167649778233,182.74594674603847,3.8940620974731073,46848.335635556505,48884.73788732442,37.46956128104519,39.46641,1.0478561898877543,3.85536
2.0,onoff,1.1,12.0,dense,0.02898,0.014774877326055876,179.21820756344113,2.004018779935906,47911.62378443607,49947.92513296092,35.45631094366313,37.31043,1.0267098400027703,0.0
2.0,onoff,1.1,12.0,joint_full,0.05162,0.023812118763352413,183.09554523136845,3.870272116710498,46743.44897879056,48779.90714373979,42.1071955332092,43.90756999999999,1.0500510665390004,4.10112
2.0,onoff,1.1,12.0,static_pomt,0.050839999999999996,0.024106492901291136,182.95133546169126,3.917669660006039,46787.008713118514,48823.39053727412,36.68991414510075,39.00153,1.0506448316063999,4.87296
2.0,poisson,0.3,2.0,cliffserve,0.00054,0.0003049590136395381,174.97251280564888,0.03078313684806988,35188.13830722286,36662.30408827486,40.17227079890463,42.12305,1.000260094039818,0.0
2.0,poisson,0.3,2.0,decoupled,0.00054,0.0003049590136395381,174.97251280564888,0.03078313684806988,35188.13830722286,36662.30408827486,37.53541775190052,39.59269,1.000260094039818,0.0
2.0,poisson,0.3,2.0,dense,0.00054,0.0003049590136395381,174.97251280564888,0.03078313684806988,35188.13830722286,36662.30408827486,35.570450685451945,37.66686,1.000260094039818,0.0
2.0,poisson,0.3,2.0,joint_full,0.00054,0.0003049590136395381,174.97251280564888,0.03078313684806988,35188.13830722286,36662.30408827486,42.261792570678665,44.154379999999996,1.000260094039818,0.0
2.0,poisson,0.3,2.0,static_pomt,0.00014000000000000001,5.4772255750516614e-05,174.9190802742648,0.004342724130482202,35205.64615368988,36679.78331255713,37.19668623874187,39.36029,1.0000200020002,0.011519999999999999
2.0,poisson,0.3,4.0,cliffserve,1.0,0.0,496.3945049572415,4.092083848173137,13.824389249212924,15.442690609800835,9.36105391478942,11.015989999999999,2.8785146492092597,0.0
2.0,poisson,0.3,4.0,decoupled,1.0,0.0,496.3945049572415,4.092083848173137,13.824389249212924,15.442690609800835,11.66569074822895,12.99314,2.8785146492092597,0.0
2.0,poisson,0.3,4.0,dense,1.0,0.0,496.3945049572415,4.092083848173137,13.824389249212924,15.442690609800835,8.764240734003094,10.04895,2.8785146492092597,0.0
2.0,poisson,0.3,4.0,joint_full,1.0,0.0,496.3945049572415,4.092083848173137,13.824389249212924,15.442690609800835,12.93958376586267,15.3898,2.8785146492092597,0.0
2.0,poisson,0.3,4.0,static_pomt,0.0013,0.000784219357067906,175.02605520015095,0.09903987246454264,35170.76803782608,36644.88793036833,36.74774516143996,39.18248,1.000821031452767,0.11135999999999999
2.0,poisson,0.3,8.0,cliffserve,1.0,0.0,496.3945049572415,4.092083848173137,13.824389249212924,15.442690609800835,9.345994715817422,10.98455,2.8785146492092597,0.0
2.0,poisson,0.3,8.0,decoupled,1.0,0.0,496.3945049572415,4.092083848173137,13.824389249212924,15.442690609800835,11.719002355504823,13.07444,2.8785146492092597,0.0
2.0,poisson,0.3,8.0,dense,1.0,0.0,496.3945049572415,4.092083848173137,13.824389249212924,15.442690609800835,8.772037209530211,10.0588,2.8785146492092597,0.0
2.0,poisson,0.3,8.0,joint_full,1.0,0.0,496.3945049572415,4.092083848173137,13.824389249212924,15.442690609800835,12.939167922320625,15.38255,2.8785146492092597,0.0
2.0,poisson,0.3,8.0,static_pomt,1.0,0.0,496.12851468240945,4.141882424519808,25.00078418132421,27.601181867019243,10.825746636993012,12.592,5.0707563109107054,96.0
2.0,poisson,0.3,12.0,cliffserve,1.0,0.0,496.3945049572415,4.092083848173137,13.824389249212924,15.442690609800835,9.346909397041001,10.99375,2.8785146492092597,0.0
2.0,poisson,0.3,12.0,decoupled,1.0,0.0,496.3945049572415,4.092083848173137,13.824389249212924,15.442690609800835,11.645383301763504,12.99785,2.8785146492092597,0.0
2.0,poisson,0.3,12.0,dense,1.0,0.0,496.3945049572415,4.092083848173137,13.824389249212924,15.442690609800835,8.743710292807602,10.0188,2.8785146492092597,0.0
2.0,poisson,0.3,12.0,joint_full,1.0,0.0,496.3945049572415,4.092083848173137,13.824389249212924,15.442690609800835,12.916004487588674,15.37851,2.8785146492092597,0.0
2.0,poisson,0.3,12.0,static_pomt,1.0,0.0,496.12851468240945,4.141882424519808,25.00078418132421,27.601181867019243,10.770545539779572,12.54127,5.0707563109107054,96.0
2.0,poisson,0.6,2.0,cliffserve,0.00074,0.00020736441353327723,175.01494059274654,0.03246927729215843,44727.13941739632,46607.37030481095,40.264891487844906,41.99429,1.000500278168308,0.0
2.0,poisson,0.6,2.0,decoupled,0.00074,0.00020736441353327723,175.01494059274654,0.03246927729215843,44727.13941739632,46607.37030481095,37.657467031345064,39.5939,1.000500278168308,0.0
2.0,poisson,0.6,2.0,dense,0.00074,0.00020736441353327723,175.01494059274654,0.03246927729215843,44727.13941739632,46607.37030481095,35.60157404249512,37.57305,1.000500278168308,0.0
2.0,poisson,0.6,2.0,joint_full,0.00074,0.00020736441353327723,175.01494059274654,0.03246927729215843,44727.13941739632,46607.37030481095,42.39051710296742,43.9745,1.000500278168308,0.0
2.0,poisson,0.6,2.0,static_pomt,0.00016,5.477225575051661e-05,174.92524601798272,0.00858109116258885,44756.46055898738,46636.66145079846,36.89786812293229,38.99645,1.0000600060006,0.015359999999999999
2.0,poisson,0.6,4.0,cliffserve,0.18374000000000001,0.17044483858421763,211.02834217197,38.016848355193275,36122.29079991413,38002.73764563985,39.087088130651175,41.89046,1.215062690324985,0.768
2.0,poisson,0.6,4.0,decoupled,0.14124,0.10895222806349578,199.50201760941195,20.41784162452021,38132.03652180903,40012.38964713394,37.083986707311354,39.6185,1.145390588581717,0.21503999999999998
2.0,poisson,0.6,4.0,dense,0.13024,0.09337744909773452,196.96780897854947,16.55691558730439,38652.94224568598,40533.25741929256,34.947268770151595,37.61587,1.1302680891484091,0.0
2.0,poisson,0.6,4.0,joint_full,0.18374000000000001,0.17044483858421763,211.02834217197,38.016848355193275,36122.29079991413,38002.73764563985,41.14210968370894,43.66669,1.215062690324985,0.768
2.0,poisson,0.6,4.0,static_pomt,0.00162,0.0006534523701081816,175.10472797730162,0.08973874313478353,44697.904538808594,46578.136446871235,37.22296812697236,39.23124,1.001241802969735,0.14784
2.0,poisson,0.6,8.0,cliffserve,1.0,0.0,991.8087590693733,7.838591143081378,18.248985797545053,21.604560090841165,12.198580254508986,13.42622,6.6492304449761575,7.58784
2.0,poisson,0.6,8.0,decoupled,1.0,0.0,991.8087590693733,7.838591143081378,18.248985797545053,21.604560090841165,14.229947267524969,16.748389999999954,6.6492304449761575,7.58784
2.0,poisson,0.6,8.0,dense,1.0,0.0,992.0915296309698,7.776070545389088,19.7919643362508,24.564723869639472,11.072315317952304,13.45703,6.747147806874523,0.0
2.0,poisson,0.6,8.0,joint_full,1.0,0.0,991.8087590693733,7.838591143081378,18.248985797545053,21.604560090841165,17.455968622632348,22.03119,6.6492304449761575,7.58784
2.0,poisson,0.6,8.0,static_pomt,1.0,0.0,990.3433278514519,7.440585551223105,26.440633603848802,28.83990633295312,13.386005163458758,15.68216,10.551430052460606,96.0
2.0,poisson,0.6,12.0,cliffserve,1.0,0.0,991.8087590693733,7.838591143081378,18.248985797545053,21.604560090841165,12.20232265534935,13.646029999999996,6.6492304449761575,7.58784
2.0,poisson,0.6,12.0,decoupled,1.0,0.0,991.8087590693733,7.838591143081378,18.248985797545053,21.604560090841165,14.230750703634934,16.808899999999973,6.6492304449761575,7.58784
2.0,poisson,0.6,12.0,dense,1.0,0.0,992.0915296309698,7.776070545389088,19.7919643362508,24.564723869639472,11.113239833722412,13.851559999999997,6.747147806874523,0.0
2.0,poisson,0.6,12.0,joint_full,1.0,0.0,991.8087590693733,7.838591143081378,18.248985797545053,21.604560090841165,17.468419287172107,20.836759999999988,6.6492304449761575,7.58784
2.0,poisson,0.6,12.0,static_pomt,1.0,0.0,990.3433278514519,7.440585551223105,26.440633603848802,28.83990633295312,13.408164568890754,15.7373,10.551430052460606,96.0
2.0,poisson,0.8,2.0,cliffserve,0.00058,0.00028635642126552705,174.99489497443605,0.040611440106425326,47121.92951001937,49103.661372696966,40.23835357885522,41.98338,1.00038018209986,0.0
2.0,poisson,0.8,2.0,decoupled,0.00058,0.00028635642126552705,174.99489497443605,0.040611440106425326,47121.92951001937,49103.661372696966,37.59891371817123,39.5989,1.00038018209986,0.0
2.0,poisson,0.8,2.0,dense,0.00058,0.00028635642126552705,174.99489497443605,0.040611440106425326,47121.92951001937,49103.661372696966,35.571704757827995,37.469030000000004,1.00038018209986,0.0
2.0,poisson,0.8,2.0,joint_full,0.00058,0.00028635642126552705,174.99489497443605,0.040611440106425326,47121.92951001937,49103.661372696966,42.32606541491249,44.53747,1.00038018209986,0.0
2.0,poisson,0.8,2.0,static_pomt,0.00018,4.4721359549995795e-05,174.92833352734985,0.0071832513432348415,47143.657877057136,49125.37331997118,36.8464616760236,39.00169,1.0000800080008,0.017279999999999997
2.0,poisson,0.8,4.0,cliffserve,0.00986,0.005041626721604843,176.38226629835194,0.7595221918729903,46673.32828723723,48655.03876659784,40.14314717379015,41.908629999999995,1.0086501404152417,0.18431999999999998
2.0,poisson,0.8,4.0,decoupled,0.00794,0.004007243441569279,176.08228715754174,0.593837211154282,46769.59525334651,48751.25352137956,37.35237967871104,39.51396,1.0068157545411378,0.030719999999999997
2.0,poisson,0.8,4.0,dense,0.00778,0.0036772272162595558,176.0599886372134,0.547773388571175,46776.71297443683,48758.37316244707,35.61124681284731,37.48571,1.0066927720622978,0.0
2.0,poisson,0.8,4.0,joint_full,0.00986,0.005041626721604843,176.38226629835194,0.7595221918729903,46673.32828723723,48655.03876659784,42.38995904671956,44.23754999999999,1.0086501404152417,0.18431999999999998
2.0,poisson,0.8,4.0,static_pomt,0.00172,0.0010425929215182692,175.13304090072387,0.15684492731119476,47076.90954984481,49058.59331503209,37.03946793609164,39.116279999999996,1.0013826403997086,0.15744
2.0,poisson,0.8,8.0,cliffserve,1.0,0.0,1320.893677478895,10.869970025183305,25.072377981388804,27.5387665128707,15.380349592262217,22.15821,12.423209051086701,66.2784
2.0,poisson,0.8,8.0,decoupled,1.0,0.0,1320.893677478895,10.869970025183305,25.072377981388804,27.5387665128707,17.136842859367512,23.020609999999998,12.423209051086701,66.2784
2.0,poisson,0.8,8.0,dense,0.85724,0.31922106446786996,1100.9140143156287,485.4493869916237,6629.943264361069,7032.5819127610175,19.11087630810964,23.975900000000003,13.519133429240544,0.0
2.0,poisson,0.8,8.0,joint_full,1.0,0.0,1320.893677478895,10.869970025183305,25.072377981388804,27.5387665128707,21.39839512538421,28.857409999999998,12.423209051086701,66.2784
2.0,poisson,0.8,8.0,static_pomt,1.0,0.0,1319.2411648022946,10.472803032193637,26.711715239318217,29.279607138211333,15.2810362574061,19.3913,15.09354853548462,96.0
2.0,poisson,0.8,12.0,cliffserve,1.0,0.0,1320.893677478895,10.869970025183305,25.072377981388804,27.5387665128707,15.463080191520868,22.2469,12.423209051086701,66.2784
2.0,poisson,0.8,12.0,decoupled,1.0,0.0,1320.893677478895,10.869970025183305,25.072377981388804,27.5387665128707,17.026824686792168,22.78262,12.423209051086701,66.2784
2.0,poisson,0.8,12.0,dense,1.0,0.0,1320.5855453838017,10.46222551454999,34.07753251507809,38.60951211147966,15.11890339187365,21.32900999999999,16.724102366237624,0.0
2.0,poisson,0.8,12.0,joint_full,1.0,0.0,1320.893677478895,10.869970025183305,25.072377981388804,27.5387665128707,21.475016679331787,28.88658,12.423209051086701,66.2784
2.0,poisson,0.8,12.0,static_pomt,1.0,0.0,1319.2411648022946,10.472803032193637,26.711715239318217,29.279607138211333,15.222504969567842,19.31202,15.09354853548462,96.0
2.0,poisson,0.95,2.0,cliffserve,0.0007,0.00019999999999999998,175.0124006442474,0.02861234972094856,48247.45342754284,50277.26632737664,40.0623692867478,41.90145,1.000480252142886,0.0
2.0,poisson,0.95,2.0,decoupled,0.0007,0.00019999999999999998,175.0124006442474,0.02861234972094856,48247.45342754284,50277.26632737664,37.516114924759485,39.49353,1.000480252142886,0.0
2.0,poisson,0.95,2.0,dense,0.0007,0.00019999999999999998,175.0124006442474,0.02861234972094856,48247.45342754284,50277.26632737664,35.68563815268429,37.580529999999996,1.000480252142886,0.0
2.0,poisson,0.95,2.0,joint_full,0.0007,0.00019999999999999998,175.0124006442474,0.02861234972094856,48247.45342754284,50277.26632737664,42.29496521065344,43.94419,1.000480252142886,0.0
2.0,poisson,0.95,2.0,static_pomt,0.00022,0.00010954451150103323,174.93534869584207,0.016397374427551046,48272.61532142559,50302.41920639066,37.071276976093166,39.14398,1.0001200240060015,0.021119999999999996
2.0,poisson,0.95,4.0,cliffserve,0.0064600000000000005,0.0014099645385611654,175.8837081096413,0.20948823761879173,47964.522032303015,49994.26369891003,40.112341964364845,41.740140000000004,1.0057136496406591,0.18431999999999998
2.0,poisson,0.95,4.0,decoupled,0.0061400000000000005,0.0017515707236649047,175.83270324154344,0.263373177091913,47981.0719781057,50010.80308194569,37.68175039987183,39.639959999999995,1.0053908471973534,0.12287999999999999
2.0,poisson,0.95,4.0,dense,0.00574,0.0015059880477613355,175.76504097991736,0.22304203591654595,48002.90387366692,50032.65561939744,35.659212307723614,37.532,1.0049860824176442,0.0
2.0,poisson,0.95,4.0,joint_full,0.0064600000000000005,0.0014099645385611654,175.8837081096413,0.20948823761879173,47964.522032303015,49994.26369891003,42.30842789203875,44.20134,1.0057136496406591,0.18431999999999998
2.0,poisson,0.95,4.0,static_pomt,0.00172,0.0006379655163094634,175.14236319334404,0.09614180243571747,48205.113573798335,50234.89382147912,37.02745332330196,39.02729,1.00142229009372,0.15936
2.0,poisson,0.95,8.0,cliffserve,1.0,0.0,1567.4724100751912,12.335309773209957,28.386046063663706,31.33390323838508,19.28031018014586,27.294459999999997,18.80131761990483,92.00640000000001
2.0,poisson,0.95,8.0,decoupled,1.0,0.0,1567.4699329900413,12.332232464357205,28.377309294680703,31.31544248408854,20.41176495784657,27.80814,18.80131761990483,92.05248
2.0,poisson,0.95,8.0,dense,0.0851,0.0802145872020794,190.04554378680385,16.15794873170918,44002.52756284157,46032.712400035176,35.253238506401395,37.329809999999995,1.0953522134903568,0.0
2.0,poisson,0.95,8.0,joint_full,1.0,0.0,1567.4724100751912,12.335309773209957,28.386046063663706,31.33390323838508,25.666460052026338,34.070009999999996,18.80131761990483,92.00640000000001
2.0,poisson,0.95,8.0,static_pomt,1.0,0.0,1564.2189175607823,12.51376450127482,28.764339449466046,31.715550558920295,17.407410489405606,23.85935,19.518774956690084,96.0
2.0,poisson,0.95,12.0,cliffserve,1.0,0.0,1567.4724100751912,12.335309773209957,28.386046063663706,31.33390323838508,19.197510826141915,26.582359999999994,18.80131761990483,92.00640000000001
2.0,poisson,0.95,12.0,decoupled,1.0,0.0,1567.4724100751912,12.335309773209957,28.386046063663706,31.33390323838508,20.393448677368575,27.95274999999999,18.80131761990483,92.00640000000001
2.0,poisson,0.95,12.0,dense,0.4443,0.16092339792584542,305.4302923641625,91.75265342676477,25774.505406407512,27804.349012834824,34.90879476452032,37.410109999999996,1.903366941419156,0.0
2.0,poisson,0.95,12.0,joint_full,1.0,0.0,1567.4724100751912,12.335309773209957,28.386046063663706,31.33390323838508,25.701669180717147,33.91314,18.80131761990483,92.00640000000001
2.0,poisson,0.95,12.0,static_pomt,1.0,0.0,1564.2189175607823,12.51376450127482,28.764339449466046,31.715550558920295,17.395671533647434,23.21136,19.518774956690084,96.0
2.0,poisson,1.1,2.0,cliffserve,0.00046,0.00026076809620810597,174.9806205850669,0.035414898478572765,49080.526543965294,51145.31100735159,40.37105382935361,41.7292,1.0003001260618327,0.0
2.0,poisson,1.1,2.0,decoupled,0.00046,0.00026076809620810597,174.9806205850669,0.035414898478572765,49080.526543965294,51145.31100735159,37.318136689022914,39.601,1.0003001260618327,0.0
2.0,poisson,1.1,2.0,dense,0.00046,0.00026076809620810597,174.9806205850669,0.035414898478572765,49080.526543965294,51145.31100735159,35.25219315420966,37.43982,1.0003001260618327,0.0
2.0,poisson,1.1,2.0,joint_full,0.00046,0.00026076809620810597,174.9806205850669,0.035414898478572765,49080.526543965294,51145.31100735159,42.26942429660498,44.36634,1.0003001260618327,0.0
2.0,poisson,1.1,2.0,static_pomt,0.00022,0.00010954451150103323,174.93534869584207,0.016397374427555386,49095.347538108785,51160.12280006381,36.94922659691798,39.031259999999996,1.0001200240060015,0.021119999999999996
2.0,poisson,1.1,4.0,cliffserve,0.00534,0.0014099645385611654,175.71413045486426,0.2110753773204681,48842.10952975745,50906.835189546306,40.30555766958007,41.953739999999996,1.0047032438941845,0.18431999999999998
2.0,poisson,1.1,4.0,decoupled,0.0047,0.0012409673645990857,175.61277474171706,0.18302943689571333,48874.95498153682,50939.691977718074,37.67102432289879,39.80338999999999,1.0040572812041968,0.030719999999999997
2.0,poisson,1.1,4.0,dense,0.0047,0.0012409673645990857,175.61204335267627,0.18404297406376932,48875.19269020076,50939.92968638201,35.38447538172252,37.47721,1.0040572812041968,0.0
2.0,poisson,1.1,4.0,joint_full,0.00534,0.0014099645385611654,175.71413045486426,0.2110753773204681,48842.10952975745,50906.835189546306,42.36960126481809,44.131299999999996,1.0047032438941845,0.18431999999999998
2.0,poisson,1.1,4.0,static_pomt,0.00236,0.00048270073544588667,175.24367950019058,0.07340367421917528,48994.75450790878,51059.58437027426,37.00982198129172,39.08614,1.0020443375073784,0.22271999999999997
2.0,poisson,1.1,8.0,cliffserve,0.6862999999999999,0.32659828535985913,929.6396810378704,814.4980074269222,14709.524670327539,15954.72313420632,33.21264394472655,36.446780000000004,11.775522068693947,65.52576
2.0,poisson,1.1,8.0,decoupled,0.49798,0.23480999126953692,368.90303184845726,170.5741603490026,23422.239236173587,25487.144922896106,36.43389652155629,39.23379,2.33898618433095,47.41632
2.0,poisson,1.1,8.0,dense,0.023020000000000002,0.005487440204685607,178.51023255069202,0.8741036119791096,47951.58436433311,50016.48469151469,35.429780135472456,37.3245,1.0222045677709035,0.0
2.0,poisson,1.1,8.0,joint_full,0.6862999999999999,0.32659828535985913,929.6396810378704,814.4980074269222,14709.524670327539,15954.72313420632,37.34147631049268,40.59393,11.775522068693947,65.52576
2.0,poisson,1.1,8.0,static_pomt,0.77678,0.3001532475253266,1043.812545835522,735.4804549527604,10027.779980535333,11272.994587208288,29.24375898300648,32.93604,12.830534622018519,74.57088
2.0,poisson,1.1,12.0,cliffserve,1.0,0.0,1812.1793440051777,15.039234477117034,35.49521077477128,42.3533604330026,24.46866443153327,29.964699999999986,26.32571633625853,95.55456
2.0,poisson,1.1,12.0,decoupled,1.0,0.0,1812.1793440051777,15.039234477117034,35.49521077477128,42.3533604330026,24.76899722332812,30.462719999999997,26.32571633625853,95.55456
2.0,poisson,1.1,12.0,dense,0.05686,0.019743049409855617,184.22591192803495,3.486144030826386,46227.342000293684,48292.724780863486,35.313503070963904,37.32745,1.0583169645011332,0.0
2.0,poisson,1.1,12.0,joint_full,1.0,0.0,1812.1793440051777,15.039234477117034,35.49521077477128,42.3533604330026,30.97978357721167,37.30986,26.32571633625853,95.55456
2.0,poisson,1.1,12.0,static_pomt,1.0,0.0,1808.9596959568607,15.901861820801916,35.66786127468775,42.61500083087006,21.025477400045304,24.94458,26.48009699006866,96.0
