requests,slo_attainment,throughput_qps,e2e_p50_ms,e2e_p95_ms,e2e_p99_ms,queue_p95_ms,mean_batch_size,mean_r,estimated_accuracy_pct,scheduler_overhead_mean_us,scheduler_overhead_p95_us,epsilon_pp,seed,pattern,load_factor,offered_qps,deadline_factor,deadline_ms,policy,static_r
10000,0.001,175.0120428629583,18342.225628101507,34959.856327684014,36414.413519737944,34954.13723626861,1.0005002501250626,0.0,68.52,35.890359679839925,40.42469999999998,0.5,84,poisson,0.3,499.1946546959086,2.0,11.483967781066895,dense,0
10000,0.001,175.0120428629583,18342.225628101507,34959.856327684014,36414.413519737944,34954.13723626861,1.0005002501250626,0.0,68.52,36.71831495747874,38.713,0.5,84,poisson,0.3,499.1946546959086,2.0,11.483967781066895,static_pomt,0
10000,0.001,175.0120428629583,18342.225628101507,34959.856327684014,36414.413519737944,34954.13723626861,1.0005002501250626,0.0,68.52,37.07406693346673,39.376999999999995,0.5,84,poisson,0.3,499.1946546959086,2.0,11.483967781066895,decoupled,0
10000,0.001,175.0120428629583,18342.225628101507,34959.856327684014,36414.413519737944,34954.13723626861,1.0005002501250626,0.0,68.52,38.82489304652326,39.975,0.5,84,poisson,0.3,499.1946546959086,2.0,11.483967781066895,joint_full,0
10000,0.001,175.0120428629583,18342.225628101507,34959.856327684014,36414.413519737944,34954.13723626861,1.0005002501250626,0.0,68.52,38.16704222111055,40.18899999999999,0.5,84,poisson,0.3,499.1946546959086,2.0,11.483967781066895,cliffserve,0
10000,1.0,490.40431337348093,9.712723617641132,13.731360887809887,15.453066929309939,7.973884577662284,2.8425241614553722,0.0,68.52,8.842768902785673,10.149,0.5,84,poisson,0.3,499.1946546959086,4.0,22.96793556213379,dense,0
10000,1.0,490.40431337348093,9.712723617641132,13.731360887809887,15.453066929309939,7.973884577662284,2.8425241614553722,0.0,68.52,9.30782376350199,10.72,0.5,84,poisson,0.3,499.1946546959086,4.0,22.96793556213379,static_pomt,0
10000,1.0,490.40431337348093,9.712723617641132,13.731360887809887,15.453066929309939,7.973884577662284,2.8425241614553722,0.0,68.52,11.009048891415578,12.403,0.5,84,poisson,0.3,499.1946546959086,4.0,22.96793556213379,decoupled,0
10000,1.0,490.40431337348093,9.712723617641132,13.731360887809887,15.453066929309939,7.973884577662284,2.8425241614553722,0.0,68.52,10.39582660602615,12.243,0.5,84,poisson,0.3,499.1946546959086,4.0,22.96793556213379,joint_full,0
10000,1.0,490.40431337348093,9.712723617641132,13.731360887809887,15.453066929309939,7.973884577662284,2.8425241614553722,0.0,68.52,9.312936327458782,11.011,0.5,84,poisson,0.3,499.1946546959086,4.0,22.96793556213379,cliffserve,0
10000,1.0,490.40431337348093,9.712723617641132,13.731360887809887,15.453066929309939,7.973884577662284,2.8425241614553722,0.0,68.52,8.84716969869244,10.189,0.5,84,poisson,0.3,499.1946546959086,8.0,45.93587112426758,dense,0
10000,1.0,490.40431337348093,9.712723617641132,13.731360887809887,15.453066929309939,7.973884577662284,2.8425241614553722,0.0,68.52,9.309213189312109,10.71,0.5,84,poisson,0.3,499.1946546959086,8.0,45.93587112426758,static_pomt,0
10000,1.0,490.40431337348093,9.712723617641132,13.731360887809887,15.453066929309939,7.973884577662284,2.8425241614553722,0.0,68.52,11.008511370096645,12.353,0.5,84,poisson,0.3,499.1946546959086,8.0,45.93587112426758,decoupled,0
10000,1.0,490.40431337348093,9.712723617641132,13.731360887809887,15.453066929309939,7.973884577662284,2.8425241614553722,0.0,68.52,10.472972996020465,12.343,0.5,84,poisson,0.3,499.1946546959086,8.0,45.93587112426758,joint_full,0
10000,1.0,490.40431337348093,9.712723617641132,13.731360887809887,15.453066929309939,7.973884577662284,2.8425241614553722,0.0,68.52,9.38761199545196,11.091,0.5,84,poisson,0.3,499.1946546959086,8.0,45.93587112426758,cliffserve,0
10000,1.0,490.40431337348093,9.712723617641132,13.731360887809887,15.453066929309939,7.973884577662284,2.8425241614553722,0.0,68.52,8.87866145537237,10.189,0.5,84,poisson,0.3,499.1946546959086,12.0,68.90380668640137,dense,0
10000,1.0,490.40431337348093,9.712723617641132,13.731360887809887,15.453066929309939,7.973884577662284,2.8425241614553722,0.0,68.52,9.31886725412166,10.71,0.5,84,poisson,0.3,499.1946546959086,12.0,68.90380668640137,static_pomt,0
10000,1.0,490.40431337348093,9.712723617641132,13.731360887809887,15.453066929309939,7.973884577662284,2.8425241614553722,0.0,68.52,10.969136725412165,12.31315,0.5,84,poisson,0.3,499.1946546959086,12.0,68.90380668640137,decoupled,0
10000,1.0,490.40431337348093,9.712723617641132,13.731360887809887,15.453066929309939,7.973884577662284,2.8425241614553722,0.0,68.52,10.44989312109153,12.244499999999997,0.5,84,poisson,0.3,499.1946546959086,12.0,68.90380668640137,joint_full,0
10000,1.0,490.40431337348093,9.712723617641132,13.731360887809887,15.453066929309939,7.973884577662284,2.8425241614553722,0.0,68.52,9.357378339965889,11.041,0.5,84,poisson,0.3,499.1946546959086,12.0,68.90380668640137,cliffserve,0
10000,0.0007,175.00071466129808,23455.082720373724,44624.279454132375,46494.62764207972,44618.56062714702,1.0004001600640255,0.0,68.52,35.29411944777911,37.65025,0.5,84,poisson,0.6,998.3893093918172,2.0,11.483967781066895,dense,0
10000,0.0007,175.00071466129808,23455.082720373724,44624.279454132375,46494.62764207972,44618.56062714702,1.0004001600640255,0.0,68.52,36.82149179671869,39.214,0.5,84,poisson,0.6,998.3893093918172,2.0,11.483967781066895,static_pomt,0
10000,0.0007,175.00071466129808,23455.082720373724,44624.279454132375,46494.62764207972,44618.56062714702,1.0004001600640255,0.0,68.52,36.98493757503001,39.264,0.5,84,poisson,0.6,998.3893093918172,2.0,11.483967781066895,decoupled,0
10000,0.0007,175.00071466129808,23455.082720373724,44624.279454132375,46494.62764207972,44618.56062714702,1.0004001600640255,0.0,68.52,39.54010584233694,43.607,0.5,84,poisson,0.6,998.3893093918172,2.0,11.483967781066895,joint_full,0
10000,0.0007,175.00071466129808,23455.082720373724,44624.279454132375,46494.62764207972,44618.56062714702,1.0004001600640255,0.0,68.52,38.621855942376946,42.552499999999995,0.5,84,poisson,0.6,998.3893093918172,2.0,11.483967781066895,cliffserve,0
10000,0.0489,182.25112824437147,21181.135154818152,42349.91815194731,44221.24446298254,42344.20598714,1.0431879824744419,0.0,68.52,35.56504454412684,39.334,0.5,84,poisson,0.6,998.3893093918172,4.0,22.96793556213379,dense,0
10000,0.0489,182.25112824437147,21181.135154818152,42349.91815194731,44221.24446298254,42344.20598714,1.0431879824744419,0.0,68.52,36.890866784894634,39.97,0.5,84,poisson,0.6,998.3893093918172,4.0,22.96793556213379,static_pomt,0
10000,0.0489,182.25112824437147,21181.135154818152,42349.91815194731,44221.24446298254,42344.20598714,1.0431879824744419,0.0,68.52,37.45806227832256,40.025,0.5,84,poisson,0.6,998.3893093918172,4.0,22.96793556213379,decoupled,0
10000,0.0489,182.25112824437147,21181.135154818152,42349.91815194731,44221.24446298254,42344.20598714,1.0431879824744419,0.0,68.52,39.330970164823704,41.57875,0.5,84,poisson,0.6,998.3893093918172,4.0,22.96793556213379,joint_full,0
10000,0.0489,182.25112824437147,21181.135154818152,42349.91815194731,44221.24446298254,42344.20598714,1.0431879824744419,0.0,68.52,37.99254496140204,40.346,0.5,84,poisson,0.6,998.3893093918172,4.0,22.96793556213379,cliffserve,0
10000,1.0,980.595846301971,12.44482340857644,19.1431010048999,23.58493904018981,10.489606261409012,6.596306068601583,0.0,68.52,11.367292216358841,12.711500000000001,0.5,84,poisson,0.6,998.3893093918172,8.0,45.93587112426758,dense,0
10000,1.0,980.595846301971,12.44482340857644,19.1431010048999,23.58493904018981,10.489606261409012,6.596306068601583,0.0,68.52,11.872228232189974,13.01725,0.5,84,poisson,0.6,998.3893093918172,8.0,45.93587112426758,static_pomt,0
10000,1.0,980.595846301971,12.44482340857644,19.1431010048999,23.58493904018981,10.489606261409012,6.596306068601583,0.0,68.52,13.688557387862799,14.9755,0.5,84,poisson,0.6,998.3893093918172,8.0,45.93587112426758,decoupled,0
10000,1.0,980.595846301971,12.44482340857644,19.1431010048999,23.58493904018981,10.489606261409012,6.596306068601583,0.0,68.52,13.726750659630607,17.69075,0.5,84,poisson,0.6,998.3893093918172,8.0,45.93587112426758,joint_full,0
10000,1.0,980.595846301971,12.44482340857644,19.1431010048999,23.58493904018981,10.489606261409012,6.596306068601583,0.0,68.52,12.513540897097624,15.81175,0.5,84,poisson,0.6,998.3893093918172,8.0,45.93587112426758,cliffserve,0
10000,1.0,980.595846301971,12.44482340857644,19.1431010048999,23.58493904018981,10.489606261409012,6.596306068601583,0.0,68.52,11.178787598944592,12.2655,0.5,84,poisson,0.6,998.3893093918172,12.0,68.90380668640137,dense,0
10000,1.0,980.595846301971,12.44482340857644,19.1431010048999,23.58493904018981,10.489606261409012,6.596306068601583,0.0,68.52,11.921726253298154,13.065,0.5,84,poisson,0.6,998.3893093918172,12.0,68.90380668640137,static_pomt,0
10000,1.0,980.595846301971,12.44482340857644,19.1431010048999,23.58493904018981,10.489606261409012,6.596306068601583,0.0,68.52,13.691792216358838,14.948,0.5,84,poisson,0.6,998.3893093918172,12.0,68.90380668640137,decoupled,0
10000,1.0,980.595846301971,12.44482340857644,19.1431010048999,23.58493904018981,10.489606261409012,6.596306068601583,0.0,68.52,13.588390501319262,14.9805,0.5,84,poisson,0.6,998.3893093918172,12.0,68.90380668640137,joint_full,0
10000,1.0,980.595846301971,12.44482340857644,19.1431010048999,23.58493904018981,10.489606261409012,6.596306068601583,0.0,68.52,12.215863456464382,13.47775,0.5,84,poisson,0.6,998.3893093918172,12.0,68.90380668640137,cliffserve,0
10000,0.001,175.0535884397353,24715.126249741494,47022.19850815863,48996.52769801473,47016.46651126475,1.0007004903432404,0.0,68.52,35.67282437706395,37.8914,0.5,84,poisson,0.8,1331.1857458557563,2.0,11.483967781066895,dense,0
10000,0.001,175.0535884397353,24715.126249741494,47022.19850815863,48996.52769801473,47016.46651126475,1.0007004903432404,0.0,68.52,37.4062118482938,39.454,0.5,84,poisson,0.8,1331.1857458557563,2.0,11.483967781066895,static_pomt,0
10000,0.001,175.0535884397353,24715.126249741494,47022.19850815863,48996.52769801473,47016.46651126475,1.0007004903432404,0.0,68.52,37.4381140798559,39.645,0.5,84,poisson,0.8,1331.1857458557563,2.0,11.483967781066895,decoupled,0
10000,0.001,175.0535884397353,24715.126249741494,47022.19850815863,48996.52769801473,47016.46651126475,1.0007004903432404,0.0,68.52,39.1514191934354,41.3114,0.5,84,poisson,0.8,1331.1857458557563,2.0,11.483967781066895,joint_full,0
10000,0.001,175.0535884397353,24715.126249741494,47022.19850815863,48996.52769801473,47016.46651126475,1.0007004903432404,0.0,68.52,38.439744621234865,40.37,0.5,84,poisson,0.8,1331.1857458557563,2.0,11.483967781066895,cliffserve,0
10000,0.0086,176.1780102002139,24350.412318657814,46657.71920560927,48631.91154980516,46652.00472063155,1.0073536818777074,0.0,68.52,35.0940285081092,37.72799999999999,0.5,84,poisson,0.8,1331.1857458557563,4.0,22.96793556213379,dense,0
10000,0.0086,176.1780102002139,24350.412318657814,46657.71920560927,48631.91154980516,46652.00472063155,1.0073536818777074,0.0,68.52,37.218922333031124,39.324,0.5,84,poisson,0.8,1331.1857458557563,4.0,22.96793556213379,static_pomt,0
10000,0.0086,176.1780102002139,24350.412318657814,46657.71920560927,48631.91154980516,46652.00472063155,1.0073536818777074,0.0,68.52,37.675804170444245,39.59129999999999,0.5,84,poisson,0.8,1331.1857458557563,4.0,22.96793556213379,decoupled,0
10000,0.0086,176.1780102002139,24350.412318657814,46657.71920560927,48631.91154980516,46652.00472063155,1.0073536818777074,0.0,68.52,39.26001218897955,40.917,0.5,84,poisson,0.8,1331.1857458557563,4.0,22.96793556213379,joint_full,0
10000,0.0086,176.1780102002139,24350.412318657814,46657.71920560927,48631.91154980516,46652.00472063155,1.0073536818777074,0.0,68.52,38.578957187468525,39.955,0.5,84,poisson,0.8,1331.1857458557563,4.0,22.96793556213379,cliffserve,0
10000,1.0,1305.545199639843,22.40083695057183,33.36639986863388,37.32924285542084,17.06368683735418,15.92356687898089,0.0,68.52,15.19785828025478,19.19935,0.5,84,poisson,0.8,1331.1857458557563,8.0,45.93587112426758,dense,0
10000,1.0,1305.545199639843,22.40083695057183,33.36639986863388,37.32924285542084,17.06368683735418,15.92356687898089,0.0,68.52,15.742754777070065,19.81685,0.5,84,poisson,0.8,1331.1857458557563,8.0,45.93587112426758,static_pomt,0
10000,1.0,1305.545199639843,22.40083695057183,33.36639986863388,37.32924285542084,17.06368683735418,15.92356687898089,0.0,68.52,18.366974522292995,23.063,0.5,84,poisson,0.8,1331.1857458557563,8.0,45.93587112426758,decoupled,0
10000,1.0,1305.545199639843,22.40083695057183,33.36639986863388,37.32924285542084,17.06368683735418,15.92356687898089,0.0,68.52,18.431729299363056,23.07615,0.5,84,poisson,0.8,1331.1857458557563,8.0,45.93587112426758,joint_full,0
10000,1.0,1305.545199639843,22.40083695057183,33.36639986863388,37.32924285542084,17.06368683735418,15.92356687898089,0.0,68.52,16.4590525477707,20.52815,0.5,84,poisson,0.8,1331.1857458557563,8.0,45.93587112426758,cliffserve,0
10000,1.0,1305.545199639843,22.40083695057183,33.36639986863388,37.32924285542084,17.06368683735418,15.92356687898089,0.0,68.52,15.129085987261147,19.131149999999998,0.5,84,poisson,0.8,1331.1857458557563,12.0,68.90380668640137,dense,0
10000,1.0,1305.545199639843,22.40083695057183,33.36639986863388,37.32924285542084,17.06368683735418,15.92356687898089,0.0,68.52,15.868374203821656,19.833849999999998,0.5,84,poisson,0.8,1331.1857458557563,12.0,68.90380668640137,static_pomt,0
10000,1.0,1305.545199639843,22.40083695057183,33.36639986863388,37.32924285542084,17.06368683735418,15.92356687898089,0.0,68.52,18.305098726114647,23.124499999999998,0.5,84,poisson,0.8,1331.1857458557563,12.0,68.90380668640137,decoupled,0
10000,1.0,1305.545199639843,22.40083695057183,33.36639986863388,37.32924285542084,17.06368683735418,15.92356687898089,0.0,68.52,18.395320063694268,22.762,0.5,84,poisson,0.8,1331.1857458557563,12.0,68.90380668640137,joint_full,0
10000,1.0,1305.545199639843,22.40083695057183,33.36639986863388,37.32924285542084,17.06368683735418,15.92356687898089,0.0,68.52,16.435055732484077,20.598,0.5,84,poisson,0.8,1331.1857458557563,12.0,68.90380668640137,cliffserve,0
10000,0.001,175.0535884397353,25320.15447898579,48166.226050040874,50189.793465421135,48160.49405314699,1.0007004903432404,0.0,68.52,35.86417462223556,37.9414,0.5,84,poisson,0.95,1580.7830732037105,2.0,11.483967781066895,dense,0
10000,0.001,175.0535884397353,25320.15447898579,48166.226050040874,50189.793465421135,48160.49405314699,1.0007004903432404,0.0,68.52,36.69185009506655,38.823,0.5,84,poisson,0.95,1580.7830732037105,2.0,11.483967781066895,static_pomt,0
10000,0.001,175.0535884397353,25320.15447898579,48166.226050040874,50189.793465421135,48160.49405314699,1.0007004903432404,0.0,68.52,37.183737015911134,39.314,0.5,84,poisson,0.95,1580.7830732037105,2.0,11.483967781066895,decoupled,0
10000,0.001,175.0535884397353,25320.15447898579,48166.226050040874,50189.793465421135,48160.49405314699,1.0007004903432404,0.0,68.52,39.63555438807165,41.919,0.5,84,poisson,0.95,1580.7830732037105,2.0,11.483967781066895,joint_full,0
10000,0.001,175.0535884397353,25320.15447898579,48166.226050040874,50189.793465421135,48160.49405314699,1.0007004903432404,0.0,68.52,38.58444351045733,40.566,0.5,84,poisson,0.95,1580.7830732037105,2.0,11.483967781066895,cliffserve,0
10000,0.0074,176.0096840250987,25009.704626996045,47855.93394770399,49879.44971786254,47850.24260515944,1.0064412238325282,0.0,68.52,34.71260688405797,37.139250000000004,0.5,84,poisson,0.95,1580.7830732037105,4.0,22.96793556213379,dense,0
10000,0.0074,176.0096840250987,25009.704626996045,47855.93394770399,49879.44971786254,47850.24260515944,1.0064412238325282,0.0,68.52,37.347437399355876,39.50725,0.5,84,poisson,0.95,1580.7830732037105,4.0,22.96793556213379,static_pomt,0
10000,0.0074,176.0096840250987,25009.704626996045,47855.93394770399,49879.44971786254,47850.24260515944,1.0064412238325282,0.0,68.52,36.85549929549115,39.7475,0.5,84,poisson,0.95,1580.7830732037105,4.0,22.96793556213379,decoupled,0
10000,0.0074,176.0096840250987,25009.704626996045,47855.93394770399,49879.44971786254,47850.24260515944,1.0064412238325282,0.0,68.52,39.496569343800324,40.84625,0.5,84,poisson,0.95,1580.7830732037105,4.0,22.96793556213379,joint_full,0
10000,0.0074,176.0096840250987,25009.704626996045,47855.93394770399,49879.44971786254,47850.24260515944,1.0064412238325282,0.0,68.52,38.398185185185184,39.70725,0.5,84,poisson,0.95,1580.7830732037105,4.0,22.96793556213379,cliffserve,0
10000,0.0486,182.71676392593818,22923.339533526425,45769.29263183847,47793.746545937,45763.594470141084,1.0484378276368211,0.0,68.52,35.79549716921787,37.821,0.5,84,poisson,0.95,1580.7830732037105,8.0,45.93587112426758,dense,0
10000,0.0486,182.71676392593818,22923.339533526425,45769.29263183847,47793.746545937,45763.594470141084,1.0484378276368211,0.0,68.52,37.28770423568882,39.46635,0.5,84,poisson,0.95,1580.7830732037105,8.0,45.93587112426758,static_pomt,0
10000,0.0486,182.71676392593818,22923.339533526425,45769.29263183847,47793.746545937,45763.594470141084,1.0484378276368211,0.0,68.52,37.47206301111344,39.464,0.5,84,poisson,0.95,1580.7830732037105,8.0,45.93587112426758,decoupled,0
10000,0.0486,182.71676392593818,22923.339533526425,45769.29263183847,47793.746545937,45763.594470141084,1.0484378276368211,0.0,68.52,39.4499215768505,40.918499999999995,0.5,84,poisson,0.95,1580.7830732037105,8.0,45.93587112426758,joint_full,0
10000,0.0486,182.71676392593818,22923.339533526425,45769.29263183847,47793.746545937,45763.594470141084,1.0484378276368211,0.0,68.52,38.53415286223527,40.506,0.5,84,poisson,0.95,1580.7830732037105,8.0,45.93587112426758,cliffserve,0
10000,0.703,463.54938464475225,40.27602614499256,12613.36503312365,14636.703377406537,12607.65453386084,3.1210986267166043,0.0,68.52,34.41473938826467,37.48865,0.5,84,poisson,0.95,1580.7830732037105,12.0,68.90380668640137,dense,0
10000,0.703,463.54938464475225,40.27602614499256,12613.36503312365,14636.703377406537,12607.65453386084,3.1210986267166043,0.0,68.52,35.5964975031211,38.4105,0.5,84,poisson,0.95,1580.7830732037105,12.0,68.90380668640137,static_pomt,0
10000,0.703,463.54938464475225,40.27602614499256,12613.36503312365,14636.703377406537,12607.65453386084,3.1210986267166043,0.0,68.52,36.056032459425715,38.813,0.5,84,poisson,0.95,1580.7830732037105,12.0,68.90380668640137,decoupled,0
10000,0.703,463.54938464475225,40.27602614499256,12613.36503312365,14636.703377406537,12607.65453386084,3.1210986267166043,0.0,68.52,38.03847752808989,40.496,0.5,84,poisson,0.95,1580.7830732037105,12.0,68.90380668640137,joint_full,0
10000,0.703,463.54938464475225,40.27602614499256,12613.36503312365,14636.703377406537,12607.65453386084,3.1210986267166043,0.0,68.52,37.1457599875156,39.42185,0.5,84,poisson,0.95,1580.7830732037105,12.0,68.90380668640137,cliffserve,0
10000,0.0006,175.00068712101958,25777.422289942966,49015.505274231014,51074.84867126101,49009.78644724566,1.0004001600640255,0.0,68.52,36.006135754301724,38.111,0.5,84,poisson,1.1,1830.380400551665,2.0,11.483967781066895,dense,0
10000,0.0006,175.00068712101958,25777.422289942966,49015.505274231014,51074.84867126101,49009.78644724566,1.0004001600640255,0.0,68.52,36.62507523009204,39.6975,0.5,84,poisson,1.1,1830.380400551665,2.0,11.483967781066895,static_pomt,0
10000,0.0006,175.00068712101958,25777.422289942966,49015.505274231014,51074.84867126101,49009.78644724566,1.0004001600640255,0.0,68.52,37.69467296918768,39.945,0.5,84,poisson,1.1,1830.380400551665,2.0,11.483967781066895,decoupled,0
10000,0.0006,175.00068712101958,25777.422289942966,49015.505274231014,51074.84867126101,49009.78644724566,1.0004001600640255,0.0,68.52,39.74946198479392,41.69825,0.5,84,poisson,1.1,1830.380400551665,2.0,11.483967781066895,joint_full,0
10000,0.0006,175.00068712101958,25777.422289942966,49015.505274231014,51074.84867126101,49009.78644724566,1.0004001600640255,0.0,68.52,38.86472519007603,40.68625,0.5,84,poisson,1.1,1830.380400551665,2.0,11.483967781066895,cliffserve,0
10000,0.0058,175.77928409374596,25524.237540101276,48762.411332161006,50821.77438998335,48756.6881416865,1.0050251256281406,0.0,68.52,36.03204532663317,38.362,0.5,84,poisson,1.1,1830.380400551665,4.0,22.96793556213379,dense,0
10000,0.0058,175.77928409374596,25524.237540101276,48762.411332161006,50821.77438998335,48756.6881416865,1.0050251256281406,0.0,68.52,37.48371567839196,39.835,0.5,84,poisson,1.1,1830.380400551665,4.0,22.96793556213379,static_pomt,0
10000,0.0058,175.77928409374596,25524.237540101276,48762.411332161006,50821.77438998335,48756.6881416865,1.0050251256281406,0.0,68.52,37.313174271356786,39.565449999999984,0.5,84,poisson,1.1,1830.380400551665,4.0,22.96793556213379,decoupled,0
10000,0.0058,175.77928409374596,25524.237540101276,48762.411332161006,50821.77438998335,48756.6881416865,1.0050251256281406,0.0,68.52,39.80800170854272,41.704499999999996,0.5,84,poisson,1.1,1830.380400551665,4.0,22.96793556213379,joint_full,0
10000,0.0058,175.77928409374596,25524.237540101276,48762.411332161006,50821.77438998335,48756.6881416865,1.0050251256281406,0.0,68.52,38.42306613065327,40.857,0.5,84,poisson,1.1,1830.380400551665,4.0,22.96793556213379,cliffserve,0
10000,0.0238,178.62647200427625,24617.134972428546,47855.25635092932,49914.73911594504,47849.53899594027,1.0229132569558101,0.0,68.52,35.85027454991817,37.991,0.5,84,poisson,1.1,1830.380400551665,8.0,45.93587112426758,dense,0
10000,0.0238,178.62647200427625,24617.134972428546,47855.25635092932,49914.73911594504,47849.53899594027,1.0229132569558101,0.0,68.52,37.15357927577742,39.165749999999996,0.5,84,poisson,1.1,1830.380400551665,8.0,45.93587112426758,static_pomt,0
10000,0.0238,178.62647200427625,24617.134972428546,47855.25635092932,49914.73911594504,47849.53899594027,1.0229132569558101,0.0,68.52,36.91525849018003,39.4965,0.5,84,poisson,1.1,1830.380400551665,8.0,45.93587112426758,decoupled,0
10000,0.0238,178.62647200427625,24617.134972428546,47855.25635092932,49914.73911594504,47849.53899594027,1.0229132569558101,0.0,68.52,39.74267696399345,41.478,0.5,84,poisson,1.1,1830.380400551665,8.0,45.93587112426758,joint_full,0
10000,0.0238,178.62647200427625,24617.134972428546,47855.25635092932,49914.73911594504,47849.53899594027,1.0229132569558101,0.0,68.52,38.83870059328969,40.12525,0.5,84,poisson,1.1,1830.380400551665,8.0,45.93587112426758,cliffserve,0
10000,0.047,182.48759060082284,23432.118084286914,46669.97402346807,48730.27936817282,46664.26710980612,1.0473397570171763,0.0,68.52,36.13849382069544,38.07165,0.5,84,poisson,1.1,1830.380400551665,12.0,68.90380668640137,dense,0
10000,0.047,182.48759060082284,23432.118084286914,46669.97402346807,48730.27936817282,46664.26710980612,1.0473397570171763,0.0,68.52,36.582236279849184,39.07599999999999,0.5,84,poisson,1.1,1830.380400551665,12.0,68.90380668640137,static_pomt,0
10000,0.047,182.48759060082284,23432.118084286914,46669.97402346807,48730.27936817282,46664.26710980612,1.0473397570171763,0.0,68.52,37.814054985337236,39.8915,0.5,84,poisson,1.1,1830.380400551665,12.0,68.90380668640137,decoupled,0
10000,0.047,182.48759060082284,23432.118084286914,46669.97402346807,48730.27936817282,46664.26710980612,1.0473397570171763,0.0,68.52,39.265283933808135,41.33385,0.5,84,poisson,1.1,1830.380400551665,12.0,68.90380668640137,joint_full,0
10000,0.047,182.48759060082284,23432.118084286914,46669.97402346807,48730.27936817282,46664.26710980612,1.0473397570171763,0.0,68.52,38.5415996020109,39.83085,0.5,84,poisson,1.1,1830.380400551665,12.0,68.90380668640137,cliffserve,0
10000,0.0007,175.0007206398718,18605.775077970007,34721.6809558993,36372.66094472377,34715.96212891394,1.0004001600640255,0.0,68.52,35.70822398959584,37.791,0.5,84,onoff,0.3,499.1946546959086,2.0,11.483967781066895,dense,0
10000,0.0007,175.0007206398718,18605.775077970007,34721.6809558993,36372.66094472377,34715.96212891394,1.0004001600640255,0.0,68.52,37.26933683473389,39.454,0.5,84,onoff,0.3,499.1946546959086,2.0,11.483967781066895,static_pomt,0
10000,0.0007,175.0007206398718,18605.775077970007,34721.6809558993,36372.66094472377,34715.96212891394,1.0004001600640255,0.0,68.52,37.286205582232895,39.46725,0.5,84,onoff,0.3,499.1946546959086,2.0,11.483967781066895,decoupled,0
10000,0.0007,175.0007206398718,18605.775077970007,34721.6809558993,36372.66094472377,34715.96212891394,1.0004001600640255,0.0,68.52,39.40026380552221,41.648250000000004,0.5,84,onoff,0.3,499.1946546959086,2.0,11.483967781066895,joint_full,0
10000,0.0007,175.0007206398718,18605.775077970007,34721.6809558993,36372.66094472377,34715.96212891394,1.0004001600640255,0.0,68.52,38.722242597038814,39.99825,0.5,84,onoff,0.3,499.1946546959086,2.0,11.483967781066895,cliffserve,0
10000,0.3443,225.96802071652365,5718.638991702056,21832.948293727455,23483.726657161882,21827.222125834043,1.3480722566729577,0.0,68.52,32.33415435427339,37.8625,0.5,84,onoff,0.3,499.1946546959086,4.0,22.96793556213379,dense,0
10000,0.3443,225.96802071652365,5718.638991702056,21832.948293727455,23483.726657161882,21827.222125834043,1.3480722566729577,0.0,68.52,33.34975478565651,39.07315,0.5,84,onoff,0.3,499.1946546959086,4.0,22.96793556213379,static_pomt,0
10000,0.3443,225.96802071652365,5718.638991702056,21832.948293727455,23483.726657161882,21827.222125834043,1.3480722566729577,0.0,68.52,34.04162779724994,39.465,0.5,84,onoff,0.3,499.1946546959086,4.0,22.96793556213379,decoupled,0
10000,0.3443,225.96802071652365,5718.638991702056,21832.948293727455,23483.726657161882,21827.222125834043,1.3480722566729577,0.0,68.52,34.76996710703693,40.1275,0.5,84,onoff,0.3,499.1946546959086,4.0,22.96793556213379,joint_full,0
10000,0.3443,225.96802071652365,5718.638991702056,21832.948293727455,23483.726657161882,21827.222125834043,1.3480722566729577,0.0,68.52,34.83542423833917,40.306149999999995,0.5,84,onoff,0.3,499.1946546959086,4.0,22.96793556213379,cliffserve,0
10000,1.0,487.13578234215055,11.045938834367917,16.082533668522796,18.542089325127023,9.279564624445765,3.9984006397441023,0.0,68.52,9.382947221111555,12.102,0.5,84,onoff,0.3,499.1946546959086,8.0,45.93587112426758,dense,0
10000,1.0,487.13578234215055,11.045938834367917,16.082533668522796,18.542089325127023,9.279564624445765,3.9984006397441023,0.0,68.52,9.856262295081969,12.684,0.5,84,onoff,0.3,499.1946546959086,8.0,45.93587112426758,static_pomt,0
10000,1.0,487.13578234215055,11.045938834367917,16.082533668522796,18.542089325127023,9.279564624445765,3.9984006397441023,0.0,68.52,11.622851659336266,14.597,0.5,84,onoff,0.3,499.1946546959086,8.0,45.93587112426758,decoupled,0
10000,1.0,487.13578234215055,11.045938834367917,16.082533668522796,18.542089325127023,9.279564624445765,3.9984006397441023,0.0,68.52,10.98436705317873,14.768,0.5,84,onoff,0.3,499.1946546959086,8.0,45.93587112426758,joint_full,0
10000,1.0,487.13578234215055,11.045938834367917,16.082533668522796,18.542089325127023,9.279564624445765,3.9984006397441023,0.0,68.52,9.900191523390644,13.235,0.5,84,onoff,0.3,499.1946546959086,8.0,45.93587112426758,cliffserve,0
10000,1.0,487.13578234215055,11.045938834367917,16.082533668522796,18.542089325127023,9.279564624445765,3.9984006397441023,0.0,68.52,9.38537145141943,12.133,0.5,84,onoff,0.3,499.1946546959086,12.0,68.90380668640137,dense,0
10000,1.0,487.13578234215055,11.045938834367917,16.082533668522796,18.542089325127023,9.279564624445765,3.9984006397441023,0.0,68.52,9.866562574970011,12.734,0.5,84,onoff,0.3,499.1946546959086,12.0,68.90380668640137,static_pomt,0
10000,1.0,487.13578234215055,11.045938834367917,16.082533668522796,18.542089325127023,9.279564624445765,3.9984006397441023,0.0,68.52,11.641566973210717,14.628,0.5,84,onoff,0.3,499.1946546959086,12.0,68.90380668640137,decoupled,0
10000,1.0,487.13578234215055,11.045938834367917,16.082533668522796,18.542089325127023,9.279564624445765,3.9984006397441023,0.0,68.52,11.062651339464214,14.828,0.5,84,onoff,0.3,499.1946546959086,12.0,68.90380668640137,joint_full,0
10000,1.0,487.13578234215055,11.045938834367917,16.082533668522796,18.542089325127023,9.279564624445765,3.9984006397441023,0.0,68.52,9.961735705717713,13.305,0.5,84,onoff,0.3,499.1946546959086,12.0,68.90380668640137,cliffserve,0
10000,0.0005,174.983049251779,23968.578930328556,46081.30512922227,47918.345044637164,46075.57542701185,1.000300090027008,0.0,68.52,35.624496248874664,37.721,0.5,84,onoff,0.6,998.3893093918172,2.0,11.483967781066895,dense,0
10000,0.0005,174.983049251779,23968.578930328556,46081.30512922227,47918.345044637164,46075.57542701185,1.000300090027008,0.0,68.52,36.967552565769736,39.1832,0.5,84,onoff,0.6,998.3893093918172,2.0,11.483967781066895,static_pomt,0
10000,0.0005,174.983049251779,23968.578930328556,46081.30512922227,47918.345044637164,46075.57542701185,1.000300090027008,0.0,68.52,36.97497859357808,39.01579999999999,0.5,84,onoff,0.6,998.3893093918172,2.0,11.483967781066895,decoupled,0
10000,0.0005,174.983049251779,23968.578930328556,46081.30512922227,47918.345044637164,46075.57542701185,1.000300090027008,0.0,68.52,39.18751675502651,41.21979999999999,0.5,84,onoff,0.6,998.3893093918172,2.0,11.483967781066895,joint_full,0
10000,0.0005,174.983049251779,23968.578930328556,46081.30512922227,47918.345044637164,46075.57542701185,1.000300090027008,0.0,68.52,38.47088536560969,40.206,0.5,84,onoff,0.6,998.3893093918172,2.0,11.483967781066895,cliffserve,0
10000,0.0057,175.7614790521385,23715.440020511815,45828.18980329454,47665.25062438532,45822.48148494184,1.0049241282283188,0.0,68.52,35.23541794794494,37.6405,0.5,84,onoff,0.6,998.3893093918172,4.0,22.96793556213379,dense,0
10000,0.0057,175.7614790521385,23715.440020511815,45828.18980329454,47665.25062438532,45822.48148494184,1.0049241282283188,0.0,68.52,36.13033433825747,38.713,0.5,84,onoff,0.6,998.3893093918172,4.0,22.96793556213379,static_pomt,0
10000,0.0057,175.7614790521385,23715.440020511815,45828.18980329454,47665.25062438532,45822.48148494184,1.0049241282283188,0.0,68.52,37.493623957391215,39.6295,0.5,84,onoff,0.6,998.3893093918172,4.0,22.96793556213379,decoupled,0
10000,0.0057,175.7614790521385,23715.440020511815,45828.18980329454,47665.25062438532,45822.48148494184,1.0049241282283188,0.0,68.52,39.69384413626771,41.632999999999996,0.5,84,onoff,0.6,998.3893093918172,4.0,22.96793556213379,joint_full,0
10000,0.0057,175.7614790521385,23715.440020511815,45828.18980329454,47665.25062438532,45822.48148494184,1.0049241282283188,0.0,68.52,38.77561018993067,40.406,0.5,84,onoff,0.6,998.3893093918172,4.0,22.96793556213379,cliffserve,0
10000,0.0237,178.60804203993695,22808.283100794026,44921.028545193076,46758.22026015802,44915.32650371015,1.0228086325048584,0.0,68.52,35.34396430397873,37.751,0.5,84,onoff,0.6,998.3893093918172,8.0,45.93587112426758,dense,0
10000,0.0237,178.60804203993695,22808.283100794026,44921.028545193076,46758.22026015802,44915.32650371015,1.0228086325048584,0.0,68.52,37.296124987214895,39.536799999999985,0.5,84,onoff,0.6,998.3893093918172,8.0,45.93587112426758,static_pomt,0
10000,0.0237,178.60804203993695,22808.283100794026,44921.028545193076,46758.22026015802,44915.32650371015,1.0228086325048584,0.0,68.52,37.532208755241896,39.51679999999999,0.5,84,onoff,0.6,998.3893093918172,8.0,45.93587112426758,decoupled,0
10000,0.0237,178.60804203993695,22808.283100794026,44921.028545193076,46758.22026015802,44915.32650371015,1.0228086325048584,0.0,68.52,39.0263871330674,41.428,0.5,84,onoff,0.6,998.3893093918172,8.0,45.93587112426758,joint_full,0
10000,0.0237,178.60804203993695,22808.283100794026,44921.028545193076,46758.22026015802,44915.32650371015,1.0228086325048584,0.0,68.52,38.44838283727115,40.596199999999996,0.5,84,onoff,0.6,998.3893093918172,8.0,45.93587112426758,cliffserve,0
10000,0.0497,182.9528412597909,21478.159892986485,43590.786316971185,45428.814538865525,43585.089534620645,1.050309841403214,0.0,68.52,35.71458407730281,38.091,0.5,84,onoff,0.6,998.3893093918172,12.0,68.90380668640137,dense,0
10000,0.0497,182.9528412597909,21478.159892986485,43590.786316971185,45428.814538865525,43585.089534620645,1.050309841403214,0.0,68.52,37.27890767776494,39.304,0.5,84,onoff,0.6,998.3893093918172,12.0,68.90380668640137,static_pomt,0
10000,0.0497,182.9528412597909,21478.159892986485,43590.786316971185,45428.814538865525,43585.089534620645,1.050309841403214,0.0,68.52,37.46364415502573,39.625,0.5,84,onoff,0.6,998.3893093918172,12.0,68.90380668640137,decoupled,0
10000,0.0497,182.9528412597909,21478.159892986485,43590.786316971185,45428.814538865525,43585.089534620645,1.050309841403214,0.0,68.52,39.028707908833105,41.377,0.5,84,onoff,0.6,998.3893093918172,12.0,68.90380668640137,joint_full,0
10000,0.0497,182.9528412597909,21478.159892986485,43590.786316971185,45428.814538865525,43585.089534620645,1.050309841403214,0.0,68.52,38.81685663270665,40.717,0.5,84,onoff,0.6,998.3893093918172,12.0,68.90380668640137,cliffserve,0
10000,0.001,175.0662402733182,25046.67903668611,48230.931904607656,49782.0939826659,48225.21573680008,1.00080064051241,0.0,68.52,35.31732445956766,37.434499999999986,0.5,84,onoff,0.8,1331.1857458557563,2.0,11.483967781066895,dense,0
10000,0.001,175.0662402733182,25046.67903668611,48230.931904607656,49782.0939826659,48225.21573680008,1.00080064051241,0.0,68.52,37.44259907926341,39.549049999999994,0.5,84,onoff,0.8,1331.1857458557563,2.0,11.483967781066895,static_pomt,0
10000,0.001,175.0662402733182,25046.67903668611,48230.931904607656,49782.0939826659,48225.21573680008,1.00080064051241,0.0,68.52,37.30954713771017,39.063,0.5,84,onoff,0.8,1331.1857458557563,2.0,11.483967781066895,decoupled,0
10000,0.001,175.0662402733182,25046.67903668611,48230.931904607656,49782.0939826659,48225.21573680008,1.00080064051241,0.0,68.52,39.64541833466774,41.348,0.5,84,onoff,0.8,1331.1857458557563,2.0,11.483967781066895,joint_full,0
10000,0.001,175.0662402733182,25046.67903668611,48230.931904607656,49782.0939826659,48225.21573680008,1.00080064051241,0.0,68.52,38.49917183746997,40.055,0.5,84,onoff,0.8,1331.1857458557563,2.0,11.483967781066895,cliffserve,0
10000,0.0038,175.47979158100736,24912.07916576593,48096.37370801533,49647.50286824978,48090.61991441811,1.0033109260559847,0.0,68.52,35.867293468445865,37.811699999999995,0.5,84,onoff,0.8,1331.1857458557563,4.0,22.96793556213379,dense,0
10000,0.0038,175.47979158100736,24912.07916576593,48096.37370801533,49647.50286824978,48090.61991441811,1.0033109260559847,0.0,68.52,37.30455804153708,39.37099999999999,0.5,84,onoff,0.8,1331.1857458557563,4.0,22.96793556213379,static_pomt,0
10000,0.0038,175.47979158100736,24912.07916576593,48096.37370801533,49647.50286824978,48090.61991441811,1.0033109260559847,0.0,68.52,37.617913614929265,39.634,0.5,84,onoff,0.8,1331.1857458557563,4.0,22.96793556213379,decoupled,0
10000,0.0038,175.47979158100736,24912.07916576593,48096.37370801533,49647.50286824978,48090.61991441811,1.0033109260559847,0.0,68.52,39.46646473362095,41.46429999999999,0.5,84,onoff,0.8,1331.1857458557563,4.0,22.96793556213379,joint_full,0
10000,0.0038,175.47979158100736,24912.07916576593,48096.37370801533,49647.50286824978,48090.61991441811,1.0033109260559847,0.0,68.52,37.91244346342931,40.12199999999999,0.5,84,onoff,0.8,1331.1857458557563,4.0,22.96793556213379,cliffserve,0
10000,0.0126,176.8581788905126,24467.58725292413,47652.40793138111,49203.30329470909,47646.67629128063,1.0119409026512851,0.0,68.52,35.46265674964582,37.430949999999996,0.5,84,onoff,0.8,1331.1857458557563,8.0,45.93587112426758,dense,0
10000,0.0126,176.8581788905126,24467.58725292413,47652.40793138111,49203.30329470909,47646.67629128063,1.0119409026512851,0.0,68.52,36.97351376239627,38.93254999999999,0.5,84,onoff,0.8,1331.1857458557563,8.0,45.93587112426758,static_pomt,0
10000,0.0126,176.8581788905126,24467.58725292413,47652.40793138111,49203.30329470909,47646.67629128063,1.0119409026512851,0.0,68.52,37.07393564055859,39.013,0.5,84,onoff,0.8,1331.1857458557563,8.0,45.93587112426758,decoupled,0
10000,0.0126,176.8581788905126,24467.58725292413,47652.40793138111,49203.30329470909,47646.67629128063,1.0119409026512851,0.0,68.52,39.21352307225258,40.807,0.5,84,onoff,0.8,1331.1857458557563,8.0,45.93587112426758,joint_full,0
10000,0.0126,176.8581788905126,24467.58725292413,47652.40793138111,49203.30329470909,47646.67629128063,1.0119409026512851,0.0,68.52,38.264910240841935,39.77399999999998,0.5,84,onoff,0.8,1331.1857458557563,8.0,45.93587112426758,cliffserve,0
10000,0.0246,178.79373697005917,23855.230038473295,47039.627395087125,48591.03447768486,47033.90947039688,1.0240655401945724,0.0,68.52,35.47400962621607,36.108,0.5,84,onoff,0.8,1331.1857458557563,12.0,68.90380668640137,dense,0
10000,0.0246,178.79373697005917,23855.230038473295,47039.627395087125,48591.03447768486,47033.90947039688,1.0240655401945724,0.0,68.52,36.775855811571944,38.40019999999999,0.5,84,onoff,0.8,1331.1857458557563,12.0,68.90380668640137,static_pomt,0
10000,0.0246,178.79373697005917,23855.230038473295,47039.627395087125,48591.03447768486,47033.90947039688,1.0240655401945724,0.0,68.52,37.07752811059907,38.793,0.5,84,onoff,0.8,1331.1857458557563,12.0,68.90380668640137,decoupled,0
10000,0.0246,178.79373697005917,23855.230038473295,47039.627395087125,48591.03447768486,47033.90947039688,1.0240655401945724,0.0,68.52,39.10641597542243,40.60479999999999,0.5,84,onoff,0.8,1331.1857458557563,12.0,68.90380668640137,joint_full,0
10000,0.0246,178.79373697005917,23855.230038473295,47039.627395087125,48591.03447768486,47033.90947039688,1.0240655401945724,0.0,68.52,38.28440942140297,40.045,0.5,84,onoff,0.8,1331.1857458557563,12.0,68.90380668640137,cliffserve,0
10000,0.0006,175.00068712101958,25118.100895403455,48390.84255972418,50526.36200203807,48385.12373273882,1.0004001600640255,0.0,68.52,35.3550356142457,37.159,0.5,84,onoff,0.95,1580.7830732037105,2.0,11.483967781066895,dense,0
10000,0.0006,175.00068712101958,25118.100895403455,48390.84255972418,50526.36200203807,48385.12373273882,1.0004001600640255,0.0,68.52,36.777134853941575,38.643,0.5,84,onoff,0.95,1580.7830732037105,2.0,11.483967781066895,static_pomt,0
10000,0.0006,175.00068712101958,25118.100895403455,48390.84255972418,50526.36200203807,48385.12373273882,1.0004001600640255,0.0,68.52,37.150828431372545,38.873,0.5,84,onoff,0.95,1580.7830732037105,2.0,11.483967781066895,decoupled,0
10000,0.0006,175.00068712101958,25118.100895403455,48390.84255972418,50526.36200203807,48385.12373273882,1.0004001600640255,0.0,68.52,38.69117547018807,40.3285,0.5,84,onoff,0.95,1580.7830732037105,2.0,11.483967781066895,joint_full,0
10000,0.0006,175.00068712101958,25118.100895403455,48390.84255972418,50526.36200203807,48385.12373273882,1.0004001600640255,0.0,68.52,38.13787915166066,39.374,0.5,84,onoff,0.95,1580.7830732037105,2.0,11.483967781066895,cliffserve,0
10000,0.003,175.3610281643882,25000.67283105714,48273.49556077036,50408.95558540255,48267.77490947756,1.0026067776218168,0.0,68.52,35.492355825145374,37.284150000000004,0.5,84,onoff,0.95,1580.7830732037105,4.0,22.96793556213379,dense,0
10000,0.003,175.3610281643882,25000.67283105714,48273.49556077036,50408.95558540255,48267.77490947756,1.0026067776218168,0.0,68.52,36.92265580509324,38.653,0.5,84,onoff,0.95,1580.7830732037105,4.0,22.96793556213379,static_pomt,0
10000,0.003,175.3610281643882,25000.67283105714,48273.49556077036,50408.95558540255,48267.77490947756,1.0026067776218168,0.0,68.52,36.95740765991579,39.003,0.5,84,onoff,0.95,1580.7830732037105,4.0,22.96793556213379,decoupled,0
10000,0.003,175.3610281643882,25000.67283105714,48273.49556077036,50408.95558540255,48267.77490947756,1.0026067776218168,0.0,68.52,39.1093683577301,40.917,0.5,84,onoff,0.95,1580.7830732037105,4.0,22.96793556213379,joint_full,0
10000,0.003,175.3610281643882,25000.67283105714,48273.49556077036,50408.95558540255,48267.77490947756,1.0026067776218168,0.0,68.52,38.343731602165626,39.80165000000001,0.5,84,onoff,0.95,1580.7830732037105,4.0,22.96793556213379,cliffserve,0
10000,0.011,176.6120632276667,24596.62640285356,47869.68890448126,50005.08246129901,47863.987328558294,1.010407194099222,0.0,68.52,35.23420602202687,37.119,0.5,84,onoff,0.95,1580.7830732037105,8.0,45.93587112426758,dense,0
10000,0.011,176.6120632276667,24596.62640285356,47869.68890448126,50005.08246129901,47863.987328558294,1.010407194099222,0.0,68.52,36.75499120945741,38.664799999999985,0.5,84,onoff,0.95,1580.7830732037105,8.0,45.93587112426758,static_pomt,0
10000,0.011,176.6120632276667,24596.62640285356,47869.68890448126,50005.08246129901,47863.987328558294,1.010407194099222,0.0,68.52,37.02366777811458,38.893,0.5,84,onoff,0.95,1580.7830732037105,8.0,45.93587112426758,decoupled,0
10000,0.011,176.6120632276667,24596.62640285356,47869.68890448126,50005.08246129901,47863.987328558294,1.010407194099222,0.0,68.52,39.12265423865818,40.34979999999997,0.5,84,onoff,0.95,1580.7830732037105,8.0,45.93587112426758,joint_full,0
10000,0.011,176.6120632276667,24596.62640285356,47869.68890448126,50005.08246129901,47863.987328558294,1.010407194099222,0.0,68.52,38.13449115893705,39.685,0.5,84,onoff,0.95,1580.7830732037105,8.0,45.93587112426758,cliffserve,0
10000,0.0198,178.01711902576844,24149.408726214002,47422.44170821222,49557.93358377368,47416.73726347002,1.0192640913260627,0.0,68.52,35.4446305167669,37.265,0.5,84,onoff,0.95,1580.7830732037105,12.0,68.90380668640137,dense,0
10000,0.0198,178.01711902576844,24149.408726214002,47422.44170821222,49557.93358377368,47416.73726347002,1.0192640913260627,0.0,68.52,36.59645856691469,38.698,0.5,84,onoff,0.95,1580.7830732037105,12.0,68.90380668640137,static_pomt,0
10000,0.0198,178.01711902576844,24149.408726214002,47422.44170821222,49557.93358377368,47416.73726347002,1.0192640913260627,0.0,68.52,37.095731118132704,38.913,0.5,84,onoff,0.95,1580.7830732037105,12.0,68.90380668640137,decoupled,0
10000,0.0198,178.01711902576844,24149.408726214002,47422.44170821222,49557.93358377368,47416.73726347002,1.0192640913260627,0.0,68.52,39.212646009581086,40.817,0.5,84,onoff,0.95,1580.7830732037105,12.0,68.90380668640137,joint_full,0
10000,0.0198,178.01711902576844,24149.408726214002,47422.44170821222,49557.93358377368,47416.73726347002,1.0192640913260627,0.0,68.52,38.315671185404135,39.424,0.5,84,onoff,0.95,1580.7830732037105,12.0,68.90380668640137,cliffserve,0
10000,0.0006,175.00068712101955,25726.685814694993,49074.169007723416,51131.62576268989,49068.45018073806,1.0004001600640255,0.0,68.52,35.2642043817527,37.13,0.5,84,onoff,1.1,1830.380400551665,2.0,11.483967781066895,dense,0
10000,0.0006,175.00068712101955,25726.685814694993,49074.169007723416,51131.62576268989,49068.45018073806,1.0004001600640255,0.0,68.52,36.81605882352942,38.60225,0.5,84,onoff,1.1,1830.380400551665,2.0,11.483967781066895,static_pomt,0
10000,0.0006,175.00068712101955,25726.685814694993,49074.169007723416,51131.62576268989,49068.45018073806,1.0004001600640255,0.0,68.52,36.89026550620248,38.703,0.5,84,onoff,1.1,1830.380400551665,2.0,11.483967781066895,decoupled,0
10000,0.0006,175.00068712101955,25726.685814694993,49074.169007723416,51131.62576268989,49068.45018073806,1.0004001600640255,0.0,68.52,39.124873349339744,40.9795,0.5,84,onoff,1.1,1830.380400551665,2.0,11.483967781066895,joint_full,0
10000,0.0006,175.00068712101955,25726.685814694993,49074.169007723416,51131.62576268989,49068.45018073806,1.0004001600640255,0.0,68.52,37.59129451780713,39.25325,0.5,84,onoff,1.1,1830.380400551665,2.0,11.483967781066895,cliffserve,0
10000,0.0026,175.30823042314844,25626.431686238877,48973.98819591293,51031.39485517817,48968.27398974189,1.0023053021950485,0.0,68.52,35.193895359326454,37.4602,0.5,84,onoff,1.1,1830.380400551665,4.0,22.96793556213379,dense,0
10000,0.0026,175.30823042314844,25626.431686238877,48973.98819591293,51031.39485517817,48968.27398974189,1.0023053021950485,0.0,68.52,36.32575182920718,38.312,0.5,84,onoff,1.1,1830.380400551665,4.0,22.96793556213379,static_pomt,0
10000,0.0026,175.30823042314844,25626.431686238877,48973.98819591293,51031.39485517817,48968.27398974189,1.0023053021950485,0.0,68.52,36.88377367946276,38.764999999999986,0.5,84,onoff,1.1,1830.380400551665,4.0,22.96793556213379,decoupled,0
10000,0.0026,175.30823042314844,25626.431686238877,48973.98819591293,51031.39485517817,48968.27398974189,1.0023053021950485,0.0,68.52,38.99610504159567,40.276,0.5,84,onoff,1.1,1830.380400551665,4.0,22.96793556213379,joint_full,0
10000,0.0026,175.30823042314844,25626.431686238877,48973.98819591293,51031.39485517817,48968.27398974189,1.0023053021950485,0.0,68.52,37.891273629347495,39.70699999999999,0.5,84,onoff,1.1,1830.380400551665,4.0,22.96793556213379,cliffserve,0
10000,0.0098,176.43332691736754,25262.551513509385,48610.35553316364,50667.73618262607,48604.64811250457,1.0092854259184498,0.0,68.52,35.61309901090028,37.551,0.5,84,onoff,1.1,1830.380400551665,8.0,45.93587112426758,dense,0
10000,0.0098,176.43332691736754,25262.551513509385,48610.35553316364,50667.73618262607,48604.64811250457,1.0092854259184498,0.0,68.52,36.85178290270489,38.8095,0.5,84,onoff,1.1,1830.380400551665,8.0,45.93587112426758,static_pomt,0
10000,0.0098,176.43332691736754,25262.551513509385,48610.35553316364,50667.73618262607,48604.64811250457,1.0092854259184498,0.0,68.52,37.14609305611627,38.9495,0.5,84,onoff,1.1,1830.380400551665,8.0,45.93587112426758,decoupled,0
10000,0.0098,176.43332691736754,25262.551513509385,48610.35553316364,50667.73618262607,48604.64811250457,1.0092854259184498,0.0,68.52,39.19961293903916,41.298,0.5,84,onoff,1.1,1830.380400551665,8.0,45.93587112426758,joint_full,0
10000,0.0098,176.43332691736754,25262.551513509385,48610.35553316364,50667.73618262607,48604.64811250457,1.0092854259184498,0.0,68.52,38.12042965280582,40.105,0.5,84,onoff,1.1,1830.380400551665,8.0,45.93587112426758,cliffserve,0
10000,0.017,177.58494962018693,24894.758027629487,48242.64686471709,50299.95077128249,48236.919701426115,1.0165700925078784,0.0,68.52,34.89953237775744,37.2,0.5,84,onoff,1.1,1830.380400551665,12.0,68.90380668640137,dense,0
10000,0.017,177.58494962018693,24894.758027629487,48242.64686471709,50299.95077128249,48236.919701426115,1.0165700925078784,0.0,68.52,36.0745527091593,38.1412,0.5,84,onoff,1.1,1830.380400551665,12.0,68.90380668640137,static_pomt,0
10000,0.017,177.58494962018693,24894.758027629487,48242.64686471709,50299.95077128249,48236.919701426115,1.0165700925078784,0.0,68.52,36.963600691267665,38.624799999999986,0.5,84,onoff,1.1,1830.380400551665,12.0,68.90380668640137,decoupled,0
10000,0.017,177.58494962018693,24894.758027629487,48242.64686471709,50299.95077128249,48236.919701426115,1.0165700925078784,0.0,68.52,39.15338426349497,40.306,0.5,84,onoff,1.1,1830.380400551665,12.0,68.90380668640137,joint_full,0
10000,0.017,177.58494962018693,24894.758027629487,48242.64686471709,50299.95077128249,48236.919701426115,1.0165700925078784,0.0,68.52,38.02246914709769,39.515,0.5,84,onoff,1.1,1830.380400551665,12.0,68.90380668640137,cliffserve,0
10000,0.0003,174.94730998811102,18614.327375336063,35191.853480903366,36587.96638004675,35186.12931620285,1.000100010001,0.0,68.52,35.57769306930693,37.681,0.5,85,poisson,0.3,499.1946546959086,2.0,11.483967781066895,dense,0
10000,0.0003,174.94730998811102,18614.327375336063,35191.853480903366,36587.96638004675,35186.12931620285,1.000100010001,0.0,68.52,36.80995599559956,38.903,0.5,85,poisson,0.3,499.1946546959086,2.0,11.483967781066895,static_pomt,0
10000,0.0003,174.94730998811102,18614.327375336063,35191.853480903366,36587.96638004675,35186.12931620285,1.000100010001,0.0,68.52,37.244884888488855,39.254,0.5,85,poisson,0.3,499.1946546959086,2.0,11.483967781066895,decoupled,0
10000,0.0003,174.94730998811102,18614.327375336063,35191.853480903366,36587.96638004675,35186.12931620285,1.000100010001,0.0,68.52,39.04008570857086,40.767,0.5,85,poisson,0.3,499.1946546959086,2.0,11.483967781066895,joint_full,0
10000,0.0003,174.94730998811102,18614.327375336063,35191.853480903366,36587.96638004675,35186.12931620285,1.000100010001,0.0,68.52,38.41606600660066,40.3479,0.5,85,poisson,0.3,499.1946546959086,2.0,11.483967781066895,cliffserve,0
10000,1.0,494.43731930501394,9.68875464301982,13.85455715094522,15.449507965278865,8.03781280984217,2.8686173264486516,0.0,68.52,8.7242082616179,9.979,0.5,85,poisson,0.3,499.1946546959086,4.0,22.96793556213379,dense,0
10000,1.0,494.43731930501394,9.68875464301982,13.85455715094522,15.449507965278865,8.03781280984217,2.8686173264486516,0.0,68.52,9.137869477911646,10.48675,0.5,85,poisson,0.3,499.1946546959086,4.0,22.96793556213379,static_pomt,0
10000,1.0,494.43731930501394,9.68875464301982,13.85455715094522,15.449507965278865,8.03781280984217,2.8686173264486516,0.0,68.52,10.87316379804934,12.203,0.5,85,poisson,0.3,499.1946546959086,4.0,22.96793556213379,decoupled,0
10000,1.0,494.43731930501394,9.68875464301982,13.85455715094522,15.449507965278865,8.03781280984217,2.8686173264486516,0.0,68.52,10.307831612162937,12.153,0.5,85,poisson,0.3,499.1946546959086,4.0,22.96793556213379,joint_full,0
10000,1.0,494.43731930501394,9.68875464301982,13.85455715094522,15.449507965278865,8.03781280984217,2.8686173264486516,0.0,68.52,9.218154905335629,10.87775,0.5,85,poisson,0.3,499.1946546959086,4.0,22.96793556213379,cliffserve,0
10000,1.0,494.43731930501394,9.68875464301982,13.85455715094522,15.449507965278865,8.03781280984217,2.8686173264486516,0.0,68.52,8.75380263912794,10.039,0.5,85,poisson,0.3,499.1946546959086,8.0,45.93587112426758,dense,0
10000,1.0,494.43731930501394,9.68875464301982,13.85455715094522,15.449507965278865,8.03781280984217,2.8686173264486516,0.0,68.52,9.14193918531268,10.499,0.5,85,poisson,0.3,499.1946546959086,8.0,45.93587112426758,static_pomt,0
10000,1.0,494.43731930501394,9.68875464301982,13.85455715094522,15.449507965278865,8.03781280984217,2.8686173264486516,0.0,68.52,10.92031554790591,12.233,0.5,85,poisson,0.3,499.1946546959086,8.0,45.93587112426758,decoupled,0
10000,1.0,494.43731930501394,9.68875464301982,13.85455715094522,15.449507965278865,8.03781280984217,2.8686173264486516,0.0,68.52,10.313012621916238,12.143,0.5,85,poisson,0.3,499.1946546959086,8.0,45.93587112426758,joint_full,0
10000,1.0,494.43731930501394,9.68875464301982,13.85455715094522,15.449507965278865,8.03781280984217,2.8686173264486516,0.0,68.52,9.271010900745841,10.89075,0.5,85,poisson,0.3,499.1946546959086,8.0,45.93587112426758,cliffserve,0
10000,1.0,494.43731930501394,9.68875464301982,13.85455715094522,15.449507965278865,8.03781280984217,2.8686173264486516,0.0,68.52,8.659951233505451,9.949,0.5,85,poisson,0.3,499.1946546959086,12.0,68.90380668640137,dense,0
10000,1.0,494.43731930501394,9.68875464301982,13.85455715094522,15.449507965278865,8.03781280984217,2.8686173264486516,0.0,68.52,9.175100975329892,10.55,0.5,85,poisson,0.3,499.1946546959086,12.0,68.90380668640137,static_pomt,0
10000,1.0,494.43731930501394,9.68875464301982,13.85455715094522,15.449507965278865,8.03781280984217,2.8686173264486516,0.0,68.52,10.859662937464144,12.173,0.5,85,poisson,0.3,499.1946546959086,12.0,68.90380668640137,decoupled,0
10000,1.0,494.43731930501394,9.68875464301982,13.85455715094522,15.449507965278865,8.03781280984217,2.8686173264486516,0.0,68.52,10.306865748709122,12.183,0.5,85,poisson,0.3,499.1946546959086,12.0,68.90380668640137,joint_full,0
10000,1.0,494.43731930501394,9.68875464301982,13.85455715094522,15.449507965278865,8.03781280984217,2.8686173264486516,0.0,68.52,9.26514859437751,10.9185,0.5,85,poisson,0.3,499.1946546959086,12.0,68.90380668640137,cliffserve,0
10000,0.001,175.0527326215314,23562.435466728395,44712.27177232109,46553.62563492961,44706.56350682579,1.0007004903432404,0.0,68.52,35.59734634243971,37.4946,0.5,85,poisson,0.6,998.3893093918172,2.0,11.483967781066895,dense,0
10000,0.001,175.0527326215314,23562.435466728395,44712.27177232109,46553.62563492961,44706.56350682579,1.0007004903432404,0.0,68.52,37.188003102171514,39.424,0.5,85,poisson,0.6,998.3893093918172,2.0,11.483967781066895,static_pomt,0
10000,0.001,175.0527326215314,23562.435466728395,44712.27177232109,46553.62563492961,44706.56350682579,1.0007004903432404,0.0,68.52,37.20723526468528,39.163,0.5,85,poisson,0.6,998.3893093918172,2.0,11.483967781066895,decoupled,0
10000,0.001,175.0527326215314,23562.435466728395,44712.27177232109,46553.62563492961,44706.56350682579,1.0007004903432404,0.0,68.52,39.317466426498555,41.158,0.5,85,poisson,0.6,998.3893093918172,2.0,11.483967781066895,joint_full,0
10000,0.001,175.0527326215314,23562.435466728395,44712.27177232109,46553.62563492961,44706.56350682579,1.0007004903432404,0.0,68.52,38.21702231562094,40.1854,0.5,85,poisson,0.6,998.3893093918172,2.0,11.483967781066895,cliffserve,0
10000,0.2262,215.01826617297806,12946.951489410585,34095.1665942987,35935.86308332629,34089.44633665882,1.2376237623762376,0.0,68.52,34.56924628712871,37.46,0.5,85,poisson,0.6,998.3893093918172,4.0,22.96793556213379,dense,0
10000,0.2262,215.01826617297806,12946.951489410585,34095.1665942987,35935.86308332629,34089.44633665882,1.2376237623762376,0.0,68.52,35.5263650990099,38.782,0.5,85,poisson,0.6,998.3893093918172,4.0,22.96793556213379,static_pomt,0
10000,0.2262,215.01826617297806,12946.951489410585,34095.1665942987,35935.86308332629,34089.44633665882,1.2376237623762376,0.0,68.52,35.985522896039605,39.023,0.5,85,poisson,0.6,998.3893093918172,4.0,22.96793556213379,decoupled,0
10000,0.2262,215.01826617297806,12946.951489410585,34095.1665942987,35935.86308332629,34089.44633665882,1.2376237623762376,0.0,68.52,38.2602646039604,41.198449999999994,0.5,85,poisson,0.6,998.3893093918172,4.0,22.96793556213379,joint_full,0
10000,0.2262,215.01826617297806,12946.951489410585,34095.1665942987,35935.86308332629,34089.44633665882,1.2376237623762376,0.0,68.52,37.23153440594059,40.056,0.5,85,poisson,0.6,998.3893093918172,4.0,22.96793556213379,cliffserve,0
10000,1.0,988.3618540125594,12.507201240468476,19.368449374112647,23.467373045081033,10.682248227690016,6.680026720106881,0.0,68.52,10.983088176352705,12.209000000000001,0.5,85,poisson,0.6,998.3893093918172,8.0,45.93587112426758,dense,0
10000,1.0,988.3618540125594,12.507201240468476,19.368449374112647,23.467373045081033,10.682248227690016,6.680026720106881,0.0,68.52,11.45958183032732,12.495800000000001,0.5,85,poisson,0.6,998.3893093918172,8.0,45.93587112426758,static_pomt,0
10000,1.0,988.3618540125594,12.507201240468476,19.368449374112647,23.467373045081033,10.682248227690016,6.680026720106881,0.0,68.52,13.390208416833667,17.197000000000006,0.5,85,poisson,0.6,998.3893093918172,8.0,45.93587112426758,decoupled,0
10000,1.0,988.3618540125594,12.507201240468476,19.368449374112647,23.467373045081033,10.682248227690016,6.680026720106881,0.0,68.52,13.523619906479626,14.844000000000003,0.5,85,poisson,0.6,998.3893093918172,8.0,45.93587112426758,joint_full,0
10000,1.0,988.3618540125594,12.507201240468476,19.368449374112647,23.467373045081033,10.682248227690016,6.680026720106881,0.0,68.52,12.07447828991316,13.371000000000002,0.5,85,poisson,0.6,998.3893093918172,8.0,45.93587112426758,cliffserve,0
10000,1.0,988.3618540125594,12.507201240468476,19.368449374112647,23.467373045081033,10.682248227690016,6.680026720106881,0.0,68.52,10.923426853707413,11.924800000000001,0.5,85,poisson,0.6,998.3893093918172,12.0,68.90380668640137,dense,0
10000,1.0,988.3618540125594,12.507201240468476,19.368449374112647,23.467373045081033,10.682248227690016,6.680026720106881,0.0,68.52,11.69896726786907,12.894,0.5,85,poisson,0.6,998.3893093918172,12.0,68.90380668640137,static_pomt,0
10000,1.0,988.3618540125594,12.507201240468476,19.368449374112647,23.467373045081033,10.682248227690016,6.680026720106881,0.0,68.52,13.484929859719438,14.75,0.5,85,poisson,0.6,998.3893093918172,12.0,68.90380668640137,decoupled,0
10000,1.0,988.3618540125594,12.507201240468476,19.368449374112647,23.467373045081033,10.682248227690016,6.680026720106881,0.0,68.52,13.575903139612558,14.920800000000002,0.5,85,poisson,0.6,998.3893093918172,12.0,68.90380668640137,joint_full,0
10000,1.0,988.3618540125594,12.507201240468476,19.368449374112647,23.467373045081033,10.682248227690016,6.680026720106881,0.0,68.52,12.026217768871076,13.247,0.5,85,poisson,0.6,998.3893093918172,12.0,68.90380668640137,cliffserve,0
10000,0.0006,175.00005153574077,24825.310305805346,47118.28064221146,49070.921211410976,47112.48796852829,1.0004001600640255,0.0,68.52,35.57860184073628,37.6135,0.5,85,poisson,0.8,1331.1857458557563,2.0,11.483967781066895,dense,0
10000,0.0006,175.00005153574077,24825.310305805346,47118.28064221146,49070.921211410976,47112.48796852829,1.0004001600640255,0.0,68.52,36.890119247699076,38.913,0.5,85,poisson,0.8,1331.1857458557563,2.0,11.483967781066895,static_pomt,0
10000,0.0006,175.00005153574077,24825.310305805346,47118.28064221146,49070.921211410976,47112.48796852829,1.0004001600640255,0.0,68.52,37.16422729091637,39.144,0.5,85,poisson,0.8,1331.1857458557563,2.0,11.483967781066895,decoupled,0
10000,0.0006,175.00005153574077,24825.310305805346,47118.28064221146,49070.921211410976,47112.48796852829,1.0004001600640255,0.0,68.52,39.08111024409764,40.446,0.5,85,poisson,0.8,1331.1857458557563,2.0,11.483967781066895,joint_full,0
10000,0.0006,175.00005153574077,24825.310305805346,47118.28064221146,49070.921211410976,47112.48796852829,1.0004001600640255,0.0,68.52,38.37664615846339,40.116,0.5,85,poisson,0.8,1331.1857458557563,2.0,11.483967781066895,cliffserve,0
10000,0.0138,176.9587178325654,24192.86749073996,46485.80819364788,48438.53137423656,46480.102403390425,1.0120433154539015,0.0,68.52,35.3469791519077,37.421,0.5,85,poisson,0.8,1331.1857458557563,4.0,22.96793556213379,dense,0
10000,0.0138,176.9587178325654,24192.86749073996,46485.80819364788,48438.53137423656,46480.102403390425,1.0120433154539015,0.0,68.52,36.362319299666034,38.783,0.5,85,poisson,0.8,1331.1857458557563,4.0,22.96793556213379,static_pomt,0
10000,0.0138,176.9587178325654,24192.86749073996,46485.80819364788,48438.53137423656,46480.102403390425,1.0120433154539015,0.0,68.52,37.237075700839995,39.144,0.5,85,poisson,0.8,1331.1857458557563,4.0,22.96793556213379,decoupled,0
10000,0.0138,176.9587178325654,24192.86749073996,46485.80819364788,48438.53137423656,46480.102403390425,1.0120433154539015,0.0,68.52,38.71831120331951,40.767,0.5,85,poisson,0.8,1331.1857458557563,4.0,22.96793556213379,joint_full,0
10000,0.0138,176.9587178325654,24192.86749073996,46485.80819364788,48438.53137423656,46480.102403390425,1.0120433154539015,0.0,68.52,37.916434672603984,39.875,0.5,85,poisson,0.8,1331.1857458557563,4.0,22.96793556213379,cliffserve,0
10000,1.0,1315.2805486971797,22.701685020740797,33.371993916613164,37.288109421823386,17.083249762561582,16.260162601626018,0.0,68.52,15.022702439024393,18.728999999999996,0.5,85,poisson,0.8,1331.1857458557563,8.0,45.93587112426758,dense,0
10000,1.0,1315.2805486971797,22.701685020740797,33.371993916613164,37.288109421823386,17.083249762561582,16.260162601626018,0.0,68.52,15.745616260162603,19.648999999999997,0.5,85,poisson,0.8,1331.1857458557563,8.0,45.93587112426758,static_pomt,0
10000,1.0,1315.2805486971797,22.701685020740797,33.371993916613164,37.288109421823386,17.083249762561582,16.260162601626018,0.0,68.52,18.654453658536585,22.822999999999997,0.5,85,poisson,0.8,1331.1857458557563,8.0,45.93587112426758,decoupled,0
10000,1.0,1315.2805486971797,22.701685020740797,33.371993916613164,37.288109421823386,17.083249762561582,16.260162601626018,0.0,68.52,18.47939512195122,23.450599999999948,0.5,85,poisson,0.8,1331.1857458557563,8.0,45.93587112426758,joint_full,0
10000,1.0,1315.2805486971797,22.701685020740797,33.371993916613164,37.288109421823386,17.083249762561582,16.260162601626018,0.0,68.52,16.486591869918698,21.40459999999995,0.5,85,poisson,0.8,1331.1857458557563,8.0,45.93587112426758,cliffserve,0
10000,1.0,1315.2805486971797,22.701685020740797,33.371993916613164,37.288109421823386,17.083249762561582,16.260162601626018,0.0,68.52,15.160239024390242,21.19999999999998,0.5,85,poisson,0.8,1331.1857458557563,12.0,68.90380668640137,dense,0
10000,1.0,1315.2805486971797,22.701685020740797,33.371993916613164,37.288109421823386,17.083249762561582,16.260162601626018,0.0,68.52,15.698439024390245,22.587999999999994,0.5,85,poisson,0.8,1331.1857458557563,12.0,68.90380668640137,static_pomt,0
10000,1.0,1315.2805486971797,22.701685020740797,33.371993916613164,37.288109421823386,17.083249762561582,16.260162601626018,0.0,68.52,18.29997723577236,22.933999999999997,0.5,85,poisson,0.8,1331.1857458557563,12.0,68.90380668640137,decoupled,0
10000,1.0,1315.2805486971797,22.701685020740797,33.371993916613164,37.288109421823386,17.083249762561582,16.260162601626018,0.0,68.52,18.314960975609758,22.874999999999996,0.5,85,poisson,0.8,1331.1857458557563,12.0,68.90380668640137,joint_full,0
10000,1.0,1315.2805486971797,22.701685020740797,33.371993916613164,37.288109421823386,17.083249762561582,16.260162601626018,0.0,68.52,16.39508617886179,20.33,0.5,85,poisson,0.8,1331.1857458557563,12.0,68.90380668640137,cliffserve,0
10000,0.0006,175.00005153574077,25415.343889676762,48249.782421330405,50255.14447334281,48243.98974764724,1.0004001600640255,0.0,68.52,35.64098569427772,37.571,0.5,85,poisson,0.95,1580.7830732037105,2.0,11.483967781066895,dense,0
10000,0.0006,175.00005153574077,25415.343889676762,48249.782421330405,50255.14447334281,48243.98974764724,1.0004001600640255,0.0,68.52,36.62337014805923,38.94325,0.5,85,poisson,0.95,1580.7830732037105,2.0,11.483967781066895,static_pomt,0
10000,0.0006,175.00005153574077,25415.343889676762,48249.782421330405,50255.14447334281,48243.98974764724,1.0004001600640255,0.0,68.52,36.914087434973986,38.96325,0.5,85,poisson,0.95,1580.7830732037105,2.0,11.483967781066895,decoupled,0
10000,0.0006,175.00005153574077,25415.343889676762,48249.782421330405,50255.14447334281,48243.98974764724,1.0004001600640255,0.0,68.52,39.33502290916366,40.78625,0.5,85,poisson,0.95,1580.7830732037105,2.0,11.483967781066895,joint_full,0
10000,0.0006,175.00005153574077,25415.343889676762,48249.782421330405,50255.14447334281,48243.98974764724,1.0004001600640255,0.0,68.52,38.554567126850735,40.306,0.5,85,poisson,0.95,1580.7830732037105,2.0,11.483967781066895,cliffserve,0
10000,0.007,175.9512995771803,25106.46064277811,47940.92501211543,49946.25204837791,47935.21481376071,1.0060362173038229,0.0,68.52,35.73407022132797,37.691,0.5,85,poisson,0.95,1580.7830732037105,4.0,22.96793556213379,dense,0
10000,0.007,175.9512995771803,25106.46064277811,47940.92501211543,49946.25204837791,47935.21481376071,1.0060362173038229,0.0,68.52,36.19603340040242,38.66349999999999,0.5,85,poisson,0.95,1580.7830732037105,4.0,22.96793556213379,static_pomt,0
10000,0.007,175.9512995771803,25106.46064277811,47940.92501211543,49946.25204837791,47935.21481376071,1.0060362173038229,0.0,68.52,37.199019416499,39.144,0.5,85,poisson,0.95,1580.7830732037105,4.0,22.96793556213379,decoupled,0
10000,0.007,175.9512995771803,25106.46064277811,47940.92501211543,49946.25204837791,47935.21481376071,1.0060362173038229,0.0,68.52,39.23869597585513,41.247,0.5,85,poisson,0.95,1580.7830732037105,4.0,22.96793556213379,joint_full,0
10000,0.007,175.9512995771803,25106.46064277811,47940.92501211543,49946.25204837791,47935.21481376071,1.0060362173038229,0.0,68.52,38.37171106639838,39.995,0.5,85,poisson,0.95,1580.7830732037105,4.0,22.96793556213379,cliffserve,0
10000,0.0478,182.5512609174719,23051.79535361452,45886.12554710288,47891.4776799964,45880.40726724047,1.0472300764477955,0.0,68.52,35.42077599748664,37.3806,0.5,85,poisson,0.95,1580.7830732037105,8.0,45.93587112426758,dense,0
10000,0.0478,182.5512609174719,23051.79535361452,45886.12554710288,47891.4776799964,45880.40726724047,1.0472300764477955,0.0,68.52,36.80744423499843,39.073,0.5,85,poisson,0.95,1580.7830732037105,8.0,45.93587112426758,static_pomt,0
10000,0.0478,182.5512609174719,23051.79535361452,45886.12554710288,47891.4776799964,45880.40726724047,1.0472300764477955,0.0,68.52,37.22103602471462,39.27,0.5,85,poisson,0.95,1580.7830732037105,8.0,45.93587112426758,decoupled,0
10000,0.0478,182.5512609174719,23051.79535361452,45886.12554710288,47891.4776799964,45880.40726724047,1.0472300764477955,0.0,68.52,38.62010398994659,40.216,0.5,85,poisson,0.95,1580.7830732037105,8.0,45.93587112426758,joint_full,0
10000,0.0478,182.5512609174719,23051.79535361452,45886.12554710288,47891.4776799964,45880.40726724047,1.0472300764477955,0.0,68.52,38.13667870981255,39.9814,0.5,85,poisson,0.95,1580.7830732037105,8.0,45.93587112426758,cliffserve,0
10000,0.459,295.2290967366903,2147.2383856408096,24979.345383695552,26984.5012887334,24973.625210670423,1.8034265103697025,0.0,68.52,35.32162254283138,37.521,0.5,85,poisson,0.95,1580.7830732037105,12.0,68.90380668640137,dense,0
10000,0.459,295.2290967366903,2147.2383856408096,24979.345383695552,26984.5012887334,24973.625210670423,1.8034265103697025,0.0,68.52,36.19954012623986,38.452,0.5,85,poisson,0.95,1580.7830732037105,12.0,68.90380668640137,static_pomt,0
10000,0.459,295.2290967366903,2147.2383856408096,24979.345383695552,26984.5012887334,24973.625210670423,1.8034265103697025,0.0,68.52,36.85509359783589,39.0938,0.5,85,poisson,0.95,1580.7830732037105,12.0,68.90380668640137,decoupled,0
10000,0.459,295.2290967366903,2147.2383856408096,24979.345383695552,26984.5012887334,24973.625210670423,1.8034265103697025,0.0,68.52,38.41707267808837,40.724000000000004,0.5,85,poisson,0.95,1580.7830732037105,12.0,68.90380668640137,joint_full,0
10000,0.459,295.2290967366903,2147.2383856408096,24979.345383695552,26984.5012887334,24973.625210670423,1.8034265103697025,0.0,68.52,37.78171559963932,39.931200000000004,0.5,85,poisson,0.95,1580.7830732037105,12.0,68.90380668640137,cliffserve,0
10000,0.0002,174.94719911931531,25861.644791018847,49089.93175942462,51133.613578774835,49084.20759472411,1.000100010001,0.0,68.52,34.75292249224922,36.4899,0.5,85,poisson,1.1,1830.380400551665,2.0,11.483967781066895,dense,0
10000,0.0002,174.94719911931531,25861.644791018847,49089.93175942462,51133.613578774835,49084.20759472411,1.000100010001,0.0,68.52,36.63018261826182,38.683,0.5,85,poisson,1.1,1830.380400551665,2.0,11.483967781066895,static_pomt,0
10000,0.0002,174.94719911931531,25861.644791018847,49089.93175942462,51133.613578774835,49084.20759472411,1.000100010001,0.0,68.52,37.20889388938894,38.9731,0.5,85,poisson,1.1,1830.380400551665,2.0,11.483967781066895,decoupled,0
10000,0.0002,174.94719911931531,25861.644791018847,49089.93175942462,51133.613578774835,49084.20759472411,1.000100010001,0.0,68.52,39.04974697469748,40.8879,0.5,85,poisson,1.1,1830.380400551665,2.0,11.483967781066895,joint_full,0
10000,0.0002,174.94719911931531,25861.644791018847,49089.93175942462,51133.613578774835,49084.20759472411,1.000100010001,0.0,68.52,38.021561256125615,39.905,0.5,85,poisson,1.1,1830.380400551665,2.0,11.483967781066895,cliffserve,0
10000,0.0062,175.8317049676102,25574.156664025668,48802.44992208044,50846.1122788786,48796.74592377703,1.0053282396702523,0.0,68.52,35.49065296069167,37.531,0.5,85,poisson,1.1,1830.380400551665,4.0,22.96793556213379,dense,0
10000,0.0062,175.8317049676102,25574.156664025668,48802.44992208044,50846.1122788786,48796.74592377703,1.0053282396702523,0.0,68.52,36.67667387151905,39.0237,0.5,85,poisson,1.1,1830.380400551665,4.0,22.96793556213379,static_pomt,0
10000,0.0062,175.8317049676102,25574.156664025668,48802.44992208044,50846.1122788786,48796.74592377703,1.0053282396702523,0.0,68.52,37.3293766964914,39.270999999999994,0.5,85,poisson,1.1,1830.380400551665,4.0,22.96793556213379,decoupled,0
10000,0.0062,175.8317049676102,25574.156664025668,48802.44992208044,50846.1122788786,48796.74592377703,1.0053282396702523,0.0,68.52,39.29285141248617,40.69329999999999,0.5,85,poisson,1.1,1830.380400551665,4.0,22.96793556213379,joint_full,0
10000,0.0062,175.8317049676102,25574.156664025668,48802.44992208044,50846.1122788786,48796.74592377703,1.0053282396702523,0.0,68.52,38.58980094500854,40.47299999999999,0.5,85,poisson,1.1,1830.380400551665,4.0,22.96793556213379,cliffserve,0
10000,0.0258,178.9357788269359,24587.712201249484,47815.8432744221,49859.841996877105,47810.114602466034,1.0248001639680262,0.0,68.52,35.06322894035663,37.11,0.5,85,poisson,1.1,1830.380400551665,8.0,45.93587112426758,dense,0
10000,0.0258,178.9357788269359,24587.712201249484,47815.8432744221,49859.841996877105,47810.114602466034,1.0248001639680262,0.0,68.52,36.31173847099815,38.504349999999995,0.5,85,poisson,1.1,1830.380400551665,8.0,45.93587112426758,static_pomt,0
10000,0.0258,178.9357788269359,24587.712201249484,47815.8432744221,49859.841996877105,47810.114602466034,1.0248001639680262,0.0,68.52,36.720922730067635,38.965349999999994,0.5,85,poisson,1.1,1830.380400551665,8.0,45.93587112426758,decoupled,0
10000,0.0258,178.9357788269359,24587.712201249484,47815.8432744221,49859.841996877105,47810.114602466034,1.0248001639680262,0.0,68.52,38.107773109243695,39.745,0.5,85,poisson,1.1,1830.380400551665,8.0,45.93587112426758,joint_full,0
10000,0.0258,178.9357788269359,24587.712201249484,47815.8432744221,49859.841996877105,47810.114602466034,1.0248001639680262,0.0,68.52,37.78457019881123,39.063,0.5,85,poisson,1.1,1830.380400551665,8.0,45.93587112426758,cliffserve,0
10000,0.0486,182.74334379772955,23423.44139016855,46651.59704064886,48695.33954457989,46645.866693540025,1.048767697954903,0.0,68.52,35.63998573675931,37.55,0.5,85,poisson,1.1,1830.380400551665,12.0,68.90380668640137,dense,0
10000,0.0486,182.74334379772955,23423.44139016855,46651.59704064886,48695.33954457989,46645.866693540025,1.048767697954903,0.0,68.52,36.75396832721552,39.054,0.5,85,poisson,1.1,1830.380400551665,12.0,68.90380668640137,static_pomt,0
10000,0.0486,182.74334379772955,23423.44139016855,46651.59704064886,48695.33954457989,46645.866693540025,1.048767697954903,0.0,68.52,36.340223282642896,38.73599999999999,0.5,85,poisson,1.1,1830.380400551665,12.0,68.90380668640137,decoupled,0
10000,0.0486,182.74334379772955,23423.44139016855,46651.59704064886,48695.33954457989,46645.866693540025,1.048767697954903,0.0,68.52,39.07626607236497,41.167,0.5,85,poisson,1.1,1830.380400551665,12.0,68.90380668640137,joint_full,0
10000,0.0486,182.74334379772955,23423.44139016855,46651.59704064886,48695.33954457989,46645.866693540025,1.048767697954903,0.0,68.52,38.26034798112218,40.276,0.5,85,poisson,1.1,1830.380400551665,12.0,68.90380668640137,cliffserve,0
10000,0.0028,174.65883463313932,17037.97677587746,33322.58195648259,34769.295816371596,33316.87369098729,1.0007004903432404,0.0,68.52,35.18565675973181,37.2136,0.5,85,onoff,0.3,499.1946546959086,2.0,11.483967781066895,dense,0
10000,0.0028,174.65883463313932,17037.97677587746,33322.58195648259,34769.295816371596,33316.87369098729,1.0007004903432404,0.0,68.52,36.602416691684176,38.742,0.5,85,onoff,0.3,499.1946546959086,2.0,11.483967781066895,static_pomt,0
10000,0.0028,174.65883463313932,17037.97677587746,33322.58195648259,34769.295816371596,33316.87369098729,1.0007004903432404,0.0,68.52,36.97338867207045,38.973,0.5,85,onoff,0.3,499.1946546959086,2.0,11.483967781066895,decoupled,0
10000,0.0028,174.65883463313932,17037.97677587746,33322.58195648259,34769.295816371596,33316.87369098729,1.0007004903432404,0.0,68.52,38.59035614930451,40.817,0.5,85,onoff,0.3,499.1946546959086,2.0,11.483967781066895,joint_full,0
10000,0.0028,174.65883463313932,17037.97677587746,33322.58195648259,34769.295816371596,33316.87369098729,1.0007004903432404,0.0,68.52,38.22035534874412,40.1854,0.5,85,onoff,0.3,499.1946546959086,2.0,11.483967781066895,cliffserve,0
10000,0.2673,210.82429985319902,7219.041686471154,23501.867793909427,24948.29052557311,23496.137408534403,1.2501562695336916,0.0,68.52,32.77635216902113,37.1791,0.5,85,onoff,0.3,499.1946546959086,4.0,22.96793556213379,dense,0
10000,0.2673,210.82429985319902,7219.041686471154,23501.867793909427,24948.29052557311,23496.137408534403,1.2501562695336916,0.0,68.52,34.45283222902863,38.683,0.5,85,onoff,0.3,499.1946546959086,4.0,22.96793556213379,static_pomt,0
10000,0.2673,210.82429985319902,7219.041686471154,23501.867793909427,24948.29052557311,23496.137408534403,1.2501562695336916,0.0,68.52,34.84686323290411,38.793,0.5,85,onoff,0.3,499.1946546959086,4.0,22.96793556213379,decoupled,0
10000,0.2673,210.82429985319902,7219.041686471154,23501.867793909427,24948.29052557311,23496.137408534403,1.2501562695336916,0.0,68.52,36.35176559569947,40.3151,0.5,85,onoff,0.3,499.1946546959086,4.0,22.96793556213379,joint_full,0
10000,0.2673,210.82429985319902,7219.041686471154,23501.867793909427,24948.29052557311,23496.137408534403,1.2501562695336916,0.0,68.52,35.59882660332542,39.775,0.5,85,onoff,0.3,499.1946546959086,4.0,22.96793556213379,cliffserve,0
10000,1.0,452.2040028650588,10.94429837494829,16.200113695951355,18.87672093713553,9.261689625895656,3.7467216185837393,0.0,68.52,9.071413263394529,11.893,0.5,85,onoff,0.3,499.1946546959086,8.0,45.93587112426758,dense,0
10000,1.0,452.2040028650588,10.94429837494829,16.200113695951355,18.87672093713553,9.261689625895656,3.7467216185837393,0.0,68.52,9.485687898089171,12.504,0.5,85,onoff,0.3,499.1946546959086,8.0,45.93587112426758,static_pomt,0
10000,1.0,452.2040028650588,10.94429837494829,16.200113695951355,18.87672093713553,9.261689625895656,3.7467216185837393,0.0,68.52,11.29034881978269,14.407,0.5,85,onoff,0.3,499.1946546959086,8.0,45.93587112426758,decoupled,0
10000,1.0,452.2040028650588,10.94429837494829,16.200113695951355,18.87672093713553,9.261689625895656,3.7467216185837393,0.0,68.52,10.629999625327839,14.627,0.5,85,onoff,0.3,499.1946546959086,8.0,45.93587112426758,joint_full,0
10000,1.0,452.2040028650588,10.94429837494829,16.200113695951355,18.87672093713553,9.261689625895656,3.7467216185837393,0.0,68.52,9.48027838141626,13.105,0.5,85,onoff,0.3,499.1946546959086,8.0,45.93587112426758,cliffserve,0
10000,1.0,452.2040028650588,10.94429837494829,16.200113695951355,18.87672093713553,9.261689625895656,3.7467216185837393,0.0,68.52,8.991968902210566,11.872,0.5,85,onoff,0.3,499.1946546959086,12.0,68.90380668640137,dense,0
10000,1.0,452.2040028650588,10.94429837494829,16.200113695951355,18.87672093713553,9.261689625895656,3.7467216185837393,0.0,68.52,9.44057624578494,12.464,0.5,85,onoff,0.3,499.1946546959086,12.0,68.90380668640137,static_pomt,0
10000,1.0,452.2040028650588,10.94429837494829,16.200113695951355,18.87672093713553,9.261689625895656,3.7467216185837393,0.0,68.52,11.282397901835894,14.447,0.5,85,onoff,0.3,499.1946546959086,12.0,68.90380668640137,decoupled,0
10000,1.0,452.2040028650588,10.94429837494829,16.200113695951355,18.87672093713553,9.261689625895656,3.7467216185837393,0.0,68.52,10.552245035593854,14.618,0.5,85,onoff,0.3,499.1946546959086,12.0,68.90380668640137,joint_full,0
10000,1.0,452.2040028650588,10.94429837494829,16.200113695951355,18.87672093713553,9.261689625895656,3.7467216185837393,0.0,68.52,9.490213563132258,13.0246,0.5,85,onoff,0.3,499.1946546959086,12.0,68.90380668640137,cliffserve,0
10000,0.0022,175.03651426731122,24177.338086416334,45750.448405349984,47629.66341188618,45744.761549437775,1.001001001001001,0.0,68.52,35.329031331331336,37.14,0.5,85,onoff,0.6,998.3893093918172,2.0,11.483967781066895,dense,0
10000,0.0022,175.03651426731122,24177.338086416334,45750.448405349984,47629.66341188618,45744.761549437775,1.001001001001001,0.0,68.52,36.26355445445446,38.322,0.5,85,onoff,0.6,998.3893093918172,2.0,11.483967781066895,static_pomt,0
10000,0.0022,175.03651426731122,24177.338086416334,45750.448405349984,47629.66341188618,45744.761549437775,1.001001001001001,0.0,68.52,36.83786996996997,38.683,0.5,85,onoff,0.6,998.3893093918172,2.0,11.483967781066895,decoupled,0
10000,0.0022,175.03651426731122,24177.338086416334,45750.448405349984,47629.66341188618,45744.761549437775,1.001001001001001,0.0,68.52,39.083457457457456,40.952949999999994,0.5,85,onoff,0.6,998.3893093918172,2.0,11.483967781066895,joint_full,0
10000,0.0022,175.03651426731122,24177.338086416334,45750.448405349984,47629.66341188618,45744.761549437775,1.001001001001001,0.0,68.52,37.950292192192194,39.20949999999999,0.5,85,onoff,0.6,998.3893093918172,2.0,11.483967781066895,cliffserve,0
10000,0.0067,175.682804820995,23967.063128282636,45540.21105355098,47419.405064813574,45534.46794956996,1.004823151125402,0.0,68.52,35.206788484726694,37.47,0.5,85,onoff,0.6,998.3893093918172,4.0,22.96793556213379,dense,0
10000,0.0067,175.682804820995,23967.063128282636,45540.21105355098,47419.405064813574,45534.46794956996,1.004823151125402,0.0,68.52,36.58960289389068,38.873,0.5,85,onoff,0.6,998.3893093918172,4.0,22.96793556213379,static_pomt,0
10000,0.0067,175.682804820995,23967.063128282636,45540.21105355098,47419.405064813574,45534.46794956996,1.004823151125402,0.0,68.52,37.32696020900322,39.294,0.5,85,onoff,0.6,998.3893093918172,4.0,22.96793556213379,decoupled,0
10000,0.0067,175.682804820995,23967.063128282636,45540.21105355098,47419.405064813574,45534.46794956996,1.004823151125402,0.0,68.52,39.12682897909968,41.03149999999999,0.5,85,onoff,0.6,998.3893093918172,4.0,22.96793556213379,joint_full,0
10000,0.0067,175.682804820995,23967.063128282636,45540.21105355098,47419.405064813574,45534.46794956996,1.004823151125402,0.0,68.52,38.31781330385852,39.809499999999986,0.5,85,onoff,0.6,998.3893093918172,4.0,22.96793556213379,cliffserve,0
10000,0.0559,182.68937755316148,21784.424475612002,43357.451515698915,45236.725834778976,43351.74275910902,1.0497585555322275,0.0,68.52,35.22111988242704,37.39075,0.5,85,onoff,0.6,998.3893093918172,8.0,45.93587112426758,dense,0
10000,0.0559,182.68937755316148,21784.424475612002,43357.451515698915,45236.725834778976,43351.74275910902,1.0497585555322275,0.0,68.52,36.58786227167751,38.693,0.5,85,onoff,0.6,998.3893093918172,8.0,45.93587112426758,static_pomt,0
10000,0.0559,182.68937755316148,21784.424475612002,43357.451515698915,45236.725834778976,43351.74275910902,1.0497585555322275,0.0,68.52,36.87989344950661,39.110749999999996,0.5,85,onoff,0.6,998.3893093918172,8.0,45.93587112426758,decoupled,0
10000,0.0559,182.68937755316148,21784.424475612002,43357.451515698915,45236.725834778976,43351.74275910902,1.0497585555322275,0.0,68.52,38.170258765483936,40.4035,0.5,85,onoff,0.6,998.3893093918172,8.0,45.93587112426758,joint_full,0
10000,0.0559,182.68937755316148,21784.424475612002,43357.451515698915,45236.725834778976,43351.74275910902,1.0497585555322275,0.0,68.52,37.815966932605505,39.955,0.5,85,onoff,0.6,998.3893093918172,8.0,45.93587112426758,cliffserve,0
10000,0.2154,211.71348139177974,14282.650488268126,35854.09960033647,37732.73497441397,35848.394106004154,1.2391573729863692,0.0,68.52,34.530765551425034,37.11,0.5,85,onoff,0.6,998.3893093918172,12.0,68.90380668640137,dense,0
10000,0.2154,211.71348139177974,14282.650488268126,35854.09960033647,37732.73497441397,35848.394106004154,1.2391573729863692,0.0,68.52,35.87806332094176,38.61849999999999,0.5,85,onoff,0.6,998.3893093918172,12.0,68.90380668640137,static_pomt,0
10000,0.2154,211.71348139177974,14282.650488268126,35854.09960033647,37732.73497441397,35848.394106004154,1.2391573729863692,0.0,68.52,36.326413754646836,38.783,0.5,85,onoff,0.6,998.3893093918172,12.0,68.90380668640137,decoupled,0
10000,0.2154,211.71348139177974,14282.650488268126,35854.09960033647,37732.73497441397,35848.394106004154,1.2391573729863692,0.0,68.52,37.728498884758366,40.36699999999998,0.5,85,onoff,0.6,998.3893093918172,12.0,68.90380668640137,joint_full,0
10000,0.2154,211.71348139177974,14282.650488268126,35854.09960033647,37732.73497441397,35848.394106004154,1.2391573729863692,0.0,68.52,37.059503221809166,39.76049999999999,0.5,85,onoff,0.6,998.3893093918172,12.0,68.90380668640137,cliffserve,0
10000,0.0019,175.07544999559428,24033.93963327488,46645.839448639534,48506.163472256056,46640.152592727325,1.001001001001001,0.0,68.52,35.16787427427427,37.19,0.5,85,onoff,0.8,1331.1857458557563,2.0,11.483967781066895,dense,0
10000,0.0019,175.07544999559428,24033.93963327488,46645.839448639534,48506.163472256056,46640.152592727325,1.001001001001001,0.0,68.52,36.59083623623624,38.873,0.5,85,onoff,0.8,1331.1857458557563,2.0,11.483967781066895,static_pomt,0
10000,0.0019,175.07544999559428,24033.93963327488,46645.839448639534,48506.163472256056,46640.152592727325,1.001001001001001,0.0,68.52,37.34699189189189,39.244,0.5,85,onoff,0.8,1331.1857458557563,2.0,11.483967781066895,decoupled,0
10000,0.0019,175.07544999559428,24033.93963327488,46645.839448639534,48506.163472256056,46640.152592727325,1.001001001001001,0.0,68.52,38.32782032032032,40.18555,0.5,85,onoff,0.8,1331.1857458557563,2.0,11.483967781066895,joint_full,0
10000,0.0019,175.07544999559428,24033.93963327488,46645.839448639534,48506.163472256056,46640.152592727325,1.001001001001001,0.0,68.52,38.23068098098098,39.229499999999994,0.5,85,onoff,0.8,1331.1857458557563,2.0,11.483967781066895,cliffserve,0
10000,0.0058,175.62044981679082,23856.51770724564,46468.519994486436,48328.779406563124,46462.8043430935,1.0043185698503565,0.0,68.52,35.38704951290549,37.36,0.5,85,onoff,0.8,1331.1857458557563,4.0,22.96793556213379,dense,0
10000,0.0058,175.62044981679082,23856.51770724564,46468.519994486436,48328.779406563124,46462.8043430935,1.0043185698503565,0.0,68.52,35.941998292658425,38.402,0.5,85,onoff,0.8,1331.1857458557563,4.0,22.96793556213379,static_pomt,0
10000,0.0058,175.62044981679082,23856.51770724564,46468.519994486436,48328.779406563124,46462.8043430935,1.0043185698503565,0.0,68.52,37.16629225670383,39.054,0.5,85,onoff,0.8,1331.1857458557563,4.0,22.96793556213379,decoupled,0
10000,0.0058,175.62044981679082,23856.51770724564,46468.519994486436,48328.779406563124,46462.8043430935,1.0043185698503565,0.0,68.52,39.02206146429647,40.21799999999999,0.5,85,onoff,0.8,1331.1857458557563,4.0,22.96793556213379,joint_full,0
10000,0.0058,175.62044981679082,23856.51770724564,46468.519994486436,48328.779406563124,46462.8043430935,1.0043185698503565,0.0,68.52,38.10839891533594,39.955,0.5,85,onoff,0.8,1331.1857458557563,4.0,22.96793556213379,cliffserve,0
10000,0.0162,177.2653097654593,23328.674729721835,45940.42697159158,47800.950459467254,45934.73056665765,1.0146103896103895,0.0,68.52,35.17580154220779,37.45,0.5,85,onoff,0.8,1331.1857458557563,8.0,45.93587112426758,dense,0
10000,0.0162,177.2653097654593,23328.674729721835,45940.42697159158,47800.950459467254,45934.73056665765,1.0146103896103895,0.0,68.52,36.79765422077922,38.883,0.5,85,onoff,0.8,1331.1857458557563,8.0,45.93587112426758,static_pomt,0
10000,0.0162,177.2653097654593,23328.674729721835,45940.42697159158,47800.950459467254,45934.73056665765,1.0146103896103895,0.0,68.52,37.202505986201295,39.116249999999994,0.5,85,onoff,0.8,1331.1857458557563,8.0,45.93587112426758,decoupled,0
10000,0.0162,177.2653097654593,23328.674729721835,45940.42697159158,47800.950459467254,45934.73056665765,1.0146103896103895,0.0,68.52,39.0283809862013,40.8895,0.5,85,onoff,0.8,1331.1857458557563,8.0,45.93587112426758,joint_full,0
10000,0.0162,177.2653097654593,23328.674729721835,45940.42697159158,47800.950459467254,45934.73056665765,1.0146103896103895,0.0,68.52,38.13318293425325,40.0175,0.5,85,onoff,0.8,1331.1857458557563,8.0,45.93587112426758,cliffserve,0
10000,0.0282,179.2098052793862,22716.37988271027,45328.08411496984,47188.71842415937,45322.3544144045,1.0267994660642776,0.0,68.52,35.33719745353733,37.2419,0.5,85,onoff,0.8,1331.1857458557563,12.0,68.90380668640137,dense,0
10000,0.0282,179.2098052793862,22716.37988271027,45328.08411496984,47188.71842415937,45322.3544144045,1.0267994660642776,0.0,68.52,36.879386692678914,38.823,0.5,85,onoff,0.8,1331.1857458557563,12.0,68.90380668640137,static_pomt,0
10000,0.0282,179.2098052793862,22716.37988271027,45328.08411496984,47188.71842415937,45322.3544144045,1.0267994660642776,0.0,68.52,37.0390832734367,38.943,0.5,85,onoff,0.8,1331.1857458557563,12.0,68.90380668640137,decoupled,0
10000,0.0282,179.2098052793862,22716.37988271027,45328.08411496984,47188.71842415937,45322.3544144045,1.0267994660642776,0.0,68.52,39.13885285963651,40.80800000000001,0.5,85,onoff,0.8,1331.1857458557563,12.0,68.90380668640137,joint_full,0
10000,0.0282,179.2098052793862,22716.37988271027,45328.08411496984,47188.71842415937,45322.3544144045,1.0267994660642776,0.0,68.52,38.02017897114693,39.89600000000001,0.5,85,onoff,0.8,1331.1857458557563,12.0,68.90380668640137,cliffserve,0
10000,0.0022,175.14170702290906,25794.085076580697,49223.205026897966,51355.58211144025,49217.48917590099,1.0013016921998599,0.0,68.52,34.37642985881646,37.29,0.5,85,onoff,0.95,1580.7830732037105,2.0,11.483967781066895,dense,0
10000,0.0022,175.14170702290906,25794.085076580697,49223.205026897966,51355.58211144025,49217.48917590099,1.0013016921998599,0.0,68.52,36.53354220486633,38.843,0.5,85,onoff,0.95,1580.7830732037105,2.0,11.483967781066895,static_pomt,0
10000,0.0022,175.14170702290906,25794.085076580697,49223.205026897966,51355.58211144025,49217.48917590099,1.0013016921998599,0.0,68.52,37.12758956643637,38.980299999999986,0.5,85,onoff,0.95,1580.7830732037105,2.0,11.483967781066895,decoupled,0
10000,0.0022,175.14170702290906,25794.085076580697,49223.205026897966,51355.58211144025,49217.48917590099,1.0013016921998599,0.0,68.52,39.057243015920704,40.7067,0.5,85,onoff,0.95,1580.7830732037105,2.0,11.483967781066895,joint_full,0
10000,0.0022,175.14170702290906,25794.085076580697,49223.205026897966,51355.58211144025,49217.48917590099,1.0013016921998599,0.0,68.52,38.019176529488334,39.715,0.5,85,onoff,0.95,1580.7830732037105,2.0,11.483967781066895,cliffserve,0
10000,0.0054,175.6216383952335,25637.931062470132,49067.0842779966,51199.46031548555,49061.3841211887,1.004217714400482,0.0,68.52,35.53203173327978,37.561,0.5,85,onoff,0.95,1580.7830732037105,4.0,22.96793556213379,dense,0
10000,0.0054,175.6216383952335,25637.931062470132,49067.0842779966,51199.46031548555,49061.3841211887,1.004217714400482,0.0,68.52,36.73694135368548,38.99315,0.5,85,onoff,0.95,1580.7830732037105,4.0,22.96793556213379,static_pomt,0
10000,0.0054,175.6216383952335,25637.931062470132,49067.0842779966,51199.46031548555,49061.3841211887,1.004217714400482,0.0,68.52,36.934135971078526,39.073,0.5,85,onoff,0.95,1580.7830732037105,4.0,22.96793556213379,decoupled,0
10000,0.0054,175.6216383952335,25637.931062470132,49067.0842779966,51199.46031548555,49061.3841211887,1.004217714400482,0.0,68.52,39.225806286402886,41.08865,0.5,85,onoff,0.95,1580.7830732037105,4.0,22.96793556213379,joint_full,0
10000,0.0054,175.6216383952335,25637.931062470132,49067.0842779966,51199.46031548555,49061.3841211887,1.004217714400482,0.0,68.52,38.40842438240611,40.436,0.5,85,onoff,0.95,1580.7830732037105,4.0,22.96793556213379,cliffserve,0
10000,0.0142,177.008547000595,25192.21292019909,48621.1695548864,50753.67235898073,48615.46372133213,1.0128633647320977,0.0,68.52,35.19647584320875,37.401,0.5,85,onoff,0.95,1580.7830732037105,8.0,45.93587112426758,dense,0
10000,0.0142,177.008547000595,25192.21292019909,48621.1695548864,50753.67235898073,48615.46372133213,1.0128633647320977,0.0,68.52,36.19507262230325,38.612,0.5,85,onoff,0.95,1580.7830732037105,8.0,45.93587112426758,static_pomt,0
10000,0.0142,177.008547000595,25192.21292019909,48621.1695548864,50753.67235898073,48615.46372133213,1.0128633647320977,0.0,68.52,36.62645426921908,38.703,0.5,85,onoff,0.95,1580.7830732037105,8.0,45.93587112426758,decoupled,0
10000,0.0142,177.008547000595,25192.21292019909,48621.1695548864,50753.67235898073,48615.46372133213,1.0128633647320977,0.0,68.52,38.80555656841892,40.376,0.5,85,onoff,0.95,1580.7830732037105,8.0,45.93587112426758,joint_full,0
10000,0.0142,177.008547000595,25192.21292019909,48621.1695548864,50753.67235898073,48615.46372133213,1.0128633647320977,0.0,68.52,38.1492029778183,39.134,0.5,85,onoff,0.95,1580.7830732037105,8.0,45.93587112426758,cliffserve,0
10000,0.0226,178.3633781059747,24763.25472618168,48191.96227036434,50324.722515006615,48186.25655044037,1.021346134204882,0.0,68.52,35.19880093963844,36.8695,0.5,85,onoff,0.95,1580.7830732037105,12.0,68.90380668640137,dense,0
10000,0.0226,178.3633781059747,24763.25472618168,48191.96227036434,50324.722515006615,48186.25655044037,1.021346134204882,0.0,68.52,36.83694944336636,38.663,0.5,85,onoff,0.95,1580.7830732037105,12.0,68.90380668640137,static_pomt,0
10000,0.0226,178.3633781059747,24763.25472618168,48191.96227036434,50324.722515006615,48186.25655044037,1.021346134204882,0.0,68.52,37.02629537330201,38.883,0.5,85,onoff,0.95,1580.7830732037105,12.0,68.90380668640137,decoupled,0
10000,0.0226,178.3633781059747,24763.25472618168,48191.96227036434,50324.722515006615,48186.25655044037,1.021346134204882,0.0,68.52,39.02753222347053,40.4465,0.5,85,onoff,0.95,1580.7830732037105,12.0,68.90380668640137,joint_full,0
10000,0.0226,178.3633781059747,24763.25472618168,48191.96227036434,50324.722515006615,48186.25655044037,1.021346134204882,0.0,68.52,38.136106730671024,40.015,0.5,85,onoff,0.95,1580.7830732037105,12.0,68.90380668640137,cliffserve,0
10000,0.0002,174.94719911931531,26096.419976553625,49942.01524483045,52006.153507982264,49936.291080129944,1.000100010001,0.0,68.52,35.26200380038004,37.089,0.5,85,onoff,1.1,1830.380400551665,2.0,11.483967781066895,dense,0
10000,0.0002,174.94719911931531,26096.419976553625,49942.01524483045,52006.153507982264,49936.291080129944,1.000100010001,0.0,68.52,36.83561606160617,38.823,0.5,85,onoff,1.1,1830.380400551665,2.0,11.483967781066895,static_pomt,0
10000,0.0002,174.94719911931531,26096.419976553625,49942.01524483045,52006.153507982264,49936.291080129944,1.000100010001,0.0,68.52,37.045787978797875,38.77400000000001,0.5,85,onoff,1.1,1830.380400551665,2.0,11.483967781066895,decoupled,0
10000,0.0002,174.94719911931531,26096.419976553625,49942.01524483045,52006.153507982264,49936.291080129944,1.000100010001,0.0,68.52,39.00218401840184,40.596,0.5,85,onoff,1.1,1830.380400551665,2.0,11.483967781066895,joint_full,0
10000,0.0002,174.94719911931531,26096.419976553625,49942.01524483045,52006.153507982264,49936.291080129944,1.000100010001,0.0,68.52,38.15944104410441,39.865,0.5,85,onoff,1.1,1830.380400551665,2.0,11.483967781066895,cliffserve,0
10000,0.0056,175.65647868542834,25865.44677742452,49711.08809994539,51775.18764463521,49705.37244855245,1.0043185698503565,0.0,68.52,35.506262127146734,37.34,0.5,85,onoff,1.1,1830.380400551665,4.0,22.96793556213379,dense,0
10000,0.0056,175.65647868542834,25865.44677742452,49711.08809994539,51775.18764463521,49705.37244855245,1.0043185698503565,0.0,68.52,36.85935512704631,38.803,0.5,85,onoff,1.1,1830.380400551665,4.0,22.96793556213379,static_pomt,0
10000,0.0056,175.65647868542834,25865.44677742452,49711.08809994539,51775.18764463521,49705.37244855245,1.0043185698503565,0.0,68.52,37.099265340966156,38.943,0.5,85,onoff,1.1,1830.380400551665,4.0,22.96793556213379,decoupled,0
10000,0.0056,175.65647868542834,25865.44677742452,49711.08809994539,51775.18764463521,49705.37244855245,1.0043185698503565,0.0,68.52,39.04640524254294,40.89879999999999,0.5,85,onoff,1.1,1830.380400551665,4.0,22.96793556213379,joint_full,0
10000,0.0056,175.65647868542834,25865.44677742452,49711.08809994539,51775.18764463521,49705.37244855245,1.0043185698503565,0.0,68.52,38.25941890127549,40.127799999999986,0.5,85,onoff,1.1,1830.380400551665,4.0,22.96793556213379,cliffserve,0
10000,0.0124,176.7381768975086,25517.485929331488,49362.85163463434,51427.16498290635,49357.139005840625,1.0111223458038423,0.0,68.52,35.46160576339737,37.27,0.5,85,onoff,1.1,1830.380400551665,8.0,45.93587112426758,dense,0
10000,0.0124,176.7381768975086,25517.485929331488,49362.85163463434,51427.16498290635,49357.139005840625,1.0111223458038423,0.0,68.52,36.912192517694635,38.808949999999996,0.5,85,onoff,1.1,1830.380400551665,8.0,45.93587112426758,static_pomt,0
10000,0.0124,176.7381768975086,25517.485929331488,49362.85163463434,51427.16498290635,49357.139005840625,1.0111223458038423,0.0,68.52,37.000447017189074,38.96355,0.5,85,onoff,1.1,1830.380400551665,8.0,45.93587112426758,decoupled,0
10000,0.0124,176.7381768975086,25517.485929331488,49362.85163463434,51427.16498290635,49357.139005840625,1.0111223458038423,0.0,68.52,38.37682062689586,40.075,0.5,85,onoff,1.1,1830.380400551665,8.0,45.93587112426758,joint_full,0
10000,0.0124,176.7381768975086,25517.485929331488,49362.85163463434,51427.16498290635,49357.139005840625,1.0111223458038423,0.0,68.52,37.92944175935289,40.276,0.5,85,onoff,1.1,1830.380400551665,8.0,45.93587112426758,cliffserve,0
10000,0.0195,177.8888869170525,25151.698822102255,48996.747088397344,51061.30551088907,48991.02930783113,1.0183299389002036,0.0,68.52,35.226258044806514,37.631449999999994,0.5,85,onoff,1.1,1830.380400551665,12.0,68.90380668640137,dense,0
10000,0.0195,177.8888869170525,25151.698822102255,48996.747088397344,51061.30551088907,48991.02930783113,1.0183299389002036,0.0,68.52,37.165273930753564,39.194,0.5,85,onoff,1.1,1830.380400551665,12.0,68.90380668640137,static_pomt,0
10000,0.0195,177.8888869170525,25151.698822102255,48996.747088397344,51061.30551088907,48991.02930783113,1.0183299389002036,0.0,68.52,37.39172393075357,39.30305,0.5,85,onoff,1.1,1830.380400551665,12.0,68.90380668640137,decoupled,0
10000,0.0195,177.8888869170525,25151.698822102255,48996.747088397344,51061.30551088907,48991.02930783113,1.0183299389002036,0.0,68.52,39.42003014256619,40.83754999999999,0.5,85,onoff,1.1,1830.380400551665,12.0,68.90380668640137,joint_full,0
10000,0.0195,177.8888869170525,25151.698822102255,48996.747088397344,51061.30551088907,48991.02930783113,1.0183299389002036,0.0,68.52,37.471882688391034,40.12554999999999,0.5,85,onoff,1.1,1830.380400551665,12.0,68.90380668640137,cliffserve,0
10000,0.0004,174.95853967289867,18536.721325471273,35339.33391149553,36849.61663307663,35333.62503011736,1.0002000400080016,0.0,68.52,34.24558971794359,37.05,0.5,86,poisson,0.3,499.1946546959086,2.0,11.483967781066895,dense,0
10000,0.0004,174.95853967289867,18536.721325471273,35339.33391149553,36849.61663307663,35333.62503011736,1.0002000400080016,0.0,68.52,35.97332226445289,38.65449999999999,0.5,86,poisson,0.3,499.1946546959086,2.0,11.483967781066895,static_pomt,0
10000,0.0004,174.95853967289867,18536.721325471273,35339.33391149553,36849.61663307663,35333.62503011736,1.0002000400080016,0.0,68.52,36.232274854970996,38.863,0.5,86,poisson,0.3,499.1946546959086,2.0,11.483967781066895,decoupled,0
10000,0.0004,174.95853967289867,18536.721325471273,35339.33391149553,36849.61663307663,35333.62503011736,1.0002000400080016,0.0,68.52,38.05936057211442,39.965,0.5,86,poisson,0.3,499.1946546959086,2.0,11.483967781066895,joint_full,0
10000,0.0004,174.95853967289867,18536.721325471273,35339.33391149553,36849.61663307663,35333.62503011736,1.0002000400080016,0.0,68.52,37.36310602120424,39.124,0.5,86,poisson,0.3,499.1946546959086,2.0,11.483967781066895,cliffserve,0
10000,1.0,500.08602160051754,9.75496160560715,13.789886126033705,15.42612117957403,7.981732823770426,2.8977108084613157,0.0,68.52,8.780182845552014,10.019,0.5,86,poisson,0.3,499.1946546959086,4.0,22.96793556213379,dense,0
10000,1.0,500.08602160051754,9.75496160560715,13.789886126033705,15.42612117957403,7.981732823770426,2.8977108084613157,0.0,68.52,9.19010605621559,10.53,0.5,86,poisson,0.3,499.1946546959086,4.0,22.96793556213379,static_pomt,0
10000,1.0,500.08602160051754,9.75496160560715,13.789886126033705,15.42612117957403,7.981732823770426,2.8977108084613157,0.0,68.52,10.864108084613155,12.133,0.5,86,poisson,0.3,499.1946546959086,4.0,22.96793556213379,decoupled,0
10000,1.0,500.08602160051754,9.75496160560715,13.789886126033705,15.42612117957403,7.981732823770426,2.8977108084613157,0.0,68.52,10.391602144305997,12.143,0.5,86,poisson,0.3,499.1946546959086,4.0,22.96793556213379,joint_full,0
10000,1.0,500.08602160051754,9.75496160560715,13.789886126033705,15.42612117957403,7.981732823770426,2.8977108084613157,0.0,68.52,9.323649666763256,10.911,0.5,86,poisson,0.3,499.1946546959086,4.0,22.96793556213379,cliffserve,0
10000,1.0,500.08602160051754,9.75496160560715,13.789886126033705,15.42612117957403,7.981732823770426,2.8977108084613157,0.0,68.52,8.724501303969864,9.9535,0.5,86,poisson,0.3,499.1946546959086,8.0,45.93587112426758,dense,0
10000,1.0,500.08602160051754,9.75496160560715,13.789886126033705,15.42612117957403,7.981732823770426,2.8977108084613157,0.0,68.52,9.148676615473775,10.46,0.5,86,poisson,0.3,499.1946546959086,8.0,45.93587112426758,static_pomt,0
10000,1.0,500.08602160051754,9.75496160560715,13.789886126033705,15.42612117957403,7.981732823770426,2.8977108084613157,0.0,68.52,10.860599536366271,12.133,0.5,86,poisson,0.3,499.1946546959086,8.0,45.93587112426758,decoupled,0
10000,1.0,500.08602160051754,9.75496160560715,13.789886126033705,15.42612117957403,7.981732823770426,2.8977108084613157,0.0,68.52,10.321752825268037,12.0875,0.5,86,poisson,0.3,499.1946546959086,8.0,45.93587112426758,joint_full,0
10000,1.0,500.08602160051754,9.75496160560715,13.789886126033705,15.42612117957403,7.981732823770426,2.8977108084613157,0.0,68.52,9.210810489713126,10.77,0.5,86,poisson,0.3,499.1946546959086,8.0,45.93587112426758,cliffserve,0
10000,1.0,500.08602160051754,9.75496160560715,13.789886126033705,15.42612117957403,7.981732823770426,2.8977108084613157,0.0,68.52,8.762662996232976,10.019,0.5,86,poisson,0.3,499.1946546959086,12.0,68.90380668640137,dense,0
10000,1.0,500.08602160051754,9.75496160560715,13.789886126033705,15.42612117957403,7.981732823770426,2.8977108084613157,0.0,68.52,9.224354100260793,10.53,0.5,86,poisson,0.3,499.1946546959086,12.0,68.90380668640137,static_pomt,0
10000,1.0,500.08602160051754,9.75496160560715,13.789886126033705,15.42612117957403,7.981732823770426,2.8977108084613157,0.0,68.52,10.902365980875109,12.162500000000001,0.5,86,poisson,0.3,499.1946546959086,12.0,68.90380668640137,decoupled,0
10000,1.0,500.08602160051754,9.75496160560715,13.789886126033705,15.42612117957403,7.981732823770426,2.8977108084613157,0.0,68.52,10.325513184584178,12.078,0.5,86,poisson,0.3,499.1946546959086,12.0,68.90380668640137,joint_full,0
10000,1.0,500.08602160051754,9.75496160560715,13.789886126033705,15.42612117957403,7.981732823770426,2.8977108084613157,0.0,68.52,9.27333236742973,10.87,0.5,86,poisson,0.3,499.1946546959086,12.0,68.90380668640137,cliffserve,0
10000,0.0006,174.99349786125515,23544.6918414008,44807.50115725057,46705.80028573511,44801.80781950013,1.0004001600640255,0.0,68.52,34.55696458583434,37.24,0.5,86,poisson,0.6,998.3893093918172,2.0,11.483967781066895,dense,0
10000,0.0006,174.99349786125515,23544.6918414008,44807.50115725057,46705.80028573511,44801.80781950013,1.0004001600640255,0.0,68.52,36.020528211284514,38.59525,0.5,86,poisson,0.6,998.3893093918172,2.0,11.483967781066895,static_pomt,0
10000,0.0006,174.99349786125515,23544.6918414008,44807.50115725057,46705.80028573511,44801.80781950013,1.0004001600640255,0.0,68.52,36.29956522609044,38.933,0.5,86,poisson,0.6,998.3893093918172,2.0,11.483967781066895,decoupled,0
10000,0.0006,174.99349786125515,23544.6918414008,44807.50115725057,46705.80028573511,44801.80781950013,1.0004001600640255,0.0,68.52,38.627536914765905,40.807,0.5,86,poisson,0.6,998.3893093918172,2.0,11.483967781066895,joint_full,0
10000,0.0006,174.99349786125515,23544.6918414008,44807.50115725057,46705.80028573511,44801.80781950013,1.0004001600640255,0.0,68.52,37.98621418567427,39.437250000000006,0.5,86,poisson,0.6,998.3893093918172,2.0,11.483967781066895,cliffserve,0
10000,0.1643,202.1463531568844,15868.28607634419,37132.11205786721,39029.86490029333,37126.41556502835,1.1609008590666356,0.0,68.52,33.84818922684003,37.23,0.5,86,poisson,0.6,998.3893093918172,4.0,22.96793556213379,dense,0
10000,0.1643,202.1463531568844,15868.28607634419,37132.11205786721,39029.86490029333,37126.41556502835,1.1609008590666356,0.0,68.52,35.6941367541212,38.69235,0.5,86,poisson,0.6,998.3893093918172,4.0,22.96793556213379,static_pomt,0
10000,0.1643,202.1463531568844,15868.28607634419,37132.11205786721,39029.86490029333,37126.41556502835,1.1609008590666356,0.0,68.52,36.04152809380079,38.836499999999994,0.5,86,poisson,0.6,998.3893093918172,4.0,22.96793556213379,decoupled,0
10000,0.1643,202.1463531568844,15868.28607634419,37132.11205786721,39029.86490029333,37126.41556502835,1.1609008590666356,0.0,68.52,38.28431924773625,40.20535,0.5,86,poisson,0.6,998.3893093918172,4.0,22.96793556213379,joint_full,0
10000,0.1643,202.1463531568844,15868.28607634419,37132.11205786721,39029.86490029333,37126.41556502835,1.1609008590666356,0.0,68.52,37.36714453215695,39.966,0.5,86,poisson,0.6,998.3893093918172,4.0,22.96793556213379,cliffserve,0
10000,1.0,999.1732194004545,12.623821629707209,20.087708148101132,25.257892334578905,10.886049693444395,6.83526999316473,0.0,68.52,11.126883116883118,14.317,0.5,86,poisson,0.6,998.3893093918172,8.0,45.93587112426758,dense,0
10000,1.0,999.1732194004545,12.623821629707209,20.087708148101132,25.257892334578905,10.886049693444395,6.83526999316473,0.0,68.52,11.701935748462065,15.107,0.5,86,poisson,0.6,998.3893093918172,8.0,45.93587112426758,static_pomt,0
10000,1.0,999.1732194004545,12.623821629707209,20.087708148101132,25.257892334578905,10.886049693444395,6.83526999316473,0.0,68.52,13.53907860560492,17.641,0.5,86,poisson,0.6,998.3893093918172,8.0,45.93587112426758,decoupled,0
10000,1.0,999.1732194004545,12.623821629707209,20.087708148101132,25.257892334578905,10.886049693444395,6.83526999316473,0.0,68.52,13.605457279562543,17.651999999999997,0.5,86,poisson,0.6,998.3893093918172,8.0,45.93587112426758,joint_full,0
10000,1.0,999.1732194004545,12.623821629707209,20.087708148101132,25.257892334578905,10.886049693444395,6.83526999316473,0.0,68.52,12.31780861244019,15.91,0.5,86,poisson,0.6,998.3893093918172,8.0,45.93587112426758,cliffserve,0
10000,1.0,999.1732194004545,12.623821629707209,20.087708148101132,25.257892334578905,10.886049693444395,6.83526999316473,0.0,68.52,11.00618933697881,14.052999999999995,0.5,86,poisson,0.6,998.3893093918172,12.0,68.90380668640137,dense,0
10000,1.0,999.1732194004545,12.623821629707209,20.087708148101132,25.257892334578905,10.886049693444395,6.83526999316473,0.0,68.52,11.753956937799044,15.134899999999995,0.5,86,poisson,0.6,998.3893093918172,12.0,68.90380668640137,static_pomt,0
10000,1.0,999.1732194004545,12.623821629707209,20.087708148101132,25.257892334578905,10.886049693444395,6.83526999316473,0.0,68.52,13.458079972658918,17.6011,0.5,86,poisson,0.6,998.3893093918172,12.0,68.90380668640137,decoupled,0
10000,1.0,999.1732194004545,12.623821629707209,20.087708148101132,25.257892334578905,10.886049693444395,6.83526999316473,0.0,68.52,13.55671086807929,17.651899999999998,0.5,86,poisson,0.6,998.3893093918172,12.0,68.90380668640137,joint_full,0
10000,1.0,999.1732194004545,12.623821629707209,20.087708148101132,25.257892334578905,10.886049693444395,6.83526999316473,0.0,68.52,12.119123034859875,15.658,0.5,86,poisson,0.6,998.3893093918172,12.0,68.90380668640137,cliffserve,0
10000,0.0002,174.94090412657596,24816.75355091478,47194.65846115844,49189.939009062095,47188.94241496818,1.000100010001,0.0,68.52,35.45664526452645,37.381,0.5,86,poisson,0.8,1331.1857458557563,2.0,11.483967781066895,dense,0
10000,0.0002,174.94090412657596,24816.75355091478,47194.65846115844,49189.939009062095,47188.94241496818,1.000100010001,0.0,68.52,36.92262546254626,38.84310000000001,0.5,86,poisson,0.8,1331.1857458557563,2.0,11.483967781066895,static_pomt,0
10000,0.0002,174.94090412657596,24816.75355091478,47194.65846115844,49189.939009062095,47188.94241496818,1.000100010001,0.0,68.52,37.13544754475447,39.034,0.5,86,poisson,0.8,1331.1857458557563,2.0,11.483967781066895,decoupled,0
10000,0.0002,174.94090412657596,24816.75355091478,47194.65846115844,49189.939009062095,47188.94241496818,1.000100010001,0.0,68.52,39.03929682968297,40.586,0.5,86,poisson,0.8,1331.1857458557563,2.0,11.483967781066895,joint_full,0
10000,0.0002,174.94090412657596,24816.75355091478,47194.65846115844,49189.939009062095,47188.94241496818,1.000100010001,0.0,68.52,38.47362816281628,39.494,0.5,86,poisson,0.8,1331.1857458557563,2.0,11.483967781066895,cliffserve,0
10000,0.0062,175.82377591324845,24529.586368230834,46907.347651546166,48902.48536512498,46901.634792440105,1.0053282396702523,0.0,68.52,35.635311450688654,37.52,0.5,86,poisson,0.8,1331.1857458557563,4.0,22.96793556213379,dense,0
10000,0.0062,175.82377591324845,24529.586368230834,46907.347651546166,48902.48536512498,46901.634792440105,1.0053282396702523,0.0,68.52,36.97606946818136,38.85029999999999,0.5,86,poisson,0.8,1331.1857458557563,4.0,22.96793556213379,static_pomt,0
10000,0.0062,175.82377591324845,24529.586368230834,46907.347651546166,48902.48536512498,46901.634792440105,1.0053282396702523,0.0,68.52,37.579254448577466,39.454699999999995,0.5,86,poisson,0.8,1331.1857458557563,4.0,22.96793556213379,decoupled,0
10000,0.0062,175.82377591324845,24529.586368230834,46907.347651546166,48902.48536512498,46901.634792440105,1.0053282396702523,0.0,68.52,39.4133804162059,40.89399999999999,0.5,86,poisson,0.8,1331.1857458557563,4.0,22.96793556213379,joint_full,0
10000,0.0062,175.82377591324845,24529.586368230834,46907.347651546166,48902.48536512498,46901.634792440105,1.0053282396702523,0.0,68.52,38.51732673167789,40.336,0.5,86,poisson,0.8,1331.1857458557563,4.0,22.96793556213379,cliffserve,0
10000,0.2862,232.6559604222682,10635.445478586214,33014.10196761386,35009.770428763666,33008.38090860145,1.3681762210972774,0.0,68.52,34.381617457928584,36.869,0.5,86,poisson,0.8,1331.1857458557563,8.0,45.93587112426758,dense,0
10000,0.2862,232.6559604222682,10635.445478586214,33014.10196761386,35009.770428763666,33008.38090860145,1.3681762210972774,0.0,68.52,35.36502585853058,38.202,0.5,86,poisson,0.8,1331.1857458557563,8.0,45.93587112426758,static_pomt,0
10000,0.2862,232.6559604222682,10635.445478586214,33014.10196761386,35009.770428763666,33008.38090860145,1.3681762210972774,0.0,68.52,36.74113832261595,38.813,0.5,86,poisson,0.8,1331.1857458557563,8.0,45.93587112426758,decoupled,0
10000,0.2862,232.6559604222682,10635.445478586214,33014.10196761386,35009.770428763666,33008.38090860145,1.3681762210972774,0.0,68.52,38.49459679846765,40.16159999999999,0.5,86,poisson,0.8,1331.1857458557563,8.0,45.93587112426758,joint_full,0
10000,0.2862,232.6559604222682,10635.445478586214,33014.10196761386,35009.770428763666,33008.38090860145,1.3681762210972774,0.0,68.52,37.68179231084963,39.74699999999999,0.5,86,poisson,0.8,1331.1857458557563,8.0,45.93587112426758,cliffserve,0
10000,1.0,1330.8777033545923,23.72304106532397,34.909590400172775,40.147855187703584,17.639102008366983,17.421602787456447,0.0,68.52,15.582179442508709,22.516000000000002,0.5,86,poisson,0.8,1331.1857458557563,12.0,68.90380668640137,dense,0
10000,1.0,1330.8777033545923,23.72304106532397,34.909590400172775,40.147855187703584,17.639102008366983,17.421602787456447,0.0,68.52,16.151916376306623,23.204,0.5,86,poisson,0.8,1331.1857458557563,12.0,68.90380668640137,static_pomt,0
10000,1.0,1330.8777033545923,23.72304106532397,34.909590400172775,40.147855187703584,17.639102008366983,17.421602787456447,0.0,68.52,18.864163763066202,27.4315,0.5,86,poisson,0.8,1331.1857458557563,12.0,68.90380668640137,decoupled,0
10000,1.0,1330.8777033545923,23.72304106532397,34.909590400172775,40.147855187703584,17.639102008366983,17.421602787456447,0.0,68.52,18.923632404181188,27.098000000000003,0.5,86,poisson,0.8,1331.1857458557563,12.0,68.90380668640137,joint_full,0
10000,1.0,1330.8777033545923,23.72304106532397,34.909590400172775,40.147855187703584,17.639102008366983,17.421602787456447,0.0,68.52,16.836646341463414,24.325850000000003,0.5,86,poisson,0.8,1331.1857458557563,12.0,68.90380668640137,cliffserve,0
10000,0.0008,175.0284324756327,25382.49490801733,48288.58159745405,50329.787772671065,48282.866240841846,1.0006003602161297,0.0,68.52,35.61999249549729,37.39,0.5,86,poisson,0.95,1580.7830732037105,2.0,11.483967781066895,dense,0
10000,0.0008,175.0284324756327,25382.49490801733,48288.58159745405,50329.787772671065,48282.866240841846,1.0006003602161297,0.0,68.52,36.93862147288373,38.653,0.5,86,poisson,0.95,1580.7830732037105,2.0,11.483967781066895,static_pomt,0
10000,0.0008,175.0284324756327,25382.49490801733,48288.58159745405,50329.787772671065,48282.866240841846,1.0006003602161297,0.0,68.52,37.11567460476286,38.954,0.5,86,poisson,0.95,1580.7830732037105,2.0,11.483967781066895,decoupled,0
10000,0.0008,175.0284324756327,25382.49490801733,48288.58159745405,50329.787772671065,48282.866240841846,1.0006003602161297,0.0,68.52,39.03489423654192,40.325,0.5,86,poisson,0.95,1580.7830732037105,2.0,11.483967781066895,joint_full,0
10000,0.0008,175.0284324756327,25382.49490801733,48288.58159745405,50329.787772671065,48282.866240841846,1.0006003602161297,0.0,68.52,38.401104562737636,40.276,0.5,86,poisson,0.95,1580.7830732037105,2.0,11.483967781066895,cliffserve,0
10000,0.0056,175.7448672757103,25149.50927774351,48055.44576063821,50096.556699239096,48049.74041677187,1.0049241282283188,0.0,68.52,35.48455351220983,37.38,0.5,86,poisson,0.95,1580.7830732037105,4.0,22.96793556213379,dense,0
10000,0.0056,175.7448672757103,25149.50927774351,48055.44576063821,50096.556699239096,48049.74041677187,1.0049241282283188,0.0,68.52,36.88734157371118,39.0185,0.5,86,poisson,0.95,1580.7830732037105,4.0,22.96793556213379,static_pomt,0
10000,0.0056,175.7448672757103,25149.50927774351,48055.44576063821,50096.556699239096,48049.74041677187,1.0049241282283188,0.0,68.52,37.590174253843834,39.414500000000004,0.5,86,poisson,0.95,1580.7830732037105,4.0,22.96793556213379,decoupled,0
10000,0.0056,175.7448672757103,25149.50927774351,48055.44576063821,50096.556699239096,48049.74041677187,1.0049241282283188,0.0,68.52,39.22838890563763,41.097,0.5,86,poisson,0.95,1580.7830732037105,4.0,22.96793556213379,joint_full,0
10000,0.0056,175.7448672757103,25149.50927774351,48055.44576063821,50096.556699239096,48049.74041677187,1.0049241282283188,0.0,68.52,38.506376846548086,40.271,0.5,86,poisson,0.95,1580.7830732037105,4.0,22.96793556213379,cliffserve,0
10000,0.0632,185.16363421077546,22254.499877137354,45160.491922361354,47202.34163283475,45154.764781410195,1.0639429726566656,0.0,68.52,35.3068791360783,37.53,0.5,86,poisson,0.95,1580.7830732037105,8.0,45.93587112426758,dense,0
10000,0.0632,185.16363421077546,22254.499877137354,45160.491922361354,47202.34163283475,45154.764781410195,1.0639429726566656,0.0,68.52,36.8996966698585,38.873,0.5,86,poisson,0.95,1580.7830732037105,8.0,45.93587112426758,static_pomt,0
10000,0.0632,185.16363421077546,22254.499877137354,45160.491922361354,47202.34163283475,45154.764781410195,1.0639429726566656,0.0,68.52,37.100438663687626,38.883,0.5,86,poisson,0.95,1580.7830732037105,8.0,45.93587112426758,decoupled,0
10000,0.0632,185.16363421077546,22254.499877137354,45160.491922361354,47202.34163283475,45154.764781410195,1.0639429726566656,0.0,68.52,39.017847856154916,40.406,0.5,86,poisson,0.95,1580.7830732037105,8.0,45.93587112426758,joint_full,0
10000,0.0632,185.16363421077546,22254.499877137354,45160.491922361354,47202.34163283475,45154.764781410195,1.0639429726566656,0.0,68.52,38.3330154271731,39.956,0.5,86,poisson,0.95,1580.7830732037105,8.0,45.93587112426758,cliffserve,0
10000,0.2792,232.38979009350845,11278.922530812433,34185.887665755254,36227.44794784197,34180.18164008329,1.36986301369863,0.0,68.52,33.88624287671233,36.68044999999999,0.5,86,poisson,0.95,1580.7830732037105,12.0,68.90380668640137,dense,0
10000,0.2792,232.38979009350845,11278.922530812433,34185.887665755254,36227.44794784197,34180.18164008329,1.36986301369863,0.0,68.52,35.1662310958904,37.751,0.5,86,poisson,0.95,1580.7830732037105,12.0,68.90380668640137,static_pomt,0
10000,0.2792,232.38979009350845,11278.922530812433,34185.887665755254,36227.44794784197,34180.18164008329,1.36986301369863,0.0,68.52,36.32792520547945,38.80254999999999,0.5,86,poisson,0.95,1580.7830732037105,12.0,68.90380668640137,decoupled,0
10000,0.2792,232.38979009350845,11278.922530812433,34185.887665755254,36227.44794784197,34180.18164008329,1.36986301369863,0.0,68.52,37.838836164383565,40.49744999999999,0.5,86,poisson,0.95,1580.7830732037105,12.0,68.90380668640137,joint_full,0
10000,0.2792,232.38979009350845,11278.922530812433,34185.887665755254,36227.44794784197,34180.18164008329,1.36986301369863,0.0,68.52,37.2793594520548,39.915,0.5,86,poisson,0.95,1580.7830732037105,12.0,68.90380668640137,cliffserve,0
10000,0.0008,175.0284324756327,25814.788259114524,49105.00889809055,51179.632279371785,49099.29354147834,1.0006003602161297,0.0,68.52,34.05071162697619,36.439,0.5,86,poisson,1.1,1830.380400551665,2.0,11.483967781066895,dense,0
10000,0.0008,175.0284324756327,25814.788259114524,49105.00889809055,51179.632279371785,49099.29354147834,1.0006003602161297,0.0,68.52,36.04770692415449,38.603,0.5,86,poisson,1.1,1830.380400551665,2.0,11.483967781066895,static_pomt,0
10000,0.0008,175.0284324756327,25814.788259114524,49105.00889809055,51179.632279371785,49099.29354147834,1.0006003602161297,0.0,68.52,35.99205463277967,38.873,0.5,86,poisson,1.1,1830.380400551665,2.0,11.483967781066895,decoupled,0
10000,0.0008,175.0284324756327,25814.788259114524,49105.00889809055,51179.632279371785,49099.29354147834,1.0006003602161297,0.0,68.52,38.827153191915144,40.539500000000004,0.5,86,poisson,1.1,1830.380400551665,2.0,11.483967781066895,joint_full,0
10000,0.0008,175.0284324756327,25814.788259114524,49105.00889809055,51179.632279371785,49099.29354147834,1.0006003602161297,0.0,68.52,38.203730638383036,40.196,0.5,86,poisson,1.1,1830.380400551665,2.0,11.483967781066895,cliffserve,0
10000,0.004,175.50218601506293,25660.583748425743,48950.662036680405,51025.366899027395,48944.95344154758,1.0034115994380894,0.0,68.52,35.37854535420429,37.18975,0.5,86,poisson,1.1,1830.380400551665,4.0,22.96793556213379,dense,0
10000,0.004,175.50218601506293,25660.583748425743,48950.662036680405,51025.366899027395,48944.95344154758,1.0034115994380894,0.0,68.52,37.14816987758379,39.03075,0.5,86,poisson,1.1,1830.380400551665,4.0,22.96793556213379,static_pomt,0
10000,0.004,175.50218601506293,25660.583748425743,48950.662036680405,51025.366899027395,48944.95344154758,1.0034115994380894,0.0,68.52,37.139912201485046,39.0215,0.5,86,poisson,1.1,1830.380400551665,4.0,22.96793556213379,decoupled,0
10000,0.004,175.50218601506293,25660.583748425743,48950.662036680405,51025.366899027395,48944.95344154758,1.0034115994380894,0.0,68.52,39.32002267710215,40.657,0.5,86,poisson,1.1,1830.380400551665,4.0,22.96793556213379,joint_full,0
10000,0.004,175.50218601506293,25660.583748425743,48950.662036680405,51025.366899027395,48944.95344154758,1.0034115994380894,0.0,68.52,38.482978526991765,40.122749999999996,0.5,86,poisson,1.1,1830.380400551665,4.0,22.96793556213379,cliffserve,0
10000,0.0296,179.56919890641564,24369.693630303642,47660.24917893333,49734.76285250621,47654.54139482898,1.02880658436214,0.0,68.52,35.419831378600826,37.24,0.5,86,poisson,1.1,1830.380400551665,8.0,45.93587112426758,dense,0
10000,0.0296,179.56919890641564,24369.693630303642,47660.24917893333,49734.76285250621,47654.54139482898,1.02880658436214,0.0,68.52,36.93030864197531,38.863,0.5,86,poisson,1.1,1830.380400551665,8.0,45.93587112426758,static_pomt,0
10000,0.0296,179.56919890641564,24369.693630303642,47660.24917893333,49734.76285250621,47654.54139482898,1.02880658436214,0.0,68.52,37.34783076131687,39.11444999999999,0.5,86,poisson,1.1,1830.380400551665,8.0,45.93587112426758,decoupled,0
10000,0.0296,179.56919890641564,24369.693630303642,47660.24917893333,49734.76285250621,47654.54139482898,1.02880658436214,0.0,68.52,39.12698117283951,40.627449999999996,0.5,86,poisson,1.1,1830.380400551665,8.0,45.93587112426758,joint_full,0
10000,0.0296,179.56919890641564,24369.693630303642,47660.24917893333,49734.76285250621,47654.54139482898,1.02880658436214,0.0,68.52,38.4179396090535,40.316449999999996,0.5,86,poisson,1.1,1830.380400551665,8.0,45.93587112426758,cliffserve,0
10000,0.0548,183.81275474750626,23084.191464032432,46374.136575721925,48449.533114838174,46368.42733259124,1.0556317956296843,0.0,68.52,35.4686095217988,37.3846,0.5,86,poisson,1.1,1830.380400551665,12.0,68.90380668640137,dense,0
10000,0.0548,183.81275474750626,23084.191464032432,46374.136575721925,48449.533114838174,46368.42733259124,1.0556317956296843,0.0,68.52,36.824406207114954,38.643,0.5,86,poisson,1.1,1830.380400551665,12.0,68.90380668640137,static_pomt,0
10000,0.0548,183.81275474750626,23084.191464032432,46374.136575721925,48449.533114838174,46368.42733259124,1.0556317956296843,0.0,68.52,37.21714324923466,38.957,0.5,86,poisson,1.1,1830.380400551665,12.0,68.90380668640137,decoupled,0
10000,0.0548,183.81275474750626,23084.191464032432,46374.136575721925,48449.533114838174,46368.42733259124,1.0556317956296843,0.0,68.52,39.33596727541434,41.077,0.5,86,poisson,1.1,1830.380400551665,12.0,68.90380668640137,joint_full,0
10000,0.0548,183.81275474750626,23084.191464032432,46374.136575721925,48449.533114838174,46368.42733259124,1.0556317956296843,0.0,68.52,38.33212213659875,40.136,0.5,86,poisson,1.1,1830.380400551665,12.0,68.90380668640137,cliffserve,0
10000,0.0006,174.99349786125512,19332.12298843306,35339.8359981754,36337.519375326854,35334.10892636563,1.0004001600640255,0.0,68.52,35.415197378951575,37.53,0.5,86,onoff,0.3,499.1946546959086,2.0,11.483967781066895,dense,0
10000,0.0006,174.99349786125512,19332.12298843306,35339.8359981754,36337.519375326854,35334.10892636563,1.0004001600640255,0.0,68.52,36.79054521808723,38.80325,0.5,86,onoff,0.3,499.1946546959086,2.0,11.483967781066895,static_pomt,0
10000,0.0006,174.99349786125512,19332.12298843306,35339.8359981754,36337.519375326854,35334.10892636563,1.0004001600640255,0.0,68.52,37.120986294517806,38.943,0.5,86,onoff,0.3,499.1946546959086,2.0,11.483967781066895,decoupled,0
10000,0.0006,174.99349786125512,19332.12298843306,35339.8359981754,36337.519375326854,35334.10892636563,1.0004001600640255,0.0,68.52,38.34194197679072,40.08525,0.5,86,onoff,0.3,499.1946546959086,2.0,11.483967781066895,joint_full,0
10000,0.0006,174.99349786125512,19332.12298843306,35339.8359981754,36337.519375326854,35334.10892636563,1.0004001600640255,0.0,68.52,37.14904771908764,39.166250000000005,0.5,86,onoff,0.3,499.1946546959086,2.0,11.483967781066895,cliffserve,0
10000,0.2727,215.47631534032723,8595.179422138996,24603.437783291247,25601.017242447117,24597.717004086877,1.2672665061462425,0.0,68.52,31.924708528703587,36.4335,0.5,86,onoff,0.3,499.1946546959086,4.0,22.96793556213379,dense,0
10000,0.2727,215.47631534032723,8595.179422138996,24603.437783291247,25601.017242447117,24597.717004086877,1.2672665061462425,0.0,68.52,33.63444759852997,38.202,0.5,86,onoff,0.3,499.1946546959086,4.0,22.96793556213379,static_pomt,0
10000,0.2727,215.47631534032723,8595.179422138996,24603.437783291247,25601.017242447117,24597.717004086877,1.2672665061462425,0.0,68.52,34.787168799898616,38.923500000000004,0.5,86,onoff,0.3,499.1946546959086,4.0,22.96793556213379,decoupled,0
10000,0.2727,215.47631534032723,8595.179422138996,24603.437783291247,25601.017242447117,24597.717004086877,1.2672665061462425,0.0,68.52,36.61493777721456,40.186,0.5,86,onoff,0.3,499.1946546959086,4.0,22.96793556213379,joint_full,0
10000,0.2727,215.47631534032723,8595.179422138996,24603.437783291247,25601.017242447117,24597.717004086877,1.2672665061462425,0.0,68.52,35.549925991636044,39.549,0.5,86,onoff,0.3,499.1946546959086,4.0,22.96793556213379,cliffserve,0
10000,1.0,484.6563926370327,11.06653790644009,16.561842652311906,20.475003274434265,9.340465835181792,4.001600640256102,0.0,68.52,9.127327330932372,11.7429,0.5,86,onoff,0.3,499.1946546959086,8.0,45.93587112426758,dense,0
10000,1.0,484.6563926370327,11.06653790644009,16.561842652311906,20.475003274434265,9.340465835181792,4.001600640256102,0.0,68.52,9.68449899959984,12.504,0.5,86,onoff,0.3,499.1946546959086,8.0,45.93587112426758,static_pomt,0
10000,1.0,484.6563926370327,11.06653790644009,16.561842652311906,20.475003274434265,9.340465835181792,4.001600640256102,0.0,68.52,11.333102440976392,14.277,0.5,86,onoff,0.3,499.1946546959086,8.0,45.93587112426758,decoupled,0
10000,1.0,484.6563926370327,11.06653790644009,16.561842652311906,20.475003274434265,9.340465835181792,4.001600640256102,0.0,68.52,10.822917567026812,14.548,0.5,86,onoff,0.3,499.1946546959086,8.0,45.93587112426758,joint_full,0
10000,1.0,484.6563926370327,11.06653790644009,16.561842652311906,20.475003274434265,9.340465835181792,4.001600640256102,0.0,68.52,9.652621448579431,12.964,0.5,86,onoff,0.3,499.1946546959086,8.0,45.93587112426758,cliffserve,0
10000,1.0,484.6563926370327,11.06653790644009,16.561842652311906,20.475003274434265,9.340465835181792,4.001600640256102,0.0,68.52,9.155182472989196,11.812,0.5,86,onoff,0.3,499.1946546959086,12.0,68.90380668640137,dense,0
10000,1.0,484.6563926370327,11.06653790644009,16.561842652311906,20.475003274434265,9.340465835181792,4.001600640256102,0.0,68.52,9.669681472589035,12.5031,0.5,86,onoff,0.3,499.1946546959086,12.0,68.90380668640137,static_pomt,0
10000,1.0,484.6563926370327,11.06653790644009,16.561842652311906,20.475003274434265,9.340465835181792,4.001600640256102,0.0,68.52,11.448644657863145,14.397,0.5,86,onoff,0.3,499.1946546959086,12.0,68.90380668640137,decoupled,0
10000,1.0,484.6563926370327,11.06653790644009,16.561842652311906,20.475003274434265,9.340465835181792,4.001600640256102,0.0,68.52,10.896792316926772,14.647,0.5,86,onoff,0.3,499.1946546959086,12.0,68.90380668640137,joint_full,0
10000,1.0,484.6563926370327,11.06653790644009,16.561842652311906,20.475003274434265,9.340465835181792,4.001600640256102,0.0,68.52,9.723669067627052,13.045,0.5,86,onoff,0.3,499.1946546959086,12.0,68.90380668640137,cliffserve,0
10000,0.0008,175.0284324756327,23849.97113713491,45470.18343741018,46678.07339416995,45464.468080797975,1.0006003602161297,0.0,68.52,34.35387462477486,36.96,0.5,86,onoff,0.6,998.3893093918172,2.0,11.483967781066895,dense,0
10000,0.0008,175.0284324756327,23849.97113713491,45470.18343741018,46678.07339416995,45464.468080797975,1.0006003602161297,0.0,68.52,36.83791845107064,38.873,0.5,86,onoff,0.6,998.3893093918172,2.0,11.483967781066895,static_pomt,0
10000,0.0008,175.0284324756327,23849.97113713491,45470.18343741018,46678.07339416995,45464.468080797975,1.0006003602161297,0.0,68.52,36.92489503702221,39.054,0.5,86,onoff,0.6,998.3893093918172,2.0,11.483967781066895,decoupled,0
10000,0.0008,175.0284324756327,23849.97113713491,45470.18343741018,46678.07339416995,45464.468080797975,1.0006003602161297,0.0,68.52,38.44301861116671,40.7105,0.5,86,onoff,0.6,998.3893093918172,2.0,11.483967781066895,joint_full,0
10000,0.0008,175.0284324756327,23849.97113713491,45470.18343741018,46678.07339416995,45464.468080797975,1.0006003602161297,0.0,68.52,38.322695717430456,40.27535,0.5,86,onoff,0.6,998.3893093918172,2.0,11.483967781066895,cliffserve,0
10000,0.0048,175.62604950259924,23655.29627403486,45275.60426582414,46483.38629506602,45269.8995043667,1.004217714400482,0.0,68.52,35.495455011046396,37.562349999999995,0.5,86,onoff,0.6,998.3893093918172,4.0,22.96793556213379,dense,0
10000,0.0048,175.62604950259924,23655.29627403486,45275.60426582414,46483.38629506602,45269.8995043667,1.004217714400482,0.0,68.52,36.591264812211286,39.103,0.5,86,onoff,0.6,998.3893093918172,4.0,22.96793556213379,static_pomt,0
10000,0.0048,175.62604950259924,23655.29627403486,45275.60426582414,46483.38629506602,45269.8995043667,1.004217714400482,0.0,68.52,36.17335569391444,38.71215,0.5,86,onoff,0.6,998.3893093918172,4.0,22.96793556213379,decoupled,0
10000,0.0048,175.62604950259924,23655.29627403486,45275.60426582414,46483.38629506602,45269.8995043667,1.004217714400482,0.0,68.52,38.312385619602324,40.09734999999999,0.5,86,onoff,0.6,998.3893093918172,4.0,22.96793556213379,joint_full,0
10000,0.0048,175.62604950259924,23655.29627403486,45275.60426582414,46483.38629506602,45269.8995043667,1.004217714400482,0.0,68.52,37.59901707170114,39.70415,0.5,86,onoff,0.6,998.3893093918172,4.0,22.96793556213379,cliffserve,0
10000,0.0488,182.48888941676094,21513.773427236454,43134.28283651957,44342.395064426106,43128.57621885428,1.0473397570171763,0.0,68.52,35.41161845412652,37.59,0.5,86,onoff,0.6,998.3893093918172,8.0,45.93587112426758,dense,0
10000,0.0488,182.48888941676094,21513.773427236454,43134.28283651957,44342.395064426106,43128.57621885428,1.0473397570171763,0.0,68.52,36.72604074151655,38.753,0.5,86,onoff,0.6,998.3893093918172,8.0,45.93587112426758,static_pomt,0
10000,0.0488,182.48888941676094,21513.773427236454,43134.28283651957,44342.395064426106,43128.57621885428,1.0473397570171763,0.0,68.52,36.87619574780059,38.973,0.5,86,onoff,0.6,998.3893093918172,8.0,45.93587112426758,decoupled,0
10000,0.0488,182.48888941676094,21513.773427236454,43134.28283651957,44342.395064426106,43128.57621885428,1.0473397570171763,0.0,68.52,37.8566573104315,40.56314999999999,0.5,86,onoff,0.6,998.3893093918172,8.0,45.93587112426758,joint_full,0
10000,0.0488,182.48888941676094,21513.773427236454,43134.28283651957,44342.395064426106,43128.57621885428,1.0473397570171763,0.0,68.52,36.931611122748215,38.7895,0.5,86,onoff,0.6,998.3893093918172,8.0,45.93587112426758,cliffserve,0
10000,0.13,197.23056957854774,17418.207893836872,39039.01498776564,40246.79097537105,39033.30384200701,1.1407711613050422,0.0,68.52,35.399512548482775,37.63775,0.5,86,onoff,0.6,998.3893093918172,12.0,68.90380668640137,dense,0
10000,0.13,197.23056957854774,17418.207893836872,39039.01498776564,40246.79097537105,39033.30384200701,1.1407711613050422,0.0,68.52,36.83950981063199,38.993,0.5,86,onoff,0.6,998.3893093918172,12.0,68.90380668640137,static_pomt,0
10000,0.13,197.23056957854774,17418.207893836872,39039.01498776564,40246.79097537105,39033.30384200701,1.1407711613050422,0.0,68.52,37.002302076203506,39.184,0.5,86,onoff,0.6,998.3893093918172,12.0,68.90380668640137,decoupled,0
10000,0.13,197.23056957854774,17418.207893836872,39039.01498776564,40246.79097537105,39033.30384200701,1.1407711613050422,0.0,68.52,39.04105829340634,41.097,0.5,86,onoff,0.6,998.3893093918172,12.0,68.90380668640137,joint_full,0
10000,0.13,197.23056957854774,17418.207893836872,39039.01498776564,40246.79097537105,39033.30384200701,1.1407711613050422,0.0,68.52,38.00353080082136,39.712250000000004,0.5,86,onoff,0.6,998.3893093918172,12.0,68.90380668640137,cliffserve,0
10000,0.0008,175.0284324756327,23867.07346259718,46420.00137740586,48459.68833570962,46414.286020793654,1.0006003602161297,0.0,68.52,34.58898479087453,37.2635,0.5,86,onoff,0.8,1331.1857458557563,2.0,11.483967781066895,dense,0
10000,0.0008,175.0284324756327,23867.07346259718,46420.00137740586,48459.68833570962,46414.286020793654,1.0006003602161297,0.0,68.52,36.29549379627777,38.94715000000001,0.5,86,onoff,0.8,1331.1857458557563,2.0,11.483967781066895,static_pomt,0
10000,0.0008,175.0284324756327,23867.07346259718,46420.00137740586,48459.68833570962,46414.286020793654,1.0006003602161297,0.0,68.52,37.23467020212127,39.223349999999996,0.5,86,onoff,0.8,1331.1857458557563,2.0,11.483967781066895,decoupled,0
10000,0.0008,175.0284324756327,23867.07346259718,46420.00137740586,48459.68833570962,46414.286020793654,1.0006003602161297,0.0,68.52,38.77752311386832,40.189150000000005,0.5,86,onoff,0.8,1331.1857458557563,2.0,11.483967781066895,joint_full,0
10000,0.0008,175.0284324756327,23867.07346259718,46420.00137740586,48459.68833570962,46414.286020793654,1.0006003602161297,0.0,68.52,38.35088322993796,40.37015,0.5,86,onoff,0.8,1331.1857458557563,2.0,11.483967781066895,cliffserve,0
10000,0.0036,175.44920967180838,23730.094439855864,46282.859380283095,48322.628640065246,46277.16989718888,1.0031096398836392,0.0,68.52,35.63300230715217,37.537,0.5,86,onoff,0.8,1331.1857458557563,4.0,22.96793556213379,dense,0
10000,0.0036,175.44920967180838,23730.094439855864,46282.859380283095,48322.628640065246,46277.16989718888,1.0031096398836392,0.0,68.52,36.71216802086468,39.0336,0.5,86,onoff,0.8,1331.1857458557563,4.0,22.96793556213379,static_pomt,0
10000,0.0036,175.44920967180838,23730.094439855864,46282.859380283095,48322.628640065246,46277.16989718888,1.0031096398836392,0.0,68.52,36.56005647507272,38.799,0.5,86,onoff,0.8,1331.1857458557563,4.0,22.96793556213379,decoupled,0
10000,0.0036,175.44920967180838,23730.094439855864,46282.859380283095,48322.628640065246,46277.16989718888,1.0031096398836392,0.0,68.52,38.972281071321085,40.653,0.5,86,onoff,0.8,1331.1857458557563,4.0,22.96793556213379,joint_full,0
10000,0.0036,175.44920967180838,23730.094439855864,46282.859380283095,48322.628640065246,46277.16989718888,1.0031096398836392,0.0,68.52,37.94355792958171,40.082,0.5,86,onoff,0.8,1331.1857458557563,4.0,22.96793556213379,cliffserve,0
10000,0.0136,177.01021850972492,23227.236907354643,45780.54684471105,47820.08089722162,45774.84600144837,1.0128633647320977,0.0,68.52,35.180082548364226,37.36,0.5,86,onoff,0.8,1331.1857458557563,8.0,45.93587112426758,dense,0
10000,0.0136,177.01021850972492,23227.236907354643,45780.54684471105,47820.08089722162,45774.84600144837,1.0128633647320977,0.0,68.52,36.71638762280969,38.8624,0.5,86,onoff,0.8,1331.1857458557563,8.0,45.93587112426758,static_pomt,0
10000,0.0136,177.01021850972492,23227.236907354643,45780.54684471105,47820.08089722162,45774.84600144837,1.0128633647320977,0.0,68.52,36.797962118910164,38.923,0.5,86,onoff,0.8,1331.1857458557563,8.0,45.93587112426758,decoupled,0
10000,0.0136,177.01021850972492,23227.236907354643,45780.54684471105,47820.08089722162,45774.84600144837,1.0128633647320977,0.0,68.52,39.16663628076573,40.877,0.5,86,onoff,0.8,1331.1857458557563,8.0,45.93587112426758,joint_full,0
10000,0.0136,177.01021850972492,23227.236907354643,45780.54684471105,47820.08089722162,45774.84600144837,1.0128633647320977,0.0,68.52,37.85810169148183,39.244,0.5,86,onoff,0.8,1331.1857458557563,8.0,45.93587112426758,cliffserve,0
10000,0.0268,179.15382831309648,22551.246610990813,45104.42930475686,47143.98760806566,45098.721069707615,1.0264832683227263,0.0,68.52,35.265703448983786,37.24954999999999,0.5,86,onoff,0.8,1331.1857458557563,12.0,68.90380668640137,dense,0
10000,0.0268,179.15382831309648,22551.246610990813,45104.42930475686,47143.98760806566,45098.721069707615,1.0264832683227263,0.0,68.52,37.13294282488196,39.013,0.5,86,onoff,0.8,1331.1857458557563,12.0,68.90380668640137,static_pomt,0
10000,0.0268,179.15382831309648,22551.246610990813,45104.42930475686,47143.98760806566,45098.721069707615,1.0264832683227263,0.0,68.52,37.10318415109833,38.973949999999995,0.5,86,onoff,0.8,1331.1857458557563,12.0,68.90380668640137,decoupled,0
10000,0.0268,179.15382831309648,22551.246610990813,45104.42930475686,47143.98760806566,45098.721069707615,1.0264832683227263,0.0,68.52,39.09756969821392,41.007,0.5,86,onoff,0.8,1331.1857458557563,12.0,68.90380668640137,joint_full,0
10000,0.0268,179.15382831309648,22551.246610990813,45104.42930475686,47143.98760806566,45098.721069707615,1.0264832683227263,0.0,68.52,37.533441490453704,39.885,0.5,86,onoff,0.8,1331.1857458557563,12.0,68.90380668640137,cliffserve,0
10000,0.0008,175.02843247563274,26249.281518833748,49595.28164751214,51733.459281602096,49589.56629089994,1.0006003602161297,0.0,68.52,34.27165249149489,36.829,0.5,86,onoff,0.95,1580.7830732037105,2.0,11.483967781066895,dense,0
10000,0.0008,175.02843247563274,26249.281518833748,49595.28164751214,51733.459281602096,49589.56629089994,1.0006003602161297,0.0,68.52,35.72503432059235,38.42965000000001,0.5,86,onoff,0.95,1580.7830732037105,2.0,11.483967781066895,static_pomt,0
10000,0.0008,175.02843247563274,26249.281518833748,49595.28164751214,51733.459281602096,49589.56629089994,1.0006003602161297,0.0,68.52,36.545593155893535,38.513,0.5,86,onoff,0.95,1580.7830732037105,2.0,11.483967781066895,decoupled,0
10000,0.0008,175.02843247563274,26249.281518833748,49595.28164751214,51733.459281602096,49589.56629089994,1.0006003602161297,0.0,68.52,39.154813888333,40.810500000000005,0.5,86,onoff,0.95,1580.7830732037105,2.0,11.483967781066895,joint_full,0
10000,0.0008,175.02843247563274,26249.281518833748,49595.28164751214,51733.459281602096,49589.56629089994,1.0006003602161297,0.0,68.52,38.14858805283169,39.698150000000005,0.5,86,onoff,0.95,1580.7830732037105,2.0,11.483967781066895,cliffserve,0
10000,0.0032,175.3887222324972,26131.92595233213,49477.779413387005,51616.03173850556,49472.04990636987,1.0028078620136383,0.0,68.52,34.606236662655434,37.04945,0.5,86,onoff,0.95,1580.7830732037105,4.0,22.96793556213379,dense,0
10000,0.0032,175.3887222324972,26131.92595233213,49477.779413387005,51616.03173850556,49472.04990636987,1.0028078620136383,0.0,68.52,36.12741666666667,38.523,0.5,86,onoff,0.95,1580.7830732037105,4.0,22.96793556213379,static_pomt,0
10000,0.0032,175.3887222324972,26131.92595233213,49477.779413387005,51616.03173850556,49472.04990636987,1.0028078620136383,0.0,68.52,36.02168010429202,38.282,0.5,86,onoff,0.95,1580.7830732037105,4.0,22.96793556213379,decoupled,0
10000,0.0032,175.3887222324972,26131.92595233213,49477.779413387005,51616.03173850556,49472.04990636987,1.0028078620136383,0.0,68.52,38.05436070998797,40.78104999999999,0.5,86,onoff,0.95,1580.7830732037105,4.0,22.96793556213379,joint_full,0
10000,0.0032,175.3887222324972,26131.92595233213,49477.779413387005,51616.03173850556,49472.04990636987,1.0028078620136383,0.0,68.52,37.013520758122745,39.615,0.5,86,onoff,0.95,1580.7830732037105,4.0,22.96793556213379,cliffserve,0
10000,0.0116,176.71641549408108,25703.52088202726,49049.72519621534,51187.61251110096,49044.00190162344,1.0111223458038423,0.0,68.52,33.847044084934275,36.10394999999999,0.5,86,onoff,0.95,1580.7830732037105,8.0,45.93587112426758,dense,0
10000,0.0116,176.71641549408108,25703.52088202726,49049.72519621534,51187.61251110096,49044.00190162344,1.0111223458038423,0.0,68.52,35.869558139534874,38.56344999999999,0.5,86,onoff,0.95,1580.7830732037105,8.0,45.93587112426758,static_pomt,0
10000,0.0116,176.71641549408108,25703.52088202726,49049.72519621534,51187.61251110096,49044.00190162344,1.0111223458038423,0.0,68.52,36.185738220424675,38.83839999999999,0.5,86,onoff,0.95,1580.7830732037105,8.0,45.93587112426758,decoupled,0
10000,0.0116,176.71641549408108,25703.52088202726,49049.72519621534,51187.61251110096,49044.00190162344,1.0111223458038423,0.0,68.52,37.62157492416583,39.70994999999999,0.5,86,onoff,0.95,1580.7830732037105,8.0,45.93587112426758,joint_full,0
10000,0.0116,176.71641549408108,25703.52088202726,49049.72519621534,51187.61251110096,49044.00190162344,1.0111223458038423,0.0,68.52,37.11807826086957,39.058949999999996,0.5,86,onoff,0.95,1580.7830732037105,8.0,45.93587112426758,cliffserve,0
10000,0.0212,178.25736398301717,25214.327640431038,48560.563756176656,50698.81429980297,48554.87275621576,1.0208248264597795,0.0,68.52,34.67425285830951,37.11925,0.5,86,onoff,0.95,1580.7830732037105,12.0,68.90380668640137,dense,0
10000,0.0212,178.25736398301717,25214.327640431038,48560.563756176656,50698.81429980297,48554.87275621576,1.0208248264597795,0.0,68.52,35.97702950183748,38.623,0.5,86,onoff,0.95,1580.7830732037105,12.0,68.90380668640137,static_pomt,0
10000,0.0212,178.25736398301717,25214.327640431038,48560.563756176656,50698.81429980297,48554.87275621576,1.0208248264597795,0.0,68.52,36.124753777051865,38.4145,0.5,86,onoff,0.95,1580.7830732037105,12.0,68.90380668640137,decoupled,0
10000,0.0212,178.25736398301717,25214.327640431038,48560.563756176656,50698.81429980297,48554.87275621576,1.0208248264597795,0.0,68.52,38.58152715394038,40.948,0.5,86,onoff,0.95,1580.7830732037105,12.0,68.90380668640137,joint_full,0
10000,0.0212,178.25736398301717,25214.327640431038,48560.563756176656,50698.81429980297,48554.87275621576,1.0208248264597795,0.0,68.52,37.77879828501429,39.745,0.5,86,onoff,0.95,1580.7830732037105,12.0,68.90380668640137,cliffserve,0
10000,0.0008,175.0284324756327,25838.6536125601,49211.493167046334,51152.517214833504,49205.77781043413,1.0006003602161297,0.0,68.52,34.05904992995797,36.7725,0.5,86,onoff,1.1,1830.380400551665,2.0,11.483967781066895,dense,0
10000,0.0008,175.0284324756327,25838.6536125601,49211.493167046334,51152.517214833504,49205.77781043413,1.0006003602161297,0.0,68.52,35.6182977786672,38.412,0.5,86,onoff,1.1,1830.380400551665,2.0,11.483967781066895,static_pomt,0
10000,0.0008,175.0284324756327,25838.6536125601,49211.493167046334,51152.517214833504,49205.77781043413,1.0006003602161297,0.0,68.52,35.79963428056835,38.01485,0.5,86,onoff,1.1,1830.380400551665,2.0,11.483967781066895,decoupled,0
10000,0.0008,175.0284324756327,25838.6536125601,49211.493167046334,51152.517214833504,49205.77781043413,1.0006003602161297,0.0,68.52,38.42346728036822,40.076,0.5,86,onoff,1.1,1830.380400551665,2.0,11.483967781066895,joint_full,0
10000,0.0008,175.0284324756327,25838.6536125601,49211.493167046334,51152.517214833504,49205.77781043413,1.0006003602161297,0.0,68.52,37.87325675405243,39.194,0.5,86,onoff,1.1,1830.380400551665,2.0,11.483967781066895,cliffserve,0
10000,0.0028,175.33581632783157,25738.50094193823,49111.213655856875,51052.33302074552,49105.487108877925,1.0025062656641603,0.0,68.52,35.75789022556391,37.601,0.5,86,onoff,1.1,1830.380400551665,4.0,22.96793556213379,dense,0
10000,0.0028,175.33581632783157,25738.50094193823,49111.213655856875,51052.33302074552,49105.487108877925,1.0025062656641603,0.0,68.52,37.16292160401002,39.09669999999999,0.5,86,onoff,1.1,1830.380400551665,4.0,22.96793556213379,static_pomt,0
10000,0.0028,175.33581632783157,25738.50094193823,49111.213655856875,51052.33302074552,49105.487108877925,1.0025062656641603,0.0,68.52,37.38537824561403,39.23669999999999,0.5,86,onoff,1.1,1830.380400551665,4.0,22.96793556213379,decoupled,0
10000,0.0028,175.33581632783157,25738.50094193823,49111.213655856875,51052.33302074552,49105.487108877925,1.0025062656641603,0.0,68.52,39.01837333333334,40.62969999999999,0.5,86,onoff,1.1,1830.380400551665,4.0,22.96793556213379,joint_full,0
10000,0.0028,175.33581632783157,25738.50094193823,49111.213655856875,51052.33302074552,49105.487108877925,1.0025062656641603,0.0,68.52,37.962989373433594,39.835,0.5,86,onoff,1.1,1830.380400551665,4.0,22.96793556213379,cliffserve,0
10000,0.01,176.46553240513978,25373.26231998808,48746.371347836284,50687.09886015535,48740.64987581137,1.0095911155981827,0.0,68.52,35.524666128218065,37.38,0.5,86,onoff,1.1,1830.380400551665,8.0,45.93587112426758,dense,0
10000,0.01,176.46553240513978,25373.26231998808,48746.371347836284,50687.09886015535,48740.64987581137,1.0095911155981827,0.0,68.52,36.434009288238265,38.813,0.5,86,onoff,1.1,1830.380400551665,8.0,45.93587112426758,static_pomt,0
10000,0.01,176.46553240513978,25373.26231998808,48746.371347836284,50687.09886015535,48740.64987581137,1.0095911155981827,0.0,68.52,37.07737072185764,39.113,0.5,86,onoff,1.1,1830.380400551665,8.0,45.93587112426758,decoupled,0
10000,0.01,176.46553240513978,25373.26231998808,48746.371347836284,50687.09886015535,48740.64987581137,1.0095911155981827,0.0,68.52,38.86431216557294,40.99299999999999,0.5,86,onoff,1.1,1830.380400551665,8.0,45.93587112426758,joint_full,0
10000,0.01,176.46553240513978,25373.26231998808,48746.371347836284,50687.09886015535,48740.64987581137,1.0095911155981827,0.0,68.52,38.169076930843005,39.614,0.5,86,onoff,1.1,1830.380400551665,8.0,45.93587112426758,cliffserve,0
10000,0.0184,177.80034407774977,24948.06366700537,48321.004141978054,50262.12080323339,48315.26192598703,1.017915309446254,0.0,68.52,35.37453705211726,37.521,0.5,86,onoff,1.1,1830.380400551665,12.0,68.90380668640137,dense,0
10000,0.0184,177.80034407774977,24948.06366700537,48321.004141978054,50262.12080323339,48315.26192598703,1.017915309446254,0.0,68.52,37.15354234527687,39.27385,0.5,86,onoff,1.1,1830.380400551665,12.0,68.90380668640137,static_pomt,0
10000,0.0184,177.80034407774977,24948.06366700537,48321.004141978054,50262.12080323339,48315.26192598703,1.017915309446254,0.0,68.52,37.12086665309446,39.00385,0.5,86,onoff,1.1,1830.380400551665,12.0,68.90380668640137,decoupled,0
10000,0.0184,177.80034407774977,24948.06366700537,48321.004141978054,50262.12080323339,48315.26192598703,1.017915309446254,0.0,68.52,39.22893220684039,40.2045,0.5,86,onoff,1.1,1830.380400551665,12.0,68.90380668640137,joint_full,0
10000,0.0184,177.80034407774977,24948.06366700537,48321.004141978054,50262.12080323339,48315.26192598703,1.017915309446254,0.0,68.52,38.16858743892509,40.053650000000005,0.5,86,onoff,1.1,1830.380400551665,12.0,68.90380668640137,cliffserve,0
10000,0.0003,174.94590388236563,18571.281333062412,35318.59605433006,36788.6010478937,35312.89453121681,1.000100010001,0.0,68.52,35.566541554155414,37.641,0.5,87,poisson,0.3,499.1946546959086,2.0,11.483967781066895,dense,0
10000,0.0003,174.94590388236563,18571.281333062412,35318.59605433006,36788.6010478937,35312.89453121681,1.000100010001,0.0,68.52,37.02118071807181,39.023,0.5,87,poisson,0.3,499.1946546959086,2.0,11.483967781066895,static_pomt,0
10000,0.0003,174.94590388236563,18571.281333062412,35318.59605433006,36788.6010478937,35312.89453121681,1.000100010001,0.0,68.52,37.22389128912891,39.254,0.5,87,poisson,0.3,499.1946546959086,2.0,11.483967781066895,decoupled,0
10000,0.0003,174.94590388236563,18571.281333062412,35318.59605433006,36788.6010478937,35312.89453121681,1.000100010001,0.0,68.52,39.23079477947794,40.7661,0.5,87,poisson,0.3,499.1946546959086,2.0,11.483967781066895,joint_full,0
10000,0.0003,174.94590388236563,18571.281333062412,35318.59605433006,36788.6010478937,35312.89453121681,1.000100010001,0.0,68.52,38.216140814081406,40.055,0.5,87,poisson,0.3,499.1946546959086,2.0,11.483967781066895,cliffserve,0
10000,1.0,500.03639697282836,9.724389236912145,13.843139525887494,15.385901494378489,8.01163178767847,2.898550724637681,0.0,68.52,8.809475072463767,10.044499999999998,0.5,87,poisson,0.3,499.1946546959086,4.0,22.96793556213379,dense,0
10000,1.0,500.03639697282836,9.724389236912145,13.843139525887494,15.385901494378489,8.01163178767847,2.898550724637681,0.0,68.52,9.29702724637681,10.63,0.5,87,poisson,0.3,499.1946546959086,4.0,22.96793556213379,static_pomt,0
10000,1.0,500.03639697282836,9.724389236912145,13.843139525887494,15.385901494378489,8.01163178767847,2.898550724637681,0.0,68.52,11.006859420289853,12.283,0.5,87,poisson,0.3,499.1946546959086,4.0,22.96793556213379,decoupled,0
10000,1.0,500.03639697282836,9.724389236912145,13.843139525887494,15.385901494378489,8.01163178767847,2.898550724637681,0.0,68.52,10.450353333333332,12.223,0.5,87,poisson,0.3,499.1946546959086,4.0,22.96793556213379,joint_full,0
10000,1.0,500.03639697282836,9.724389236912145,13.843139525887494,15.385901494378489,8.01163178767847,2.898550724637681,0.0,68.52,9.385957971014493,10.951,0.5,87,poisson,0.3,499.1946546959086,4.0,22.96793556213379,cliffserve,0
10000,1.0,500.03639697282836,9.724389236912145,13.843139525887494,15.385901494378489,8.01163178767847,2.898550724637681,0.0,68.52,8.750615942028986,9.979,0.5,87,poisson,0.3,499.1946546959086,8.0,45.93587112426758,dense,0
10000,1.0,500.03639697282836,9.724389236912145,13.843139525887494,15.385901494378489,8.01163178767847,2.898550724637681,0.0,68.52,9.213358260869565,10.55,0.5,87,poisson,0.3,499.1946546959086,8.0,45.93587112426758,static_pomt,0
10000,1.0,500.03639697282836,9.724389236912145,13.843139525887494,15.385901494378489,8.01163178767847,2.898550724637681,0.0,68.52,10.933685217391304,12.23355,0.5,87,poisson,0.3,499.1946546959086,8.0,45.93587112426758,decoupled,0
10000,1.0,500.03639697282836,9.724389236912145,13.843139525887494,15.385901494378489,8.01163178767847,2.898550724637681,0.0,68.52,10.310602898550725,12.107949999999997,0.5,87,poisson,0.3,499.1946546959086,8.0,45.93587112426758,joint_full,0
10000,1.0,500.03639697282836,9.724389236912145,13.843139525887494,15.385901494378489,8.01163178767847,2.898550724637681,0.0,68.52,9.277946376811595,10.88055,0.5,87,poisson,0.3,499.1946546959086,8.0,45.93587112426758,cliffserve,0
10000,1.0,500.03639697282836,9.724389236912145,13.843139525887494,15.385901494378489,8.01163178767847,2.898550724637681,0.0,68.52,8.662144347826088,9.929,0.5,87,poisson,0.3,499.1946546959086,12.0,68.90380668640137,dense,0
10000,1.0,500.03639697282836,9.724389236912145,13.843139525887494,15.385901494378489,8.01163178767847,2.898550724637681,0.0,68.52,9.081731014492753,10.40955,0.5,87,poisson,0.3,499.1946546959086,12.0,68.90380668640137,static_pomt,0
10000,1.0,500.03639697282836,9.724389236912145,13.843139525887494,15.385901494378489,8.01163178767847,2.898550724637681,0.0,68.52,10.821421449275363,12.15255,0.5,87,poisson,0.3,499.1946546959086,12.0,68.90380668640137,decoupled,0
10000,1.0,500.03639697282836,9.724389236912145,13.843139525887494,15.385901494378489,8.01163178767847,2.898550724637681,0.0,68.52,10.392593333333334,12.183,0.5,87,poisson,0.3,499.1946546959086,12.0,68.90380668640137,joint_full,0
10000,1.0,500.03639697282836,9.724389236912145,13.843139525887494,15.385901494378489,8.01163178767847,2.898550724637681,0.0,68.52,9.170469565217392,10.695949999999998,0.5,87,poisson,0.3,499.1946546959086,12.0,68.90380668640137,cliffserve,0
10000,0.0005,174.98128783565352,23564.672762917162,44798.898949701885,46677.085250421136,44793.208999402625,1.000300090027008,0.0,68.52,34.142322496749024,36.54079999999999,0.5,87,poisson,0.6,998.3893093918172,2.0,11.483967781066895,dense,0
10000,0.0005,174.98128783565352,23564.672762917162,44798.898949701885,46677.085250421136,44793.208999402625,1.000300090027008,0.0,68.52,36.82189276783035,38.813,0.5,87,poisson,0.6,998.3893093918172,2.0,11.483967781066895,static_pomt,0
10000,0.0005,174.98128783565352,23564.672762917162,44798.898949701885,46677.085250421136,44793.208999402625,1.000300090027008,0.0,68.52,37.29818695608683,39.214,0.5,87,poisson,0.6,998.3893093918172,2.0,11.483967781066895,decoupled,0
10000,0.0005,174.98128783565352,23564.672762917162,44798.898949701885,46677.085250421136,44793.208999402625,1.000300090027008,0.0,68.52,39.20340952285686,40.45799999999999,0.5,87,poisson,0.6,998.3893093918172,2.0,11.483967781066895,joint_full,0
10000,0.0005,174.98128783565352,23564.672762917162,44798.898949701885,46677.085250421136,44793.208999402625,1.000300090027008,0.0,68.52,38.059257977393216,40.135,0.5,87,poisson,0.6,998.3893093918172,2.0,11.483967781066895,cliffserve,0
10000,0.0145,177.04194864351206,22899.709677027346,44133.710585315326,46012.15609372672,44127.97756777535,1.0124531740407006,0.0,68.52,34.35507350410043,37.16279999999999,0.5,87,poisson,0.6,998.3893093918172,4.0,22.96793556213379,dense,0
10000,0.0145,177.04194864351206,22899.709677027346,44133.710585315326,46012.15609372672,44127.97756777535,1.0124531740407006,0.0,68.52,36.28581168370963,38.993,0.5,87,poisson,0.6,998.3893093918172,4.0,22.96793556213379,static_pomt,0
10000,0.0145,177.04194864351206,22899.709677027346,44133.710585315326,46012.15609372672,44127.97756777535,1.0124531740407006,0.0,68.52,37.20153882757922,39.194,0.5,87,poisson,0.6,998.3893093918172,4.0,22.96793556213379,decoupled,0
10000,0.0145,177.04194864351206,22899.709677027346,44133.710585315326,46012.15609372672,44127.97756777535,1.0124531740407006,0.0,68.52,38.88402642502784,40.688999999999986,0.5,87,poisson,0.6,998.3893093918172,4.0,22.96793556213379,joint_full,0
10000,0.0145,177.04194864351206,22899.709677027346,44133.710585315326,46012.15609372672,44127.97756777535,1.0124531740407006,0.0,68.52,37.73248992609092,39.986,0.5,87,poisson,0.6,998.3893093918172,4.0,22.96793556213379,cliffserve,0
10000,1.0,998.6631515366175,12.709125705807992,19.9943711085069,25.187769260281122,10.76815453355275,6.83526999316473,0.0,68.52,11.037226247436775,12.273999999999987,0.5,87,poisson,0.6,998.3893093918172,8.0,45.93587112426758,dense,0
10000,1.0,998.6631515366175,12.709125705807992,19.9943711085069,25.187769260281122,10.76815453355275,6.83526999316473,0.0,68.52,11.580312371838687,14.942999999999994,0.5,87,poisson,0.6,998.3893093918172,8.0,45.93587112426758,static_pomt,0
10000,1.0,998.6631515366175,12.709125705807992,19.9943711085069,25.187769260281122,10.76815453355275,6.83526999316473,0.0,68.52,13.489485304169516,17.503,0.5,87,poisson,0.6,998.3893093918172,8.0,45.93587112426758,decoupled,0
10000,1.0,998.6631515366175,12.709125705807992,19.9943711085069,25.187769260281122,10.76815453355275,6.83526999316473,0.0,68.52,13.537559808612441,14.868,0.5,87,poisson,0.6,998.3893093918172,8.0,45.93587112426758,joint_full,0
10000,1.0,998.6631515366175,12.709125705807992,19.9943711085069,25.187769260281122,10.76815453355275,6.83526999316473,0.0,68.52,12.089302118933698,15.5,0.5,87,poisson,0.6,998.3893093918172,8.0,45.93587112426758,cliffserve,0
10000,1.0,998.6631515366175,12.709125705807992,19.9943711085069,25.187769260281122,10.76815453355275,6.83526999316473,0.0,68.52,11.01898974709501,14.004999999999999,0.5,87,poisson,0.6,998.3893093918172,12.0,68.90380668640137,dense,0
10000,1.0,998.6631515366175,12.709125705807992,19.9943711085069,25.187769260281122,10.76815453355275,6.83526999316473,0.0,68.52,11.683203691045797,15.056899999999997,0.5,87,poisson,0.6,998.3893093918172,12.0,68.90380668640137,static_pomt,0
10000,1.0,998.6631515366175,12.709125705807992,19.9943711085069,25.187769260281122,10.76815453355275,6.83526999316473,0.0,68.52,13.538950102529054,17.651999999999997,0.5,87,poisson,0.6,998.3893093918172,12.0,68.90380668640137,decoupled,0
10000,1.0,998.6631515366175,12.709125705807992,19.9943711085069,25.187769260281122,10.76815453355275,6.83526999316473,0.0,68.52,13.517321257689678,17.572,0.5,87,poisson,0.6,998.3893093918172,12.0,68.90380668640137,joint_full,0
10000,1.0,998.6631515366175,12.709125705807992,19.9943711085069,25.187769260281122,10.76815453355275,6.83526999316473,0.0,68.52,12.108492139439507,13.413099999999996,0.5,87,poisson,0.6,998.3893093918172,12.0,68.90380668640137,cliffserve,0
10000,0.0006,174.99896621617424,24810.10994855068,47166.08038388439,49146.273115616284,47160.35904143997,1.0004001600640255,0.0,68.52,35.464249299719896,37.45,0.5,87,poisson,0.8,1331.1857458557563,2.0,11.483967781066895,dense,0
10000,0.0006,174.99896621617424,24810.10994855068,47166.08038388439,49146.273115616284,47160.35904143997,1.0004001600640255,0.0,68.52,36.87441886754702,38.763,0.5,87,poisson,0.8,1331.1857458557563,2.0,11.483967781066895,static_pomt,0
10000,0.0006,174.99896621617424,24810.10994855068,47166.08038388439,49146.273115616284,47160.35904143997,1.0004001600640255,0.0,68.52,37.325884853941574,39.254,0.5,87,poisson,0.8,1331.1857458557563,2.0,11.483967781066895,decoupled,0
10000,0.0006,174.99896621617424,24810.10994855068,47166.08038388439,49146.273115616284,47160.35904143997,1.0004001600640255,0.0,68.52,39.24889635854342,40.947,0.5,87,poisson,0.8,1331.1857458557563,2.0,11.483967781066895,joint_full,0
10000,0.0006,174.99896621617424,24810.10994855068,47166.08038388439,49146.273115616284,47160.35904143997,1.0004001600640255,0.0,68.52,38.408234693877546,39.685,0.5,87,poisson,0.8,1331.1857458557563,2.0,11.483967781066895,cliffserve,0
10000,0.0058,175.76501710810317,24561.369117413975,46917.38965827175,48897.43315456434,46911.66975575634,1.0049241282283188,0.0,68.52,34.99973379559844,37.18,0.5,87,poisson,0.8,1331.1857458557563,4.0,22.96793556213379,dense,0
10000,0.0058,175.76501710810317,24561.369117413975,46917.38965827175,48897.43315456434,46911.66975575634,1.0049241282283188,0.0,68.52,36.740721033062,38.8785,0.5,87,poisson,0.8,1331.1857458557563,4.0,22.96793556213379,static_pomt,0
10000,0.0058,175.76501710810317,24561.369117413975,46917.38965827175,48897.43315456434,46911.66975575634,1.0049241282283188,0.0,68.52,37.16565591397849,39.1185,0.5,87,poisson,0.8,1331.1857458557563,4.0,22.96793556213379,decoupled,0
10000,0.0058,175.76501710810317,24561.369117413975,46917.38965827175,48897.43315456434,46911.66975575634,1.0049241282283188,0.0,68.52,38.85173389609085,40.9825,0.5,87,poisson,0.8,1331.1857458557563,4.0,22.96793556213379,joint_full,0
10000,0.0058,175.76501710810317,24561.369117413975,46917.38965827175,48897.43315456434,46911.66975575634,1.0049241282283188,0.0,68.52,37.99268977992161,39.91,0.5,87,poisson,0.8,1331.1857458557563,4.0,22.96793556213379,cliffserve,0
10000,1.0,1329.2874529973963,23.45592067054565,34.13589930210362,38.43742703416525,17.47854488941507,17.123287671232877,0.0,68.52,15.06479109589041,21.774500000000003,0.5,87,poisson,0.8,1331.1857458557563,8.0,45.93587112426758,dense,0
10000,1.0,1329.2874529973963,23.45592067054565,34.13589930210362,38.43742703416525,17.47854488941507,17.123287671232877,0.0,68.52,15.975510273972603,22.19985000000001,0.5,87,poisson,0.8,1331.1857458557563,8.0,45.93587112426758,static_pomt,0
10000,1.0,1329.2874529973963,23.45592067054565,34.13589930210362,38.43742703416525,17.47854488941507,17.123287671232877,0.0,68.52,18.74967979452055,26.17705000000003,0.5,87,poisson,0.8,1331.1857458557563,8.0,45.93587112426758,decoupled,0
10000,1.0,1329.2874529973963,23.45592067054565,34.13589930210362,38.43742703416525,17.47854488941507,17.123287671232877,0.0,68.52,18.61455308219178,26.584850000000003,0.5,87,poisson,0.8,1331.1857458557563,8.0,45.93587112426758,joint_full,0
10000,1.0,1329.2874529973963,23.45592067054565,34.13589930210362,38.43742703416525,17.47854488941507,17.123287671232877,0.0,68.52,16.755962328767122,23.92915,0.5,87,poisson,0.8,1331.1857458557563,8.0,45.93587112426758,cliffserve,0
10000,1.0,1329.2874529973963,23.45592067054565,34.13589930210362,38.43742703416525,17.47854488941507,17.123287671232877,0.0,68.52,15.220628424657534,22.110000000000003,0.5,87,poisson,0.8,1331.1857458557563,12.0,68.90380668640137,dense,0
10000,1.0,1329.2874529973963,23.45592067054565,34.13589930210362,38.43742703416525,17.47854488941507,17.123287671232877,0.0,68.52,15.944183219178083,22.893000000000004,0.5,87,poisson,0.8,1331.1857458557563,12.0,68.90380668640137,static_pomt,0
10000,1.0,1329.2874529973963,23.45592067054565,34.13589930210362,38.43742703416525,17.47854488941507,17.123287671232877,0.0,68.52,18.5422602739726,26.908,0.5,87,poisson,0.8,1331.1857458557563,12.0,68.90380668640137,decoupled,0
10000,1.0,1329.2874529973963,23.45592067054565,34.13589930210362,38.43742703416525,17.47854488941507,17.123287671232877,0.0,68.52,18.657046232876713,26.9365,0.5,87,poisson,0.8,1331.1857458557563,12.0,68.90380668640137,joint_full,0
10000,1.0,1329.2874529973963,23.45592067054565,34.13589930210362,38.43742703416525,17.47854488941507,17.123287671232877,0.0,68.52,16.718460616438357,24.322,0.5,87,poisson,0.8,1331.1857458557563,12.0,68.90380668640137,cliffserve,0
10000,0.0006,174.9989662161742,25402.783345527823,48290.10110445107,50318.632877596945,48284.37976200665,1.0004001600640255,0.0,68.52,35.362477591036416,37.31025,0.5,87,poisson,0.95,1580.7830732037105,2.0,11.483967781066895,dense,0
10000,0.0006,174.9989662161742,25402.783345527823,48290.10110445107,50318.632877596945,48284.37976200665,1.0004001600640255,0.0,68.52,36.189423769507805,38.663,0.5,87,poisson,0.95,1580.7830732037105,2.0,11.483967781066895,static_pomt,0
10000,0.0006,174.9989662161742,25402.783345527823,48290.10110445107,50318.632877596945,48284.37976200665,1.0004001600640255,0.0,68.52,37.347437074829934,39.113,0.5,87,poisson,0.95,1580.7830732037105,2.0,11.483967781066895,decoupled,0
10000,0.0006,174.9989662161742,25402.783345527823,48290.10110445107,50318.632877596945,48284.37976200665,1.0004001600640255,0.0,68.52,39.16796508603442,41.047,0.5,87,poisson,0.95,1580.7830732037105,2.0,11.483967781066895,joint_full,0
10000,0.0006,174.9989662161742,25402.783345527823,48290.10110445107,50318.632877596945,48284.37976200665,1.0004001600640255,0.0,68.52,37.70406092436974,39.8275,0.5,87,poisson,0.95,1580.7830732037105,2.0,11.483967781066895,cliffserve,0
10000,0.005,175.65890608055028,25188.396019048865,48075.75214712704,50104.14376501951,48070.04703848446,1.0043185698503565,0.0,68.52,35.573562217535404,37.37,0.5,87,poisson,0.95,1580.7830732037105,4.0,22.96793556213379,dense,0
10000,0.005,175.65890608055028,25188.396019048865,48075.75214712704,50104.14376501951,48070.04703848446,1.0043185698503565,0.0,68.52,36.157889625389174,38.643,0.5,87,poisson,0.95,1580.7830732037105,4.0,22.96793556213379,static_pomt,0
10000,0.005,175.65890608055028,25188.396019048865,48075.75214712704,50104.14376501951,48070.04703848446,1.0043185698503565,0.0,68.52,36.952294667068394,39.053,0.5,87,poisson,0.95,1580.7830732037105,4.0,22.96793556213379,decoupled,0
10000,0.005,175.65890608055028,25188.396019048865,48075.75214712704,50104.14376501951,48070.04703848446,1.0043185698503565,0.0,68.52,39.00915125037662,40.977,0.5,87,poisson,0.95,1580.7830732037105,4.0,22.96793556213379,joint_full,0
10000,0.005,175.65890608055028,25188.396019048865,48075.75214712704,50104.14376501951,48070.04703848446,1.0043185698503565,0.0,68.52,38.015251481369894,39.5242,0.5,87,poisson,0.95,1580.7830732037105,4.0,22.96793556213379,cliffserve,0
10000,0.0382,180.97098670822726,23517.696375436957,46404.53344659889,48433.40943258199,46398.805984307175,1.0375596596804317,0.0,68.52,35.569824652417516,37.461,0.5,87,poisson,0.95,1580.7830732037105,8.0,45.93587112426758,dense,0
10000,0.0382,180.97098670822726,23517.696375436957,46404.53344659889,48433.40943258199,46398.805984307175,1.0375596596804317,0.0,68.52,36.6397923843121,38.86449999999999,0.5,87,poisson,0.95,1580.7830732037105,8.0,45.93587112426758,static_pomt,0
10000,0.0382,180.97098670822726,23517.696375436957,46404.53344659889,48433.40943258199,46398.805984307175,1.0375596596804317,0.0,68.52,37.110870616310436,39.144499999999994,0.5,87,poisson,0.95,1580.7830732037105,8.0,45.93587112426758,decoupled,0
10000,0.0382,180.97098670822726,23517.696375436957,46404.53344659889,48433.40943258199,46398.805984307175,1.0375596596804317,0.0,68.52,38.95386065573771,40.957,0.5,87,poisson,0.95,1580.7830732037105,8.0,45.93587112426758,joint_full,0
10000,0.0382,180.97098670822726,23517.696375436957,46404.53344659889,48433.40943258199,46398.805984307175,1.0375596596804317,0.0,68.52,38.35442218302552,40.236,0.5,87,poisson,0.95,1580.7830732037105,8.0,45.93587112426758,cliffserve,0
10000,0.3494,253.32430433860324,7733.787168092905,30622.453465629464,32650.710846985905,30616.7124017247,1.5101177891875566,0.0,68.52,35.24402385986107,37.37,0.5,87,poisson,0.95,1580.7830732037105,12.0,68.90380668640137,dense,0
10000,0.3494,253.32430433860324,7733.787168092905,30622.453465629464,32650.710846985905,30616.7124017247,1.5101177891875566,0.0,68.52,36.617559951676235,38.762,0.5,87,poisson,0.95,1580.7830732037105,12.0,68.90380668640137,static_pomt,0
10000,0.3494,253.32430433860324,7733.787168092905,30622.453465629464,32650.710846985905,30616.7124017247,1.5101177891875566,0.0,68.52,36.79871670190275,38.92255,0.5,87,poisson,0.95,1580.7830732037105,12.0,68.90380668640137,decoupled,0
10000,0.3494,253.32430433860324,7733.787168092905,30622.453465629464,32650.710846985905,30616.7124017247,1.5101177891875566,0.0,68.52,38.805041377227425,40.496,0.5,87,poisson,0.95,1580.7830732037105,12.0,68.90380668640137,joint_full,0
10000,0.3494,253.32430433860324,7733.787168092905,30622.453465629464,32650.710846985905,30616.7124017247,1.5101177891875566,0.0,68.52,37.76323920265781,39.474,0.5,87,poisson,0.95,1580.7830732037105,12.0,68.90380668640137,cliffserve,0
10000,0.0002,174.94581965541275,25851.014415636233,49124.777071094155,51188.522209702314,49119.0755479809,1.000100010001,0.0,68.52,35.49047284728473,37.531,0.5,87,poisson,1.1,1830.380400551665,2.0,11.483967781066895,dense,0
10000,0.0002,174.94581965541275,25851.014415636233,49124.777071094155,51188.522209702314,49119.0755479809,1.000100010001,0.0,68.52,36.43702850285028,38.874,0.5,87,poisson,1.1,1830.380400551665,2.0,11.483967781066895,static_pomt,0
10000,0.0002,174.94581965541275,25851.014415636233,49124.777071094155,51188.522209702314,49119.0755479809,1.000100010001,0.0,68.52,36.86755095509551,39.2049,0.5,87,poisson,1.1,1830.380400551665,2.0,11.483967781066895,decoupled,0
10000,0.0002,174.94581965541275,25851.014415636233,49124.777071094155,51188.522209702314,49119.0755479809,1.000100010001,0.0,68.52,39.16272327232723,41.108,0.5,87,poisson,1.1,1830.380400551665,2.0,11.483967781066895,joint_full,0
10000,0.0002,174.94581965541275,25851.014415636233,49124.777071094155,51188.522209702314,49119.0755479809,1.000100010001,0.0,68.52,38.3222099209921,39.815,0.5,87,poisson,1.1,1830.380400551665,2.0,11.483967781066895,cliffserve,0
10000,0.0042,175.5399323218758,25658.03641594904,48931.82702028716,50995.280596605124,48926.09965891802,1.0036130068245686,0.0,68.52,35.11590124448013,37.56085,0.5,87,poisson,1.1,1830.380400551665,4.0,22.96793556213379,dense,0
10000,0.0042,175.5399323218758,25658.03641594904,48931.82702028716,50995.280596605124,48926.09965891802,1.0036130068245686,0.0,68.52,36.439609494179045,38.873,0.5,87,poisson,1.1,1830.380400551665,4.0,22.96793556213379,static_pomt,0
10000,0.0042,175.5399323218758,25658.03641594904,48931.82702028716,50995.280596605124,48926.09965891802,1.0036130068245686,0.0,68.52,37.1570730630269,39.213,0.5,87,poisson,1.1,1830.380400551665,4.0,22.96793556213379,decoupled,0
10000,0.0042,175.5399323218758,25658.03641594904,48931.82702028716,50995.280596605124,48926.09965891802,1.0036130068245686,0.0,68.52,39.28074016459253,41.175650000000005,0.5,87,poisson,1.1,1830.380400551665,4.0,22.96793556213379,joint_full,0
10000,0.0042,175.5399323218758,25658.03641594904,48931.82702028716,50995.280596605124,48926.09965891802,1.0036130068245686,0.0,68.52,37.87898825772781,40.29585,0.5,87,poisson,1.1,1830.380400551665,4.0,22.96793556213379,cliffserve,0
10000,0.015,177.23078767577852,25114.587395801715,48388.04296307528,50452.116523843586,48382.33615012133,1.0141987829614605,0.0,68.52,35.005274746450304,37.49144999999999,0.5,87,poisson,1.1,1830.380400551665,8.0,45.93587112426758,dense,0
10000,0.015,177.23078767577852,25114.587395801715,48388.04296307528,50452.116523843586,48382.33615012133,1.0141987829614605,0.0,68.52,36.32588286004057,38.923,0.5,87,poisson,1.1,1830.380400551665,8.0,45.93587112426758,static_pomt,0
10000,0.015,177.23078767577852,25114.587395801715,48388.04296307528,50452.116523843586,48382.33615012133,1.0141987829614605,0.0,68.52,37.288503245436104,39.224,0.5,87,poisson,1.1,1830.380400551665,8.0,45.93587112426758,decoupled,0
10000,0.015,177.23078767577852,25114.587395801715,48388.04296307528,50452.116523843586,48382.33615012133,1.0141987829614605,0.0,68.52,39.015660446247466,40.917,0.5,87,poisson,1.1,1830.380400551665,8.0,45.93587112426758,joint_full,0
10000,0.015,177.23078767577852,25114.587395801715,48388.04296307528,50452.116523843586,48382.33615012133,1.0141987829614605,0.0,68.52,38.39777920892495,40.366,0.5,87,poisson,1.1,1830.380400551665,8.0,45.93587112426758,cliffserve,0
10000,0.0426,181.76396427394675,23707.350188627413,46980.381828093174,49045.02343636114,46974.652616786596,1.0427528675703859,0.0,68.52,35.259515641293014,37.45,0.5,87,poisson,1.1,1830.380400551665,12.0,68.90380668640137,dense,0
10000,0.0426,181.76396427394675,23707.350188627413,46980.381828093174,49045.02343636114,46974.652616786596,1.0427528675703859,0.0,68.52,36.90915422314911,38.92355,0.5,87,poisson,1.1,1830.380400551665,12.0,68.90380668640137,static_pomt,0
10000,0.0426,181.76396427394675,23707.350188627413,46980.381828093174,49045.02343636114,46974.652616786596,1.0427528675703859,0.0,68.52,37.10502189781022,38.983,0.5,87,poisson,1.1,1830.380400551665,12.0,68.90380668640137,decoupled,0
10000,0.0426,181.76396427394675,23707.350188627413,46980.381828093174,49045.02343636114,46974.652616786596,1.0427528675703859,0.0,68.52,38.84113055265902,40.76655,0.5,87,poisson,1.1,1830.380400551665,12.0,68.90380668640137,joint_full,0
10000,0.0426,181.76396427394675,23707.350188627413,46980.381828093174,49045.02343636114,46974.652616786596,1.0427528675703859,0.0,68.52,38.36925328467153,39.975,0.5,87,poisson,1.1,1830.380400551665,12.0,68.90380668640137,cliffserve,0
10000,0.0056,174.4793493917115,18190.062067216088,34669.30829844881,36386.78676200801,34663.5952489655,1.001602564102564,0.0,68.52,35.12875090144231,37.24,0.5,87,onoff,0.3,499.1946546959086,2.0,11.483967781066895,dense,0
10000,0.0056,174.4793493917115,18190.062067216088,34669.30829844881,36386.78676200801,34663.5952489655,1.001602564102564,0.0,68.52,35.64663691907052,38.64065000000001,0.5,87,onoff,0.3,499.1946546959086,2.0,11.483967781066895,static_pomt,0
10000,0.0056,174.4793493917115,18190.062067216088,34669.30829844881,36386.78676200801,34663.5952489655,1.001602564102564,0.0,68.52,36.72111378205128,38.91015,0.5,87,onoff,0.3,499.1946546959086,2.0,11.483967781066895,decoupled,0
10000,0.0056,174.4793493917115,18190.062067216088,34669.30829844881,36386.78676200801,34663.5952489655,1.001602564102564,0.0,68.52,39.00284274839744,40.927,0.5,87,onoff,0.3,499.1946546959086,2.0,11.483967781066895,joint_full,0
10000,0.0056,174.4793493917115,18190.062067216088,34669.30829844881,36386.78676200801,34663.5952489655,1.001602564102564,0.0,68.52,37.67601231971154,39.10385,0.5,87,onoff,0.3,499.1946546959086,2.0,11.483967781066895,cliffserve,0
10000,0.2507,208.42811712411992,8854.383566539538,25334.18945663341,27051.321981181038,25328.45762136348,1.2344155042587335,0.0,68.52,33.22214084680903,37.11,0.5,87,onoff,0.3,499.1946546959086,4.0,22.96793556213379,dense,0
10000,0.2507,208.42811712411992,8854.383566539538,25334.18945663341,27051.321981181038,25328.45762136348,1.2344155042587335,0.0,68.52,34.456937415133936,37.671,0.5,87,onoff,0.3,499.1946546959086,4.0,22.96793556213379,static_pomt,0
10000,0.2507,208.42811712411992,8854.383566539538,25334.18945663341,27051.321981181038,25328.45762136348,1.2344155042587335,0.0,68.52,35.01391939266758,38.562,0.5,87,onoff,0.3,499.1946546959086,4.0,22.96793556213379,decoupled,0
10000,0.2507,208.42811712411992,8854.383566539538,25334.18945663341,27051.321981181038,25328.45762136348,1.2344155042587335,0.0,68.52,37.05496543636588,40.937,0.5,87,onoff,0.3,499.1946546959086,4.0,22.96793556213379,joint_full,0
10000,0.2507,208.42811712411992,8854.383566539538,25334.18945663341,27051.321981181038,25328.45762136348,1.2344155042587335,0.0,68.52,35.792620540673994,38.923,0.5,87,onoff,0.3,499.1946546959086,4.0,22.96793556213379,cliffserve,0
10000,1.0,488.5580277509121,11.196515849320349,16.943745175916547,21.501648421736572,9.546201534260847,4.061738424045491,0.0,68.52,9.174925670186841,11.811549999999999,0.5,87,onoff,0.3,499.1946546959086,8.0,45.93587112426758,dense,0
10000,1.0,488.5580277509121,11.196515849320349,16.943745175916547,21.501648421736572,9.546201534260847,4.061738424045491,0.0,68.52,9.66539520714866,12.46395,0.5,87,onoff,0.3,499.1946546959086,8.0,45.93587112426758,static_pomt,0
10000,1.0,488.5580277509121,11.196515849320349,16.943745175916547,21.501648421736572,9.546201534260847,4.061738424045491,0.0,68.52,11.453111291632819,14.387,0.5,87,onoff,0.3,499.1946546959086,8.0,45.93587112426758,decoupled,0
10000,1.0,488.5580277509121,11.196515849320349,16.943745175916547,21.501648421736572,9.546201534260847,4.061738424045491,0.0,68.52,10.92732575142161,14.62795,0.5,87,onoff,0.3,499.1946546959086,8.0,45.93587112426758,joint_full,0
10000,1.0,488.5580277509121,11.196515849320349,16.943745175916547,21.501648421736572,9.546201534260847,4.061738424045491,0.0,68.52,9.750215678310317,13.023549999999998,0.5,87,onoff,0.3,499.1946546959086,8.0,45.93587112426758,cliffserve,0
10000,1.0,488.5580277509121,11.196515849320349,16.943745175916547,21.501648421736572,9.546201534260847,4.061738424045491,0.0,68.52,9.142249390739236,11.762,0.5,87,onoff,0.3,499.1946546959086,12.0,68.90380668640137,dense,0
10000,1.0,488.5580277509121,11.196515849320349,16.943745175916547,21.501648421736572,9.546201534260847,4.061738424045491,0.0,68.52,9.635649471974004,12.424,0.5,87,onoff,0.3,499.1946546959086,12.0,68.90380668640137,static_pomt,0
10000,1.0,488.5580277509121,11.196515849320349,16.943745175916547,21.501648421736572,9.546201534260847,4.061738424045491,0.0,68.52,11.401276198212834,14.35695,0.5,87,onoff,0.3,499.1946546959086,12.0,68.90380668640137,decoupled,0
10000,1.0,488.5580277509121,11.196515849320349,16.943745175916547,21.501648421736572,9.546201534260847,4.061738424045491,0.0,68.52,10.846303005686433,14.516499999999997,0.5,87,onoff,0.3,499.1946546959086,12.0,68.90380668640137,joint_full,0
10000,1.0,488.5580277509121,11.196515849320349,16.943745175916547,21.501648421736572,9.546201534260847,4.061738424045491,0.0,68.52,9.697632818846467,13.013549999999999,0.5,87,onoff,0.3,499.1946546959086,12.0,68.90380668640137,cliffserve,0
10000,0.0006,174.9989662161742,24040.98985828408,46272.760452122755,48229.59802066072,46267.039109678335,1.0004001600640255,0.0,68.52,34.44425950380152,36.789,0.5,87,onoff,0.6,998.3893093918172,2.0,11.483967781066895,dense,0
10000,0.0006,174.9989662161742,24040.98985828408,46272.760452122755,48229.59802066072,46267.039109678335,1.0004001600640255,0.0,68.52,35.88155662264906,38.743,0.5,87,onoff,0.6,998.3893093918172,2.0,11.483967781066895,static_pomt,0
10000,0.0006,174.9989662161742,24040.98985828408,46272.760452122755,48229.59802066072,46267.039109678335,1.0004001600640255,0.0,68.52,36.84554471788716,39.023,0.5,87,onoff,0.6,998.3893093918172,2.0,11.483967781066895,decoupled,0
10000,0.0006,174.9989662161742,24040.98985828408,46272.760452122755,48229.59802066072,46267.039109678335,1.0004001600640255,0.0,68.52,39.130514405762305,40.5695,0.5,87,onoff,0.6,998.3893093918172,2.0,11.483967781066895,joint_full,0
10000,0.0006,174.9989662161742,24040.98985828408,46272.760452122755,48229.59802066072,46267.039109678335,1.0004001600640255,0.0,68.52,38.21971668667467,39.797250000000005,0.5,87,onoff,0.6,998.3893093918172,2.0,11.483967781066895,cliffserve,0
10000,0.007,175.69654454933854,23814.455013199837,46046.24254472353,48002.93087782219,46040.52264220812,1.0049241282283188,0.0,68.52,35.13258265500955,37.320499999999996,0.5,87,onoff,0.6,998.3893093918172,4.0,22.96793556213379,dense,0
10000,0.007,175.69654454933854,23814.455013199837,46046.24254472353,48002.93087782219,46040.52264220812,1.0049241282283188,0.0,68.52,36.53351452115365,38.463,0.5,87,onoff,0.6,998.3893093918172,4.0,22.96793556213379,static_pomt,0
10000,0.007,175.69654454933854,23814.455013199837,46046.24254472353,48002.93087782219,46040.52264220812,1.0049241282283188,0.0,68.52,37.00290804944227,39.144,0.5,87,onoff,0.6,998.3893093918172,4.0,22.96793556213379,decoupled,0
10000,0.007,175.69654454933854,23814.455013199837,46046.24254472353,48002.93087782219,46040.52264220812,1.0049241282283188,0.0,68.52,38.421985428600145,40.1705,0.5,87,onoff,0.6,998.3893093918172,4.0,22.96793556213379,joint_full,0
10000,0.007,175.69654454933854,23814.455013199837,46046.24254472353,48002.93087782219,46040.52264220812,1.0049241282283188,0.0,68.52,37.97418520751683,39.965,0.5,87,onoff,0.6,998.3893093918172,4.0,22.96793556213379,cliffserve,0
10000,0.0294,179.25276728338818,22685.412713929207,44916.938904763236,46873.94161557034,44911.233512617124,1.027221366204417,0.0,68.52,35.25068782742681,37.26,0.5,87,onoff,0.6,998.3893093918172,8.0,45.93587112426758,dense,0
10000,0.0294,179.25276728338818,22685.412713929207,44916.938904763236,46873.94161557034,44911.233512617124,1.027221366204417,0.0,68.52,36.36939609655881,38.6023,0.5,87,onoff,0.6,998.3893093918172,8.0,45.93587112426758,static_pomt,0
10000,0.0294,179.25276728338818,22685.412713929207,44916.938904763236,46873.94161557034,44911.233512617124,1.027221366204417,0.0,68.52,37.02374042116075,38.843,0.5,87,onoff,0.6,998.3893093918172,8.0,45.93587112426758,decoupled,0
10000,0.0294,179.25276728338818,22685.412713929207,44916.938904763236,46873.94161557034,44911.233512617124,1.027221366204417,0.0,68.52,38.33107621982537,40.827,0.5,87,onoff,0.6,998.3893093918172,8.0,45.93587112426758,joint_full,0
10000,0.0294,179.25276728338818,22685.412713929207,44916.938904763236,46873.94161557034,44911.233512617124,1.027221366204417,0.0,68.52,37.91955808936826,39.164,0.5,87,onoff,0.6,998.3893093918172,8.0,45.93587112426758,cliffserve,0
10000,0.1862,207.38313486407338,15117.308405961285,37349.109953183404,39306.41741443301,37343.40427941727,1.2071463061323033,0.0,68.52,34.752831603090286,37.16,0.5,87,onoff,0.6,998.3893093918172,12.0,68.90380668640137,dense,0
10000,0.1862,207.38313486407338,15117.308405961285,37349.109953183404,39306.41741443301,37343.40427941727,1.2071463061323033,0.0,68.52,35.693681796233705,38.771499999999996,0.5,87,onoff,0.6,998.3893093918172,12.0,68.90380668640137,static_pomt,0
10000,0.1862,207.38313486407338,15117.308405961285,37349.109953183404,39306.41741443301,37343.40427941727,1.2071463061323033,0.0,68.52,36.642345726702075,38.921499999999995,0.5,87,onoff,0.6,998.3893093918172,12.0,68.90380668640137,decoupled,0
10000,0.1862,207.38313486407338,15117.308405961285,37349.109953183404,39306.41741443301,37343.40427941727,1.2071463061323033,0.0,68.52,38.60282882665379,40.747,0.5,87,onoff,0.6,998.3893093918172,12.0,68.90380668640137,joint_full,0
10000,0.1862,207.38313486407338,15117.308405961285,37349.109953183404,39306.41741443301,37343.40427941727,1.2071463061323033,0.0,68.52,37.443743481409946,40.195,0.5,87,onoff,0.6,998.3893093918172,12.0,68.90380668640137,cliffserve,0
10000,0.0006,174.9989662161742,24968.80785180785,46916.75638050075,49037.06145280995,46911.03503805633,1.0004001600640255,0.0,68.52,34.53035654261705,36.902249999999995,0.5,87,onoff,0.8,1331.1857458557563,2.0,11.483967781066895,dense,0
10000,0.0006,174.9989662161742,24968.80785180785,46916.75638050075,49037.06145280995,46911.03503805633,1.0004001600640255,0.0,68.52,36.97141606642657,39.194,0.5,87,onoff,0.8,1331.1857458557563,2.0,11.483967781066895,static_pomt,0
10000,0.0006,174.9989662161742,24968.80785180785,46916.75638050075,49037.06145280995,46911.03503805633,1.0004001600640255,0.0,68.52,37.04608153261305,38.96625,0.5,87,onoff,0.8,1331.1857458557563,2.0,11.483967781066895,decoupled,0
10000,0.0006,174.9989662161742,24968.80785180785,46916.75638050075,49037.06145280995,46911.03503805633,1.0004001600640255,0.0,68.52,38.96990716286514,40.68925,0.5,87,onoff,0.8,1331.1857458557563,2.0,11.483967781066895,joint_full,0
10000,0.0006,174.9989662161742,24968.80785180785,46916.75638050075,49037.06145280995,46911.03503805633,1.0004001600640255,0.0,68.52,38.01519467787114,40.121,0.5,87,onoff,0.8,1331.1857458557563,2.0,11.483967781066895,cliffserve,0
10000,0.0088,175.96230327209244,24656.236427004183,46604.26098294737,48724.57062401935,46598.55608840468,1.0064412238325282,0.0,68.52,35.152504327697265,37.28,0.5,87,onoff,0.8,1331.1857458557563,4.0,22.96793556213379,dense,0
10000,0.0088,175.96230327209244,24656.236427004183,46604.26098294737,48724.57062401935,46598.55608840468,1.0064412238325282,0.0,68.52,37.05278079710145,39.324,0.5,87,onoff,0.8,1331.1857458557563,4.0,22.96793556213379,static_pomt,0
10000,0.0088,175.96230327209244,24656.236427004183,46604.26098294737,48724.57062401935,46598.55608840468,1.0064412238325282,0.0,68.52,37.014447161835754,39.094,0.5,87,onoff,0.8,1331.1857458557563,4.0,22.96793556213379,decoupled,0
10000,0.0088,175.96230327209244,24656.236427004183,46604.26098294737,48724.57062401935,46598.55608840468,1.0064412238325282,0.0,68.52,38.782629730273754,40.78625,0.5,87,onoff,0.8,1331.1857458557563,4.0,22.96793556213379,joint_full,0
10000,0.0088,175.96230327209244,24656.236427004183,46604.26098294737,48724.57062401935,46598.55608840468,1.0064412238325282,0.0,68.52,37.47989462560387,39.88975,0.5,87,onoff,0.8,1331.1857458557563,4.0,22.96793556213379,cliffserve,0
10000,0.0172,177.2849729213099,24232.263082916583,46179.921257929826,48300.58503003283,46174.19470263007,1.0146103896103895,0.0,68.52,34.617570515422074,37.21,0.5,87,onoff,0.8,1331.1857458557563,8.0,45.93587112426758,dense,0
10000,0.0172,177.2849729213099,24232.263082916583,46179.921257929826,48300.58503003283,46174.19470263007,1.0146103896103895,0.0,68.52,36.12609466314935,38.633,0.5,87,onoff,0.8,1331.1857458557563,8.0,45.93587112426758,static_pomt,0
10000,0.0172,177.2849729213099,24232.263082916583,46179.921257929826,48300.58503003283,46174.19470263007,1.0146103896103895,0.0,68.52,36.61090269886364,38.833,0.5,87,onoff,0.8,1331.1857458557563,8.0,45.93587112426758,decoupled,0
10000,0.0172,177.2849729213099,24232.263082916583,46179.921257929826,48300.58503003283,46174.19470263007,1.0146103896103895,0.0,68.52,39.07922412743506,41.048,0.5,87,onoff,0.8,1331.1857458557563,8.0,45.93587112426758,joint_full,0
10000,0.0172,177.2849729213099,24232.263082916583,46179.921257929826,48300.58503003283,46174.19470263007,1.0146103896103895,0.0,68.52,38.20306534090909,40.338499999999996,0.5,87,onoff,0.8,1331.1857458557563,8.0,45.93587112426758,cliffserve,0
10000,0.03,179.37192702264778,23576.225600416506,45524.054110102676,47644.477038137156,45518.32519813063,1.0278548668927947,0.0,68.52,35.18926076677973,37.436,0.5,87,onoff,0.8,1331.1857458557563,12.0,68.90380668640137,dense,0
10000,0.03,179.37192702264778,23576.225600416506,45524.054110102676,47644.477038137156,45518.32519813063,1.0278548668927947,0.0,68.52,36.38978014184398,38.642,0.5,87,onoff,0.8,1331.1857458557563,12.0,68.90380668640137,static_pomt,0
10000,0.03,179.37192702264778,23576.225600416506,45524.054110102676,47644.477038137156,45518.32519813063,1.0278548668927947,0.0,68.52,36.85943231575702,39.143,0.5,87,onoff,0.8,1331.1857458557563,12.0,68.90380668640137,decoupled,0
10000,0.03,179.37192702264778,23576.225600416506,45524.054110102676,47644.477038137156,45518.32519813063,1.0278548668927947,0.0,68.52,38.43588148833384,40.732,0.5,87,onoff,0.8,1331.1857458557563,12.0,68.90380668640137,joint_full,0
10000,0.03,179.37192702264778,23576.225600416506,45524.054110102676,47644.477038137156,45518.32519813063,1.0278548668927947,0.0,68.52,38.04538575393155,40.322,0.5,87,onoff,0.8,1331.1857458557563,12.0,68.90380668640137,cliffserve,0
10000,0.0002,174.94581965541278,25786.75011527683,48646.7717840848,50404.054061200186,48641.07026097155,1.000100010001,0.0,68.52,35.37717491749174,37.22,0.5,87,onoff,0.95,1580.7830732037105,2.0,11.483967781066895,dense,0
10000,0.0002,174.94581965541278,25786.75011527683,48646.7717840848,50404.054061200186,48641.07026097155,1.000100010001,0.0,68.52,36.71615731573158,38.5339,0.5,87,onoff,0.95,1580.7830732037105,2.0,11.483967781066895,static_pomt,0
10000,0.0002,174.94581965541278,25786.75011527683,48646.7717840848,50404.054061200186,48641.07026097155,1.000100010001,0.0,68.52,36.942932393239325,38.893,0.5,87,onoff,0.95,1580.7830732037105,2.0,11.483967781066895,decoupled,0
10000,0.0002,174.94581965541278,25786.75011527683,48646.7717840848,50404.054061200186,48641.07026097155,1.000100010001,0.0,68.52,39.06956115611561,40.847,0.5,87,onoff,0.95,1580.7830732037105,2.0,11.483967781066895,joint_full,0
10000,0.0002,174.94581965541278,25786.75011527683,48646.7717840848,50404.054061200186,48641.07026097155,1.000100010001,0.0,68.52,38.323973397339735,40.1651,0.5,87,onoff,0.95,1580.7830732037105,2.0,11.483967781066895,cliffserve,0
10000,0.0084,175.97951485347264,25451.42455608704,48311.5117727666,50068.74091966539,48305.806878223906,1.0064412238325282,0.0,68.52,34.62315428743961,37.0625,0.5,87,onoff,0.95,1580.7830732037105,4.0,22.96793556213379,dense,0
10000,0.0084,175.97951485347264,25451.42455608704,48311.5117727666,50068.74091966539,48305.806878223906,1.0064412238325282,0.0,68.52,36.38648510466989,38.763,0.5,87,onoff,0.95,1580.7830732037105,4.0,22.96793556213379,static_pomt,0
10000,0.0084,175.97951485347264,25451.42455608704,48311.5117727666,50068.74091966539,48305.806878223906,1.0064412238325282,0.0,68.52,36.94732769726249,39.224,0.5,87,onoff,0.95,1580.7830732037105,4.0,22.96793556213379,decoupled,0
10000,0.0084,175.97951485347264,25451.42455608704,48311.5117727666,50068.74091966539,48305.806878223906,1.0064412238325282,0.0,68.52,39.24351247987118,41.59125,0.5,87,onoff,0.95,1580.7830732037105,4.0,22.96793556213379,joint_full,0
10000,0.0084,175.97951485347264,25451.42455608704,48311.5117727666,50068.74091966539,48305.806878223906,1.0064412238325282,0.0,68.52,38.000598429951694,40.246,0.5,87,onoff,0.95,1580.7830732037105,4.0,22.96793556213379,cliffserve,0
10000,0.0148,176.98679195287414,25128.06286079743,47987.851966515074,49745.36907352357,47982.12108000804,1.01276078590237,0.0,68.52,35.38889538181081,37.511,0.5,87,onoff,0.95,1580.7830732037105,8.0,45.93587112426758,dense,0
10000,0.0148,176.98679195287414,25128.06286079743,47987.851966515074,49745.36907352357,47982.12108000804,1.01276078590237,0.0,68.52,35.94080281547499,38.763,0.5,87,onoff,0.95,1580.7830732037105,8.0,45.93587112426758,static_pomt,0
10000,0.0148,176.98679195287414,25128.06286079743,47987.851966515074,49745.36907352357,47982.12108000804,1.01276078590237,0.0,68.52,37.033848794814666,39.083,0.5,87,onoff,0.95,1580.7830732037105,8.0,45.93587112426758,decoupled,0
10000,0.0148,176.98679195287414,25128.06286079743,47987.851966515074,49745.36907352357,47982.12108000804,1.01276078590237,0.0,68.52,39.3611769293093,41.2715,0.5,87,onoff,0.95,1580.7830732037105,8.0,45.93587112426758,joint_full,0
10000,0.0148,176.98679195287414,25128.06286079743,47987.851966515074,49745.36907352357,47982.12108000804,1.01276078590237,0.0,68.52,38.20912527850922,39.64815000000001,0.5,87,onoff,0.95,1580.7830732037105,8.0,45.93587112426758,cliffserve,0
10000,0.0946,190.0241394886843,21251.367801474968,44111.773876611136,45868.389228286695,44106.05404285564,1.0950503723171265,0.0,68.52,35.003781756460796,37.31,0.5,87,onoff,0.95,1580.7830732037105,12.0,68.90380668640137,dense,0
10000,0.0946,190.0241394886843,21251.367801474968,44111.773876611136,45868.389228286695,44106.05404285564,1.0950503723171265,0.0,68.52,36.75744787560228,39.018049999999995,0.5,87,onoff,0.95,1580.7830732037105,12.0,68.90380668640137,static_pomt,0
10000,0.0946,190.0241394886843,21251.367801474968,44111.773876611136,45868.389228286695,44106.05404285564,1.0950503723171265,0.0,68.52,37.10425361366623,39.465,0.5,87,onoff,0.95,1580.7830732037105,12.0,68.90380668640137,decoupled,0
10000,0.0946,190.0241394886843,21251.367801474968,44111.773876611136,45868.389228286695,44106.05404285564,1.0950503723171265,0.0,68.52,38.723252956636,40.975549999999956,0.5,87,onoff,0.95,1580.7830732037105,12.0,68.90380668640137,joint_full,0
10000,0.0946,190.0241394886843,21251.367801474968,44111.773876611136,45868.389228286695,44106.05404285564,1.0950503723171265,0.0,68.52,38.116572601839685,40.300499999999985,0.5,87,onoff,0.95,1580.7830732037105,12.0,68.90380668640137,cliffserve,0
10000,0.0002,174.94581965541278,25666.420285321823,48942.79726027825,50893.35851874374,48937.09573716499,1.000100010001,0.0,68.52,35.54650495049505,37.56,0.5,87,onoff,1.1,1830.380400551665,2.0,11.483967781066895,dense,0
10000,0.0002,174.94581965541278,25666.420285321823,48942.79726027825,50893.35851874374,48937.09573716499,1.000100010001,0.0,68.52,36.58308270827083,38.793,0.5,87,onoff,1.1,1830.380400551665,2.0,11.483967781066895,static_pomt,0
10000,0.0002,174.94581965541278,25666.420285321823,48942.79726027825,50893.35851874374,48937.09573716499,1.000100010001,0.0,68.52,37.07742794279428,39.184,0.5,87,onoff,1.1,1830.380400551665,2.0,11.483967781066895,decoupled,0
10000,0.0002,174.94581965541278,25666.420285321823,48942.79726027825,50893.35851874374,48937.09573716499,1.000100010001,0.0,68.52,39.14996839683968,41.0471,0.5,87,onoff,1.1,1830.380400551665,2.0,11.483967781066895,joint_full,0
10000,0.0002,174.94581965541278,25666.420285321823,48942.79726027825,50893.35851874374,48937.09573716499,1.000100010001,0.0,68.52,38.118300430043,40.155,0.5,87,onoff,1.1,1830.380400551665,2.0,11.483967781066895,cliffserve,0
10000,0.0026,175.30709401565505,25549.047229863754,48825.412514346615,50775.97492277645,48819.70223278381,1.0023053021950485,0.0,68.52,34.93819775483612,37.49,0.5,87,onoff,1.1,1830.380400551665,4.0,22.96793556213379,dense,0
10000,0.0026,175.30709401565505,25549.047229863754,48825.412514346615,50775.97492277645,48819.70223278381,1.0023053021950485,0.0,68.52,36.74731322040693,38.77479999999999,0.5,87,onoff,1.1,1830.380400551665,4.0,22.96793556213379,static_pomt,0
10000,0.0026,175.30709401565505,25549.047229863754,48825.412514346615,50775.97492277645,48819.70223278381,1.0023053021950485,0.0,68.52,37.22978530620426,39.214,0.5,87,onoff,1.1,1830.380400551665,4.0,22.96793556213379,decoupled,0
10000,0.0026,175.30709401565505,25549.047229863754,48825.412514346615,50775.97492277645,48819.70223278381,1.0023053021950485,0.0,68.52,39.03622992883633,40.868999999999986,0.5,87,onoff,1.1,1830.380400551665,4.0,22.96793556213379,joint_full,0
10000,0.0026,175.30709401565505,25549.047229863754,48825.412514346615,50775.97492277645,48819.70223278381,1.0023053021950485,0.0,68.52,38.1806258394307,39.955,0.5,87,onoff,1.1,1830.380400551665,4.0,22.96793556213379,cliffserve,0
10000,0.0155,177.08572987461199,24976.2157283365,48252.374182937696,50203.15313848953,48246.67775571163,1.0131712259371835,0.0,68.52,34.761433535967576,36.73955,0.5,87,onoff,1.1,1830.380400551665,8.0,45.93587112426758,dense,0
10000,0.0155,177.08572987461199,24976.2157283365,48252.374182937696,50203.15313848953,48246.67775571163,1.0131712259371835,0.0,68.52,36.69914184397163,38.673,0.5,87,onoff,1.1,1830.380400551665,8.0,45.93587112426758,static_pomt,0
10000,0.0155,177.08572987461199,24976.2157283365,48252.374182937696,50203.15313848953,48246.67775571163,1.0131712259371835,0.0,68.52,36.66112755825734,38.673,0.5,87,onoff,1.1,1830.380400551665,8.0,45.93587112426758,decoupled,0
10000,0.0155,177.08572987461199,24976.2157283365,48252.374182937696,50203.15313848953,48246.67775571163,1.0131712259371835,0.0,68.52,38.79171013171226,40.47194999999999,0.5,87,onoff,1.1,1830.380400551665,8.0,45.93587112426758,joint_full,0
10000,0.0155,177.08572987461199,24976.2157283365,48252.374182937696,50203.15313848953,48246.67775571163,1.0131712259371835,0.0,68.52,38.043549341438705,40.115,0.5,87,onoff,1.1,1830.380400551665,8.0,45.93587112426758,cliffserve,0
10000,0.0423,181.2960298922862,23664.96111369775,46940.85725076068,48891.825237803794,46935.11066539157,1.0395010395010396,0.0,68.52,35.23545634095634,37.551449999999996,0.5,87,onoff,1.1,1830.380400551665,12.0,68.90380668640137,dense,0
10000,0.0423,181.2960298922862,23664.96111369775,46940.85725076068,48891.825237803794,46935.11066539157,1.0395010395010396,0.0,68.52,36.57287390852391,39.07305,0.5,87,onoff,1.1,1830.380400551665,12.0,68.90380668640137,static_pomt,0
10000,0.0423,181.2960298922862,23664.96111369775,46940.85725076068,48891.825237803794,46935.11066539157,1.0395010395010396,0.0,68.52,37.145459043659045,39.34405,0.5,87,onoff,1.1,1830.380400551665,12.0,68.90380668640137,decoupled,0
10000,0.0423,181.2960298922862,23664.96111369775,46940.85725076068,48891.825237803794,46935.11066539157,1.0395010395010396,0.0,68.52,38.837231288981286,40.74799999999998,0.5,87,onoff,1.1,1830.380400551665,12.0,68.90380668640137,joint_full,0
10000,0.0423,181.2960298922862,23664.96111369775,46940.85725076068,48891.825237803794,46935.11066539157,1.0395010395010396,0.0,68.52,38.189316008316005,39.94644999999999,0.5,87,onoff,1.1,1830.380400551665,12.0,68.90380668640137,cliffserve,0
10000,0.0007,174.9987676219108,18309.67968103211,35131.05176170131,36670.92286061927,35125.35451047679,1.0004001600640255,0.0,68.52,35.114107843137255,37.26325,0.5,88,poisson,0.3,499.1946546959086,2.0,11.483967781066895,dense,0
10000,0.0007,174.9987676219108,18309.67968103211,35131.05176170131,36670.92286061927,35125.35451047679,1.0004001600640255,0.0,68.52,36.8530612244898,38.89325,0.5,88,poisson,0.3,499.1946546959086,2.0,11.483967781066895,static_pomt,0
10000,0.0007,174.9987676219108,18309.67968103211,35131.05176170131,36670.92286061927,35125.35451047679,1.0004001600640255,0.0,68.52,37.2687843137255,39.5875,0.5,88,poisson,0.3,499.1946546959086,2.0,11.483967781066895,decoupled,0
10000,0.0007,174.9987676219108,18309.67968103211,35131.05176170131,36670.92286061927,35125.35451047679,1.0004001600640255,0.0,68.52,39.02649419767907,40.558749999999996,0.5,88,poisson,0.3,499.1946546959086,2.0,11.483967781066895,joint_full,0
10000,0.0007,174.9987676219108,18309.67968103211,35131.05176170131,36670.92286061927,35125.35451047679,1.0004001600640255,0.0,68.52,38.19710534213686,39.479,0.5,88,poisson,0.3,499.1946546959086,2.0,11.483967781066895,cliffserve,0
10000,1.0,497.00847353436683,9.740733398921293,13.903002555388321,15.498855480462845,8.07235142138743,2.8851702250432774,0.0,68.52,8.727024812463934,9.999,0.5,88,poisson,0.3,499.1946546959086,4.0,22.96793556213379,dense,0
10000,1.0,497.00847353436683,9.740733398921293,13.903002555388321,15.498855480462845,8.07235142138743,2.8851702250432774,0.0,68.52,9.226835833814196,10.58,0.5,88,poisson,0.3,499.1946546959086,4.0,22.96793556213379,static_pomt,0
10000,1.0,497.00847353436683,9.740733398921293,13.903002555388321,15.498855480462845,8.07235142138743,2.8851702250432774,0.0,68.52,10.92648961338719,12.251249999999999,0.5,88,poisson,0.3,499.1946546959086,4.0,22.96793556213379,decoupled,0
10000,1.0,497.00847353436683,9.740733398921293,13.903002555388321,15.498855480462845,8.07235142138743,2.8851702250432774,0.0,68.52,10.394066070398154,12.19275,0.5,88,poisson,0.3,499.1946546959086,4.0,22.96793556213379,joint_full,0
10000,1.0,497.00847353436683,9.740733398921293,13.903002555388321,15.498855480462845,8.07235142138743,2.8851702250432774,0.0,68.52,9.329396710905943,10.931,0.5,88,poisson,0.3,499.1946546959086,4.0,22.96793556213379,cliffserve,0
10000,1.0,497.00847353436683,9.740733398921293,13.903002555388321,15.498855480462845,8.07235142138743,2.8851702250432774,0.0,68.52,8.838533756491634,10.109,0.5,88,poisson,0.3,499.1946546959086,8.0,45.93587112426758,dense,0
10000,1.0,497.00847353436683,9.740733398921293,13.903002555388321,15.498855480462845,8.07235142138743,2.8851702250432774,0.0,68.52,9.24005654933641,10.56,0.5,88,poisson,0.3,499.1946546959086,8.0,45.93587112426758,static_pomt,0
10000,1.0,497.00847353436683,9.740733398921293,13.903002555388321,15.498855480462845,8.07235142138743,2.8851702250432774,0.0,68.52,10.928697345643394,12.27075,0.5,88,poisson,0.3,499.1946546959086,8.0,45.93587112426758,decoupled,0
10000,1.0,497.00847353436683,9.740733398921293,13.903002555388321,15.498855480462845,8.07235142138743,2.8851702250432774,0.0,68.52,10.406844777841892,12.213,0.5,88,poisson,0.3,499.1946546959086,8.0,45.93587112426758,joint_full,0
10000,1.0,497.00847353436683,9.740733398921293,13.903002555388321,15.498855480462845,8.07235142138743,2.8851702250432774,0.0,68.52,9.329944027697634,10.97775,0.5,88,poisson,0.3,499.1946546959086,8.0,45.93587112426758,cliffserve,0
10000,1.0,497.00847353436683,9.740733398921293,13.903002555388321,15.498855480462845,8.07235142138743,2.8851702250432774,0.0,68.52,8.85451500288517,10.146749999999999,0.5,88,poisson,0.3,499.1946546959086,12.0,68.90380668640137,dense,0
10000,1.0,497.00847353436683,9.740733398921293,13.903002555388321,15.498855480462845,8.07235142138743,2.8851702250432774,0.0,68.52,9.29193796884016,10.649750000000001,0.5,88,poisson,0.3,499.1946546959086,12.0,68.90380668640137,static_pomt,0
10000,1.0,497.00847353436683,9.740733398921293,13.903002555388321,15.498855480462845,8.07235142138743,2.8851702250432774,0.0,68.52,11.024946624350838,12.333,0.5,88,poisson,0.3,499.1946546959086,12.0,68.90380668640137,decoupled,0
10000,1.0,497.00847353436683,9.740733398921293,13.903002555388321,15.498855480462845,8.07235142138743,2.8851702250432774,0.0,68.52,10.461545297172533,12.263,0.5,88,poisson,0.3,499.1946546959086,12.0,68.90380668640137,joint_full,0
10000,1.0,497.00847353436683,9.740733398921293,13.903002555388321,15.498855480462845,8.07235142138743,2.8851702250432774,0.0,68.52,9.357556837853434,10.981,0.5,88,poisson,0.3,499.1946546959086,12.0,68.90380668640137,cliffserve,0
10000,0.0009,175.04646998399463,23421.38435576817,44692.74575357566,46605.7127108892,44687.036771060324,1.0007004903432404,0.0,68.52,35.260146002201544,37.4146,0.5,88,poisson,0.6,998.3893093918172,2.0,11.483967781066895,dense,0
10000,0.0009,175.04646998399463,23421.38435576817,44692.74575357566,46605.7127108892,44687.036771060324,1.0007004903432404,0.0,68.52,36.76816751726208,38.7124,0.5,88,poisson,0.6,998.3893093918172,2.0,11.483967781066895,static_pomt,0
10000,0.0009,175.04646998399463,23421.38435576817,44692.74575357566,46605.7127108892,44687.036771060324,1.0007004903432404,0.0,68.52,37.205983688582016,39.238,0.5,88,poisson,0.6,998.3893093918172,2.0,11.483967781066895,decoupled,0
10000,0.0009,175.04646998399463,23421.38435576817,44692.74575357566,46605.7127108892,44687.036771060324,1.0007004903432404,0.0,68.52,39.14401290903633,41.077,0.5,88,poisson,0.6,998.3893093918172,2.0,11.483967781066895,joint_full,0
10000,0.0009,175.04646998399463,23421.38435576817,44692.74575357566,46605.7127108892,44687.036771060324,1.0007004903432404,0.0,68.52,38.484460822575805,40.129599999999996,0.5,88,poisson,0.6,998.3893093918172,2.0,11.483967781066895,cliffserve,0
10000,0.1973,208.38134867500136,14282.816091315552,35553.80383900135,37467.15855613392,35548.10831905335,1.1971746677840296,0.0,68.52,33.80527008260505,37.16,0.5,88,poisson,0.6,998.3893093918172,4.0,22.96793556213379,dense,0
10000,0.1973,208.38134867500136,14282.816091315552,35553.80383900135,37467.15855613392,35548.10831905335,1.1971746677840296,0.0,68.52,34.94380713516102,38.50999999999999,0.5,88,poisson,0.6,998.3893093918172,4.0,22.96793556213379,static_pomt,0
10000,0.1973,208.38134867500136,14282.816091315552,35553.80383900135,37467.15855613392,35548.10831905335,1.1971746677840296,0.0,68.52,36.169835747635574,39.003,0.5,88,poisson,0.6,998.3893093918172,4.0,22.96793556213379,decoupled,0
10000,0.1973,208.38134867500136,14282.816091315552,35553.80383900135,37467.15855613392,35548.10831905335,1.1971746677840296,0.0,68.52,38.10296420447742,40.5764,0.5,88,poisson,0.6,998.3893093918172,4.0,22.96793556213379,joint_full,0
10000,0.1973,208.38134867500136,14282.816091315552,35553.80383900135,37467.15855613392,35548.10831905335,1.1971746677840296,0.0,68.52,37.0514684544475,39.4886,0.5,88,poisson,0.6,998.3893093918172,4.0,22.96793556213379,cliffserve,0
10000,1.0,993.6635769032465,12.568261615695064,20.36619204563342,25.325645668066493,10.886430513288536,6.788866259334691,0.0,68.52,11.016449422946367,14.330999999999998,0.5,88,poisson,0.6,998.3893093918172,8.0,45.93587112426758,dense,0
10000,1.0,993.6635769032465,12.568261615695064,20.36619204563342,25.325645668066493,10.886430513288536,6.788866259334691,0.0,68.52,11.703317040054312,15.152399999999998,0.5,88,poisson,0.6,998.3893093918172,8.0,45.93587112426758,static_pomt,0
10000,1.0,993.6635769032465,12.568261615695064,20.36619204563342,25.325645668066493,10.886430513288536,6.788866259334691,0.0,68.52,13.350154786150712,17.390599999999996,0.5,88,poisson,0.6,998.3893093918172,8.0,45.93587112426758,decoupled,0
10000,1.0,993.6635769032465,12.568261615695064,20.36619204563342,25.325645668066493,10.886430513288536,6.788866259334691,0.0,68.52,13.59447589952478,17.487,0.5,88,poisson,0.6,998.3893093918172,8.0,45.93587112426758,joint_full,0
10000,1.0,993.6635769032465,12.568261615695064,20.36619204563342,25.325645668066493,10.886430513288536,6.788866259334691,0.0,68.52,12.053357094365241,15.546999999999997,0.5,88,poisson,0.6,998.3893093918172,8.0,45.93587112426758,cliffserve,0
10000,1.0,993.6635769032465,12.568261615695064,20.36619204563342,25.325645668066493,10.886430513288536,6.788866259334691,0.0,68.52,11.112226069246436,14.475399999999997,0.5,88,poisson,0.6,998.3893093918172,12.0,68.90380668640137,dense,0
10000,1.0,993.6635769032465,12.568261615695064,20.36619204563342,25.325645668066493,10.886430513288536,6.788866259334691,0.0,68.52,11.521682281059062,14.793999999999995,0.5,88,poisson,0.6,998.3893093918172,12.0,68.90380668640137,static_pomt,0
10000,1.0,993.6635769032465,12.568261615695064,20.36619204563342,25.325645668066493,10.886430513288536,6.788866259334691,0.0,68.52,13.432799728445351,17.610999999999997,0.5,88,poisson,0.6,998.3893093918172,12.0,68.90380668640137,decoupled,0
10000,1.0,993.6635769032465,12.568261615695064,20.36619204563342,25.325645668066493,10.886430513288536,6.788866259334691,0.0,68.52,13.712919212491515,17.803,0.5,88,poisson,0.6,998.3893093918172,12.0,68.90380668640137,joint_full,0
10000,1.0,993.6635769032465,12.568261615695064,20.36619204563342,25.325645668066493,10.886430513288536,6.788866259334691,0.0,68.52,12.103894093686355,15.554999999999994,0.5,88,poisson,0.6,998.3893093918172,12.0,68.90380668640137,cliffserve,0
10000,0.0005,174.98096455395407,24724.63800494717,47108.42955468392,49114.64582938076,47102.70295809006,1.000300090027008,0.0,68.52,35.45227588276483,37.12,0.5,88,poisson,0.8,1331.1857458557563,2.0,11.483967781066895,dense,0
10000,0.0005,174.98096455395407,24724.63800494717,47108.42955468392,49114.64582938076,47102.70295809006,1.000300090027008,0.0,68.52,36.993040612183655,39.063,0.5,88,poisson,0.8,1331.1857458557563,2.0,11.483967781066895,static_pomt,0
10000,0.0005,174.98096455395407,24724.63800494717,47108.42955468392,49114.64582938076,47102.70295809006,1.000300090027008,0.0,68.52,36.866769930979295,38.983,0.5,88,poisson,0.8,1331.1857458557563,2.0,11.483967781066895,decoupled,0
10000,0.0005,174.98096455395407,24724.63800494717,47108.42955468392,49114.64582938076,47102.70295809006,1.000300090027008,0.0,68.52,39.11236620986296,40.646,0.5,88,poisson,0.8,1331.1857458557563,2.0,11.483967781066895,joint_full,0
10000,0.0005,174.98096455395407,24724.63800494717,47108.42955468392,49114.64582938076,47102.70295809006,1.000300090027008,0.0,68.52,38.13099699909973,39.444,0.5,88,poisson,0.8,1331.1857458557563,2.0,11.483967781066895,cliffserve,0
10000,0.0045,175.57442213193605,24531.49522202061,46915.30016310906,48921.5043685043,46909.60156620239,1.003814495081309,0.0,68.52,35.21412848825537,37.07,0.5,88,poisson,0.8,1331.1857458557563,4.0,22.96793556213379,dense,0
10000,0.0045,175.57442213193605,24531.49522202061,46915.30016310906,48921.5043685043,46909.60156620239,1.003814495081309,0.0,68.52,36.75036468580607,38.70295,0.5,88,poisson,0.8,1331.1857458557563,4.0,22.96793556213379,static_pomt,0
10000,0.0045,175.57442213193605,24531.49522202061,46915.30016310906,48921.5043685043,46909.60156620239,1.003814495081309,0.0,68.52,36.95792601887171,38.91249999999999,0.5,88,poisson,0.8,1331.1857458557563,4.0,22.96793556213379,decoupled,0
10000,0.0045,175.57442213193605,24531.49522202061,46915.30016310906,48921.5043685043,46909.60156620239,1.003814495081309,0.0,68.52,39.074462658100785,40.68504999999998,0.5,88,poisson,0.8,1331.1857458557563,4.0,22.96793556213379,joint_full,0
10000,0.0045,175.57442213193605,24531.49522202061,46915.30016310906,48921.5043685043,46909.60156620239,1.003814495081309,0.0,68.52,38.213637020678576,40.005,0.5,88,poisson,0.8,1331.1857458557563,4.0,22.96793556213379,cliffserve,0
10000,1.0,1321.8009098214573,23.41616550070671,34.74006110413065,40.08435573001331,17.788621990057827,16.920473773265652,0.0,68.52,15.17198138747885,22.0415,0.5,88,poisson,0.8,1331.1857458557563,8.0,45.93587112426758,dense,0
10000,1.0,1321.8009098214573,23.41616550070671,34.74006110413065,40.08435573001331,17.788621990057827,16.920473773265652,0.0,68.52,16.114820642978003,23.605,0.5,88,poisson,0.8,1331.1857458557563,8.0,45.93587112426758,static_pomt,0
10000,1.0,1321.8009098214573,23.41616550070671,34.74006110413065,40.08435573001331,17.788621990057827,16.920473773265652,0.0,68.52,18.729808798646363,27.081,0.5,88,poisson,0.8,1331.1857458557563,8.0,45.93587112426758,decoupled,0
10000,1.0,1321.8009098214573,23.41616550070671,34.74006110413065,40.08435573001331,17.788621990057827,16.920473773265652,0.0,68.52,18.74891201353638,27.0605,0.5,88,poisson,0.8,1331.1857458557563,8.0,45.93587112426758,joint_full,0
10000,1.0,1321.8009098214573,23.41616550070671,34.74006110413065,40.08435573001331,17.788621990057827,16.920473773265652,0.0,68.52,16.567612521150593,23.765,0.5,88,poisson,0.8,1331.1857458557563,8.0,45.93587112426758,cliffserve,0
10000,1.0,1321.9368222299977,23.350731043361918,34.60377908786704,39.84492605828523,17.640237173430613,16.89189189189189,0.0,68.52,15.080719594594594,21.818999999999996,0.5,88,poisson,0.8,1331.1857458557563,12.0,68.90380668640137,dense,0
10000,1.0,1321.9368222299977,23.350731043361918,34.60377908786704,39.84492605828523,17.640237173430613,16.89189189189189,0.0,68.52,15.924699324324322,23.36699999999999,0.5,88,poisson,0.8,1331.1857458557563,12.0,68.90380668640137,static_pomt,0
10000,1.0,1321.9368222299977,23.350731043361918,34.60377908786704,39.84492605828523,17.640237173430613,16.89189189189189,0.0,68.52,18.424743243243245,26.898999999999997,0.5,88,poisson,0.8,1331.1857458557563,12.0,68.90380668640137,decoupled,0
10000,1.0,1321.9368222299977,23.350731043361918,34.60377908786704,39.84492605828523,17.640237173430613,16.89189189189189,0.0,68.52,18.50903885135135,26.809949999999994,0.5,88,poisson,0.8,1331.1857458557563,12.0,68.90380668640137,joint_full,0
10000,1.0,1321.9368222299977,23.350731043361918,34.60377908786704,39.84492605828523,17.640237173430613,16.89189189189189,0.0,68.52,16.558082770270268,24.374999999999996,0.5,88,poisson,0.8,1331.1857458557563,12.0,68.90380668640137,cliffserve,0
10000,0.0005,174.98096455395404,25331.820583835794,48242.57596443781,50292.97304785124,48236.849367843955,1.000300090027008,0.0,68.52,35.483389316795034,37.381,0.5,88,poisson,0.95,1580.7830732037105,2.0,11.483967781066895,dense,0
10000,0.0005,174.98096455395404,25331.820583835794,48242.57596443781,50292.97304785124,48236.849367843955,1.000300090027008,0.0,68.52,37.16169060718215,39.174,0.5,88,poisson,0.95,1580.7830732037105,2.0,11.483967781066895,static_pomt,0
10000,0.0005,174.98096455395404,25331.820583835794,48242.57596443781,50292.97304785124,48236.849367843955,1.000300090027008,0.0,68.52,37.25974972491748,39.1532,0.5,88,poisson,0.95,1580.7830732037105,2.0,11.483967781066895,decoupled,0
10000,0.0005,174.98096455395404,25331.820583835794,48242.57596443781,50292.97304785124,48236.849367843955,1.000300090027008,0.0,68.52,39.39758247474242,41.319999999999986,0.5,88,poisson,0.95,1580.7830732037105,2.0,11.483967781066895,joint_full,0
10000,0.0005,174.98096455395404,25331.820583835794,48242.57596443781,50292.97304785124,48236.849367843955,1.000300090027008,0.0,68.52,38.54210623186956,40.697,0.5,88,poisson,0.95,1580.7830732037105,2.0,11.483967781066895,cliffserve,0
10000,0.0037,175.46044794104722,25175.75280882473,48086.46250074991,50136.87586648814,48080.75120643267,1.0032102728731942,0.0,68.52,34.5355724317817,36.639,0.5,88,poisson,0.95,1580.7830732037105,4.0,22.96793556213379,dense,0
10000,0.0037,175.46044794104722,25175.75280882473,48086.46250074991,50136.87586648814,48080.75120643267,1.0032102728731942,0.0,68.52,36.93653922552167,38.90365,0.5,88,poisson,0.95,1580.7830732037105,4.0,22.96793556213379,static_pomt,0
10000,0.0037,175.46044794104722,25175.75280882473,48086.46250074991,50136.87586648814,48080.75120643267,1.0032102728731942,0.0,68.52,37.31347120786517,39.32465,0.5,88,poisson,0.95,1580.7830732037105,4.0,22.96793556213379,decoupled,0
10000,0.0037,175.46044794104722,25175.75280882473,48086.46250074991,50136.87586648814,48080.75120643267,1.0032102728731942,0.0,68.52,38.9001261035313,41.063849999999995,0.5,88,poisson,0.95,1580.7830732037105,4.0,22.96793556213379,joint_full,0
10000,0.0037,175.46044794104722,25175.75280882473,48086.46250074991,50136.87586648814,48080.75120643267,1.0032102728731942,0.0,68.52,38.23065429373997,39.844,0.5,88,poisson,0.95,1580.7830732037105,4.0,22.96793556213379,cliffserve,0
10000,0.2277,218.82507317160642,13881.810329929544,36792.19426630625,38842.586708825744,36786.484810410824,1.2795905310300704,0.0,68.52,35.260872296864996,37.49369999999999,0.5,88,poisson,0.95,1580.7830732037105,8.0,45.93587112426758,dense,0
10000,0.2277,218.82507317160642,13881.810329929544,36792.19426630625,38842.586708825744,36786.484810410824,1.2795905310300704,0.0,68.52,36.68511388355726,38.8133,0.5,88,poisson,0.95,1580.7830732037105,8.0,45.93587112426758,static_pomt,0
10000,0.2277,218.82507317160642,13881.810329929544,36792.19426630625,38842.586708825744,36786.484810410824,1.2795905310300704,0.0,68.52,37.01948790786948,39.1533,0.5,88,poisson,0.95,1580.7830732037105,8.0,45.93587112426758,decoupled,0
10000,0.2277,218.82507317160642,13881.810329929544,36792.19426630625,38842.586708825744,36786.484810410824,1.2795905310300704,0.0,68.52,38.89873128598848,40.807,0.5,88,poisson,0.95,1580.7830732037105,8.0,45.93587112426758,joint_full,0
10000,0.2277,218.82507317160642,13881.810329929544,36792.19426630625,38842.586708825744,36786.484810410824,1.2795905310300704,0.0,68.52,38.14701996161229,39.793999999999976,0.5,88,poisson,0.95,1580.7830732037105,8.0,45.93587112426758,cliffserve,0
10000,0.4309,282.6588860072583,3559.4051590120325,26471.475483833638,28522.38160320632,26465.759178363172,1.7123287671232876,0.0,68.52,34.31643219178083,37.090450000000004,0.5,88,poisson,0.95,1580.7830732037105,12.0,68.90380668640137,dense,0
10000,0.4309,282.6588860072583,3559.4051590120325,26471.475483833638,28522.38160320632,26465.759178363172,1.7123287671232876,0.0,68.52,36.59036780821918,39.023,0.5,88,poisson,0.95,1580.7830732037105,12.0,68.90380668640137,static_pomt,0
10000,0.4309,282.6588860072583,3559.4051590120325,26471.475483833638,28522.38160320632,26465.759178363172,1.7123287671232876,0.0,68.52,36.80151729452055,39.154,0.5,88,poisson,0.95,1580.7830732037105,12.0,68.90380668640137,decoupled,0
10000,0.4309,282.6588860072583,3559.4051590120325,26471.475483833638,28522.38160320632,26465.759178363172,1.7123287671232876,0.0,68.52,38.68195205479452,40.9975,0.5,88,poisson,0.95,1580.7830732037105,12.0,68.90380668640137,joint_full,0
10000,0.4309,282.6588860072583,3559.4051590120325,26471.475483833638,28522.38160320632,26465.759178363172,1.7123287671232876,0.0,68.52,37.89423082191781,39.63545,0.5,88,poisson,0.95,1580.7830732037105,12.0,68.90380668640137,cliffserve,0
10000,0.0005,174.98096455395404,25773.4079139366,49067.409716986156,51149.93829764802,49061.6831203923,1.000300090027008,0.0,68.52,35.509188656596976,37.511,0.5,88,poisson,1.1,1830.380400551665,2.0,11.483967781066895,dense,0
10000,0.0005,174.98096455395404,25773.4079139366,49067.409716986156,51149.93829764802,49061.6831203923,1.000300090027008,0.0,68.52,36.929057217165145,38.783,0.5,88,poisson,1.1,1830.380400551665,2.0,11.483967781066895,static_pomt,0
10000,0.0005,174.98096455395404,25773.4079139366,49067.409716986156,51149.93829764802,49061.6831203923,1.000300090027008,0.0,68.52,37.22417725317595,38.88499999999999,0.5,88,poisson,1.1,1830.380400551665,2.0,11.483967781066895,decoupled,0
10000,0.0005,174.98096455395404,25773.4079139366,49067.409716986156,51149.93829764802,49061.6831203923,1.000300090027008,0.0,68.52,39.263831949584876,40.737,0.5,88,poisson,1.1,1830.380400551665,2.0,11.483967781066895,joint_full,0
10000,0.0005,174.98096455395404,25773.4079139366,49067.409716986156,51149.93829764802,49061.6831203923,1.000300090027008,0.0,68.52,38.28036510953285,39.745,0.5,88,poisson,1.1,1830.380400551665,2.0,11.483967781066895,cliffserve,0
10000,0.0033,175.4071093650865,25634.586554779038,48928.6131397948,51011.11426741559,48922.83604845855,1.0029084344599337,0.0,68.52,34.866392738942935,36.443,0.5,88,poisson,1.1,1830.380400551665,4.0,22.96793556213379,dense,0
10000,0.0033,175.4071093650865,25634.586554779038,48928.6131397948,51011.11426741559,48922.83604845855,1.0029084344599337,0.0,68.52,36.63892939524621,38.572,0.5,88,poisson,1.1,1830.380400551665,4.0,22.96793556213379,static_pomt,0
10000,0.0033,175.4071093650865,25634.586554779038,48928.6131397948,51011.11426741559,48922.83604845855,1.0029084344599337,0.0,68.52,37.06705856985257,38.788,0.5,88,poisson,1.1,1830.380400551665,4.0,22.96793556213379,decoupled,0
10000,0.0033,175.4071093650865,25634.586554779038,48928.6131397948,51011.11426741559,48922.83604845855,1.0029084344599337,0.0,68.52,39.057421522415005,40.346,0.5,88,poisson,1.1,1830.380400551665,4.0,22.96793556213379,joint_full,0
10000,0.0033,175.4071093650865,25634.586554779038,48928.6131397948,51011.11426741559,48922.83604845855,1.0029084344599337,0.0,68.52,38.24120529535653,39.5595,0.5,88,poisson,1.1,1830.380400551665,4.0,22.96793556213379,cliffserve,0
10000,0.0209,178.1889253400538,24744.3183050289,48038.53005430553,50120.9629684015,48032.81918876025,1.0203040506070808,0.0,68.52,35.32453086419753,37.21,0.5,88,poisson,1.1,1830.380400551665,8.0,45.93587112426758,dense,0
10000,0.0209,178.1889253400538,24744.3183050289,48038.53005430553,50120.9629684015,48032.81918876025,1.0203040506070808,0.0,68.52,36.669047852259965,38.523,0.5,88,poisson,1.1,1830.380400551665,8.0,45.93587112426758,static_pomt,0
10000,0.0209,178.1889253400538,24744.3183050289,48038.53005430553,50120.9629684015,48032.81918876025,1.0203040506070808,0.0,68.52,36.84197061524335,38.473,0.5,88,poisson,1.1,1830.380400551665,8.0,45.93587112426758,decoupled,0
10000,0.0209,178.1889253400538,24744.3183050289,48038.53005430553,50120.9629684015,48032.81918876025,1.0203040506070808,0.0,68.52,39.248469339863284,41.027,0.5,88,poisson,1.1,1830.380400551665,8.0,45.93587112426758,joint_full,0
10000,0.0209,178.1889253400538,24744.3183050289,48038.53005430553,50120.9629684015,48032.81918876025,1.0203040506070808,0.0,68.52,38.440351290684625,39.915,0.5,88,poisson,1.1,1830.380400551665,8.0,45.93587112426758,cliffserve,0
10000,0.0913,190.32190622016935,21167.203484071717,44460.62053353641,46543.448440365384,44454.90271251056,1.0970927043335161,0.0,68.52,35.39212331321997,37.32,0.5,88,poisson,1.1,1830.380400551665,12.0,68.90380668640137,dense,0
10000,0.0913,190.32190622016935,21167.203484071717,44460.62053353641,46543.448440365384,44454.90271251056,1.0970927043335161,0.0,68.52,36.543283598464065,38.933,0.5,88,poisson,1.1,1830.380400551665,12.0,68.90380668640137,static_pomt,0
10000,0.0913,190.32190622016935,21167.203484071717,44460.62053353641,46543.448440365384,44454.90271251056,1.0970927043335161,0.0,68.52,37.07556719692815,38.925999999999995,0.5,88,poisson,1.1,1830.380400551665,12.0,68.90380668640137,decoupled,0
10000,0.0913,190.32190622016935,21167.203484071717,44460.62053353641,46543.448440365384,44454.90271251056,1.0970927043335161,0.0,68.52,39.14331278113001,40.76229999999998,0.5,88,poisson,1.1,1830.380400551665,12.0,68.90380668640137,joint_full,0
10000,0.0913,190.32190622016935,21167.203484071717,44460.62053353641,46543.448440365384,44454.90271251056,1.0970927043335161,0.0,68.52,38.3574612177729,39.86869999999999,0.5,88,poisson,1.1,1830.380400551665,12.0,68.90380668640137,cliffserve,0
10000,0.0002,174.94609706920585,19532.07303227069,36561.48445448424,38060.87682706841,36555.70685116793,1.000100010001,0.0,68.52,35.33589608960896,37.09,0.5,88,onoff,0.3,499.1946546959086,2.0,11.483967781066895,dense,0
10000,0.0002,174.94609706920585,19532.07303227069,36561.48445448424,38060.87682706841,36555.70685116793,1.000100010001,0.0,68.52,36.8830795079508,38.913,0.5,88,onoff,0.3,499.1946546959086,2.0,11.483967781066895,static_pomt,0
10000,0.0002,174.94609706920585,19532.07303227069,36561.48445448424,38060.87682706841,36555.70685116793,1.000100010001,0.0,68.52,36.566216521652166,38.813,0.5,88,onoff,0.3,499.1946546959086,2.0,11.483967781066895,decoupled,0
10000,0.0002,174.94609706920585,19532.07303227069,36561.48445448424,38060.87682706841,36555.70685116793,1.000100010001,0.0,68.52,39.00614461446145,40.316,0.5,88,onoff,0.3,499.1946546959086,2.0,11.483967781066895,joint_full,0
10000,0.0002,174.94609706920585,19532.07303227069,36561.48445448424,38060.87682706841,36555.70685116793,1.000100010001,0.0,68.52,38.31385108510852,39.856,0.5,88,onoff,0.3,499.1946546959086,2.0,11.483967781066895,cliffserve,0
10000,0.3937,238.47347411163187,4304.414136339405,21333.90896965048,22833.512094998394,21328.212564716552,1.4297969688304262,0.0,68.52,31.32620217329139,36.45564999999999,0.5,88,onoff,0.3,499.1946546959086,4.0,22.96793556213379,dense,0
10000,0.3937,238.47347411163187,4304.414136339405,21333.90896965048,22833.512094998394,21328.212564716552,1.4297969688304262,0.0,68.52,33.05760494709751,38.64235,0.5,88,onoff,0.3,499.1946546959086,4.0,22.96793556213379,static_pomt,0
10000,0.3937,238.47347411163187,4304.414136339405,21333.90896965048,22833.512094998394,21328.212564716552,1.4297969688304262,0.0,68.52,33.63778410065771,38.773,0.5,88,onoff,0.3,499.1946546959086,4.0,22.96793556213379,decoupled,0
10000,0.3937,238.47347411163187,4304.414136339405,21333.90896965048,22833.512094998394,21328.212564716552,1.4297969688304262,0.0,68.52,35.19866185301687,40.169149999999995,0.5,88,onoff,0.3,499.1946546959086,4.0,22.96793556213379,joint_full,0
10000,0.3937,238.47347411163187,4304.414136339405,21333.90896965048,22833.512094998394,21328.212564716552,1.4297969688304262,0.0,68.52,34.298455390334574,39.7185,0.5,88,onoff,0.3,499.1946546959086,4.0,22.96793556213379,cliffserve,0
10000,1.0,536.0248038921005,11.126099448005334,16.547787613299985,20.176488784385313,9.409082101103715,4.221190375685944,0.0,68.52,9.327360911777122,11.822,0.5,88,onoff,0.3,499.1946546959086,8.0,45.93587112426758,dense,0
10000,1.0,536.0248038921005,11.126099448005334,16.547787613299985,20.176488784385313,9.409082101103715,4.221190375685944,0.0,68.52,9.831311945968762,12.4694,0.5,88,onoff,0.3,499.1946546959086,8.0,45.93587112426758,static_pomt,0
10000,1.0,536.0248038921005,11.126099448005334,16.547787613299985,20.176488784385313,9.409082101103715,4.221190375685944,0.0,68.52,11.544086534402702,14.327,0.5,88,onoff,0.3,499.1946546959086,8.0,45.93587112426758,decoupled,0
10000,1.0,536.0248038921005,11.126099448005334,16.547787613299985,20.176488784385313,9.409082101103715,4.221190375685944,0.0,68.52,11.165371042634025,14.567,0.5,88,onoff,0.3,499.1946546959086,8.0,45.93587112426758,joint_full,0
10000,1.0,536.0248038921005,11.126099448005334,16.547787613299985,20.176488784385313,9.409082101103715,4.221190375685944,0.0,68.52,9.958955677501056,12.994,0.5,88,onoff,0.3,499.1946546959086,8.0,45.93587112426758,cliffserve,0
10000,1.0,536.0248038921005,11.126099448005334,16.547787613299985,20.176488784385313,9.409082101103715,4.221190375685944,0.0,68.52,9.375050654284507,11.832,0.5,88,onoff,0.3,499.1946546959086,12.0,68.90380668640137,dense,0
10000,1.0,536.0248038921005,11.126099448005334,16.547787613299985,20.176488784385313,9.409082101103715,4.221190375685944,0.0,68.52,9.803989024905022,12.4236,0.5,88,onoff,0.3,499.1946546959086,12.0,68.90380668640137,static_pomt,0
10000,1.0,536.0248038921005,11.126099448005334,16.547787613299985,20.176488784385313,9.409082101103715,4.221190375685944,0.0,68.52,11.63104178978472,14.377,0.5,88,onoff,0.3,499.1946546959086,12.0,68.90380668640137,decoupled,0
10000,1.0,536.0248038921005,11.126099448005334,16.547787613299985,20.176488784385313,9.409082101103715,4.221190375685944,0.0,68.52,11.08333136344449,14.537600000000001,0.5,88,onoff,0.3,499.1946546959086,12.0,68.90380668640137,joint_full,0
10000,1.0,536.0248038921005,11.126099448005334,16.547787613299985,20.176488784385313,9.409082101103715,4.221190375685944,0.0,68.52,9.933799915576191,12.975,0.5,88,onoff,0.3,499.1946546959086,12.0,68.90380668640137,cliffserve,0
10000,0.0004,174.98114395408197,23004.581316895797,44030.35633347181,46078.59829364455,44024.629736877956,1.000300090027008,0.0,68.52,35.420185555666706,37.231999999999985,0.5,88,onoff,0.6,998.3893093918172,2.0,11.483967781066895,dense,0
10000,0.0004,174.98114395408197,23004.581316895797,44030.35633347181,46078.59829364455,44024.629736877956,1.000300090027008,0.0,68.52,36.82517425227568,38.7522,0.5,88,onoff,0.6,998.3893093918172,2.0,11.483967781066895,static_pomt,0
10000,0.0004,174.98114395408197,23004.581316895797,44030.35633347181,46078.59829364455,44024.629736877956,1.000300090027008,0.0,68.52,37.00633980194058,38.762,0.5,88,onoff,0.6,998.3893093918172,2.0,11.483967781066895,decoupled,0
10000,0.0004,174.98114395408197,23004.581316895797,44030.35633347181,46078.59829364455,44024.629736877956,1.000300090027008,0.0,68.52,39.115122236671,40.857,0.5,88,onoff,0.6,998.3893093918172,2.0,11.483967781066895,joint_full,0
10000,0.0004,174.98114395408197,23004.581316895797,44030.35633347181,46078.59829364455,44024.629736877956,1.000300090027008,0.0,68.52,38.288318895668695,39.374,0.5,88,onoff,0.6,998.3893093918172,2.0,11.483967781066895,cliffserve,0
10000,0.004,175.5135372367276,22831.319798178985,43857.04175179151,45905.276311904556,43851.34493086485,1.0035122930255895,0.0,68.52,35.4343883592574,37.31,0.5,88,onoff,0.6,998.3893093918172,4.0,22.96793556213379,dense,0
10000,0.004,175.5135372367276,22831.319798178985,43857.04175179151,45905.276311904556,43851.34493086485,1.0035122930255895,0.0,68.52,36.83152052182639,38.903,0.5,88,onoff,0.6,998.3893093918172,4.0,22.96793556213379,static_pomt,0
10000,0.004,175.5135372367276,22831.319798178985,43857.04175179151,45905.276311904556,43851.34493086485,1.0035122930255895,0.0,68.52,37.146823381836434,38.954,0.5,88,onoff,0.6,998.3893093918172,4.0,22.96793556213379,decoupled,0
10000,0.004,175.5135372367276,22831.319798178985,43857.04175179151,45905.276311904556,43851.34493086485,1.0035122930255895,0.0,68.52,38.84665709984947,40.556,0.5,88,onoff,0.6,998.3893093918172,4.0,22.96793556213379,joint_full,0
10000,0.004,175.5135372367276,22831.319798178985,43857.04175179151,45905.276311904556,43851.34493086485,1.0035122930255895,0.0,68.52,37.90213798294029,39.314,0.5,88,onoff,0.6,998.3893093918172,4.0,22.96793556213379,cliffserve,0
10000,0.0854,185.9358681402022,19637.853358587978,40663.384147087054,42711.782981015254,40657.64276959034,1.073998496402105,0.0,68.52,35.19600408119429,37.626000000000005,0.5,88,onoff,0.6,998.3893093918172,8.0,45.93587112426758,dense,0
10000,0.0854,185.9358681402022,19637.853358587978,40663.384147087054,42711.782981015254,40657.64276959034,1.073998496402105,0.0,68.52,36.76611513263882,39.283,0.5,88,onoff,0.6,998.3893093918172,8.0,45.93587112426758,static_pomt,0
10000,0.0854,185.9358681402022,19637.853358587978,40663.384147087054,42711.782981015254,40657.64276959034,1.073998496402105,0.0,68.52,36.808591343572125,39.2385,0.5,88,onoff,0.6,998.3893093918172,8.0,45.93587112426758,decoupled,0
10000,0.0854,185.9358681402022,19637.853358587978,40663.384147087054,42711.782981015254,40657.64276959034,1.073998496402105,0.0,68.52,38.33990677693051,40.355,0.5,88,onoff,0.6,998.3893093918172,8.0,45.93587112426758,joint_full,0
10000,0.0854,185.9358681402022,19637.853358587978,40663.384147087054,42711.782981015254,40657.64276959034,1.073998496402105,0.0,68.52,37.62004832993233,39.9805,0.5,88,onoff,0.6,998.3893093918172,8.0,45.93587112426758,cliffserve,0
10000,0.831,521.0980309733014,34.28612614324629,6071.478259064607,8120.060811302207,6065.766963102274,3.837298541826554,0.0,68.52,26.4383668457406,36.709,0.5,88,onoff,0.6,998.3893093918172,12.0,68.90380668640137,dense,0
10000,0.831,521.0980309733014,34.28612614324629,6071.478259064607,8120.060811302207,6065.766963102274,3.837298541826554,0.0,68.52,27.524225633154263,38.202,0.5,88,onoff,0.6,998.3893093918172,12.0,68.90380668640137,static_pomt,0
10000,0.831,521.0980309733014,34.28612614324629,6071.478259064607,8120.060811302207,6065.766963102274,3.837298541826554,0.0,68.52,28.28634497313891,38.19175,0.5,88,onoff,0.6,998.3893093918172,12.0,68.90380668640137,decoupled,0
10000,0.831,521.0980309733014,34.28612614324629,6071.478259064607,8120.060811302207,6065.766963102274,3.837298541826554,0.0,68.52,29.34043399846508,39.56475,0.5,88,onoff,0.6,998.3893093918172,12.0,68.90380668640137,joint_full,0
10000,0.831,521.0980309733014,34.28612614324629,6071.478259064607,8120.060811302207,6065.766963102274,3.837298541826554,0.0,68.52,28.058174213353798,38.362,0.5,88,onoff,0.6,998.3893093918172,12.0,68.90380668640137,cliffserve,0
10000,0.0004,174.98114395408197,24474.34196030422,47675.2005300626,49756.07750535162,47669.47393346874,1.000300090027008,0.0,68.52,35.62269680904271,37.551,0.5,88,onoff,0.8,1331.1857458557563,2.0,11.483967781066895,dense,0
10000,0.0004,174.98114395408197,24474.34196030422,47675.2005300626,49756.07750535162,47669.47393346874,1.000300090027008,0.0,68.52,36.75029068720616,39.094,0.5,88,onoff,0.8,1331.1857458557563,2.0,11.483967781066895,static_pomt,0
10000,0.0004,174.98114395408197,24474.34196030422,47675.2005300626,49756.07750535162,47669.47393346874,1.000300090027008,0.0,68.52,37.380843853155945,39.4032,0.5,88,onoff,0.8,1331.1857458557563,2.0,11.483967781066895,decoupled,0
10000,0.0004,174.98114395408197,24474.34196030422,47675.2005300626,49756.07750535162,47669.47393346874,1.000300090027008,0.0,68.52,39.07646213864159,40.706,0.5,88,onoff,0.8,1331.1857458557563,2.0,11.483967781066895,joint_full,0
10000,0.0004,174.98114395408197,24474.34196030422,47675.2005300626,49756.07750535162,47669.47393346874,1.000300090027008,0.0,68.52,38.42276632989897,40.406,0.5,88,onoff,0.8,1331.1857458557563,2.0,11.483967781066895,cliffserve,0
10000,0.0028,175.34149701317494,24356.900104873617,47557.8078408107,49638.64521280439,47552.07834333031,1.0025062656641603,0.0,68.52,35.54342847117795,37.5903,0.5,88,onoff,0.8,1331.1857458557563,4.0,22.96793556213379,dense,0
10000,0.0028,175.34149701317494,24356.900104873617,47557.8078408107,49638.64521280439,47552.07834333031,1.0025062656641603,0.0,68.52,36.85673383458647,38.914,0.5,88,onoff,0.8,1331.1857458557563,4.0,22.96793556213379,static_pomt,0
10000,0.0028,175.34149701317494,24356.900104873617,47557.8078408107,49638.64521280439,47552.07834333031,1.0025062656641603,0.0,68.52,37.10462115288221,39.1633,0.5,88,onoff,0.8,1331.1857458557563,4.0,22.96793556213379,decoupled,0
10000,0.0028,175.34149701317494,24356.900104873617,47557.8078408107,49638.64521280439,47552.07834333031,1.0025062656641603,0.0,68.52,39.07001273182957,40.56969999999999,0.5,88,onoff,0.8,1331.1857458557563,4.0,22.96793556213379,joint_full,0
10000,0.0028,175.34149701317494,24356.900104873617,47557.8078408107,49638.64521280439,47552.07834333031,1.0025062656641603,0.0,68.52,38.31989273182957,39.554,0.5,88,onoff,0.8,1331.1857458557563,4.0,22.96793556213379,cliffserve,0
10000,0.0216,178.28248835861658,23415.827549331625,46616.912181483196,48697.64462165506,46611.18322306721,1.0207206287639072,0.0,68.52,35.704504848422985,37.6102,0.5,88,onoff,0.8,1331.1857458557563,8.0,45.93587112426758,dense,0
10000,0.0216,178.28248835861658,23415.827549331625,46616.912181483196,48697.64462165506,46611.18322306721,1.0207206287639072,0.0,68.52,36.84245401653567,38.975799999999985,0.5,88,onoff,0.8,1331.1857458557563,8.0,45.93587112426758,static_pomt,0
10000,0.0216,178.28248835861658,23415.827549331625,46616.912181483196,48697.64462165506,46611.18322306721,1.0207206287639072,0.0,68.52,37.38708349494743,39.13599999999999,0.5,88,onoff,0.8,1331.1857458557563,8.0,45.93587112426758,decoupled,0
10000,0.0216,178.28248835861658,23415.827549331625,46616.912181483196,48697.64462165506,46611.18322306721,1.0207206287639072,0.0,68.52,38.72683627641115,40.9572,0.5,88,onoff,0.8,1331.1857458557563,8.0,45.93587112426758,joint_full,0
10000,0.0216,178.28248835861658,23415.827549331625,46616.912181483196,48697.64462165506,46611.18322306721,1.0207206287639072,0.0,68.52,38.273711033990004,40.1352,0.5,88,onoff,0.8,1331.1857458557563,8.0,45.93587112426758,cliffserve,0
10000,0.0855,187.6877381252638,20605.680890418134,43806.22667493253,45887.332538161,43800.50209562211,1.0816657652785289,0.0,68.52,35.128053217955646,37.21799999999999,0.5,88,onoff,0.8,1331.1857458557563,12.0,68.90380668640137,dense,0
10000,0.0855,187.6877381252638,20605.680890418134,43806.22667493253,45887.332538161,43800.50209562211,1.0816657652785289,0.0,68.52,36.52708231476473,38.5828,0.5,88,onoff,0.8,1331.1857458557563,12.0,68.90380668640137,static_pomt,0
10000,0.0855,187.6877381252638,20605.680890418134,43806.22667493253,45887.332538161,43800.50209562211,1.0816657652785289,0.0,68.52,36.71078810167658,38.911199999999994,0.5,88,onoff,0.8,1331.1857458557563,12.0,68.90380668640137,decoupled,0
10000,0.0855,187.6877381252638,20605.680890418134,43806.22667493253,45887.332538161,43800.50209562211,1.0816657652785289,0.0,68.52,39.041428015143325,40.56399999999999,0.5,88,onoff,0.8,1331.1857458557563,12.0,68.90380668640137,joint_full,0
10000,0.0855,187.6877381252638,20605.680890418134,43806.22667493253,45887.332538161,43800.50209562211,1.0816657652785289,0.0,68.52,38.254078528934556,40.436,0.5,88,onoff,0.8,1331.1857458557563,12.0,68.90380668640137,cliffserve,0
10000,0.0008,175.0468019879804,24660.675266547936,47974.14825725762,49897.65179137879,47968.43927474228,1.0007004903432404,0.0,68.52,35.84269948964275,37.791,0.5,88,onoff,0.95,1580.7830732037105,2.0,11.483967781066895,dense,0
10000,0.0008,175.0468019879804,24660.675266547936,47974.14825725762,49897.65179137879,47968.43927474228,1.0007004903432404,0.0,68.52,36.92501691183829,39.003,0.5,88,onoff,0.95,1580.7830732037105,2.0,11.483967781066895,static_pomt,0
10000,0.0008,175.0468019879804,24660.675266547936,47974.14825725762,49897.65179137879,47968.43927474228,1.0007004903432404,0.0,68.52,37.25417992594816,39.214,0.5,88,onoff,0.95,1580.7830732037105,2.0,11.483967781066895,decoupled,0
10000,0.0008,175.0468019879804,24660.675266547936,47974.14825725762,49897.65179137879,47968.43927474228,1.0007004903432404,0.0,68.52,39.21299669768838,41.221599999999995,0.5,88,onoff,0.95,1580.7830732037105,2.0,11.483967781066895,joint_full,0
10000,0.0008,175.0468019879804,24660.675266547936,47974.14825725762,49897.65179137879,47968.43927474228,1.0007004903432404,0.0,68.52,38.28497418192735,40.159,0.5,88,onoff,0.95,1580.7830732037105,2.0,11.483967781066895,cliffserve,0
10000,0.0032,175.40740936296083,24543.28851537301,47856.7372414848,49780.19204376869,47850.96015014855,1.0029084344599337,0.0,68.52,35.520168789489524,37.41,0.5,88,onoff,0.95,1580.7830732037105,4.0,22.96793556213379,dense,0
10000,0.0032,175.40740936296083,24543.28851537301,47856.7372414848,49780.19204376869,47850.96015014855,1.0029084344599337,0.0,68.52,36.88371627720389,38.954,0.5,88,onoff,0.95,1580.7830732037105,4.0,22.96793556213379,static_pomt,0
10000,0.0032,175.40740936296083,24543.28851537301,47856.7372414848,49780.19204376869,47850.96015014855,1.0029084344599337,0.0,68.52,37.02135533045833,38.773,0.5,88,onoff,0.95,1580.7830732037105,4.0,22.96793556213379,decoupled,0
10000,0.0032,175.40740936296083,24543.28851537301,47856.7372414848,49780.19204376869,47850.96015014855,1.0029084344599337,0.0,68.52,39.0067276100692,40.2055,0.5,88,onoff,0.95,1580.7830732037105,4.0,22.96793556213379,joint_full,0
10000,0.0032,175.40740936296083,24543.28851537301,47856.7372414848,49780.19204376869,47850.96015014855,1.0029084344599337,0.0,68.52,38.209849964898204,39.459,0.5,88,onoff,0.95,1580.7830732037105,4.0,22.96793556213379,cliffserve,0
10000,0.02,178.04029974433396,23699.99215035035,47013.5369583389,48936.9033465498,47007.83900959698,1.0192640913260627,0.0,68.52,35.544220976455,37.48,0.5,88,onoff,0.95,1580.7830732037105,8.0,45.93587112426758,dense,0
10000,0.02,178.04029974433396,23699.99215035035,47013.5369583389,48936.9033465498,47007.83900959698,1.0192640913260627,0.0,68.52,36.77579207012537,38.818,0.5,88,onoff,0.95,1580.7830732037105,8.0,45.93587112426758,static_pomt,0
10000,0.02,178.04029974433396,23699.99215035035,47013.5369583389,48936.9033465498,47007.83900959698,1.0192640913260627,0.0,68.52,37.520883294261544,39.474,0.5,88,onoff,0.95,1580.7830732037105,8.0,45.93587112426758,decoupled,0
10000,0.02,178.04029974433396,23699.99215035035,47013.5369583389,48936.9033465498,47007.83900959698,1.0192640913260627,0.0,68.52,39.30440373050657,40.787,0.5,88,onoff,0.95,1580.7830732037105,8.0,45.93587112426758,joint_full,0
10000,0.02,178.04029974433396,23699.99215035035,47013.5369583389,48936.9033465498,47007.83900959698,1.0192640913260627,0.0,68.52,38.32868688207114,39.8905,0.5,88,onoff,0.95,1580.7830732037105,8.0,45.93587112426758,cliffserve,0
10000,0.03,179.6583627497621,23194.721517368096,46508.05868361203,48431.58682405644,46502.333565427936,1.029336078229542,0.0,68.52,34.96844879053011,37.24,0.5,88,onoff,0.95,1580.7830732037105,12.0,68.90380668640137,dense,0
10000,0.03,179.6583627497621,23194.721517368096,46508.05868361203,48431.58682405644,46502.333565427936,1.029336078229542,0.0,68.52,36.888251672671124,38.663,0.5,88,onoff,0.95,1580.7830732037105,12.0,68.90380668640137,static_pomt,0
10000,0.03,179.6583627497621,23194.721517368096,46508.05868361203,48431.58682405644,46502.333565427936,1.029336078229542,0.0,68.52,37.15899969119918,38.9833,0.5,88,onoff,0.95,1580.7830732037105,12.0,68.90380668640137,decoupled,0
10000,0.03,179.6583627497621,23194.721517368096,46508.05868361203,48431.58682405644,46502.333565427936,1.029336078229542,0.0,68.52,38.974900051466804,39.725,0.5,88,onoff,0.95,1580.7830732037105,12.0,68.90380668640137,joint_full,0
10000,0.03,179.6583627497621,23194.721517368096,46508.05868361203,48431.58682405644,46502.333565427936,1.029336078229542,0.0,68.52,38.37144765826042,39.47769999999999,0.5,88,onoff,0.95,1580.7830732037105,12.0,68.90380668640137,cliffserve,0
10000,0.0008,175.0468019879804,25668.05716927188,49094.388991979,51261.57361060119,49088.680009463664,1.0007004903432404,0.0,68.52,35.60845441809267,37.35,0.5,88,onoff,1.1,1830.380400551665,2.0,11.483967781066895,dense,0
10000,0.0008,175.0468019879804,25668.05716927188,49094.388991979,51261.57361060119,49088.680009463664,1.0007004903432404,0.0,68.52,37.11762363654558,39.023,0.5,88,onoff,1.1,1830.380400551665,2.0,11.483967781066895,static_pomt,0
10000,0.0008,175.0468019879804,25668.05716927188,49094.388991979,51261.57361060119,49088.680009463664,1.0007004903432404,0.0,68.52,37.43657470229161,39.314,0.5,88,onoff,1.1,1830.380400551665,2.0,11.483967781066895,decoupled,0
10000,0.0008,175.0468019879804,25668.05716927188,49094.388991979,51261.57361060119,49088.680009463664,1.0007004903432404,0.0,68.52,39.23404002801961,40.660599999999995,0.5,88,onoff,1.1,1830.380400551665,2.0,11.483967781066895,joint_full,0
10000,0.0008,175.0468019879804,25668.05716927188,49094.388991979,51261.57361060119,49088.680009463664,1.0007004903432404,0.0,68.52,38.238338436905835,39.5044,0.5,88,onoff,1.1,1830.380400551665,2.0,11.483967781066895,cliffserve,0
10000,0.0032,175.40740936296083,25550.670418096954,48976.97797620618,51144.11386299109,48971.20088486993,1.0029084344599337,0.0,68.52,35.51888125564137,37.290499999999994,0.5,88,onoff,1.1,1830.380400551665,4.0,22.96793556213379,dense,0
10000,0.0032,175.40740936296083,25550.670418096954,48976.97797620618,51144.11386299109,48971.20088486993,1.0029084344599337,0.0,68.52,36.68527800621803,38.783,0.5,88,onoff,1.1,1830.380400551665,4.0,22.96793556213379,static_pomt,0
10000,0.0032,175.40740936296083,25550.670418096954,48976.97797620618,51144.11386299109,48971.20088486993,1.0029084344599337,0.0,68.52,36.985497442583494,38.923,0.5,88,onoff,1.1,1830.380400551665,4.0,22.96793556213379,decoupled,0
10000,0.0032,175.40740936296083,25550.670418096954,48976.97797620618,51144.11386299109,48971.20088486993,1.0029084344599337,0.0,68.52,39.13348671146324,40.8065,0.5,88,onoff,1.1,1830.380400551665,4.0,22.96793556213379,joint_full,0
10000,0.0032,175.40740936296083,25550.670418096954,48976.97797620618,51144.11386299109,48971.20088486993,1.0029084344599337,0.0,68.52,38.32389660014041,39.374,0.5,88,onoff,1.1,1830.380400551665,4.0,22.96793556213379,cliffserve,0
10000,0.0096,176.41343009697752,25225.508932186538,48651.901903727885,50819.12853157496,48646.18567495668,1.0091835704914724,0.0,68.52,35.51561317993744,37.33,0.5,88,onoff,1.1,1830.380400551665,8.0,45.93587112426758,dense,0
10000,0.0096,176.41343009697752,25225.508932186538,48651.901903727885,50819.12853157496,48646.18567495668,1.0091835704914724,0.0,68.52,36.95440094863255,38.8994,0.5,88,onoff,1.1,1830.380400551665,8.0,45.93587112426758,static_pomt,0
10000,0.0096,176.41343009697752,25225.508932186538,48651.901903727885,50819.12853157496,48646.18567495668,1.0091835704914724,0.0,68.52,37.22169098799072,38.933,0.5,88,onoff,1.1,1830.380400551665,8.0,45.93587112426758,decoupled,0
10000,0.0096,176.41343009697752,25225.508932186538,48651.901903727885,50819.12853157496,48646.18567495668,1.0091835704914724,0.0,68.52,38.99674992431123,40.736,0.5,88,onoff,1.1,1830.380400551665,8.0,45.93587112426758,joint_full,0
10000,0.0096,176.41343009697752,25225.508932186538,48651.901903727885,50819.12853157496,48646.18567495668,1.0091835704914724,0.0,68.52,38.206712079927335,39.464600000000004,0.5,88,onoff,1.1,1830.380400551665,8.0,45.93587112426758,cliffserve,0
10000,0.0477,181.52082730993016,23630.41046284094,47056.863576327174,49224.42334159586,47051.14873331627,1.0412328196584757,0.0,68.52,35.24675947521865,37.38,0.5,88,onoff,1.1,1830.380400551665,12.0,68.90380668640137,dense,0
10000,0.0477,181.52082730993016,23630.41046284094,47056.863576327174,49224.42334159586,47051.14873331627,1.0412328196584757,0.0,68.52,36.552019679300294,38.422,0.5,88,onoff,1.1,1830.380400551665,12.0,68.90380668640137,static_pomt,0
10000,0.0477,181.52082730993016,23630.41046284094,47056.863576327174,49224.42334159586,47051.14873331627,1.0412328196584757,0.0,68.52,37.10334256559767,39.224,0.5,88,onoff,1.1,1830.380400551665,12.0,68.90380668640137,decoupled,0
10000,0.0477,181.52082730993016,23630.41046284094,47056.863576327174,49224.42334159586,47051.14873331627,1.0412328196584757,0.0,68.52,38.94286640982924,40.847,0.5,88,onoff,1.1,1830.380400551665,12.0,68.90380668640137,joint_full,0
10000,0.0477,181.52082730993016,23630.41046284094,47056.863576327174,49224.42334159586,47051.14873331627,1.0412328196584757,0.0,68.52,37.95782850895459,39.184,0.5,88,onoff,1.1,1830.380400551665,12.0,68.90380668640137,cliffserve,0
10000,0.001,175.0120428629583,18342.225628101507,34959.856327684014,36414.413519737944,34954.13723626861,1.0005002501250626,0.0,68.52,35.45732776388194,37.32299999999999,1.0,84,poisson,0.3,499.1946546959086,2.0,11.483967781066895,dense,0
10000,0.001,175.0120428629583,18342.225628101507,34959.856327684014,36414.413519737944,34954.13723626861,1.0005002501250626,0.0,68.52,36.99056148074037,38.913,1.0,84,poisson,0.3,499.1946546959086,2.0,11.483967781066895,static_pomt,0
10000,0.001,175.0120428629583,18342.225628101507,34959.856327684014,36414.413519737944,34954.13723626861,1.0005002501250626,0.0,68.52,37.134426313156574,39.123,1.0,84,poisson,0.3,499.1946546959086,2.0,11.483967781066895,decoupled,0
10000,0.001,175.0120428629583,18342.225628101507,34959.856327684014,36414.413519737944,34954.13723626861,1.0005002501250626,0.0,68.52,40.187442821410706,41.759,1.0,84,poisson,0.3,499.1946546959086,2.0,11.483967781066895,joint_full,0
10000,0.001,175.0120428629583,18342.225628101507,34959.856327684014,36414.413519737944,34954.13723626861,1.0005002501250626,0.0,68.52,38.73169094547274,40.486,1.0,84,poisson,0.3,499.1946546959086,2.0,11.483967781066895,cliffserve,0
10000,1.0,490.40431337348093,9.712723617641132,13.731360887809887,15.453066929309939,7.973884577662284,2.8425241614553722,0.0,68.52,8.84320352472996,10.06915,1.0,84,poisson,0.3,499.1946546959086,4.0,22.96793556213379,dense,0
10000,1.0,490.40431337348093,9.712723617641132,13.731360887809887,15.453066929309939,7.973884577662284,2.8425241614553722,0.0,68.52,9.253709778283115,10.59015,1.0,84,poisson,0.3,499.1946546959086,4.0,22.96793556213379,static_pomt,0
10000,1.0,490.40431337348093,9.712723617641132,13.731360887809887,15.453066929309939,7.973884577662284,2.8425241614553722,0.0,68.52,11.152761512222854,12.465349999999997,1.0,84,poisson,0.3,499.1946546959086,4.0,22.96793556213379,decoupled,0
10000,1.0,490.40431337348093,9.712723617641132,13.731360887809887,15.453066929309939,7.973884577662284,2.8425241614553722,0.0,68.52,11.245026435474701,13.345,1.0,84,poisson,0.3,499.1946546959086,4.0,22.96793556213379,joint_full,0
10000,1.0,490.40431337348093,9.712723617641132,13.731360887809887,15.453066929309939,7.973884577662284,2.8425241614553722,0.0,68.52,9.306436043206366,10.92,1.0,84,poisson,0.3,499.1946546959086,4.0,22.96793556213379,cliffserve,0
10000,1.0,490.40431337348093,9.712723617641132,13.731360887809887,15.453066929309939,7.973884577662284,2.8425241614553722,0.0,68.52,8.788042922114837,10.049,1.0,84,poisson,0.3,499.1946546959086,8.0,45.93587112426758,dense,0
10000,1.0,490.40431337348093,9.712723617641132,13.731360887809887,15.453066929309939,7.973884577662284,2.8425241614553722,0.0,68.52,9.222829448550312,10.57,1.0,84,poisson,0.3,499.1946546959086,8.0,45.93587112426758,static_pomt,0
10000,1.0,490.40431337348093,9.712723617641132,13.731360887809887,15.453066929309939,7.973884577662284,2.8425241614553722,0.0,68.52,11.174305855599773,12.52315,1.0,84,poisson,0.3,499.1946546959086,8.0,45.93587112426758,decoupled,0
10000,1.0,490.40431337348093,9.712723617641132,13.731360887809887,15.453066929309939,7.973884577662284,2.8425241614553722,0.0,68.52,11.256265776009098,13.307349999999996,1.0,84,poisson,0.3,499.1946546959086,8.0,45.93587112426758,joint_full,0
10000,1.0,490.40431337348093,9.712723617641132,13.731360887809887,15.453066929309939,7.973884577662284,2.8425241614553722,0.0,68.52,9.294526435474701,10.941,1.0,84,poisson,0.3,499.1946546959086,8.0,45.93587112426758,cliffserve,0
10000,1.0,490.40431337348093,9.712723617641132,13.731360887809887,15.453066929309939,7.973884577662284,2.8425241614553722,0.0,68.52,8.806836270608299,10.049,1.0,84,poisson,0.3,499.1946546959086,12.0,68.90380668640137,dense,0
10000,1.0,490.40431337348093,9.712723617641132,13.731360887809887,15.453066929309939,7.973884577662284,2.8425241614553722,0.0,68.52,9.299290221716884,10.62,1.0,84,poisson,0.3,499.1946546959086,12.0,68.90380668640137,static_pomt,0
10000,1.0,490.40431337348093,9.712723617641132,13.731360887809887,15.453066929309939,7.973884577662284,2.8425241614553722,0.0,68.52,11.160463615690732,12.464,1.0,84,poisson,0.3,499.1946546959086,12.0,68.90380668640137,decoupled,0
10000,1.0,490.40431337348093,9.712723617641132,13.731360887809887,15.453066929309939,7.973884577662284,2.8425241614553722,0.0,68.52,11.303931779420125,13.294,1.0,84,poisson,0.3,499.1946546959086,12.0,68.90380668640137,joint_full,0
10000,1.0,490.40431337348093,9.712723617641132,13.731360887809887,15.453066929309939,7.973884577662284,2.8425241614553722,0.0,68.52,9.343481523592951,10.97015,1.0,84,poisson,0.3,499.1946546959086,12.0,68.90380668640137,cliffserve,0
10000,0.0007,175.00071466129808,23455.082720373724,44624.279454132375,46494.62764207972,44618.56062714702,1.0004001600640255,0.0,68.52,35.15698899559824,37.15925,1.0,84,poisson,0.6,998.3893093918172,2.0,11.483967781066895,dense,0
10000,0.0007,175.00071466129808,23455.082720373724,44624.279454132375,46494.62764207972,44618.56062714702,1.0004001600640255,0.0,68.52,37.12578831532613,39.064,1.0,84,poisson,0.6,998.3893093918172,2.0,11.483967781066895,static_pomt,0
10000,0.0007,175.00071466129808,23455.082720373724,44624.279454132375,46494.62764207972,44618.56062714702,1.0004001600640255,0.0,68.52,37.266859343737494,39.165499999999994,1.0,84,poisson,0.6,998.3893093918172,2.0,11.483967781066895,decoupled,0
10000,0.0007,175.00071466129808,23455.082720373724,44624.279454132375,46494.62764207972,44618.56062714702,1.0004001600640255,0.0,68.52,40.39330352140857,41.964,1.0,84,poisson,0.6,998.3893093918172,2.0,11.483967781066895,joint_full,0
10000,0.0007,175.00071466129808,23455.082720373724,44624.279454132375,46494.62764207972,44618.56062714702,1.0004001600640255,0.0,68.52,38.87542947178871,40.461,1.0,84,poisson,0.6,998.3893093918172,2.0,11.483967781066895,cliffserve,0
10000,0.0489,182.25112824437147,21181.135154818152,42349.91815194731,44221.24446298254,42344.20598714,1.0431879824744419,0.0,68.52,35.53306133945337,37.51775000000001,1.0,84,poisson,0.6,998.3893093918172,4.0,22.96793556213379,dense,0
10000,0.0489,182.25112824437147,21181.135154818152,42349.91815194731,44221.24446298254,42344.20598714,1.0431879824744419,0.0,68.52,36.128018986021274,38.6805,1.0,84,poisson,0.6,998.3893093918172,4.0,22.96793556213379,static_pomt,0
10000,0.0493,182.32504770997426,21158.906113957022,42327.69565715438,44199.07121527804,42321.95703971034,1.0436234606553956,0.1024,68.519024,37.19097338760175,39.134,1.0,84,poisson,0.6,998.3893093918172,4.0,22.96793556213379,decoupled,0
10000,0.0493,182.32504770997426,21158.906113957022,42327.69565715438,44199.07121527804,42321.95703971034,1.0436234606553956,0.1024,68.519024,40.36382519307034,42.109,1.0,84,poisson,0.6,998.3893093918172,4.0,22.96793556213379,joint_full,0
10000,0.0493,182.32504770997426,21158.906113957022,42327.69565715438,44199.07121527804,42321.95703971034,1.0436234606553956,0.1024,68.519024,39.04113702776039,40.897,1.0,84,poisson,0.6,998.3893093918172,4.0,22.96793556213379,cliffserve,0
10000,1.0,980.595846301971,12.44482340857644,19.1431010048999,23.58493904018981,10.489606261409012,6.596306068601583,0.0,68.52,10.990972295514512,12.152,1.0,84,poisson,0.6,998.3893093918172,8.0,45.93587112426758,dense,0
10000,1.0,980.595846301971,12.44482340857644,19.1431010048999,23.58493904018981,10.489606261409012,6.596306068601583,0.0,68.52,11.543704485488128,12.784,1.0,84,poisson,0.6,998.3893093918172,8.0,45.93587112426758,static_pomt,0
10000,1.0,980.1812611430702,12.345445140204902,18.56226414741136,22.573673039328277,10.296460274367604,6.5487884741322855,4.8128,68.474128,13.590140798952195,15.579700000000027,1.0,84,poisson,0.6,998.3893093918172,8.0,45.93587112426758,decoupled,0
10000,1.0,980.1812611430702,12.345445140204902,18.56226414741136,22.573673039328277,10.296460274367604,6.5487884741322855,4.8128,68.474128,14.888069417157828,16.368,1.0,84,poisson,0.6,998.3893093918172,8.0,45.93587112426758,joint_full,0
10000,1.0,980.1812611430702,12.345445140204902,18.56226414741136,22.573673039328277,10.296460274367604,6.5487884741322855,4.8128,68.474128,12.02916895874263,13.212,1.0,84,poisson,0.6,998.3893093918172,8.0,45.93587112426758,cliffserve,0
10000,1.0,980.595846301971,12.44482340857644,19.1431010048999,23.58493904018981,10.489606261409012,6.596306068601583,0.0,68.52,10.96519986807388,12.0555,1.0,84,poisson,0.6,998.3893093918172,12.0,68.90380668640137,dense,0
10000,1.0,980.595846301971,12.44482340857644,19.1431010048999,23.58493904018981,10.489606261409012,6.596306068601583,0.0,68.52,11.584948548812664,12.72625,1.0,84,poisson,0.6,998.3893093918172,12.0,68.90380668640137,static_pomt,0
10000,1.0,980.1812611430702,12.345445140204902,18.56226414741136,22.573673039328277,10.296460274367604,6.5487884741322855,4.8128,68.474128,13.583345121152584,14.825,1.0,84,poisson,0.6,998.3893093918172,12.0,68.90380668640137,decoupled,0
10000,1.0,980.1812611430702,12.345445140204902,18.56226414741136,22.573673039328277,10.296460274367604,6.5487884741322855,4.8128,68.474128,14.874639816633922,16.398,1.0,84,poisson,0.6,998.3893093918172,12.0,68.90380668640137,joint_full,0
10000,1.0,980.1812611430702,12.345445140204902,18.56226414741136,22.573673039328277,10.296460274367604,6.5487884741322855,4.8128,68.474128,12.092009168303864,13.355,1.0,84,poisson,0.6,998.3893093918172,12.0,68.90380668640137,cliffserve,0
10000,0.001,175.0535884397353,24715.126249741494,47022.19850815863,48996.52769801473,47016.46651126475,1.0007004903432404,0.0,68.52,35.57362623836686,37.441,1.0,84,poisson,0.8,1331.1857458557563,2.0,11.483967781066895,dense,0
10000,0.001,175.0535884397353,24715.126249741494,47022.19850815863,48996.52769801473,47016.46651126475,1.0007004903432404,0.0,68.52,36.848083458420895,38.9934,1.0,84,poisson,0.8,1331.1857458557563,2.0,11.483967781066895,static_pomt,0
10000,0.001,175.0535884397353,24715.126249741494,47022.19850815863,48996.52769801473,47016.46651126475,1.0007004903432404,0.0,68.52,37.35599259481637,39.284,1.0,84,poisson,0.8,1331.1857458557563,2.0,11.483967781066895,decoupled,0
10000,0.001,175.0535884397353,24715.126249741494,47022.19850815863,48996.52769801473,47016.46651126475,1.0007004903432404,0.0,68.52,39.95293705593915,42.394,1.0,84,poisson,0.8,1331.1857458557563,2.0,11.483967781066895,joint_full,0
10000,0.001,175.0535884397353,24715.126249741494,47022.19850815863,48996.52769801473,47016.46651126475,1.0007004903432404,0.0,68.52,39.10165916141299,40.286,1.0,84,poisson,0.8,1331.1857458557563,2.0,11.483967781066895,cliffserve,0
10000,0.0086,176.1780102002139,24350.412318657814,46657.71920560927,48631.91154980516,46652.00472063155,1.0073536818777074,0.0,68.52,35.703436788556466,37.5907,1.0,84,poisson,0.8,1331.1857458557563,4.0,22.96793556213379,dense,0
10000,0.0086,176.1780102002139,24350.412318657814,46657.71920560927,48631.91154980516,46652.00472063155,1.0073536818777074,0.0,68.52,37.21199415734865,39.07029999999999,1.0,84,poisson,0.8,1331.1857458557563,4.0,22.96793556213379,static_pomt,0
10000,0.0086,176.1780102002139,24350.412318657814,46657.71920560927,48631.91154980516,46652.00472063155,1.0073536818777074,0.0,68.52,37.655164903797726,39.5047,1.0,84,poisson,0.8,1331.1857458557563,4.0,22.96793556213379,decoupled,0
10000,0.0114,176.6117668752859,24211.053503941475,46518.45354205699,48492.5985996232,46512.73095149131,1.00999899000101,0.1024,68.519024,40.398737905262095,42.109,1.0,84,poisson,0.8,1331.1857458557563,4.0,22.96793556213379,joint_full,0
10000,0.0114,176.6117668752859,24211.053503941475,46518.45354205699,48492.5985996232,46512.73095149131,1.00999899000101,0.1024,68.519024,39.08459024340976,40.736,1.0,84,poisson,0.8,1331.1857458557563,4.0,22.96793556213379,cliffserve,0
10000,1.0,1305.545199639843,22.40083695057183,33.36639986863388,37.32924285542084,17.06368683735418,15.92356687898089,0.0,68.52,14.82293152866242,18.5915,1.0,84,poisson,0.8,1331.1857458557563,8.0,45.93587112426758,dense,0
10000,1.0,1305.545199639843,22.40083695057183,33.36639986863388,37.32924285542084,17.06368683735418,15.92356687898089,0.0,68.52,15.769062101910828,19.756349999999998,1.0,84,poisson,0.8,1331.1857458557563,8.0,45.93587112426758,static_pomt,0
10000,1.0,1305.8655735214263,19.4777587685453,29.065303080414605,33.155587528437025,15.055720138828473,13.812154696132596,49.7152,68.05243199999998,17.278852209944752,22.608999999999998,1.0,84,poisson,0.8,1331.1857458557563,8.0,45.93587112426758,decoupled,0
10000,1.0,1305.8655735214263,19.4777587685453,29.065303080414605,33.155587528437025,15.055720138828473,13.812154696132596,49.7152,68.05243199999998,19.008588397790056,24.777,1.0,84,poisson,0.8,1331.1857458557563,8.0,45.93587112426758,joint_full,0
10000,1.0,1305.8655735214263,19.4777587685453,29.065303080414605,33.155587528437025,15.055720138828473,13.812154696132596,49.7152,68.05243199999998,15.751948895027624,21.056150000000002,1.0,84,poisson,0.8,1331.1857458557563,8.0,45.93587112426758,cliffserve,0
10000,1.0,1305.545199639843,22.40083695057183,33.36639986863388,37.32924285542084,17.06368683735418,15.92356687898089,0.0,68.52,14.936558917197452,18.7345,1.0,84,poisson,0.8,1331.1857458557563,12.0,68.90380668640137,dense,0
10000,1.0,1305.545199639843,22.40083695057183,33.36639986863388,37.32924285542084,17.06368683735418,15.92356687898089,0.0,68.52,15.903275477707009,21.938499999999998,1.0,84,poisson,0.8,1331.1857458557563,12.0,68.90380668640137,static_pomt,0
10000,1.0,1305.8655735214263,19.4777587685453,29.065303080414605,33.155587528437025,15.055720138828473,13.812154696132596,49.7152,68.05243199999998,17.157633977900552,22.684,1.0,84,poisson,0.8,1331.1857458557563,12.0,68.90380668640137,decoupled,0
10000,1.0,1305.8655735214263,19.4777587685453,29.065303080414605,33.155587528437025,15.055720138828473,13.812154696132596,49.7152,68.05243199999998,19.008087016574585,24.89685,1.0,84,poisson,0.8,1331.1857458557563,12.0,68.90380668640137,joint_full,0
10000,1.0,1305.8655735214263,19.4777587685453,29.065303080414605,33.155587528437025,15.055720138828473,13.812154696132596,49.7152,68.05243199999998,15.56864640883978,20.896,1.0,84,poisson,0.8,1331.1857458557563,12.0,68.90380668640137,cliffserve,0
10000,0.001,175.0535884397353,25320.15447898579,48166.226050040874,50189.793465421135,48160.49405314699,1.0007004903432404,0.0,68.52,35.63720394275993,37.44,1.0,84,poisson,0.95,1580.7830732037105,2.0,11.483967781066895,dense,0
10000,0.001,175.0535884397353,25320.15447898579,48166.226050040874,50189.793465421135,48160.49405314699,1.0007004903432404,0.0,68.52,37.104694486140296,38.903,1.0,84,poisson,0.95,1580.7830732037105,2.0,11.483967781066895,static_pomt,0
10000,0.001,175.0535884397353,25320.15447898579,48166.226050040874,50189.793465421135,48160.49405314699,1.0007004903432404,0.0,68.52,37.51417392174522,39.414,1.0,84,poisson,0.95,1580.7830732037105,2.0,11.483967781066895,decoupled,0
10000,0.001,175.0535884397353,25320.15447898579,48166.226050040874,50189.793465421135,48160.49405314699,1.0007004903432404,0.0,68.52,40.46670249174422,41.882999999999996,1.0,84,poisson,0.95,1580.7830732037105,2.0,11.483967781066895,joint_full,0
10000,0.001,175.0535884397353,25320.15447898579,48166.226050040874,50189.793465421135,48160.49405314699,1.0007004903432404,0.0,68.52,39.00710517362153,41.178,1.0,84,poisson,0.95,1580.7830732037105,2.0,11.483967781066895,cliffserve,0
10000,0.0074,176.0096840250987,25009.704626996045,47855.93394770399,49879.44971786254,47850.24260515944,1.0064412238325282,0.0,68.52,35.469593599033814,37.601,1.0,84,poisson,0.95,1580.7830732037105,4.0,22.96793556213379,dense,0
10000,0.0074,176.0096840250987,25009.704626996045,47855.93394770399,49879.44971786254,47850.24260515944,1.0064412238325282,0.0,68.52,37.01402465780998,39.116249999999994,1.0,84,poisson,0.95,1580.7830732037105,4.0,22.96793556213379,static_pomt,0
10000,0.0074,176.01213891608307,25008.91221137715,47855.141532085094,49878.65730224364,47849.45018954054,1.0064412238325282,0.1024,68.519024,37.232289855072466,39.044,1.0,84,poisson,0.95,1580.7830732037105,4.0,22.96793556213379,decoupled,0
10000,0.0082,176.13845255112938,24968.16883536053,47814.471865627915,49837.885989906725,47808.751131055506,1.0072522159548751,0.2048,68.518048,40.351046535052376,41.624849999999995,1.0,84,poisson,0.95,1580.7830732037105,4.0,22.96793556213379,joint_full,0
10000,0.0082,176.13845255112938,24968.16883536053,47814.471865627915,49837.885989906725,47808.751131055506,1.0072522159548751,0.2048,68.518048,39.11301057614826,40.486,1.0,84,poisson,0.95,1580.7830732037105,4.0,22.96793556213379,cliffserve,0
10000,0.0486,182.71676392593818,22923.339533526425,45769.29263183847,47793.746545937,45763.594470141084,1.0484378276368211,0.0,68.52,35.77663399035437,37.731,1.0,84,poisson,0.95,1580.7830732037105,8.0,45.93587112426758,dense,0
10000,0.0486,182.71676392593818,22923.339533526425,45769.29263183847,47793.746545937,45763.594470141084,1.0484378276368211,0.0,68.52,37.12559561752988,38.93449999999999,1.0,84,poisson,0.95,1580.7830732037105,8.0,45.93587112426758,static_pomt,0
10000,0.0506,183.06197579381188,22820.17313595486,45666.17872345224,47690.68299898379,45660.4819411017,1.050309841403214,2.9184,68.49323199999998,37.36162440920071,39.173,1.0,84,poisson,0.95,1580.7830732037105,8.0,45.93587112426758,decoupled,0
10000,0.0506,183.06197579381188,22820.17313595486,45666.17872345224,47690.68299898379,45660.4819411017,1.050309841403214,2.9184,68.49323199999998,40.43323474424956,41.818,1.0,84,poisson,0.95,1580.7830732037105,8.0,45.93587112426758,joint_full,0
10000,0.0506,183.06197579381188,22820.17313595486,45666.17872345224,47690.68299898379,45660.4819411017,1.050309841403214,2.9184,68.49323199999998,39.29823159332003,41.188,1.0,84,poisson,0.95,1580.7830732037105,8.0,45.93587112426758,cliffserve,0
10000,0.703,463.54938464475225,40.27602614499256,12613.36503312365,14636.703377406537,12607.65453386084,3.1210986267166043,0.0,68.52,34.23798252184769,37.19,1.0,84,poisson,0.95,1580.7830732037105,12.0,68.90380668640137,dense,0
10000,0.703,463.54938464475225,40.27602614499256,12613.36503312365,14636.703377406537,12607.65453386084,3.1210986267166043,0.0,68.52,35.21262390761548,37.98185,1.0,84,poisson,0.95,1580.7830732037105,12.0,68.90380668640137,static_pomt,0
10000,1.0,1548.7329046642608,29.868900325561754,48.67003117195102,58.87241718606269,24.72775051514136,26.595744680851062,63.5904,67.93608000000002,24.53395744680851,35.4695,1.0,84,poisson,0.95,1580.7830732037105,12.0,68.90380668640137,decoupled,0
10000,1.0,1548.7156892176129,29.804822166897452,48.66956589583523,58.57540804026536,24.430764164497305,26.595744680851062,63.5904,67.93608000000002,26.716946808510638,37.44,1.0,84,poisson,0.95,1580.7830732037105,12.0,68.90380668640137,joint_full,0
10000,1.0,1548.7156892176129,29.804822166897452,48.66956589583523,58.57540804026536,24.430764164497305,26.595744680851062,63.5904,67.93608000000002,22.63232446808511,32.7595,1.0,84,poisson,0.95,1580.7830732037105,12.0,68.90380668640137,cliffserve,0
10000,0.0006,175.00068712101958,25777.422289942966,49015.505274231014,51074.84867126101,49009.78644724566,1.0004001600640255,0.0,68.52,35.60113825530212,37.47,1.0,84,poisson,1.1,1830.380400551665,2.0,11.483967781066895,dense,0
10000,0.0006,175.00068712101958,25777.422289942966,49015.505274231014,51074.84867126101,49009.78644724566,1.0004001600640255,0.0,68.52,37.264310224089634,39.174,1.0,84,poisson,1.1,1830.380400551665,2.0,11.483967781066895,static_pomt,0
10000,0.0006,175.00068712101958,25777.422289942966,49015.505274231014,51074.84867126101,49009.78644724566,1.0004001600640255,0.0,68.52,37.59333363345338,39.434,1.0,84,poisson,1.1,1830.380400551665,2.0,11.483967781066895,decoupled,0
10000,0.0006,175.00068712101958,25777.422289942966,49015.505274231014,51074.84867126101,49009.78644724566,1.0004001600640255,0.0,68.52,40.661205582232895,42.08925,1.0,84,poisson,1.1,1830.380400551665,2.0,11.483967781066895,joint_full,0
10000,0.0006,175.00068712101958,25777.422289942966,49015.505274231014,51074.84867126101,49009.78644724566,1.0004001600640255,0.0,68.52,38.97981652661065,41.0195,1.0,84,poisson,1.1,1830.380400551665,2.0,11.483967781066895,cliffserve,0
10000,0.0058,175.77928409374596,25524.237540101276,48762.411332161006,50821.77438998335,48756.6881416865,1.0050251256281406,0.0,68.52,35.676211457286435,37.50594999999999,1.0,84,poisson,1.1,1830.380400551665,4.0,22.96793556213379,dense,0
10000,0.0058,175.77928409374596,25524.237540101276,48762.411332161006,50821.77438998335,48756.6881416865,1.0050251256281406,0.0,68.52,37.133612060301516,38.84355,1.0,84,poisson,1.1,1830.380400551665,4.0,22.96793556213379,static_pomt,0
10000,0.0058,175.77928409374596,25524.237540101276,48762.411332161006,50821.77438998335,48756.6881416865,1.0050251256281406,0.0,68.52,37.350234773869346,39.084,1.0,84,poisson,1.1,1830.380400551665,4.0,22.96793556213379,decoupled,0
10000,0.0058,175.77928409374596,25524.237540101276,48762.411332161006,50821.77438998335,48756.6881416865,1.0050251256281406,0.0,68.52,40.215569447236184,41.658,1.0,84,poisson,1.1,1830.380400551665,4.0,22.96793556213379,joint_full,0
10000,0.0058,175.77928409374596,25524.237540101276,48762.411332161006,50821.77438998335,48756.6881416865,1.0050251256281406,0.0,68.52,39.116048542713564,41.197,1.0,84,poisson,1.1,1830.380400551665,4.0,22.96793556213379,cliffserve,0
10000,0.0238,178.62647200427625,24617.134972428546,47855.25635092932,49914.73911594504,47849.53899594027,1.0229132569558101,0.0,68.52,35.528619885433706,37.55,1.0,84,poisson,1.1,1830.380400551665,8.0,45.93587112426758,dense,0
10000,0.0238,178.62647200427625,24617.134972428546,47855.25635092932,49914.73911594504,47849.53899594027,1.0229132569558101,0.0,68.52,37.22063420621931,39.274,1.0,84,poisson,1.1,1830.380400551665,8.0,45.93587112426758,static_pomt,0
10000,0.0274,179.22825716990718,24429.143753623233,47667.26759603697,49726.951032539546,47661.56292739588,1.0264832683227263,1.4336,68.50673599999999,37.7338679942517,39.805,1.0,84,poisson,1.1,1830.380400551665,8.0,45.93587112426758,decoupled,0
10000,0.0286,179.4261343416911,24367.634234523044,47605.655196291984,49665.55759335631,47599.92415142732,1.027749229188078,1.5872,68.505344,40.65543278520041,42.38549999999999,1.0,84,poisson,1.1,1830.380400551665,8.0,45.93587112426758,joint_full,0
10000,0.0286,179.4261343416911,24367.634234523044,47605.655196291984,49665.55759335631,47599.92415142732,1.027749229188078,1.5872,68.505344,39.000769064748205,40.326,1.0,84,poisson,1.1,1830.380400551665,8.0,45.93587112426758,cliffserve,0
10000,0.047,182.48759060082284,23432.118084286914,46669.97402346807,48730.27936817282,46664.26710980612,1.0473397570171763,0.0,68.52,35.46904283619606,37.411,1.0,84,poisson,1.1,1830.380400551665,12.0,68.90380668640137,dense,0
10000,0.047,182.48759060082284,23432.118084286914,46669.97402346807,48730.27936817282,46664.26710980612,1.0473397570171763,0.0,68.52,36.74377063259321,38.904,1.0,84,poisson,1.1,1830.380400551665,12.0,68.90380668640137,static_pomt,0
10000,0.0526,183.47605504360513,23137.095777367816,46375.11588376242,48435.45862789744,46369.40382304865,1.05318588730911,3.072,68.49190399999998,37.3987896787783,39.374,1.0,84,poisson,1.1,1830.380400551665,12.0,68.90380668640137,decoupled,0
10000,0.0526,183.47605504360513,23137.095777367816,46375.11588376242,48435.45862789744,46369.40382304865,1.05318588730911,3.072,68.49190399999998,40.454550078988945,42.259299999999996,1.0,84,poisson,1.1,1830.380400551665,12.0,68.90380668640137,joint_full,0
10000,0.0526,183.47605504360513,23137.095777367816,46375.11588376242,48435.45862789744,46369.40382304865,1.05318588730911,3.072,68.49190399999998,38.91565371248025,40.919399999999975,1.0,84,poisson,1.1,1830.380400551665,12.0,68.90380668640137,cliffserve,0
10000,0.0007,175.0007206398718,18605.775077970007,34721.6809558993,36372.66094472377,34715.96212891394,1.0004001600640255,0.0,68.52,35.82021238495398,37.821,1.0,84,onoff,0.3,499.1946546959086,2.0,11.483967781066895,dense,0
10000,0.0007,175.0007206398718,18605.775077970007,34721.6809558993,36372.66094472377,34715.96212891394,1.0004001600640255,0.0,68.52,37.052087735094034,39.204,1.0,84,onoff,0.3,499.1946546959086,2.0,11.483967781066895,static_pomt,0
10000,0.0007,175.0007206398718,18605.775077970007,34721.6809558993,36372.66094472377,34715.96212891394,1.0004001600640255,0.0,68.52,37.621265606242495,39.594,1.0,84,onoff,0.3,499.1946546959086,2.0,11.483967781066895,decoupled,0
10000,0.0007,175.0007206398718,18605.775077970007,34721.6809558993,36372.66094472377,34715.96212891394,1.0004001600640255,0.0,68.52,40.17525200080031,41.58125,1.0,84,onoff,0.3,499.1946546959086,2.0,11.483967781066895,joint_full,0
10000,0.0007,175.0007206398718,18605.775077970007,34721.6809558993,36372.66094472377,34715.96212891394,1.0004001600640255,0.0,68.52,39.11145388155262,40.466,1.0,84,onoff,0.3,499.1946546959086,2.0,11.483967781066895,cliffserve,0
10000,0.3443,225.96802071652365,5718.638991702056,21832.948293727455,23483.726657161882,21827.222125834043,1.3480722566729577,0.0,68.52,31.908430169857105,37.401,1.0,84,onoff,0.3,499.1946546959086,4.0,22.96793556213379,dense,0
10000,0.3443,225.96802071652365,5718.638991702056,21832.948293727455,23483.726657161882,21827.222125834043,1.3480722566729577,0.0,68.52,33.29997236451874,38.72215,1.0,84,onoff,0.3,499.1946546959086,4.0,22.96793556213379,static_pomt,0
10000,0.3443,225.96802071652365,5718.638991702056,21832.948293727455,23483.726657161882,21827.222125834043,1.3480722566729577,0.0,68.52,33.88628552170397,39.013,1.0,84,onoff,0.3,499.1946546959086,4.0,22.96793556213379,decoupled,0
10000,0.3443,225.96802071652365,5718.638991702056,21832.948293727455,23483.726657161882,21827.222125834043,1.3480722566729577,0.0,68.52,36.21407441358857,41.87815,1.0,84,onoff,0.3,499.1946546959086,4.0,22.96793556213379,joint_full,0
10000,0.3443,225.96802071652365,5718.638991702056,21832.948293727455,23483.726657161882,21827.222125834043,1.3480722566729577,0.0,68.52,35.188194661633865,40.598349999999996,1.0,84,onoff,0.3,499.1946546959086,4.0,22.96793556213379,cliffserve,0
10000,1.0,487.13578234215055,11.045938834367917,16.082533668522796,18.542089325127023,9.279564624445765,3.9984006397441023,0.0,68.52,9.208079168332668,11.882,1.0,84,onoff,0.3,499.1946546959086,8.0,45.93587112426758,dense,0
10000,1.0,487.13578234215055,11.045938834367917,16.082533668522796,18.542089325127023,9.279564624445765,3.9984006397441023,0.0,68.52,9.671507397041184,12.503,1.0,84,onoff,0.3,499.1946546959086,8.0,45.93587112426758,static_pomt,0
10000,1.0,487.1387833535008,11.079517158803355,16.163760814223124,18.430895004553257,9.365997933794612,3.9936102236421727,0.6144,68.514144,11.624657348242811,14.57785,1.0,84,onoff,0.3,499.1946546959086,8.0,45.93587112426758,decoupled,0
10000,1.0,487.1387833535008,11.079517158803355,16.163760814223124,18.430895004553257,9.365997933794612,3.9936102236421727,0.6144,68.514144,11.950087060702876,16.13865,1.0,84,onoff,0.3,499.1946546959086,8.0,45.93587112426758,joint_full,0
10000,1.0,487.1387833535008,11.079517158803355,16.163760814223124,18.430895004553257,9.365997933794612,3.9936102236421727,0.6144,68.514144,9.704136182108625,13.02485,1.0,84,onoff,0.3,499.1946546959086,8.0,45.93587112426758,cliffserve,0
10000,1.0,487.13578234215055,11.045938834367917,16.082533668522796,18.542089325127023,9.279564624445765,3.9984006397441023,0.0,68.52,9.233375449820072,11.842,1.0,84,onoff,0.3,499.1946546959086,12.0,68.90380668640137,dense,0
10000,1.0,487.13578234215055,11.045938834367917,16.082533668522796,18.542089325127023,9.279564624445765,3.9984006397441023,0.0,68.52,9.750892842862855,12.544,1.0,84,onoff,0.3,499.1946546959086,12.0,68.90380668640137,static_pomt,0
10000,1.0,487.1387833535008,11.079517158803355,16.163760814223124,18.430895004553257,9.365997933794612,3.9936102236421727,0.6144,68.514144,11.632502396166133,14.597,1.0,84,onoff,0.3,499.1946546959086,12.0,68.90380668640137,decoupled,0
10000,1.0,487.1387833535008,11.079517158803355,16.163760814223124,18.430895004553257,9.365997933794612,3.9936102236421727,0.6144,68.514144,11.946921725239616,16.15,1.0,84,onoff,0.3,499.1946546959086,12.0,68.90380668640137,joint_full,0
10000,1.0,487.1387833535008,11.079517158803355,16.163760814223124,18.430895004553257,9.365997933794612,3.9936102236421727,0.6144,68.514144,9.830684904153355,13.14485,1.0,84,onoff,0.3,499.1946546959086,12.0,68.90380668640137,cliffserve,0
10000,0.0005,174.983049251779,23968.578930328556,46081.30512922227,47918.345044637164,46075.57542701185,1.000300090027008,0.0,68.52,35.54185735720716,37.37,1.0,84,onoff,0.6,998.3893093918172,2.0,11.483967781066895,dense,0
10000,0.0005,174.983049251779,23968.578930328556,46081.30512922227,47918.345044637164,46075.57542701185,1.000300090027008,0.0,68.52,36.904114434330296,38.803,1.0,84,onoff,0.6,998.3893093918172,2.0,11.483967781066895,static_pomt,0
10000,0.0005,174.983049251779,23968.578930328556,46081.30512922227,47918.345044637164,46075.57542701185,1.000300090027008,0.0,68.52,37.36629578873663,39.304,1.0,84,onoff,0.6,998.3893093918172,2.0,11.483967781066895,decoupled,0
10000,0.0005,174.983049251779,23968.578930328556,46081.30512922227,47918.345044637164,46075.57542701185,1.000300090027008,0.0,68.52,40.37615394618385,41.84079999999999,1.0,84,onoff,0.6,998.3893093918172,2.0,11.483967781066895,joint_full,0
10000,0.0005,174.983049251779,23968.578930328556,46081.30512922227,47918.345044637164,46075.57542701185,1.000300090027008,0.0,68.52,39.146825047514255,40.867,1.0,84,onoff,0.6,998.3893093918172,2.0,11.483967781066895,cliffserve,0
10000,0.0057,175.7614790521385,23715.440020511815,45828.18980329454,47665.25062438532,45822.48148494184,1.0049241282283188,0.0,68.52,35.6246418450407,37.5955,1.0,84,onoff,0.6,998.3893093918172,4.0,22.96793556213379,dense,0
10000,0.0057,175.7614790521385,23715.440020511815,45828.18980329454,47665.25062438532,45822.48148494184,1.0049241282283188,0.0,68.52,36.86167159079489,39.4095,1.0,84,onoff,0.6,998.3893093918172,4.0,22.96793556213379,static_pomt,0
10000,0.0057,175.7614790521385,23715.440020511815,45828.18980329454,47665.25062438532,45822.48148494184,1.0049241282283188,0.0,68.52,37.263234750276354,39.3385,1.0,84,onoff,0.6,998.3893093918172,4.0,22.96793556213379,decoupled,0
10000,0.0057,175.7614790521385,23715.440020511815,45828.18980329454,47665.25062438532,45822.48148494184,1.0049241282283188,0.0,68.52,40.303310722540445,43.612,1.0,84,onoff,0.6,998.3893093918172,4.0,22.96793556213379,joint_full,0
10000,0.0057,175.7614790521385,23715.440020511815,45828.18980329454,47665.25062438532,45822.48148494184,1.0049241282283188,0.0,68.52,39.23330529595016,41.002,1.0,84,onoff,0.6,998.3893093918172,4.0,22.96793556213379,cliffserve,0
10000,0.0237,178.60804203993695,22808.283100794026,44921.028545193076,46758.22026015802,44915.32650371015,1.0228086325048584,0.0,68.52,35.4002284954485,37.711,1.0,84,onoff,0.6,998.3893093918172,8.0,45.93587112426758,dense,0
10000,0.0237,178.60804203993695,22808.283100794026,44921.028545193076,46758.22026015802,44915.32650371015,1.0228086325048584,0.0,68.52,36.9974901298967,39.01579999999999,1.0,84,onoff,0.6,998.3893093918172,8.0,45.93587112426758,static_pomt,0
10000,0.0289,179.47628003093374,22537.436874578663,44649.9353980583,46487.65909090086,44644.23766692102,1.0280662074637608,1.5872,68.505344,36.759970494499846,38.963699999999996,1.0,84,onoff,0.6,998.3893093918172,8.0,45.93587112426758,decoupled,0
10000,0.0305,179.74637655372334,22453.569371174046,44566.22336061418,46403.8968809609,44560.51302640855,1.0297600659046442,1.6896,68.50443199999998,39.413856863350844,41.809,1.0,84,onoff,0.6,998.3893093918172,8.0,45.93587112426758,joint_full,0
10000,0.0305,179.74637655372334,22453.569371174046,44566.22336061418,46403.8968809609,44560.51302640855,1.0297600659046442,1.6896,68.50443199999998,39.11307929152507,40.8865,1.0,84,onoff,0.6,998.3893093918172,8.0,45.93587112426758,cliffserve,0
10000,0.0497,182.9528412597909,21478.159892986485,43590.786316971185,45428.814538865525,43585.089534620645,1.050309841403214,0.0,68.52,35.744426530826594,37.691,1.0,84,onoff,0.6,998.3893093918172,12.0,68.90380668640137,dense,0
10000,0.0497,182.9528412597909,21478.159892986485,43590.786316971185,45428.814538865525,43585.089534620645,1.050309841403214,0.0,68.52,37.05302216153764,39.354,1.0,84,onoff,0.6,998.3893093918172,12.0,68.90380668640137,static_pomt,0
10000,0.7717,499.4045732949899,37.00010664382944,8956.86817743652,10793.569210967778,8951.134953616785,3.454231433506045,42.3936,68.130496,32.63148221070812,39.083,1.0,84,onoff,0.6,998.3893093918172,12.0,68.90380668640137,decoupled,0
10000,0.7713,498.8515787398277,37.02230643761686,8979.165141490641,10815.738410467877,8973.330253461543,3.4518467380048325,42.3424,68.131248,35.05772040041422,41.273799999999994,1.0,84,onoff,0.6,998.3893093918172,12.0,68.90380668640137,joint_full,0
10000,0.7713,498.8515787398277,37.02230643761686,8979.165141490641,10815.738410467877,8973.330253461543,3.4518467380048325,42.3424,68.131248,33.37868173973075,40.516,1.0,84,onoff,0.6,998.3893093918172,12.0,68.90380668640137,cliffserve,0
10000,0.001,175.0662402733182,25046.67903668611,48230.931904607656,49782.0939826659,48225.21573680008,1.00080064051241,0.0,68.52,35.48650630504404,37.77549999999999,1.0,84,onoff,0.8,1331.1857458557563,2.0,11.483967781066895,dense,0
10000,0.001,175.0662402733182,25046.67903668611,48230.931904607656,49782.0939826659,48225.21573680008,1.00080064051241,0.0,68.52,37.03444165332266,39.023,1.0,84,onoff,0.8,1331.1857458557563,2.0,11.483967781066895,static_pomt,0
10000,0.001,175.0662402733182,25046.67903668611,48230.931904607656,49782.0939826659,48225.21573680008,1.00080064051241,0.0,68.52,37.46435848678943,39.454,1.0,84,onoff,0.8,1331.1857458557563,2.0,11.483967781066895,decoupled,0
10000,0.001,175.0662402733182,25046.67903668611,48230.931904607656,49782.0939826659,48225.21573680008,1.00080064051241,0.0,68.52,40.483753502802244,42.19,1.0,84,onoff,0.8,1331.1857458557563,2.0,11.483967781066895,joint_full,0
10000,0.001,175.0662402733182,25046.67903668611,48230.931904607656,49782.0939826659,48225.21573680008,1.00080064051241,0.0,68.52,39.219392313851074,41.288,1.0,84,onoff,0.8,1331.1857458557563,2.0,11.483967781066895,cliffserve,0
10000,0.0038,175.47979158100736,24912.07916576593,48096.37370801533,49647.50286824978,48090.61991441811,1.0033109260559847,0.0,68.52,35.76041075549313,37.711,1.0,84,onoff,0.8,1331.1857458557563,4.0,22.96793556213379,dense,0
10000,0.0038,175.47979158100736,24912.07916576593,48096.37370801533,49647.50286824978,48090.61991441811,1.0033109260559847,0.0,68.52,37.172515300491625,39.4347,1.0,84,onoff,0.8,1331.1857458557563,4.0,22.96793556213379,static_pomt,0
10000,0.0038,175.48146674374297,24911.535166093992,48095.82970834339,49646.95886857784,48090.07591474617,1.0033109260559847,0.1024,68.519024,36.809101635396814,39.70129999999999,1.0,84,onoff,0.8,1331.1857458557563,4.0,22.96793556213379,decoupled,0
10000,0.0038,175.48146674374297,24911.535166093992,48095.82970834339,49646.95886857784,48090.07591474617,1.0033109260559847,0.1024,68.519024,40.440487910103336,42.86699999999999,1.0,84,onoff,0.8,1331.1857458557563,4.0,22.96793556213379,joint_full,0
10000,0.0038,175.48146674374297,24911.535166093992,48095.82970834339,49646.95886857784,48090.07591474617,1.0033109260559847,0.1024,68.519024,39.02367502759105,40.456,1.0,84,onoff,0.8,1331.1857458557563,4.0,22.96793556213379,cliffserve,0
10000,0.0126,176.8581788905126,24467.58725292413,47652.40793138111,49203.30329470909,47646.67629128063,1.0119409026512851,0.0,68.52,35.71353906091884,37.751,1.0,84,onoff,0.8,1331.1857458557563,8.0,45.93587112426758,dense,0
10000,0.0126,176.8581788905126,24467.58725292413,47652.40793138111,49203.30329470909,47646.67629128063,1.0119409026512851,0.0,68.52,37.19844565877353,39.27349999999999,1.0,84,onoff,0.8,1331.1857458557563,8.0,45.93587112426758,static_pomt,0
10000,0.0138,177.06551415682821,24401.320003339933,47586.16403093899,49137.10611259735,47580.447456556205,1.0131712259371835,0.768,68.51287999999998,37.49337882472138,39.549949999999995,1.0,84,onoff,0.8,1331.1857458557563,8.0,45.93587112426758,decoupled,0
10000,0.0138,177.06551415682821,24401.320003339933,47586.16403093899,49137.10611259735,47580.447456556205,1.0131712259371835,0.768,68.51287999999998,40.395760992907796,41.909,1.0,84,onoff,0.8,1331.1857458557563,8.0,45.93587112426758,joint_full,0
10000,0.0138,177.06551415682821,24401.320003339933,47586.16403093899,49137.10611259735,47580.447456556205,1.0131712259371835,0.768,68.51287999999998,39.341011448834855,41.508999999999986,1.0,84,onoff,0.8,1331.1857458557563,8.0,45.93587112426758,cliffserve,0
10000,0.0246,178.79373697005917,23855.230038473295,47039.627395087125,48591.03447768486,47033.90947039688,1.0240655401945724,0.0,68.52,35.399995596518174,37.3,1.0,84,onoff,0.8,1331.1857458557563,12.0,68.90380668640137,dense,0
10000,0.0246,178.79373697005917,23855.230038473295,47039.627395087125,48591.03447768486,47033.90947039688,1.0240655401945724,0.0,68.52,36.0328982078853,38.38999999999999,1.0,84,onoff,0.8,1331.1857458557563,12.0,68.90380668640137,static_pomt,0
10000,0.0282,179.41018847498194,23663.243925401854,46847.42984397972,48399.13374733245,46841.59734955395,1.0278548668927947,1.6896,68.50455999999998,37.1092363038339,39.3136,1.0,84,onoff,0.8,1331.1857458557563,12.0,68.90380668640137,decoupled,0
10000,0.0286,179.4752818323001,23643.022645065474,46827.11929605568,48378.87244160927,46821.43226733769,1.0282776349614395,1.7408,68.50415999999998,40.25428401028278,42.179,1.0,84,onoff,0.8,1331.1857458557563,12.0,68.90380668640137,joint_full,0
10000,0.0286,179.4752818323001,23643.022645065474,46827.11929605568,48378.87244160927,46821.43226733769,1.0282776349614395,1.7408,68.50415999999998,38.81531023136247,40.025,1.0,84,onoff,0.8,1331.1857458557563,12.0,68.90380668640137,cliffserve,0
10000,0.0006,175.00068712101958,25118.100895403455,48390.84255972418,50526.36200203807,48385.12373273882,1.0004001600640255,0.0,68.52,35.74028291316527,37.551,1.0,84,onoff,0.95,1580.7830732037105,2.0,11.483967781066895,dense,0
10000,0.0006,175.00068712101958,25118.100895403455,48390.84255972418,50526.36200203807,48385.12373273882,1.0004001600640255,0.0,68.52,37.228081332533016,39.054,1.0,84,onoff,0.95,1580.7830732037105,2.0,11.483967781066895,static_pomt,0
10000,0.0006,175.00068712101958,25118.100895403455,48390.84255972418,50526.36200203807,48385.12373273882,1.0004001600640255,0.0,68.52,37.405602541016414,39.334,1.0,84,onoff,0.95,1580.7830732037105,2.0,11.483967781066895,decoupled,0
10000,0.0006,175.00068712101958,25118.100895403455,48390.84255972418,50526.36200203807,48385.12373273882,1.0004001600640255,0.0,68.52,40.47251210484194,41.66825,1.0,84,onoff,0.95,1580.7830732037105,2.0,11.483967781066895,joint_full,0
10000,0.0006,175.00068712101958,25118.100895403455,48390.84255972418,50526.36200203807,48385.12373273882,1.0004001600640255,0.0,68.52,39.102395958383354,40.4995,1.0,84,onoff,0.95,1580.7830732037105,2.0,11.483967781066895,cliffserve,0
10000,0.003,175.3610281643882,25000.67283105714,48273.49556077036,50408.95558540255,48267.77490947756,1.0026067776218168,0.0,68.52,35.58716292360136,37.561,1.0,84,onoff,0.95,1580.7830732037105,4.0,22.96793556213379,dense,0
10000,0.003,175.3610281643882,25000.67283105714,48273.49556077036,50408.95558540255,48267.77490947756,1.0026067776218168,0.0,68.52,36.91994605975537,38.9665,1.0,84,onoff,0.95,1580.7830732037105,4.0,22.96793556213379,static_pomt,0
10000,0.003,175.36296508424732,25000.042975901197,48272.865705614415,50408.32573024661,48267.14505432161,1.0026067776218168,0.1024,68.519024,37.50499588931221,39.407500000000006,1.0,84,onoff,0.95,1580.7830732037105,4.0,22.96793556213379,decoupled,0
10000,0.003,175.36296508424732,25000.042975901197,48272.865705614415,50408.32573024661,48267.14505432161,1.0026067776218168,0.1024,68.519024,40.22972207740125,41.53835,1.0,84,onoff,0.95,1580.7830732037105,4.0,22.96793556213379,joint_full,0
10000,0.003,175.36296508424732,25000.042975901197,48272.865705614415,50408.32573024661,48267.14505432161,1.0026067776218168,0.1024,68.519024,39.03323601363545,41.031150000000004,1.0,84,onoff,0.95,1580.7830732037105,4.0,22.96793556213379,cliffserve,0
10000,0.011,176.6120632276667,24596.62640285356,47869.68890448126,50005.08246129901,47863.987328558294,1.010407194099222,0.0,68.52,35.44062918055977,37.381,1.0,84,onoff,0.95,1580.7830732037105,8.0,45.93587112426758,dense,0
10000,0.011,176.6120632276667,24596.62640285356,47869.68890448126,50005.08246129901,47863.987328558294,1.010407194099222,0.0,68.52,36.90880761847025,38.843,1.0,84,onoff,0.95,1580.7830732037105,8.0,45.93587112426758,static_pomt,0
10000,0.0118,176.7484148759966,24552.74311017854,47826.0090742639,49961.31820362002,47820.29810770068,1.0112245929821013,0.7168,68.51337599999998,37.51441581555263,39.5246,1.0,84,onoff,0.95,1580.7830732037105,8.0,45.93587112426758,decoupled,0
10000,0.0122,176.82443303695007,24528.419495104383,47801.71478002581,49937.01661286265,47796.00317833933,1.0117361392148927,0.768,68.51287999999998,40.49997470659652,41.96885,1.0,84,onoff,0.95,1580.7830732037105,8.0,45.93587112426758,joint_full,0
10000,0.0122,176.82443303695007,24528.419495104383,47801.71478002581,49937.01661286265,47796.00317833933,1.0117361392148927,0.768,68.51287999999998,39.100818696883856,40.485350000000004,1.0,84,onoff,0.95,1580.7830732037105,8.0,45.93587112426758,cliffserve,0
10000,0.0198,178.01711902576844,24149.408726214002,47422.44170821222,49557.93358377368,47416.73726347002,1.0192640913260627,0.0,68.52,35.57624717154214,37.16,1.0,84,onoff,0.95,1580.7830732037105,12.0,68.90380668640137,dense,0
10000,0.0198,178.01711902576844,24149.408726214002,47422.44170821222,49557.93358377368,47416.73726347002,1.0192640913260627,0.0,68.52,36.95371613495057,38.507000000000005,1.0,84,onoff,0.95,1580.7830732037105,12.0,68.90380668640137,static_pomt,0
10000,0.0222,178.43085111490757,24019.12867975099,47291.93865004095,49427.559915284226,47286.247590928404,1.021763563911311,1.3824,68.50734399999999,37.57743731480535,39.604699999999994,1.0,84,onoff,0.95,1580.7830732037105,12.0,68.90380668640137,decoupled,0
10000,0.0222,178.43085111490757,24019.12867975099,47291.93865004095,49427.559915284226,47286.247590928404,1.021763563911311,1.3824,68.50734399999999,40.585309390007154,42.51,1.0,84,onoff,0.95,1580.7830732037105,12.0,68.90380668640137,joint_full,0
10000,0.0222,178.43085111490757,24019.12867975099,47291.93865004095,49427.559915284226,47286.247590928404,1.021763563911311,1.3824,68.50734399999999,39.119516399305205,40.426,1.0,84,onoff,0.95,1580.7830732037105,12.0,68.90380668640137,cliffserve,0
10000,0.0006,175.00068712101955,25726.685814694993,49074.169007723416,51131.62576268989,49068.45018073806,1.0004001600640255,0.0,68.52,35.38661734693877,37.18,1.0,84,onoff,1.1,1830.380400551665,2.0,11.483967781066895,dense,0
10000,0.0006,175.00068712101955,25726.685814694993,49074.169007723416,51131.62576268989,49068.45018073806,1.0004001600640255,0.0,68.52,37.048979791916764,38.84225,1.0,84,onoff,1.1,1830.380400551665,2.0,11.483967781066895,static_pomt,0
10000,0.0006,175.00068712101955,25726.685814694993,49074.169007723416,51131.62576268989,49068.45018073806,1.0004001600640255,0.0,68.52,37.29626760704282,39.254,1.0,84,onoff,1.1,1830.380400551665,2.0,11.483967781066895,decoupled,0
10000,0.0006,175.00068712101955,25726.685814694993,49074.169007723416,51131.62576268989,49068.45018073806,1.0004001600640255,0.0,68.52,40.44300060024009,42.282250000000005,1.0,84,onoff,1.1,1830.380400551665,2.0,11.483967781066895,joint_full,0
10000,0.0006,175.00068712101955,25726.685814694993,49074.169007723416,51131.62576268989,49068.45018073806,1.0004001600640255,0.0,68.52,38.95464155662265,40.418499999999995,1.0,84,onoff,1.1,1830.380400551665,2.0,11.483967781066895,cliffserve,0
10000,0.0026,175.30823042314844,25626.431686238877,48973.98819591293,51031.39485517817,48968.27398974189,1.0023053021950485,0.0,68.52,35.55910654505362,37.56299999999999,1.0,84,onoff,1.1,1830.380400551665,4.0,22.96793556213379,dense,0
10000,0.0026,175.30823042314844,25626.431686238877,48973.98819591293,51031.39485517817,48968.27398974189,1.0023053021950485,0.0,68.52,37.00914052320337,38.903,1.0,84,onoff,1.1,1830.380400551665,4.0,22.96793556213379,static_pomt,0
10000,0.003,175.36296508424732,25608.627895192734,48956.19215361366,51013.58949089843,48950.471502320856,1.0026067776218168,0.1024,68.519024,37.515292961700425,39.54435,1.0,84,onoff,1.1,1830.380400551665,4.0,22.96793556213379,decoupled,0
10000,0.003,175.36296508424732,25608.627895192734,48956.19215361366,51013.58949089843,48950.471502320856,1.0026067776218168,0.1024,68.519024,40.61477752155604,42.099,1.0,84,onoff,1.1,1830.380400551665,4.0,22.96793556213379,joint_full,0
10000,0.003,175.36296508424732,25608.627895192734,48956.19215361366,51013.58949089843,48950.471502320856,1.0026067776218168,0.1024,68.519024,39.15735762983758,40.803650000000005,1.0,84,onoff,1.1,1830.380400551665,4.0,22.96793556213379,cliffserve,0
10000,0.0098,176.43332691736754,25262.551513509385,48610.35553316364,50667.73618262607,48604.64811250457,1.0092854259184498,0.0,68.52,35.63071406943884,37.56,1.0,84,onoff,1.1,1830.380400551665,8.0,45.93587112426758,dense,0
10000,0.0098,176.43332691736754,25262.551513509385,48610.35553316364,50667.73618262607,48604.64811250457,1.0092854259184498,0.0,68.52,36.66599374243036,38.893,1.0,84,onoff,1.1,1830.380400551665,8.0,45.93587112426758,static_pomt,0
10000,0.0106,176.5655575359468,25220.160460548035,48567.95803348312,50625.28255227881,48562.23025411853,1.0101010101010102,0.6144,68.51427199999999,37.55806393939394,39.46499999999998,1.0,84,onoff,1.1,1830.380400551665,8.0,45.93587112426758,decoupled,0
10000,0.0106,176.5655575359468,25220.160460548035,48567.95803348312,50625.28255227881,48562.23025411853,1.0101010101010102,0.6144,68.51427199999999,40.56157363636363,42.24,1.0,84,onoff,1.1,1830.380400551665,8.0,45.93587112426758,joint_full,0
10000,0.0106,176.5655575359468,25220.160460548035,48567.95803348312,50625.28255227881,48562.23025411853,1.0101010101010102,0.6144,68.51427199999999,39.01419323232324,40.64744999999999,1.0,84,onoff,1.1,1830.380400551665,8.0,45.93587112426758,cliffserve,0
10000,0.017,177.58494962018693,24894.758027629487,48242.64686471709,50299.95077128249,48236.919701426115,1.0165700925078784,0.0,68.52,35.55653990037613,37.45279999999999,1.0,84,onoff,1.1,1830.380400551665,12.0,68.90380668640137,dense,0
10000,0.017,177.58494962018693,24894.758027629487,48242.64686471709,50299.95077128249,48236.919701426115,1.0165700925078784,0.0,68.52,36.96329246721561,38.973,1.0,84,onoff,1.1,1830.380400551665,12.0,68.90380668640137,static_pomt,0
10000,0.0186,177.85236713507462,24809.96353466951,48157.906827943414,50215.24173135596,48152.20523602256,1.018122581958868,1.0752,68.51020799999998,37.406969150885764,39.344,1.0,84,onoff,1.1,1830.380400551665,12.0,68.90380668640137,decoupled,0
10000,0.0194,177.99241715831107,24765.755517797104,48113.551467220874,50170.97603925544,48107.8303646017,1.019056353816366,1.1776,68.509312,40.431039947009076,42.129,1.0,84,onoff,1.1,1830.380400551665,12.0,68.90380668640137,joint_full,0
10000,0.0194,177.99241715831107,24765.755517797104,48113.551467220874,50170.97603925544,48107.8303646017,1.019056353816366,1.1776,68.509312,39.27766228472434,40.881,1.0,84,onoff,1.1,1830.380400551665,12.0,68.90380668640137,cliffserve,0
10000,0.0003,174.94730998811102,18614.327375336063,35191.853480903366,36587.96638004675,35186.12931620285,1.000100010001,0.0,68.52,35.60341504150415,37.5,1.0,85,poisson,0.3,499.1946546959086,2.0,11.483967781066895,dense,0
10000,0.0003,174.94730998811102,18614.327375336063,35191.853480903366,36587.96638004675,35186.12931620285,1.000100010001,0.0,68.52,37.29214281428143,39.274,1.0,85,poisson,0.3,499.1946546959086,2.0,11.483967781066895,static_pomt,0
10000,0.0003,174.94730998811102,18614.327375336063,35191.853480903366,36587.96638004675,35186.12931620285,1.000100010001,0.0,68.52,37.512634263426335,39.534,1.0,85,poisson,0.3,499.1946546959086,2.0,11.483967781066895,decoupled,0
10000,0.0003,174.94730998811102,18614.327375336063,35191.853480903366,36587.96638004675,35186.12931620285,1.000100010001,0.0,68.52,40.49543114311431,42.1991,1.0,85,poisson,0.3,499.1946546959086,2.0,11.483967781066895,joint_full,0
10000,0.0003,174.94730998811102,18614.327375336063,35191.853480903366,36587.96638004675,35186.12931620285,1.000100010001,0.0,68.52,39.25245614561456,40.457,1.0,85,poisson,0.3,499.1946546959086,2.0,11.483967781066895,cliffserve,0
10000,1.0,494.43731930501394,9.68875464301982,13.85455715094522,15.449507965278865,8.03781280984217,2.8686173264486516,0.0,68.52,8.778318129661502,10.029,1.0,85,poisson,0.3,499.1946546959086,4.0,22.96793556213379,dense,0
10000,1.0,494.43731930501394,9.68875464301982,13.85455715094522,15.449507965278865,8.03781280984217,2.8686173264486516,0.0,68.52,9.185059380378657,10.58,1.0,85,poisson,0.3,499.1946546959086,4.0,22.96793556213379,static_pomt,0
10000,1.0,494.43731930501394,9.68875464301982,13.85455715094522,15.449507965278865,8.03781280984217,2.8686173264486516,0.0,68.52,11.137985943775101,12.494,1.0,85,poisson,0.3,499.1946546959086,4.0,22.96793556213379,decoupled,0
10000,1.0,494.43731930501394,9.68875464301982,13.85455715094522,15.449507965278865,8.03781280984217,2.8686173264486516,0.0,68.52,11.206418244406198,13.275,1.0,85,poisson,0.3,499.1946546959086,4.0,22.96793556213379,joint_full,0
10000,1.0,494.43731930501394,9.68875464301982,13.85455715094522,15.449507965278865,8.03781280984217,2.8686173264486516,0.0,68.52,9.259482788296042,10.921,1.0,85,poisson,0.3,499.1946546959086,4.0,22.96793556213379,cliffserve,0
10000,1.0,494.43731930501394,9.68875464301982,13.85455715094522,15.449507965278865,8.03781280984217,2.8686173264486516,0.0,68.52,8.689462707974755,10.00975,1.0,85,poisson,0.3,499.1946546959086,8.0,45.93587112426758,dense,0
10000,1.0,494.43731930501394,9.68875464301982,13.85455715094522,15.449507965278865,8.03781280984217,2.8686173264486516,0.0,68.52,9.105198795180723,10.51675,1.0,85,poisson,0.3,499.1946546959086,8.0,45.93587112426758,static_pomt,0
10000,1.0,494.43731930501394,9.68875464301982,13.85455715094522,15.449507965278865,8.03781280984217,2.8686173264486516,0.0,68.52,11.029197074010328,12.42375,1.0,85,poisson,0.3,499.1946546959086,8.0,45.93587112426758,decoupled,0
10000,1.0,494.43731930501394,9.68875464301982,13.85455715094522,15.449507965278865,8.03781280984217,2.8686173264486516,0.0,68.52,11.229415949512337,13.305,1.0,85,poisson,0.3,499.1946546959086,8.0,45.93587112426758,joint_full,0
10000,1.0,494.43731930501394,9.68875464301982,13.85455715094522,15.449507965278865,8.03781280984217,2.8686173264486516,0.0,68.52,9.260658921399886,10.911,1.0,85,poisson,0.3,499.1946546959086,8.0,45.93587112426758,cliffserve,0
10000,1.0,494.43731930501394,9.68875464301982,13.85455715094522,15.449507965278865,8.03781280984217,2.8686173264486516,0.0,68.52,8.671450946643718,9.999,1.0,85,poisson,0.3,499.1946546959086,12.0,68.90380668640137,dense,0
10000,1.0,494.43731930501394,9.68875464301982,13.85455715094522,15.449507965278865,8.03781280984217,2.8686173264486516,0.0,68.52,9.210213425129087,10.58,1.0,85,poisson,0.3,499.1946546959086,12.0,68.90380668640137,static_pomt,0
10000,1.0,494.43731930501394,9.68875464301982,13.85455715094522,15.449507965278865,8.03781280984217,2.8686173264486516,0.0,68.52,11.077179288582903,12.5015,1.0,85,poisson,0.3,499.1946546959086,12.0,68.90380668640137,decoupled,0
10000,1.0,494.43731930501394,9.68875464301982,13.85455715094522,15.449507965278865,8.03781280984217,2.8686173264486516,0.0,68.52,11.209880091795752,13.295,1.0,85,poisson,0.3,499.1946546959086,12.0,68.90380668640137,joint_full,0
10000,1.0,494.43731930501394,9.68875464301982,13.85455715094522,15.449507965278865,8.03781280984217,2.8686173264486516,0.0,68.52,9.246405048766494,10.861,1.0,85,poisson,0.3,499.1946546959086,12.0,68.90380668640137,cliffserve,0
10000,0.001,175.0527326215314,23562.435466728395,44712.27177232109,46553.62563492961,44706.56350682579,1.0007004903432404,0.0,68.52,35.68720434304012,37.721,1.0,85,poisson,0.6,998.3893093918172,2.0,11.483967781066895,dense,0
10000,0.001,175.0527326215314,23562.435466728395,44712.27177232109,46553.62563492961,44706.56350682579,1.0007004903432404,0.0,68.52,37.05417512258581,39.097,1.0,85,poisson,0.6,998.3893093918172,2.0,11.483967781066895,static_pomt,0
10000,0.001,175.0527326215314,23562.435466728395,44712.27177232109,46553.62563492961,44706.56350682579,1.0007004903432404,0.0,68.52,37.47921895326729,39.634,1.0,85,poisson,0.6,998.3893093918172,2.0,11.483967781066895,decoupled,0
10000,0.001,175.0527326215314,23562.435466728395,44712.27177232109,46553.62563492961,44706.56350682579,1.0007004903432404,0.0,68.52,40.54310487341139,42.403999999999996,1.0,85,poisson,0.6,998.3893093918172,2.0,11.483967781066895,joint_full,0
10000,0.001,175.0527326215314,23562.435466728395,44712.27177232109,46553.62563492961,44706.56350682579,1.0007004903432404,0.0,68.52,39.23211177824477,41.307,1.0,85,poisson,0.6,998.3893093918172,2.0,11.483967781066895,cliffserve,0
10000,0.2262,215.01826617297806,12946.951489410585,34095.1665942987,35935.86308332629,34089.44633665882,1.2376237623762376,0.0,68.52,33.75915705445544,37.25,1.0,85,poisson,0.6,998.3893093918172,4.0,22.96793556213379,dense,0
10000,0.2262,215.01826617297806,12946.951489410585,34095.1665942987,35935.86308332629,34089.44633665882,1.2376237623762376,0.0,68.52,35.92237549504951,38.813,1.0,85,poisson,0.6,998.3893093918172,4.0,22.96793556213379,static_pomt,0
10000,0.2298,215.79022780894735,12780.558082781023,33928.828538926464,35769.73967387385,33923.10997432075,1.2420817289777668,0.1024,68.519024,36.047081728977766,38.974,1.0,85,poisson,0.6,998.3893093918172,4.0,22.96793556213379,decoupled,0
10000,0.2298,215.79138456783753,12780.30869241733,33928.56575196586,35769.49549705691,33922.861313589434,1.2422360248447204,0.3072,68.517072,39.21704161490684,42.12449999999999,1.0,85,poisson,0.6,998.3893093918172,4.0,22.96793556213379,joint_full,0
10000,0.2298,215.79138456783753,12780.30869241733,33928.56575196586,35769.49549705691,33922.861313589434,1.2422360248447204,0.3072,68.517072,37.74241763975155,40.346,1.0,85,poisson,0.6,998.3893093918172,4.0,22.96793556213379,cliffserve,0
10000,1.0,988.3618540125594,12.507201240468476,19.368449374112647,23.467373045081033,10.682248227690016,6.680026720106881,0.0,68.52,11.014796259185038,12.0522,1.0,85,poisson,0.6,998.3893093918172,8.0,45.93587112426758,dense,0
10000,1.0,988.3618540125594,12.507201240468476,19.368449374112647,23.467373045081033,10.682248227690016,6.680026720106881,0.0,68.52,11.700904475617904,13.098400000000016,1.0,85,poisson,0.6,998.3893093918172,8.0,45.93587112426758,static_pomt,0
10000,1.0,988.249328730228,12.440855000700594,18.465864411062075,22.0817737491443,10.441543408999653,6.613756613756614,4.4032,68.478032,13.651830687830687,14.802050000000001,1.0,85,poisson,0.6,998.3893093918172,8.0,45.93587112426758,decoupled,0
10000,1.0,988.249328730228,12.440855000700594,18.465864411062075,22.0817737491443,10.441543408999653,6.613756613756614,4.4032,68.478032,14.95592261904762,16.442500000000006,1.0,85,poisson,0.6,998.3893093918172,8.0,45.93587112426758,joint_full,0
10000,1.0,988.249328730228,12.440855000700594,18.465864411062075,22.0817737491443,10.441543408999653,6.613756613756614,4.4032,68.478032,12.26511177248677,13.295,1.0,85,poisson,0.6,998.3893093918172,8.0,45.93587112426758,cliffserve,0
10000,1.0,988.3618540125594,12.507201240468476,19.368449374112647,23.467373045081033,10.682248227690016,6.680026720106881,0.0,68.52,10.993084836339346,12.0548,1.0,85,poisson,0.6,998.3893093918172,12.0,68.90380668640137,dense,0
10000,1.0,988.3618540125594,12.507201240468476,19.368449374112647,23.467373045081033,10.682248227690016,6.680026720106881,0.0,68.52,11.718013360053439,15.08,1.0,85,poisson,0.6,998.3893093918172,12.0,68.90380668640137,static_pomt,0
10000,1.0,988.249328730228,12.440855000700594,18.465864411062075,22.0817737491443,10.441543408999653,6.613756613756614,4.4032,68.478032,13.628085317460318,14.81745,1.0,85,poisson,0.6,998.3893093918172,12.0,68.90380668640137,decoupled,0
10000,1.0,988.249328730228,12.440855000700594,18.465864411062075,22.0817737491443,10.441543408999653,6.613756613756614,4.4032,68.478032,14.948944444444445,16.411,1.0,85,poisson,0.6,998.3893093918172,12.0,68.90380668640137,joint_full,0
10000,1.0,988.249328730228,12.440855000700594,18.465864411062075,22.0817737491443,10.441543408999653,6.613756613756614,4.4032,68.478032,12.234324074074076,13.4395,1.0,85,poisson,0.6,998.3893093918172,12.0,68.90380668640137,cliffserve,0
10000,0.0006,175.00005153574077,24825.310305805346,47118.28064221146,49070.921211410976,47112.48796852829,1.0004001600640255,0.0,68.52,35.64194207683073,37.54,1.0,85,poisson,0.8,1331.1857458557563,2.0,11.483967781066895,dense,0
10000,0.0006,175.00005153574077,24825.310305805346,47118.28064221146,49070.921211410976,47112.48796852829,1.0004001600640255,0.0,68.52,37.20443597438976,39.07325,1.0,85,poisson,0.8,1331.1857458557563,2.0,11.483967781066895,static_pomt,0
10000,0.0006,175.00005153574077,24825.310305805346,47118.28064221146,49070.921211410976,47112.48796852829,1.0004001600640255,0.0,68.52,37.64119367747099,39.564,1.0,85,poisson,0.8,1331.1857458557563,2.0,11.483967781066895,decoupled,0
10000,0.0006,175.00005153574077,24825.310305805346,47118.28064221146,49070.921211410976,47112.48796852829,1.0004001600640255,0.0,68.52,40.543433373349345,42.159,1.0,85,poisson,0.8,1331.1857458557563,2.0,11.483967781066895,joint_full,0
10000,0.0006,175.00005153574077,24825.310305805346,47118.28064221146,49070.921211410976,47112.48796852829,1.0004001600640255,0.0,68.52,39.44187364945979,41.33025000000001,1.0,85,poisson,0.8,1331.1857458557563,2.0,11.483967781066895,cliffserve,0
10000,0.0138,176.9587178325654,24192.86749073996,46485.80819364788,48438.53137423656,46480.102403390425,1.0120433154539015,0.0,68.52,35.491192794251596,37.33,1.0,85,poisson,0.8,1331.1857458557563,4.0,22.96793556213379,dense,0
10000,0.0138,176.9587178325654,24192.86749073996,46485.80819364788,48438.53137423656,46480.102403390425,1.0120433154539015,0.0,68.52,36.77334632122255,38.643,1.0,85,poisson,0.8,1331.1857458557563,4.0,22.96793556213379,static_pomt,0
10000,0.0138,176.96030260427491,24192.361411066195,46485.30211397411,48438.025294562794,46479.59632371666,1.0120433154539015,0.1024,68.519024,37.10448932294302,39.144,1.0,85,poisson,0.8,1331.1857458557563,4.0,22.96793556213379,decoupled,0
10000,0.0138,176.96030260427491,24192.361411066195,46485.30211397411,48438.025294562794,46479.59632371666,1.0120433154539015,0.1024,68.519024,40.406481226596505,42.22,1.0,85,poisson,0.8,1331.1857458557563,4.0,22.96793556213379,joint_full,0
10000,0.0138,176.96030260427491,24192.361411066195,46485.30211397411,48438.025294562794,46479.59632371666,1.0120433154539015,0.1024,68.519024,39.24486924400364,41.168,1.0,85,poisson,0.8,1331.1857458557563,4.0,22.96793556213379,cliffserve,0
10000,1.0,1315.2805486971797,22.701685020740797,33.371993916613164,37.288109421823386,17.083249762561582,16.260162601626018,0.0,68.52,15.10390243902439,20.11589999999992,1.0,85,poisson,0.8,1331.1857458557563,8.0,45.93587112426758,dense,0
10000,1.0,1315.2805486971797,22.701685020740797,33.371993916613164,37.288109421823386,17.083249762561582,16.260162601626018,0.0,68.52,15.684396747967478,22.176599999999954,1.0,85,poisson,0.8,1331.1857458557563,8.0,45.93587112426758,static_pomt,0
10000,1.0,1316.009861863963,19.89103959564818,29.475627329517955,33.603527859412225,15.354272946852186,14.184397163120567,50.944,68.041584,17.550388652482273,22.783,1.0,85,poisson,0.8,1331.1857458557563,8.0,45.93587112426758,decoupled,0
10000,1.0,1316.009861863963,19.89103959564818,29.475627329517955,33.603527859412225,15.354272946852186,14.184397163120567,50.944,68.041584,19.204662411347517,24.935,1.0,85,poisson,0.8,1331.1857458557563,8.0,45.93587112426758,joint_full,0
10000,1.0,1316.009861863963,19.89103959564818,29.475627329517955,33.603527859412225,15.354272946852186,14.184397163120567,50.944,68.041584,15.738700709219858,20.8598,1.0,85,poisson,0.8,1331.1857458557563,8.0,45.93587112426758,cliffserve,0
10000,1.0,1315.2805486971797,22.701685020740797,33.371993916613164,37.288109421823386,17.083249762561582,16.260162601626018,0.0,68.52,15.003331707317072,18.82099999999999,1.0,85,poisson,0.8,1331.1857458557563,12.0,68.90380668640137,dense,0
10000,1.0,1315.2805486971797,22.701685020740797,33.371993916613164,37.288109421823386,17.083249762561582,16.260162601626018,0.0,68.52,15.848321951219514,21.518299999999982,1.0,85,poisson,0.8,1331.1857458557563,12.0,68.90380668640137,static_pomt,0
10000,1.0,1316.009861863963,19.89103959564818,29.475627329517955,33.603527859412225,15.354272946852186,14.184397163120567,50.944,68.041584,17.513614184397163,22.791,1.0,85,poisson,0.8,1331.1857458557563,12.0,68.90380668640137,decoupled,0
10000,1.0,1316.009861863963,19.89103959564818,29.475627329517955,33.603527859412225,15.354272946852186,14.184397163120567,50.944,68.041584,19.12937730496454,24.865,1.0,85,poisson,0.8,1331.1857458557563,12.0,68.90380668640137,joint_full,0
10000,1.0,1316.009861863963,19.89103959564818,29.475627329517955,33.603527859412225,15.354272946852186,14.184397163120567,50.944,68.041584,15.709733333333334,20.825,1.0,85,poisson,0.8,1331.1857458557563,12.0,68.90380668640137,cliffserve,0
10000,0.0006,175.00005153574077,25415.343889676762,48249.782421330405,50255.14447334281,48243.98974764724,1.0004001600640255,0.0,68.52,35.70530672268907,37.59,1.0,85,poisson,0.95,1580.7830732037105,2.0,11.483967781066895,dense,0
10000,0.0006,175.00005153574077,25415.343889676762,48249.782421330405,50255.14447334281,48243.98974764724,1.0004001600640255,0.0,68.52,36.99016956782713,39.116249999999994,1.0,85,poisson,0.95,1580.7830732037105,2.0,11.483967781066895,static_pomt,0
10000,0.0006,175.00005153574077,25415.343889676762,48249.782421330405,50255.14447334281,48243.98974764724,1.0004001600640255,0.0,68.52,37.25401460584233,39.354,1.0,85,poisson,0.95,1580.7830732037105,2.0,11.483967781066895,decoupled,0
10000,0.0006,175.00005153574077,25415.343889676762,48249.782421330405,50255.14447334281,48243.98974764724,1.0004001600640255,0.0,68.52,40.588966786714685,42.054,1.0,85,poisson,0.95,1580.7830732037105,2.0,11.483967781066895,joint_full,0
10000,0.0006,175.00005153574077,25415.343889676762,48249.782421330405,50255.14447334281,48243.98974764724,1.0004001600640255,0.0,68.52,39.33546438575431,41.478,1.0,85,poisson,0.95,1580.7830732037105,2.0,11.483967781066895,cliffserve,0
10000,0.007,175.9512995771803,25106.46064277811,47940.92501211543,49946.25204837791,47935.21481376071,1.0060362173038229,0.0,68.52,35.65474154929577,37.56,1.0,85,poisson,0.95,1580.7830732037105,4.0,22.96793556213379,dense,0
10000,0.007,175.9512995771803,25106.46064277811,47940.92501211543,49946.25204837791,47935.21481376071,1.0060362173038229,0.0,68.52,37.03174748490947,38.80349999999999,1.0,85,poisson,0.95,1580.7830732037105,4.0,22.96793556213379,static_pomt,0
10000,0.007,175.9512995771803,25106.46064277811,47940.92501211543,49946.25204837791,47935.21481376071,1.0060362173038229,0.0,68.52,37.17090221327968,39.124,1.0,85,poisson,0.95,1580.7830732037105,4.0,22.96793556213379,decoupled,0
10000,0.007,175.9512995771803,25106.46064277811,47940.92501211543,49946.25204837791,47935.21481376071,1.0060362173038229,0.0,68.52,39.974500000000006,42.019,1.0,85,poisson,0.95,1580.7830732037105,4.0,22.96793556213379,joint_full,0
10000,0.007,175.9512995771803,25106.46064277811,47940.92501211543,49946.25204837791,47935.21481376071,1.0060362173038229,0.0,68.52,39.03846790744467,40.907,1.0,85,poisson,0.95,1580.7830732037105,4.0,22.96793556213379,cliffserve,0
10000,0.0478,182.5512609174719,23051.79535361452,45886.12554710288,47891.4776799964,45880.40726724047,1.0472300764477955,0.0,68.52,35.6584588962195,37.657000000000004,1.0,85,poisson,0.95,1580.7830732037105,8.0,45.93587112426758,dense,0
10000,0.0478,182.5512609174719,23051.79535361452,45886.12554710288,47891.4776799964,45880.40726724047,1.0472300764477955,0.0,68.52,37.25255566027857,39.243,1.0,85,poisson,0.95,1580.7830732037105,8.0,45.93587112426758,static_pomt,0
10000,0.0586,184.4064179870773,22501.100122653675,45334.81782944579,47340.446971955214,45329.11394641776,1.0585371017254155,3.1744,68.490848,37.31804530538795,39.234,1.0,85,poisson,0.95,1580.7830732037105,8.0,45.93587112426758,decoupled,0
10000,0.0586,184.4064179870773,22501.100122653675,45334.81782944579,47340.446971955214,45329.11394641776,1.0585371017254155,3.1744,68.490848,40.569522070498564,41.929,1.0,85,poisson,0.95,1580.7830732037105,8.0,45.93587112426758,joint_full,0
10000,0.0586,184.4064179870773,22501.100122653675,45334.81782944579,47340.446971955214,45329.11394641776,1.0585371017254155,3.1744,68.490848,39.07984608870541,40.396,1.0,85,poisson,0.95,1580.7830732037105,8.0,45.93587112426758,cliffserve,0
10000,0.459,295.2290967366903,2147.2383856408096,24979.345383695552,26984.5012887334,24973.625210670423,1.8034265103697025,0.0,68.52,35.066958340847606,37.358200000000004,1.0,85,poisson,0.95,1580.7830732037105,12.0,68.90380668640137,dense,0
10000,0.459,295.2290967366903,2147.2383856408096,24979.345383695552,26984.5012887334,24973.625210670423,1.8034265103697025,0.0,68.52,36.50227556357079,39.001000000000005,1.0,85,poisson,0.95,1580.7830732037105,12.0,68.90380668640137,static_pomt,0
10000,1.0,1560.6007492947874,30.705722260428573,46.65587609059138,54.916386161786605,23.913486220574555,27.47252747252747,63.4368,67.93737600000003,25.165464285714283,35.553850000000004,1.0,85,poisson,0.95,1580.7830732037105,12.0,68.90380668640137,decoupled,0
10000,1.0,1560.6007492947874,30.705722260428573,46.65587609059138,54.916386161786605,23.913486220574555,27.47252747252747,63.4368,67.93737600000003,27.2628021978022,37.549350000000004,1.0,85,poisson,0.95,1580.7830732037105,12.0,68.90380668640137,joint_full,0
10000,1.0,1560.6007492947874,30.705722260428573,46.65587609059138,54.916386161786605,23.913486220574555,27.47252747252747,63.4368,67.93737600000003,23.415837912087913,33.028999999999996,1.0,85,poisson,0.95,1580.7830732037105,12.0,68.90380668640137,cliffserve,0
10000,0.0002,174.94719911931531,25861.644791018847,49089.93175942462,51133.613578774835,49084.20759472411,1.000100010001,0.0,68.52,35.850879987998795,37.751,1.0,85,poisson,1.1,1830.380400551665,2.0,11.483967781066895,dense,0
10000,0.0002,174.94719911931531,25861.644791018847,49089.93175942462,51133.613578774835,49084.20759472411,1.000100010001,0.0,68.52,37.30310941094109,39.225,1.0,85,poisson,1.1,1830.380400551665,2.0,11.483967781066895,static_pomt,0
10000,0.0002,174.94719911931531,25861.644791018847,49089.93175942462,51133.613578774835,49084.20759472411,1.000100010001,0.0,68.52,37.69378357835784,39.635,1.0,85,poisson,1.1,1830.380400551665,2.0,11.483967781066895,decoupled,0
10000,0.0002,174.94719911931531,25861.644791018847,49089.93175942462,51133.613578774835,49084.20759472411,1.000100010001,0.0,68.52,40.366419041904194,41.759,1.0,85,poisson,1.1,1830.380400551665,2.0,11.483967781066895,joint_full,0
10000,0.0002,174.94719911931531,25861.644791018847,49089.93175942462,51133.613578774835,49084.20759472411,1.000100010001,0.0,68.52,39.25235433543354,40.676,1.0,85,poisson,1.1,1830.380400551665,2.0,11.483967781066895,cliffserve,0
10000,0.0062,175.8317049676102,25574.156664025668,48802.44992208044,50846.1122788786,48796.74592377703,1.0053282396702523,0.0,68.52,35.65399678294963,37.48,1.0,85,poisson,1.1,1830.380400551665,4.0,22.96793556213379,dense,0
10000,0.0062,175.8317049676102,25574.156664025668,48802.44992208044,50846.1122788786,48796.74592377703,1.0053282396702523,0.0,68.52,37.059286518548305,38.743,1.0,85,poisson,1.1,1830.380400551665,4.0,22.96793556213379,static_pomt,0
10000,0.0062,175.8317049676102,25574.156664025668,48802.44992208044,50846.1122788786,48796.74592377703,1.0053282396702523,0.0,68.52,37.35205358399517,39.33129999999999,1.0,85,poisson,1.1,1830.380400551665,4.0,22.96793556213379,decoupled,0
10000,0.0062,175.8317049676102,25574.156664025668,48802.44992208044,50846.1122788786,48796.74592377703,1.0053282396702523,0.0,68.52,40.439526791997594,42.189699999999995,1.0,85,poisson,1.1,1830.380400551665,4.0,22.96793556213379,joint_full,0
10000,0.0062,175.8317049676102,25574.156664025668,48802.44992208044,50846.1122788786,48796.74592377703,1.0053282396702523,0.0,68.52,39.27912737508797,40.998,1.0,85,poisson,1.1,1830.380400551665,4.0,22.96793556213379,cliffserve,0
10000,0.0258,178.9357788269359,24587.712201249484,47815.8432744221,49859.841996877105,47810.114602466034,1.0248001639680262,0.0,68.52,35.762520291043245,37.681,1.0,85,poisson,1.1,1830.380400551665,8.0,45.93587112426758,dense,0
10000,0.0258,178.9357788269359,24587.712201249484,47815.8432744221,49859.841996877105,47810.114602466034,1.0248001639680262,0.0,68.52,37.2624287763886,39.194,1.0,85,poisson,1.1,1830.380400551665,8.0,45.93587112426758,static_pomt,0
10000,0.0294,179.5373668819114,24400.384394776705,47628.417881555964,49672.547325594336,47622.71672946971,1.0283833813245578,1.5872,68.50535999999998,37.54688924310983,39.494,1.0,85,poisson,1.1,1830.380400551665,8.0,45.93587112426758,decoupled,0
10000,0.0302,179.66957929277774,24359.431771170977,47587.50349549811,49631.61015613309,47581.78353707354,1.029230135858378,1.6896,68.50438399999999,40.55585714285714,42.57,1.0,85,poisson,1.1,1830.380400551665,8.0,45.93587112426758,joint_full,0
10000,0.0302,179.66957929277774,24359.431771170977,47587.50349549811,49631.61015613309,47581.78353707354,1.029230135858378,1.6896,68.50438399999999,39.121657472210785,41.047,1.0,85,poisson,1.1,1830.380400551665,8.0,45.93587112426758,cliffserve,0
10000,0.0486,182.74334379772955,23423.44139016855,46651.59704064886,48695.33954457989,46645.866693540025,1.048767697954903,0.0,68.52,35.622151651809126,37.430299999999995,1.0,85,poisson,1.1,1830.380400551665,12.0,68.90380668640137,dense,0
10000,0.0486,182.74334379772955,23423.44139016855,46651.59704064886,48695.33954457989,46645.866693540025,1.048767697954903,0.0,68.52,36.94457021499738,38.663,1.0,85,poisson,1.1,1830.380400551665,12.0,68.90380668640137,static_pomt,0
10000,0.0574,184.2817034292361,22966.87817896593,46194.51398832362,48238.42331349125,46188.79829532664,1.0582010582010581,3.3792,68.488976,37.239360423280424,38.86355,1.0,85,poisson,1.1,1830.380400551665,12.0,68.90380668640137,decoupled,0
10000,0.0578,184.36659982876262,22941.961331498507,46169.43704351943,48213.384205019385,46163.72988342802,1.0587612493382743,3.4304,68.48855999999999,40.39100592906299,41.79499999999999,1.0,85,poisson,1.1,1830.380400551665,12.0,68.90380668640137,joint_full,0
10000,0.0578,184.36659982876262,22941.961331498507,46169.43704351943,48213.384205019385,46163.72988342802,1.0587612493382743,3.4304,68.48855999999999,39.22962392800424,40.3868,1.0,85,poisson,1.1,1830.380400551665,12.0,68.90380668640137,cliffserve,0
10000,0.0028,174.65883463313932,17037.97677587746,33322.58195648259,34769.295816371596,33316.87369098729,1.0007004903432404,0.0,68.52,35.491191133793656,37.53,1.0,85,onoff,0.3,499.1946546959086,2.0,11.483967781066895,dense,0
10000,0.0028,174.65883463313932,17037.97677587746,33322.58195648259,34769.295816371596,33316.87369098729,1.0007004903432404,0.0,68.52,37.22930561392975,38.9334,1.0,85,onoff,0.3,499.1946546959086,2.0,11.483967781066895,static_pomt,0
10000,0.0028,174.65883463313932,17037.97677587746,33322.58195648259,34769.295816371596,33316.87369098729,1.0007004903432404,0.0,68.52,37.03458250775543,38.983,1.0,85,onoff,0.3,499.1946546959086,2.0,11.483967781066895,decoupled,0
10000,0.0028,174.65883463313932,17037.97677587746,33322.58195648259,34769.295816371596,33316.87369098729,1.0007004903432404,0.0,68.52,40.19228069648754,41.766999999999996,1.0,85,onoff,0.3,499.1946546959086,2.0,11.483967781066895,joint_full,0
10000,0.0028,174.65883463313932,17037.97677587746,33322.58195648259,34769.295816371596,33316.87369098729,1.0007004903432404,0.0,68.52,38.883857200040026,40.60459999999999,1.0,85,onoff,0.3,499.1946546959086,2.0,11.483967781066895,cliffserve,0
10000,0.2673,210.82429985319902,7219.041686471154,23501.867793909427,24948.29052557311,23496.137408534403,1.2501562695336916,0.0,68.52,33.15809876234529,37.15,1.0,85,onoff,0.3,499.1946546959086,4.0,22.96793556213379,dense,0
10000,0.2673,210.82429985319902,7219.041686471154,23501.867793909427,24948.29052557311,23496.137408534403,1.2501562695336916,0.0,68.52,34.394886235779474,38.7621,1.0,85,onoff,0.3,499.1946546959086,4.0,22.96793556213379,static_pomt,0
10000,0.2689,211.1749516021828,7140.421815808465,23423.165885821698,24869.668768123007,23417.459345237134,1.2523481527864746,0.2048,68.518048,34.940128616155285,38.993,1.0,85,onoff,0.3,499.1946546959086,4.0,22.96793556213379,decoupled,0
10000,0.9999,452.20338580794663,10.970958488936049,16.21244285612419,18.650564307775447,9.285258165465438,3.7439161362785476,0.9216,68.51121599999999,11.620730063646574,16.191,1.0,85,onoff,0.3,499.1946546959086,4.0,22.96793556213379,joint_full,0
10000,0.9999,452.20338580794663,10.970958488936049,16.21244285612419,18.650564307775447,9.285258165465438,3.7439161362785476,0.9216,68.51121599999999,9.5370082366155,13.165,1.0,85,onoff,0.3,499.1946546959086,4.0,22.96793556213379,cliffserve,0
10000,1.0,452.2040028650588,10.94429837494829,16.200113695951355,18.87672093713553,9.261689625895656,3.7467216185837393,0.0,68.52,9.02108654926939,11.873,1.0,85,onoff,0.3,499.1946546959086,8.0,45.93587112426758,dense,0
10000,1.0,452.2040028650588,10.94429837494829,16.200113695951355,18.87672093713553,9.261689625895656,3.7467216185837393,0.0,68.52,9.551781566129637,12.6136,1.0,85,onoff,0.3,499.1946546959086,8.0,45.93587112426758,static_pomt,0
10000,1.0,452.2040028650588,10.960824534643052,16.197888021166744,18.648944093939992,9.246776265133812,3.7467216185837393,1.024,68.51024,11.409763581865867,14.578,1.0,85,onoff,0.3,499.1946546959086,8.0,45.93587112426758,decoupled,0
10000,1.0,452.2040028650588,10.960824534643052,16.197888021166744,18.648944093939992,9.246776265133812,3.7467216185837393,1.024,68.51024,11.582189958786063,16.14,1.0,85,onoff,0.3,499.1946546959086,8.0,45.93587112426758,joint_full,0
10000,1.0,452.2040028650588,10.960824534643052,16.197888021166744,18.648944093939992,9.246776265133812,3.7467216185837393,1.024,68.51024,9.492992506556762,13.125,1.0,85,onoff,0.3,499.1946546959086,8.0,45.93587112426758,cliffserve,0
10000,1.0,452.2040028650588,10.94429837494829,16.200113695951355,18.87672093713553,9.261689625895656,3.7467216185837393,0.0,68.52,8.964135256650431,11.812,1.0,85,onoff,0.3,499.1946546959086,12.0,68.90380668640137,dense,0
10000,1.0,452.2040028650588,10.94429837494829,16.200113695951355,18.87672093713553,9.261689625895656,3.7467216185837393,0.0,68.52,9.412377669539152,12.403,1.0,85,onoff,0.3,499.1946546959086,12.0,68.90380668640137,static_pomt,0
10000,1.0,452.2040028650588,10.960824534643052,16.197888021166744,18.648944093939992,9.246776265133812,3.7467216185837393,1.024,68.51024,11.38005058074185,14.4976,1.0,85,onoff,0.3,499.1946546959086,12.0,68.90380668640137,decoupled,0
10000,1.0,452.2040028650588,10.960824534643052,16.197888021166744,18.648944093939992,9.246776265133812,3.7467216185837393,1.024,68.51024,11.533759835144249,16.12,1.0,85,onoff,0.3,499.1946546959086,12.0,68.90380668640137,joint_full,0
10000,1.0,452.2040028650588,10.960824534643052,16.197888021166744,18.648944093939992,9.246776265133812,3.7467216185837393,1.024,68.51024,9.410264893218432,12.975,1.0,85,onoff,0.3,499.1946546959086,12.0,68.90380668640137,cliffserve,0
10000,0.0022,175.03651426731122,24177.338086416334,45750.448405349984,47629.66341188618,45744.761549437775,1.001001001001001,0.0,68.52,34.27694924924924,36.439,1.0,85,onoff,0.6,998.3893093918172,2.0,11.483967781066895,dense,0
10000,0.0022,175.03651426731122,24177.338086416334,45750.448405349984,47629.66341188618,45744.761549437775,1.001001001001001,0.0,68.52,37.16874294294295,39.204,1.0,85,onoff,0.6,998.3893093918172,2.0,11.483967781066895,static_pomt,0
10000,0.0022,175.03651426731122,24177.338086416334,45750.448405349984,47629.66341188618,45744.761549437775,1.001001001001001,0.0,68.52,37.28311461461462,39.223549999999996,1.0,85,onoff,0.6,998.3893093918172,2.0,11.483967781066895,decoupled,0
10000,0.0022,175.03651426731122,24177.338086416334,45750.448405349984,47629.66341188618,45744.761549437775,1.001001001001001,0.0,68.52,40.462718018018016,42.53549999999999,1.0,85,onoff,0.6,998.3893093918172,2.0,11.483967781066895,joint_full,0
10000,0.0022,175.03651426731122,24177.338086416334,45750.448405349984,47629.66341188618,45744.761549437775,1.001001001001001,0.0,68.52,38.878433133133136,40.166,1.0,85,onoff,0.6,998.3893093918172,2.0,11.483967781066895,cliffserve,0
10000,0.0067,175.682804820995,23967.063128282636,45540.21105355098,47419.405064813574,45534.46794956996,1.004823151125402,0.0,68.52,35.7278570136656,37.741,1.0,85,onoff,0.6,998.3893093918172,4.0,22.96793556213379,dense,0
10000,0.0067,175.682804820995,23967.063128282636,45540.21105355098,47419.405064813574,45534.46794956996,1.004823151125402,0.0,68.52,36.98357948151125,38.954,1.0,85,onoff,0.6,998.3893093918172,4.0,22.96793556213379,static_pomt,0
10000,0.0067,175.682804820995,23967.063128282636,45540.21105355098,47419.405064813574,45534.46794956996,1.004823151125402,0.0,68.52,37.414342041800644,39.374,1.0,85,onoff,0.6,998.3893093918172,4.0,22.96793556213379,decoupled,0
10000,0.0067,175.682804820995,23967.063128282636,45540.21105355098,47419.405064813574,45534.46794956996,1.004823151125402,0.0,68.52,40.257953979099675,41.66699999999998,1.0,85,onoff,0.6,998.3893093918172,4.0,22.96793556213379,joint_full,0
10000,0.0067,175.682804820995,23967.063128282636,45540.21105355098,47419.405064813574,45534.46794956996,1.004823151125402,0.0,68.52,38.794055265273315,40.120499999999986,1.0,85,onoff,0.6,998.3893093918172,4.0,22.96793556213379,cliffserve,0
10000,0.0559,182.68937755316148,21784.424475612002,43357.451515698915,45236.725834778976,43351.74275910902,1.0497585555322275,0.0,68.52,35.310408566029814,37.34,1.0,85,onoff,0.6,998.3893093918172,8.0,45.93587112426758,dense,0
10000,0.0559,182.68937755316148,21784.424475612002,43357.451515698915,45236.725834778976,43351.74275910902,1.0497585555322275,0.0,68.52,36.946044404786896,39.074,1.0,85,onoff,0.6,998.3893093918172,8.0,45.93587112426758,static_pomt,0
10000,0.0591,183.22261765490734,21625.184237899142,43197.85263593245,45077.42437153263,43192.1423799758,1.052853232259423,2.4576,68.497344,37.06378237523689,39.214,1.0,85,onoff,0.6,998.3893093918172,8.0,45.93587112426758,decoupled,0
10000,0.0591,183.22261765490734,21625.184237899142,43197.85263593245,45077.42437153263,43192.1423799758,1.052853232259423,2.4576,68.497344,40.00239408296484,41.6005,1.0,85,onoff,0.6,998.3893093918172,8.0,45.93587112426758,joint_full,0
10000,0.0591,183.22261765490734,21625.184237899142,43197.85263593245,45077.42437153263,43192.1423799758,1.052853232259423,2.4576,68.497344,38.5634995788587,40.61615,1.0,85,onoff,0.6,998.3893093918172,8.0,45.93587112426758,cliffserve,0
10000,0.2154,211.71348139177974,14282.650488268126,35854.09960033647,37732.73497441397,35848.394106004154,1.2391573729863692,0.0,68.52,34.69310247831475,37.13,1.0,85,onoff,0.6,998.3893093918172,12.0,68.90380668640137,dense,0
10000,0.2154,211.71348139177974,14282.650488268126,35854.09960033647,37732.73497441397,35848.394106004154,1.2391573729863692,0.0,68.52,35.93144733581165,38.78894999999999,1.0,85,onoff,0.6,998.3893093918172,12.0,68.90380668640137,static_pomt,0
10000,0.2274,214.55796502815673,13656.433550964583,35227.76768452874,37106.93322232352,35222.04860148183,1.256281407035176,11.8784,68.41112,36.62331381909547,39.254,1.0,85,onoff,0.6,998.3893093918172,12.0,68.90380668640137,decoupled,0
10000,0.2274,214.55796502815673,13656.433550964583,35227.76768452874,37106.93322232352,35222.04860148183,1.256281407035176,11.8784,68.41112,39.43739811557789,41.558,1.0,85,onoff,0.6,998.3893093918172,12.0,68.90380668640137,joint_full,0
10000,0.2274,214.55796502815673,13656.433550964583,35227.76768452874,37106.93322232352,35222.04860148183,1.256281407035176,11.8784,68.41112,38.19704949748744,40.506,1.0,85,onoff,0.6,998.3893093918172,12.0,68.90380668640137,cliffserve,0
10000,0.0019,175.07544999559428,24033.93963327488,46645.839448639534,48506.163472256056,46640.152592727325,1.001001001001001,0.0,68.52,35.614001401401396,37.540549999999996,1.0,85,onoff,0.8,1331.1857458557563,2.0,11.483967781066895,dense,0
10000,0.0019,175.07544999559428,24033.93963327488,46645.839448639534,48506.163472256056,46640.152592727325,1.001001001001001,0.0,68.52,36.960070270270265,39.07894999999999,1.0,85,onoff,0.8,1331.1857458557563,2.0,11.483967781066895,static_pomt,0
10000,0.0019,175.07544999559428,24033.93963327488,46645.839448639534,48506.163472256056,46640.152592727325,1.001001001001001,0.0,68.52,37.474985885885886,39.384,1.0,85,onoff,0.8,1331.1857458557563,2.0,11.483967781066895,decoupled,0
10000,0.0019,175.07544999559428,24033.93963327488,46645.839448639534,48506.163472256056,46640.152592727325,1.001001001001001,0.0,68.52,40.636844144144156,42.31,1.0,85,onoff,0.8,1331.1857458557563,2.0,11.483967781066895,joint_full,0
10000,0.0019,175.07544999559428,24033.93963327488,46645.839448639534,48506.163472256056,46640.152592727325,1.001001001001001,0.0,68.52,39.21749489489489,40.997,1.0,85,onoff,0.8,1331.1857458557563,2.0,11.483967781066895,cliffserve,0
10000,0.0058,175.62044981679082,23856.51770724564,46468.519994486436,48328.779406563124,46462.8043430935,1.0043185698503565,0.0,68.52,35.482829366274984,37.37279999999999,1.0,85,onoff,0.8,1331.1857458557563,4.0,22.96793556213379,dense,0
10000,0.0058,175.62044981679082,23856.51770724564,46468.519994486436,48328.779406563124,46462.8043430935,1.0043185698503565,0.0,68.52,36.97399939740886,38.873,1.0,85,onoff,0.8,1331.1857458557563,4.0,22.96793556213379,static_pomt,0
10000,0.0058,175.62224028178596,23855.937195198825,46467.93948243962,48328.19889451631,46462.223831046686,1.0043185698503565,0.1024,68.519024,37.16115416290047,39.133,1.0,85,onoff,0.8,1331.1857458557563,4.0,22.96793556213379,decoupled,0
10000,0.0058,175.62224028178596,23855.937195198825,46467.93948243962,48328.19889451631,46462.223831046686,1.0043185698503565,0.1024,68.519024,40.1451702319976,41.448,1.0,85,onoff,0.8,1331.1857458557563,4.0,22.96793556213379,joint_full,0
10000,0.0058,175.62224028178596,23855.937195198825,46467.93948243962,48328.19889451631,46462.223831046686,1.0043185698503565,0.1024,68.519024,39.06711569749924,41.027,1.0,85,onoff,0.8,1331.1857458557563,4.0,22.96793556213379,cliffserve,0
10000,0.0162,177.2653097654593,23328.674729721835,45940.42697159158,47800.950459467254,45934.73056665765,1.0146103896103895,0.0,68.52,35.107425121753245,37.46,1.0,85,onoff,0.8,1331.1857458557563,8.0,45.93587112426758,dense,0
10000,0.0162,177.2653097654593,23328.674729721835,45940.42697159158,47800.950459467254,45934.73056665765,1.0146103896103895,0.0,68.52,36.77411089691558,38.863,1.0,85,onoff,0.8,1331.1857458557563,8.0,45.93587112426758,static_pomt,0
10000,0.0162,177.2641886989071,23329.017962591937,45940.768085850345,47801.29701359876,45935.05794826852,1.0145074566298062,0.768,68.51287999999998,37.431752967434306,39.334,1.0,85,onoff,0.8,1331.1857458557563,8.0,45.93587112426758,decoupled,0
10000,0.0166,177.34271066551747,23304.066282646945,45915.810022724734,47776.33525168069,45910.09916356908,1.0150223304912709,0.8192,68.512464,40.48556648396264,42.14404999999999,1.0,85,onoff,0.8,1331.1857458557563,8.0,45.93587112426758,joint_full,0
10000,0.0166,177.34271066551747,23304.066282646945,45915.810022724734,47776.33525168069,45910.09916356908,1.0150223304912709,0.8192,68.512464,38.89500669914738,39.985,1.0,85,onoff,0.8,1331.1857458557563,8.0,45.93587112426758,cliffserve,0
10000,0.0282,179.2098052793862,22716.37988271027,45328.08411496984,47188.71842415937,45322.3544144045,1.0267994660642776,0.0,68.52,35.453443474689394,37.34,1.0,85,onoff,0.8,1331.1857458557563,12.0,68.90380668640137,dense,0
10000,0.0282,179.2098052793862,22716.37988271027,45328.08411496984,47188.71842415937,45322.3544144045,1.0267994660642776,0.0,68.52,36.83297012013554,38.722,1.0,85,onoff,0.8,1331.1857458557563,12.0,68.90380668640137,static_pomt,0
10000,0.0298,179.48149031279408,22631.891600983432,45243.59435235368,47104.3401075805,45237.89320026742,1.0283833813245578,1.6384,68.50500799999999,37.19564397367339,39.053,1.0,85,onoff,0.8,1331.1857458557563,12.0,68.90380668640137,decoupled,0
10000,0.0298,179.48149031279408,22631.891600983432,45243.59435235368,47104.3401075805,45237.89320026742,1.0283833813245578,1.6384,68.50500799999999,40.284036404771705,41.83885,1.0,85,onoff,0.8,1331.1857458557563,12.0,68.90380668640137,joint_full,0
10000,0.0298,179.48149031279408,22631.891600983432,45243.59435235368,47104.3401075805,45237.89320026742,1.0283833813245578,1.6384,68.50500799999999,38.76178105717812,39.72115,1.0,85,onoff,0.8,1331.1857458557563,12.0,68.90380668640137,cliffserve,0
10000,0.0022,175.14170702290906,25794.085076580697,49223.205026897966,51355.58211144025,49217.48917590099,1.0013016921998599,0.0,68.52,35.406088414939425,37.521,1.0,85,onoff,0.95,1580.7830732037105,2.0,11.483967781066895,dense,0
10000,0.0022,175.14170702290906,25794.085076580697,49223.205026897966,51355.58211144025,49217.48917590099,1.0013016921998599,0.0,68.52,36.93397016120957,39.043699999999994,1.0,85,onoff,0.95,1580.7830732037105,2.0,11.483967781066895,static_pomt,0
10000,0.0022,175.14170702290906,25794.085076580697,49223.205026897966,51355.58211144025,49217.48917590099,1.0013016921998599,0.0,68.52,37.220177831180536,39.0937,1.0,85,onoff,0.95,1580.7830732037105,2.0,11.483967781066895,decoupled,0
10000,0.0022,175.14170702290906,25794.085076580697,49223.205026897966,51355.58211144025,49217.48917590099,1.0013016921998599,0.0,68.52,40.51281796335236,42.145999999999994,1.0,85,onoff,0.95,1580.7830732037105,2.0,11.483967781066895,joint_full,0
10000,0.0022,175.14170702290906,25794.085076580697,49223.205026897966,51355.58211144025,49217.48917590099,1.0013016921998599,0.0,68.52,39.29347611895464,41.3077,1.0,85,onoff,0.95,1580.7830732037105,2.0,11.483967781066895,cliffserve,0
10000,0.0054,175.6216383952335,25637.931062470132,49067.0842779966,51199.46031548555,49061.3841211887,1.004217714400482,0.0,68.52,35.61013747740511,37.39234999999999,1.0,85,onoff,0.95,1580.7830732037105,4.0,22.96793556213379,dense,0
10000,0.0054,175.6216383952335,25637.931062470132,49067.0842779966,51199.46031548555,49061.3841211887,1.004217714400482,0.0,68.52,36.63980769230769,38.793,1.0,85,onoff,0.95,1580.7830732037105,4.0,22.96793556213379,static_pomt,0
10000,0.0058,175.68918883207982,25616.090454827005,49045.2362863155,51177.57498175199,49039.505177530824,1.0046212577858147,0.1024,68.519024,37.28493369499698,39.203,1.0,85,onoff,0.95,1580.7830732037105,4.0,22.96793556213379,decoupled,0
10000,0.0058,175.68918883207982,25616.090454827005,49045.2362863155,51177.57498175199,49039.505177530824,1.0046212577858147,0.1024,68.519024,40.42630851918826,42.1025,1.0,85,onoff,0.95,1580.7830732037105,4.0,22.96793556213379,joint_full,0
10000,0.0058,175.68918883207982,25616.090454827005,49045.2362863155,51177.57498175199,49039.505177530824,1.0046212577858147,0.1024,68.519024,39.19963833634719,40.927,1.0,85,onoff,0.95,1580.7830732037105,4.0,22.96793556213379,cliffserve,0
10000,0.0142,177.008547000595,25192.21292019909,48621.1695548864,50753.67235898073,48615.46372133213,1.0128633647320977,0.0,68.52,35.60408113035552,37.4546,1.0,85,onoff,0.95,1580.7830732037105,8.0,45.93587112426758,dense,0
10000,0.0142,177.008547000595,25192.21292019909,48621.1695548864,50753.67235898073,48615.46372133213,1.0128633647320977,0.0,68.52,37.06632452142207,38.9434,1.0,85,onoff,0.95,1580.7830732037105,8.0,45.93587112426758,static_pomt,0
10000,0.0146,177.08215753355418,25168.701413403207,48597.68744855839,50730.22654668386,48591.98022151905,1.013273887931908,0.6656,68.51385599999998,37.547348566217444,39.4046,1.0,85,onoff,0.95,1580.7830732037105,8.0,45.93587112426758,decoupled,0
10000,0.0146,177.08215753355418,25168.701413403207,48597.68744855839,50730.22654668386,48591.98022151905,1.013273887931908,0.6656,68.51385599999998,40.43096291417571,41.788,1.0,85,onoff,0.95,1580.7830732037105,8.0,45.93587112426758,joint_full,0
10000,0.0146,177.08215753355418,25168.701413403207,48597.68744855839,50730.22654668386,48591.98022151905,1.013273887931908,0.6656,68.51385599999998,38.689212888843855,40.506,1.0,85,onoff,0.95,1580.7830732037105,8.0,45.93587112426758,cliffserve,0
10000,0.0226,178.3633781059747,24763.25472618168,48191.96227036434,50324.722515006615,48186.25655044037,1.021346134204882,0.0,68.52,35.95147421101011,37.841,1.0,85,onoff,0.95,1580.7830732037105,12.0,68.90380668640137,dense,0
10000,0.0226,178.3633781059747,24763.25472618168,48191.96227036434,50324.722515006615,48186.25655044037,1.021346134204882,0.0,68.52,36.87837115718517,38.963,1.0,85,onoff,0.95,1580.7830732037105,12.0,68.90380668640137,static_pomt,0
10000,0.025,178.77187425259007,24634.975894699746,48063.86355091053,50196.651104822704,48058.15410147625,1.0238558410975735,1.3312,68.50792,37.37566868024982,39.253699999999995,1.0,85,onoff,0.95,1580.7830732037105,12.0,68.90380668640137,decoupled,0
10000,0.0254,178.8361422533625,24614.88976694172,48043.78535757976,50176.54215095575,48038.056445774615,1.0242753252074157,1.3824,68.507424,40.350693024685036,41.558,1.0,85,onoff,0.95,1580.7830732037105,12.0,68.90380668640137,joint_full,0
10000,0.0254,178.8361422533625,24614.88976694172,48043.78535757976,50176.54215095575,48038.056445774615,1.0242753252074157,1.3824,68.507424,39.07499989757246,40.937,1.0,85,onoff,0.95,1580.7830732037105,12.0,68.90380668640137,cliffserve,0
10000,0.0002,174.94719911931531,26096.419976553625,49942.01524483045,52006.153507982264,49936.291080129944,1.000100010001,0.0,68.52,35.2467707770777,37.159,1.0,85,onoff,1.1,1830.380400551665,2.0,11.483967781066895,dense,0
10000,0.0002,174.94719911931531,26096.419976553625,49942.01524483045,52006.153507982264,49936.291080129944,1.000100010001,0.0,68.52,36.92709300930093,38.833,1.0,85,onoff,1.1,1830.380400551665,2.0,11.483967781066895,static_pomt,0
10000,0.0002,174.94719911931531,26096.419976553625,49942.01524483045,52006.153507982264,49936.291080129944,1.000100010001,0.0,68.52,37.30517651765176,39.173,1.0,85,onoff,1.1,1830.380400551665,2.0,11.483967781066895,decoupled,0
10000,0.0002,174.94719911931531,26096.419976553625,49942.01524483045,52006.153507982264,49936.291080129944,1.000100010001,0.0,68.52,40.5681500150015,42.3009,1.0,85,onoff,1.1,1830.380400551665,2.0,11.483967781066895,joint_full,0
10000,0.0002,174.94719911931531,26096.419976553625,49942.01524483045,52006.153507982264,49936.291080129944,1.000100010001,0.0,68.52,38.991740774077414,40.336,1.0,85,onoff,1.1,1830.380400551665,2.0,11.483967781066895,cliffserve,0
10000,0.0056,175.65647868542834,25865.44677742452,49711.08809994539,51775.18764463521,49705.37244855245,1.0043185698503565,0.0,68.52,35.89468715476549,37.891,1.0,85,onoff,1.1,1830.380400551665,4.0,22.96793556213379,dense,0
10000,0.0056,175.65647868542834,25865.44677742452,49711.08809994539,51775.18764463521,49705.37244855245,1.0043185698503565,0.0,68.52,37.182523049111175,39.083,1.0,85,onoff,1.1,1830.380400551665,4.0,22.96793556213379,static_pomt,0
10000,0.0056,175.6580402181891,25864.940697750753,49710.58202027162,51774.681564961444,49704.866368878684,1.0043185698503565,0.1024,68.519024,37.63486602390279,39.66679999999999,1.0,85,onoff,1.1,1830.380400551665,4.0,22.96793556213379,decoupled,0
10000,0.0056,175.6580402181891,25864.940697750753,49710.58202027162,51774.681564961444,49704.866368878684,1.0043185698503565,0.1024,68.519024,40.566402129155364,42.263199999999976,1.0,85,onoff,1.1,1830.380400551665,4.0,22.96793556213379,joint_full,0
10000,0.0056,175.6580402181891,25864.940697750753,49710.58202027162,51774.681564961444,49704.866368878684,1.0043185698503565,0.1024,68.519024,39.3448986642563,41.108,1.0,85,onoff,1.1,1830.380400551665,4.0,22.96793556213379,cliffserve,0
10000,0.0124,176.7381768975086,25517.485929331488,49362.85163463434,51427.16498290635,49357.139005840625,1.0111223458038423,0.0,68.52,35.39829383215368,37.24055,1.0,85,onoff,1.1,1830.380400551665,8.0,45.93587112426758,dense,0
10000,0.0124,176.7381768975086,25517.485929331488,49362.85163463434,51427.16498290635,49357.139005840625,1.0111223458038423,0.0,68.52,37.11276471183013,38.89849999999999,1.0,85,onoff,1.1,1830.380400551665,8.0,45.93587112426758,static_pomt,0
10000,0.0132,176.8649030969535,25476.772200426763,49322.309447992644,51386.58094493009,49316.59668649515,1.0118385105737124,0.6144,68.51427199999999,37.2498894060508,39.143899999999995,1.0,85,onoff,1.1,1830.380400551665,8.0,45.93587112426758,decoupled,0
10000,0.0132,176.8649030969535,25476.772200426763,49322.309447992644,51386.58094493009,49316.59668649515,1.0118385105737124,0.6144,68.51427199999999,40.032954467267025,41.6889,1.0,85,onoff,1.1,1830.380400551665,8.0,45.93587112426758,joint_full,0
10000,0.0132,176.8649030969535,25476.772200426763,49322.309447992644,51386.58094493009,49316.59668649515,1.0118385105737124,0.6144,68.51427199999999,39.22811656379641,40.786899999999996,1.0,85,onoff,1.1,1830.380400551665,8.0,45.93587112426758,cliffserve,0
10000,0.0195,177.8888869170525,25151.698822102255,48996.747088397344,51061.30551088907,48991.02930783113,1.0183299389002036,0.0,68.52,36.08970193482688,38.13105,1.0,85,onoff,1.1,1830.380400551665,12.0,68.90380668640137,dense,0
10000,0.0195,177.8888869170525,25151.698822102255,48996.747088397344,51061.30551088907,48991.02930783113,1.0183299389002036,0.0,68.52,37.27449592668025,39.23305,1.0,85,onoff,1.1,1830.380400551665,12.0,68.90380668640137,static_pomt,0
10000,0.0212,178.16329027935927,25065.005224308676,48910.1747003444,50974.70614672758,48904.463557995165,1.0199918400652794,1.1264,68.50972799999998,37.48239616483068,39.434850000000004,1.0,85,onoff,1.1,1830.380400551665,12.0,68.90380668640137,decoupled,0
10000,0.0212,178.16329027935927,25065.005224308676,48910.1747003444,50974.70614672758,48904.463557995165,1.0199918400652794,1.1264,68.50972799999998,40.47611709506324,42.217650000000006,1.0,85,onoff,1.1,1830.380400551665,12.0,68.90380668640137,joint_full,0
10000,0.0212,178.16329027935927,25065.005224308676,48910.1747003444,50974.70614672758,48904.463557995165,1.0199918400652794,1.1264,68.50972799999998,39.276309159526726,41.077850000000005,1.0,85,onoff,1.1,1830.380400551665,12.0,68.90380668640137,cliffserve,0
10000,0.0004,174.95853967289867,18536.721325471273,35339.33391149553,36849.61663307663,35333.62503011736,1.0002000400080016,0.0,68.52,35.508009201840366,37.391,1.0,86,poisson,0.3,499.1946546959086,2.0,11.483967781066895,dense,0
10000,0.0004,174.95853967289867,18536.721325471273,35339.33391149553,36849.61663307663,35333.62503011736,1.0002000400080016,0.0,68.52,37.263872474494896,39.024,1.0,86,poisson,0.3,499.1946546959086,2.0,11.483967781066895,static_pomt,0
10000,0.0004,174.95853967289867,18536.721325471273,35339.33391149553,36849.61663307663,35333.62503011736,1.0002000400080016,0.0,68.52,37.44714022804561,39.434,1.0,86,poisson,0.3,499.1946546959086,2.0,11.483967781066895,decoupled,0
10000,0.0004,174.95853967289867,18536.721325471273,35339.33391149553,36849.61663307663,35333.62503011736,1.0002000400080016,0.0,68.52,40.47967043408682,42.069,1.0,86,poisson,0.3,499.1946546959086,2.0,11.483967781066895,joint_full,0
10000,0.0004,174.95853967289867,18536.721325471273,35339.33391149553,36849.61663307663,35333.62503011736,1.0002000400080016,0.0,68.52,39.153815263052614,40.99849999999999,1.0,86,poisson,0.3,499.1946546959086,2.0,11.483967781066895,cliffserve,0
10000,1.0,500.08602160051754,9.75496160560715,13.789886126033705,15.42612117957403,7.981732823770426,2.8977108084613157,0.0,68.52,8.84040741813967,10.049,1.0,86,poisson,0.3,499.1946546959086,4.0,22.96793556213379,dense,0
10000,1.0,500.08602160051754,9.75496160560715,13.789886126033705,15.42612117957403,7.981732823770426,2.8977108084613157,0.0,68.52,9.27276354679803,10.5645,1.0,86,poisson,0.3,499.1946546959086,4.0,22.96793556213379,static_pomt,0
10000,1.0,500.08602160051754,9.75496160560715,13.789886126033705,15.42612117957403,7.981732823770426,2.8977108084613157,0.0,68.52,11.140529121993625,12.423,1.0,86,poisson,0.3,499.1946546959086,4.0,22.96793556213379,decoupled,0
10000,1.0,500.08602160051754,9.75496160560715,13.789886126033705,15.42612117957403,7.981732823770426,2.8977108084613157,0.0,68.52,11.367190379600116,13.29,1.0,86,poisson,0.3,499.1946546959086,4.0,22.96793556213379,joint_full,0
10000,1.0,500.08602160051754,9.75496160560715,13.789886126033705,15.42612117957403,7.981732823770426,2.8977108084613157,0.0,68.52,9.376386554621849,10.951,1.0,86,poisson,0.3,499.1946546959086,4.0,22.96793556213379,cliffserve,0
10000,1.0,500.08602160051754,9.75496160560715,13.789886126033705,15.42612117957403,7.981732823770426,2.8977108084613157,0.0,68.52,8.769488264271226,9.968499999999999,1.0,86,poisson,0.3,499.1946546959086,8.0,45.93587112426758,dense,0
10000,1.0,500.08602160051754,9.75496160560715,13.789886126033705,15.42612117957403,7.981732823770426,2.8977108084613157,0.0,68.52,9.274341929875398,10.57,1.0,86,poisson,0.3,499.1946546959086,8.0,45.93587112426758,static_pomt,0
10000,1.0,500.08602160051754,9.75496160560715,13.789886126033705,15.42612117957403,7.981732823770426,2.8977108084613157,0.0,68.52,11.08970472326862,12.3385,1.0,86,poisson,0.3,499.1946546959086,8.0,45.93587112426758,decoupled,0
10000,1.0,500.08602160051754,9.75496160560715,13.789886126033705,15.42612117957403,7.981732823770426,2.8977108084613157,0.0,68.52,11.305705882352939,13.275500000000001,1.0,86,poisson,0.3,499.1946546959086,8.0,45.93587112426758,joint_full,0
10000,1.0,500.08602160051754,9.75496160560715,13.789886126033705,15.42612117957403,7.981732823770426,2.8977108084613157,0.0,68.52,9.317562735439003,10.87,1.0,86,poisson,0.3,499.1946546959086,8.0,45.93587112426758,cliffserve,0
10000,1.0,500.08602160051754,9.75496160560715,13.789886126033705,15.42612117957403,7.981732823770426,2.8977108084613157,0.0,68.52,8.776519269776877,9.988,1.0,86,poisson,0.3,499.1946546959086,12.0,68.90380668640137,dense,0
10000,1.0,500.08602160051754,9.75496160560715,13.789886126033705,15.42612117957403,7.981732823770426,2.8977108084613157,0.0,68.52,9.273445667922342,10.569,1.0,86,poisson,0.3,499.1946546959086,12.0,68.90380668640137,static_pomt,0
10000,1.0,500.08602160051754,9.75496160560715,13.789886126033705,15.42612117957403,7.981732823770426,2.8977108084613157,0.0,68.52,11.184918284555202,12.437999999999999,1.0,86,poisson,0.3,499.1946546959086,12.0,68.90380668640137,decoupled,0
10000,1.0,500.08602160051754,9.75496160560715,13.789886126033705,15.42612117957403,7.981732823770426,2.8977108084613157,0.0,68.52,11.313470588235296,13.275,1.0,86,poisson,0.3,499.1946546959086,12.0,68.90380668640137,joint_full,0
10000,1.0,500.08602160051754,9.75496160560715,13.789886126033705,15.42612117957403,7.981732823770426,2.8977108084613157,0.0,68.52,9.350337003767024,10.93,1.0,86,poisson,0.3,499.1946546959086,12.0,68.90380668640137,cliffserve,0
10000,0.0006,174.99349786125515,23544.6918414008,44807.50115725057,46705.80028573511,44801.80781950013,1.0004001600640255,0.0,68.52,35.46225940376151,37.29325,1.0,86,poisson,0.6,998.3893093918172,2.0,11.483967781066895,dense,0
10000,0.0006,174.99349786125515,23544.6918414008,44807.50115725057,46705.80028573511,44801.80781950013,1.0004001600640255,0.0,68.52,36.904045218087234,38.813,1.0,86,poisson,0.6,998.3893093918172,2.0,11.483967781066895,static_pomt,0
10000,0.0006,174.99349786125515,23544.6918414008,44807.50115725057,46705.80028573511,44801.80781950013,1.0004001600640255,0.0,68.52,37.501682873149264,39.334,1.0,86,poisson,0.6,998.3893093918172,2.0,11.483967781066895,decoupled,0
10000,0.0006,174.99349786125515,23544.6918414008,44807.50115725057,46705.80028573511,44801.80781950013,1.0004001600640255,0.0,68.52,40.576205382152864,42.32225,1.0,86,poisson,0.6,998.3893093918172,2.0,11.483967781066895,joint_full,0
10000,0.0006,174.99349786125515,23544.6918414008,44807.50115725057,46705.80028573511,44801.80781950013,1.0004001600640255,0.0,68.52,38.88763585434173,40.636250000000004,1.0,86,poisson,0.6,998.3893093918172,2.0,11.483967781066895,cliffserve,0
10000,0.1643,202.1463531568844,15868.28607634419,37132.11205786721,39029.86490029333,37126.41556502835,1.1609008590666356,0.0,68.52,34.7822990480613,37.43,1.0,86,poisson,0.6,998.3893093918172,4.0,22.96793556213379,dense,0
10000,0.1643,202.1463531568844,15868.28607634419,37132.11205786721,39029.86490029333,37126.41556502835,1.1609008590666356,0.0,68.52,36.30955258880892,38.96715,1.0,86,poisson,0.6,998.3893093918172,4.0,22.96793556213379,static_pomt,0
10000,0.1661,202.50734726869885,15780.190796412167,37043.916822447936,38941.58193912504,37038.20955204026,1.1630611770179111,0.3072,68.517072,36.853105489648755,39.49415,1.0,86,poisson,0.6,998.3893093918172,4.0,22.96793556213379,decoupled,0
10000,0.1661,202.50734726869885,15780.190796412167,37043.916822447936,38941.58193912504,37038.20955204026,1.1630611770179111,0.3072,68.517072,39.92032647127239,42.24915,1.0,86,poisson,0.6,998.3893093918172,4.0,22.96793556213379,joint_full,0
10000,0.1661,202.50734726869885,15780.190796412167,37043.916822447936,38941.58193912504,37038.20955204026,1.1630611770179111,0.3072,68.517072,38.51472191207258,41.21935,1.0,86,poisson,0.6,998.3893093918172,4.0,22.96793556213379,cliffserve,0
10000,1.0,999.1732194004545,12.623821629707209,20.087708148101132,25.257892334578905,10.886049693444395,6.83526999316473,0.0,68.52,11.1536001367054,14.33999999999999,1.0,86,poisson,0.6,998.3893093918172,8.0,45.93587112426758,dense,0
10000,1.0,999.1732194004545,12.623821629707209,20.087708148101132,25.257892334578905,10.886049693444395,6.83526999316473,0.0,68.52,11.688814764183185,14.916199999999998,1.0,86,poisson,0.6,998.3893093918172,8.0,45.93587112426758,static_pomt,0
10000,1.0,999.3769088263195,12.569783154551999,19.19303256933621,23.325140660312364,10.63039841931181,6.775067750677507,5.9904,68.46297599999998,13.741943089430894,17.044,1.0,86,poisson,0.6,998.3893093918172,8.0,45.93587112426758,decoupled,0
10000,1.0,999.3769088263195,12.569783154551999,19.19303256933621,23.325140660312364,10.63039841931181,6.775067750677507,5.9904,68.46297599999998,15.013919376693766,19.602,1.0,86,poisson,0.6,998.3893093918172,8.0,45.93587112426758,joint_full,0
10000,1.0,999.3769088263195,12.569783154551999,19.19303256933621,23.325140660312364,10.63039841931181,6.775067750677507,5.9904,68.46297599999998,12.24660704607046,15.7875,1.0,86,poisson,0.6,998.3893093918172,8.0,45.93587112426758,cliffserve,0
10000,1.0,999.1732194004545,12.623821629707209,20.087708148101132,25.257892334578905,10.886049693444395,6.83526999316473,0.0,68.52,11.116647300068353,14.354999999999997,1.0,86,poisson,0.6,998.3893093918172,12.0,68.90380668640137,dense,0
10000,1.0,999.1732194004545,12.623821629707209,20.087708148101132,25.257892334578905,10.886049693444395,6.83526999316473,0.0,68.52,11.679532467532466,15.046999999999999,1.0,86,poisson,0.6,998.3893093918172,12.0,68.90380668640137,static_pomt,0
10000,1.0,999.3769088263195,12.569783154551999,19.19303256933621,23.325140660312364,10.63039841931181,6.775067750677507,5.9904,68.46297599999998,13.717575880758808,14.978,1.0,86,poisson,0.6,998.3893093918172,12.0,68.90380668640137,decoupled,0
10000,1.0,999.3769088263195,12.569783154551999,19.19303256933621,23.325140660312364,10.63039841931181,6.775067750677507,5.9904,68.46297599999998,15.074765582655827,19.75725,1.0,86,poisson,0.6,998.3893093918172,12.0,68.90380668640137,joint_full,0
10000,1.0,999.3769088263195,12.569783154551999,19.19303256933621,23.325140660312364,10.63039841931181,6.775067750677507,5.9904,68.46297599999998,12.242682249322494,13.6755,1.0,86,poisson,0.6,998.3893093918172,12.0,68.90380668640137,cliffserve,0
10000,0.0002,174.94090412657596,24816.75355091478,47194.65846115844,49189.939009062095,47188.94241496818,1.000100010001,0.0,68.52,35.74893359335933,37.54,1.0,86,poisson,0.8,1331.1857458557563,2.0,11.483967781066895,dense,0
10000,0.0002,174.94090412657596,24816.75355091478,47194.65846115844,49189.939009062095,47188.94241496818,1.000100010001,0.0,68.52,37.18290239023902,38.983,1.0,86,poisson,0.8,1331.1857458557563,2.0,11.483967781066895,static_pomt,0
10000,0.0002,174.94090412657596,24816.75355091478,47194.65846115844,49189.939009062095,47188.94241496818,1.000100010001,0.0,68.52,37.68621872187219,39.605,1.0,86,poisson,0.8,1331.1857458557563,2.0,11.483967781066895,decoupled,0
10000,0.0002,174.94090412657596,24816.75355091478,47194.65846115844,49189.939009062095,47188.94241496818,1.000100010001,0.0,68.52,40.468417741774175,41.809000000000005,1.0,86,poisson,0.8,1331.1857458557563,2.0,11.483967781066895,joint_full,0
10000,0.0002,174.94090412657596,24816.75355091478,47194.65846115844,49189.939009062095,47188.94241496818,1.000100010001,0.0,68.52,39.1049597959796,40.848000000000006,1.0,86,poisson,0.8,1331.1857458557563,2.0,11.483967781066895,cliffserve,0
10000,0.0062,175.82377591324845,24529.586368230834,46907.347651546166,48902.48536512498,46901.634792440105,1.0053282396702523,0.0,68.52,35.41750869608928,37.491,1.0,86,poisson,0.8,1331.1857458557563,4.0,22.96793556213379,dense,0
10000,0.0062,175.82377591324845,24529.586368230834,46907.347651546166,48902.48536512498,46901.634792440105,1.0053282396702523,0.0,68.52,37.22034161053583,39.344,1.0,86,poisson,0.8,1331.1857458557563,4.0,22.96793556213379,static_pomt,0
10000,0.0062,175.82377591324845,24529.586368230834,46907.347651546166,48902.48536512498,46901.634792440105,1.0053282396702523,0.0,68.52,37.41546968935357,39.39099999999999,1.0,86,poisson,0.8,1331.1857458557563,4.0,22.96793556213379,decoupled,0
10000,0.0062,175.82377591324845,24529.586368230834,46907.347651546166,48902.48536512498,46901.634792440105,1.0053282396702523,0.0,68.52,40.460236453201965,42.20629999999999,1.0,86,poisson,0.8,1331.1857458557563,4.0,22.96793556213379,joint_full,0
10000,0.0062,175.82377591324845,24529.586368230834,46907.347651546166,48902.48536512498,46901.634792440105,1.0053282396702523,0.0,68.52,39.297172313260276,41.178,1.0,86,poisson,0.8,1331.1857458557563,4.0,22.96793556213379,cliffserve,0
10000,0.2862,232.6559604222682,10635.445478586214,33014.10196761386,35009.770428763666,33008.38090860145,1.3681762210972774,0.0,68.52,34.82346928444384,36.769,1.0,86,poisson,0.8,1331.1857458557563,8.0,45.93587112426758,dense,0
10000,0.2862,232.6559604222682,10635.445478586214,33014.10196761386,35009.770428763666,33008.38090860145,1.3681762210972774,0.0,68.52,36.272142563962234,38.733,1.0,86,poisson,0.8,1331.1857458557563,8.0,45.93587112426758,static_pomt,0
10000,1.0,1330.6554737086904,20.31813541248391,30.656442175727577,35.44251170074818,15.806744494026997,14.792899408284024,53.1456,68.02143999999998,17.66002071005917,22.68475,1.0,86,poisson,0.8,1331.1857458557563,8.0,45.93587112426758,decoupled,0
10000,1.0,1331.1909853345462,20.429331071373554,30.53299531574194,35.999015923451964,15.730112429666985,14.85884101040119,53.4528,68.01812799999998,19.613693907875184,25.081,1.0,86,poisson,0.8,1331.1857458557563,8.0,45.93587112426758,joint_full,0
10000,1.0,1331.1909853345462,20.429331071373554,30.53299531574194,35.999015923451964,15.730112429666985,14.85884101040119,53.4528,68.01812799999998,16.0942867756315,21.063,1.0,86,poisson,0.8,1331.1857458557563,8.0,45.93587112426758,cliffserve,0
10000,1.0,1330.8777033545923,23.72304106532397,34.909590400172775,40.147855187703584,17.639102008366983,17.421602787456447,0.0,68.52,15.611757839721253,22.843,1.0,86,poisson,0.8,1331.1857458557563,12.0,68.90380668640137,dense,0
10000,1.0,1330.8777033545923,23.72304106532397,34.909590400172775,40.147855187703584,17.639102008366983,17.421602787456447,0.0,68.52,16.4200818815331,23.828500000000002,1.0,86,poisson,0.8,1331.1857458557563,12.0,68.90380668640137,static_pomt,0
10000,1.0,1331.1804491711398,20.378390338875306,30.602549411311408,35.382354250558855,15.557950928687227,14.85884101040119,53.4016,68.01854399999999,17.831129271916787,22.9954,1.0,86,poisson,0.8,1331.1857458557563,12.0,68.90380668640137,decoupled,0
10000,1.0,1331.1804491711398,20.378390338875306,30.602549411311408,35.382354250558855,15.557950928687227,14.85884101040119,53.4016,68.01854399999999,19.5551456166419,24.931,1.0,86,poisson,0.8,1331.1857458557563,12.0,68.90380668640137,joint_full,0
10000,1.0,1331.1804491711398,20.378390338875306,30.602549411311408,35.382354250558855,15.557950928687227,14.85884101040119,53.4016,68.01854399999999,16.060812778603268,20.980999999999998,1.0,86,poisson,0.8,1331.1857458557563,12.0,68.90380668640137,cliffserve,0
10000,0.0008,175.0284324756327,25382.49490801733,48288.58159745405,50329.787772671065,48282.866240841846,1.0006003602161297,0.0,68.52,35.003158094856914,37.2,1.0,86,poisson,0.95,1580.7830732037105,2.0,11.483967781066895,dense,0
10000,0.0008,175.0284324756327,25382.49490801733,48288.58159745405,50329.787772671065,48282.866240841846,1.0006003602161297,0.0,68.52,36.75586451871123,38.82235,1.0,86,poisson,0.95,1580.7830732037105,2.0,11.483967781066895,static_pomt,0
10000,0.0008,175.0284324756327,25382.49490801733,48288.58159745405,50329.787772671065,48282.866240841846,1.0006003602161297,0.0,68.52,36.94834760856514,38.933,1.0,86,poisson,0.95,1580.7830732037105,2.0,11.483967781066895,decoupled,0
10000,0.0008,175.0284324756327,25382.49490801733,48288.58159745405,50329.787772671065,48282.866240841846,1.0006003602161297,0.0,68.52,40.543634580748446,42.02835,1.0,86,poisson,0.95,1580.7830732037105,2.0,11.483967781066895,joint_full,0
10000,0.0008,175.0284324756327,25382.49490801733,48288.58159745405,50329.787772671065,48282.866240841846,1.0006003602161297,0.0,68.52,38.75351620972584,40.149150000000006,1.0,86,poisson,0.95,1580.7830732037105,2.0,11.483967781066895,cliffserve,0
10000,0.0056,175.7448672757103,25149.50927774351,48055.44576063821,50096.556699239096,48049.74041677187,1.0049241282283188,0.0,68.52,35.74425645663752,37.771,1.0,86,poisson,0.95,1580.7830732037105,4.0,22.96793556213379,dense,0
10000,0.0056,175.7448672757103,25149.50927774351,48055.44576063821,50096.556699239096,48049.74041677187,1.0049241282283188,0.0,68.52,37.24660024118179,39.214,1.0,86,poisson,0.95,1580.7830732037105,4.0,22.96793556213379,static_pomt,0
10000,0.0056,175.7464450111431,25148.998461169413,48054.934944064116,50096.045882665,48049.229600197774,1.0049241282283188,0.1024,68.519024,37.33638156969149,39.218999999999994,1.0,86,poisson,0.95,1580.7830732037105,4.0,22.96793556213379,decoupled,0
10000,0.0056,175.7464450111431,25148.998461169413,48054.934944064116,50096.045882665,48049.229600197774,1.0049241282283188,0.1024,68.519024,40.18472716309918,41.798500000000004,1.0,86,poisson,0.95,1580.7830732037105,4.0,22.96793556213379,joint_full,0
10000,0.0056,175.7464450111431,25148.998461169413,48054.934944064116,50096.045882665,48049.229600197774,1.0049241282283188,0.1024,68.519024,38.95302381670184,40.6165,1.0,86,poisson,0.95,1580.7830732037105,4.0,22.96793556213379,cliffserve,0
10000,0.0632,185.16363421077546,22254.499877137354,45160.491922361354,47202.34163283475,45154.764781410195,1.0639429726566656,0.0,68.52,35.62968539206298,37.5219,1.0,86,poisson,0.95,1580.7830732037105,8.0,45.93587112426758,dense,0
10000,0.0632,185.16363421077546,22254.499877137354,45160.491922361354,47202.34163283475,45154.764781410195,1.0639429726566656,0.0,68.52,36.986956697521016,38.81400000000001,1.0,86,poisson,0.95,1580.7830732037105,8.0,45.93587112426758,static_pomt,0
10000,0.2404,222.20284579136032,13252.239474219492,36159.26378460596,38200.00061817296,36153.53489659498,1.2993762993762994,15.0016,68.382304,37.15812655925156,38.843,1.0,86,poisson,0.95,1580.7830732037105,8.0,45.93587112426758,decoupled,0
10000,0.2428,222.79833566748042,13132.244675320795,36039.12546945284,38080.00524167665,36033.41410635183,1.3032712107389548,15.2064,68.380352,40.31606998566402,41.922999999999995,1.0,86,poisson,0.95,1580.7830732037105,8.0,45.93587112426758,joint_full,0
10000,0.2428,222.79833566748042,13132.244675320795,36039.12546945284,38080.00524167665,36033.41410635183,1.3032712107389548,15.2064,68.380352,38.7955571484426,40.536,1.0,86,poisson,0.95,1580.7830732037105,8.0,45.93587112426758,cliffserve,0
10000,0.2792,232.38979009350845,11278.922530812433,34185.887665755254,36227.44794784197,34180.18164008329,1.36986301369863,0.0,68.52,34.78480068493151,37.26,1.0,86,poisson,0.95,1580.7830732037105,12.0,68.90380668640137,dense,0
10000,0.2792,232.38979009350845,11278.922530812433,34185.887665755254,36227.44794784197,34180.18164008329,1.36986301369863,0.0,68.52,36.82826479452054,38.923,1.0,86,poisson,0.95,1580.7830732037105,12.0,68.90380668640137,static_pomt,0
10000,1.0,1579.3201988661983,32.72321604878536,54.12871293634565,61.13333292650793,28.900046786046296,29.325513196480937,63.6928,67.93603200000001,26.623648093841645,36.68,1.0,86,poisson,0.95,1580.7830732037105,12.0,68.90380668640137,decoupled,0
10000,1.0,1579.3201988661983,32.72321604878536,54.12871293634565,61.13333292650793,28.900046786046296,29.325513196480937,63.6928,67.93603200000001,28.79757184750733,37.932,1.0,86,poisson,0.95,1580.7830732037105,12.0,68.90380668640137,joint_full,0
10000,1.0,1579.3201988661983,32.72321604878536,54.12871293634565,61.13333292650793,28.900046786046296,29.325513196480937,63.6928,67.93603200000001,25.03260410557185,38.142,1.0,86,poisson,0.95,1580.7830732037105,12.0,68.90380668640137,cliffserve,0
10000,0.0008,175.0284324756327,25814.788259114524,49105.00889809055,51179.632279371785,49099.29354147834,1.0006003602161297,0.0,68.52,35.36919031418851,37.08,1.0,86,poisson,1.1,1830.380400551665,2.0,11.483967781066895,dense,0
10000,0.0008,175.0284324756327,25814.788259114524,49105.00889809055,51179.632279371785,49099.29354147834,1.0006003602161297,0.0,68.52,36.97747388433059,38.71965000000001,1.0,86,poisson,1.1,1830.380400551665,2.0,11.483967781066895,static_pomt,0
10000,0.0008,175.0284324756327,25814.788259114524,49105.00889809055,51179.632279371785,49099.29354147834,1.0006003602161297,0.0,68.52,37.201307684610775,39.067150000000005,1.0,86,poisson,1.1,1830.380400551665,2.0,11.483967781066895,decoupled,0
10000,0.0008,175.0284324756327,25814.788259114524,49105.00889809055,51179.632279371785,49099.29354147834,1.0006003602161297,0.0,68.52,40.67749409645787,42.049,1.0,86,poisson,1.1,1830.380400551665,2.0,11.483967781066895,joint_full,0
10000,0.0008,175.0284324756327,25814.788259114524,49105.00889809055,51179.632279371785,49099.29354147834,1.0006003602161297,0.0,68.52,39.23019161496898,40.92735,1.0,86,poisson,1.1,1830.380400551665,2.0,11.483967781066895,cliffserve,0
10000,0.004,175.50218601506293,25660.583748425743,48950.662036680405,51025.366899027395,48944.95344154758,1.0034115994380894,0.0,68.52,35.75956381697773,37.621,1.0,86,poisson,1.1,1830.380400551665,4.0,22.96793556213379,dense,0
10000,0.004,175.50218601506293,25660.583748425743,48950.662036680405,51025.366899027395,48944.95344154758,1.0034115994380894,0.0,68.52,37.373168773831026,39.17075,1.0,86,poisson,1.1,1830.380400551665,4.0,22.96793556213379,static_pomt,0
10000,0.004,175.50218601506293,25660.583748425743,48950.662036680405,51025.366899027395,48944.95344154758,1.0034115994380894,0.0,68.52,37.54813646397752,39.47175,1.0,86,poisson,1.1,1830.380400551665,4.0,22.96793556213379,decoupled,0
10000,0.0044,175.5748826637799,25636.974276866218,48927.0779470436,51001.74419945674,48921.35499815864,1.0039152695512499,0.1024,68.519024,40.4094894086939,41.598,1.0,86,poisson,1.1,1830.380400551665,4.0,22.96793556213379,joint_full,0
10000,0.0044,175.5748826637799,25636.974276866218,48927.0779470436,51001.74419945674,48921.35499815864,1.0039152695512499,0.1024,68.519024,39.244541009938764,40.276,1.0,86,poisson,1.1,1830.380400551665,4.0,22.96793556213379,cliffserve,0
10000,0.0296,179.56919890641564,24369.693630303642,47660.24917893333,49734.76285250621,47654.54139482898,1.02880658436214,0.0,68.52,35.74210679012346,37.611,1.0,86,poisson,1.1,1830.380400551665,8.0,45.93587112426758,dense,0
10000,0.0296,179.56919890641564,24369.693630303642,47660.24917893333,49734.76285250621,47654.54139482898,1.02880658436214,0.0,68.52,37.21106635802469,39.194,1.0,86,poisson,1.1,1830.380400551665,8.0,45.93587112426758,static_pomt,0
10000,0.0348,180.45656021481355,24095.59459361007,47386.529848598664,49460.96115009742,47380.80590801162,1.034233116144379,2.048,68.501248,37.629101665115314,39.824600000000004,1.0,86,poisson,1.1,1830.380400551665,8.0,45.93587112426758,decoupled,0
10000,0.036,180.64809875234636,24036.858161772987,47327.61908514423,49402.14931926684,47321.89310743732,1.0354110581901015,2.0992,68.50075199999998,40.587292296541726,42.239149999999995,1.0,86,poisson,1.1,1830.380400551665,8.0,45.93587112426758,joint_full,0
10000,0.036,180.64809875234636,24036.858161772987,47327.61908514423,49402.14931926684,47321.89310743732,1.0354110581901015,2.0992,68.50075199999998,39.06134717332781,40.891499999999986,1.0,86,poisson,1.1,1830.380400551665,8.0,45.93587112426758,cliffserve,0
10000,0.0548,183.81275474750626,23084.191464032432,46374.136575721925,48449.533114838174,46368.42733259124,1.0556317956296843,0.0,68.52,35.658087406312674,37.621,1.0,86,poisson,1.1,1830.380400551665,12.0,68.90380668640137,dense,0
10000,0.0548,183.81275474750626,23084.191464032432,46374.136575721925,48449.533114838174,46368.42733259124,1.0556317956296843,0.0,68.52,37.108721313205955,38.964,1.0,86,poisson,1.1,1830.380400551665,12.0,68.90380668640137,static_pomt,0
10000,0.0728,187.0041741660505,22155.635658349296,45445.541725944706,47520.93426215606,45439.81779627723,1.0753844499408538,4.4032,68.479776,37.53995580169911,39.434,1.0,86,poisson,1.1,1830.380400551665,12.0,68.90380668640137,decoupled,0
10000,0.0732,187.09133219961194,22130.714330758354,45420.63380460662,47496.08205337481,45414.9230270378,1.0759629868732516,4.4544,68.47935999999999,40.589421777490855,42.106,1.0,86,poisson,1.1,1830.380400551665,12.0,68.90380668640137,joint_full,0
10000,0.0732,187.09133219961194,22130.714330758354,45420.63380460662,47496.08205337481,45414.9230270378,1.0759629868732516,4.4544,68.47935999999999,39.154875295889816,40.315,1.0,86,poisson,1.1,1830.380400551665,12.0,68.90380668640137,cliffserve,0
10000,0.0006,174.99349786125512,19332.12298843306,35339.8359981754,36337.519375326854,35334.10892636563,1.0004001600640255,0.0,68.52,35.55344877951181,37.4,1.0,86,onoff,0.3,499.1946546959086,2.0,11.483967781066895,dense,0
10000,0.0006,174.99349786125512,19332.12298843306,35339.8359981754,36337.519375326854,35334.10892636563,1.0004001600640255,0.0,68.52,37.13492146858743,38.953,1.0,86,onoff,0.3,499.1946546959086,2.0,11.483967781066895,static_pomt,0
10000,0.0006,174.99349786125512,19332.12298843306,35339.8359981754,36337.519375326854,35334.10892636563,1.0004001600640255,0.0,68.52,37.49495638255302,39.36425,1.0,86,onoff,0.3,499.1946546959086,2.0,11.483967781066895,decoupled,0
10000,0.0006,174.99349786125512,19332.12298843306,35339.8359981754,36337.519375326854,35334.10892636563,1.0004001600640255,0.0,68.52,40.578358943577435,41.8315,1.0,86,onoff,0.3,499.1946546959086,2.0,11.483967781066895,joint_full,0
10000,0.0006,174.99349786125512,19332.12298843306,35339.8359981754,36337.519375326854,35334.10892636563,1.0004001600640255,0.0,68.52,39.2356150460184,40.9895,1.0,86,onoff,0.3,499.1946546959086,2.0,11.483967781066895,cliffserve,0
10000,0.2727,215.47631534032723,8595.179422138996,24603.437783291247,25601.017242447117,24597.717004086877,1.2672665061462425,0.0,68.52,33.52503763781523,37.601,1.0,86,onoff,0.3,499.1946546959086,4.0,22.96793556213379,dense,0
10000,0.2727,215.47631534032723,8595.179422138996,24603.437783291247,25601.017242447117,24597.717004086877,1.2672665061462425,0.0,68.52,34.59571980737549,38.572500000000005,1.0,86,onoff,0.3,499.1946546959086,4.0,22.96793556213379,static_pomt,0
10000,0.2727,215.47631534032723,8595.179422138996,24603.437783291247,25601.017242447117,24597.717004086877,1.2672665061462425,0.3072,68.517072,35.15741490305411,39.084,1.0,86,onoff,0.3,499.1946546959086,4.0,22.96793556213379,decoupled,0
10000,0.2727,215.47631534032723,8595.179422138996,24603.437783291247,25601.017242447117,24597.717004086877,1.2672665061462425,0.4096,68.51609599999999,37.86956938284121,41.272999999999996,1.0,86,onoff,0.3,499.1946546959086,4.0,22.96793556213379,joint_full,0
10000,0.2727,215.47631534032723,8595.179422138996,24603.437783291247,25601.017242447117,24597.717004086877,1.2672665061462425,0.4096,68.51609599999999,36.646433658598404,40.386,1.0,86,onoff,0.3,499.1946546959086,4.0,22.96793556213379,cliffserve,0
10000,1.0,484.6563926370327,11.06653790644009,16.561842652311906,20.475003274434265,9.340465835181792,4.001600640256102,0.0,68.52,9.173220888355342,11.842,1.0,86,onoff,0.3,499.1946546959086,8.0,45.93587112426758,dense,0
10000,1.0,484.6563926370327,11.06653790644009,16.561842652311906,20.475003274434265,9.340465835181792,4.001600640256102,0.0,68.52,9.684814725890355,12.554,1.0,86,onoff,0.3,499.1946546959086,8.0,45.93587112426758,static_pomt,0
10000,1.0,484.6566669937966,11.066830747932954,16.531588157562872,19.82939976153706,9.333016877926088,3.9984006397441023,1.8432,68.502432,11.712062774890043,14.688,1.0,86,onoff,0.3,499.1946546959086,8.0,45.93587112426758,decoupled,0
10000,1.0,484.6566669937966,11.066830747932954,16.531588157562872,19.82939976153706,9.333016877926088,3.9984006397441023,1.8432,68.502432,11.945772491003599,16.19,1.0,86,onoff,0.3,499.1946546959086,8.0,45.93587112426758,joint_full,0
10000,1.0,484.6566669937966,11.066830747932954,16.531588157562872,19.82939976153706,9.333016877926088,3.9984006397441023,1.8432,68.502432,9.757370651739304,13.114,1.0,86,onoff,0.3,499.1946546959086,8.0,45.93587112426758,cliffserve,0
10000,1.0,484.6563926370327,11.06653790644009,16.561842652311906,20.475003274434265,9.340465835181792,4.001600640256102,0.0,68.52,9.175755102040815,11.843,1.0,86,onoff,0.3,499.1946546959086,12.0,68.90380668640137,dense,0
10000,1.0,484.6563926370327,11.06653790644009,16.561842652311906,20.475003274434265,9.340465835181792,4.001600640256102,0.0,68.52,9.718949579831932,12.594,1.0,86,onoff,0.3,499.1946546959086,12.0,68.90380668640137,static_pomt,0
10000,1.0,484.6566669937966,11.066830747932954,16.531588157562872,19.82939976153706,9.333016877926088,3.9984006397441023,1.8432,68.502432,11.718227508996401,14.678,1.0,86,onoff,0.3,499.1946546959086,12.0,68.90380668640137,decoupled,0
10000,1.0,484.6566669937966,11.066830747932954,16.531588157562872,19.82939976153706,9.333016877926088,3.9984006397441023,1.8432,68.502432,11.92294762095162,16.19,1.0,86,onoff,0.3,499.1946546959086,12.0,68.90380668640137,joint_full,0
10000,1.0,484.6566669937966,11.066830747932954,16.531588157562872,19.82939976153706,9.333016877926088,3.9984006397441023,1.8432,68.502432,9.812063574570171,13.165,1.0,86,onoff,0.3,499.1946546959086,12.0,68.90380668640137,cliffserve,0
10000,0.0008,175.0284324756327,23849.97113713491,45470.18343741018,46678.07339416995,45464.468080797975,1.0006003602161297,0.0,68.52,34.95898469081449,37.11935,1.0,86,onoff,0.6,998.3893093918172,2.0,11.483967781066895,dense,0
10000,0.0008,175.0284324756327,23849.97113713491,45470.18343741018,46678.07339416995,45464.468080797975,1.0006003602161297,0.0,68.52,37.172501500900545,38.994,1.0,86,onoff,0.6,998.3893093918172,2.0,11.483967781066895,static_pomt,0
10000,0.0008,175.0284324756327,23849.97113713491,45470.18343741018,46678.07339416995,45464.468080797975,1.0006003602161297,0.0,68.52,37.30707314388633,39.18715,1.0,86,onoff,0.6,998.3893093918172,2.0,11.483967781066895,decoupled,0
10000,0.0008,175.0284324756327,23849.97113713491,45470.18343741018,46678.07339416995,45464.468080797975,1.0006003602161297,0.0,68.52,40.614984590754446,42.77115000000001,1.0,86,onoff,0.6,998.3893093918172,2.0,11.483967781066895,joint_full,0
10000,0.0008,175.0284324756327,23849.97113713491,45470.18343741018,46678.07339416995,45464.468080797975,1.0006003602161297,0.0,68.52,39.045412847708626,40.456,1.0,86,onoff,0.6,998.3893093918172,2.0,11.483967781066895,cliffserve,0
10000,0.0048,175.62604950259924,23655.29627403486,45275.60426582414,46483.38629506602,45269.8995043667,1.004217714400482,0.0,68.52,34.18866509339225,36.73514999999998,1.0,86,onoff,0.6,998.3893093918172,4.0,22.96793556213379,dense,0
10000,0.0048,175.62604950259924,23655.29627403486,45275.60426582414,46483.38629506602,45269.8995043667,1.004217714400482,0.0,68.52,35.34519090178751,38.52435,1.0,86,onoff,0.6,998.3893093918172,4.0,22.96793556213379,static_pomt,0
10000,0.0052,175.693732440911,23633.284210054757,45253.6232739361,46461.39260589614,45247.9121619137,1.0046212577858147,0.1024,68.519024,36.620610608800476,39.58435,1.0,86,onoff,0.6,998.3893093918172,4.0,22.96793556213379,decoupled,0
10000,0.0052,175.693732440911,23633.284210054757,45253.6232739361,46461.39260589614,45247.9121619137,1.0046212577858147,0.1024,68.519024,40.40255545509343,44.01235,1.0,86,onoff,0.6,998.3893093918172,4.0,22.96793556213379,joint_full,0
10000,0.0052,175.693732440911,23633.284210054757,45253.6232739361,46461.39260589614,45247.9121619137,1.0046212577858147,0.1024,68.519024,39.203877034358044,42.14035000000002,1.0,86,onoff,0.6,998.3893093918172,4.0,22.96793556213379,cliffserve,0
10000,0.0488,182.48888941676094,21513.773427236454,43134.28283651957,44342.395064426106,43128.57621885428,1.0473397570171763,0.0,68.52,35.5171116464181,37.456849999999996,1.0,86,onoff,0.6,998.3893093918172,8.0,45.93587112426758,dense,0
10000,0.0488,182.48888941676094,21513.773427236454,43134.28283651957,44342.395064426106,43128.57621885428,1.0473397570171763,0.0,68.52,37.05701110180142,39.104,1.0,86,onoff,0.6,998.3893093918172,8.0,45.93587112426758,static_pomt,0
10000,0.052,183.03032316077292,21351.733572471516,42972.14390991816,44180.47840333049,42966.41189225802,1.050309841403214,2.6624,68.495424,36.33264856632706,39.104,1.0,86,onoff,0.6,998.3893093918172,8.0,45.93587112426758,decoupled,0
10000,0.0536,183.31472312167074,21267.007045495884,42887.27698081621,44095.71058400695,42881.568331419316,1.0521885521885521,2.9184,68.49305599999998,40.258209175084176,42.049,1.0,86,onoff,0.6,998.3893093918172,8.0,45.93587112426758,joint_full,0
10000,0.0536,183.31472312167074,21267.007045495884,42887.27698081621,44095.71058400695,42881.568331419316,1.0521885521885521,2.9184,68.49305599999998,39.018278829966334,40.846,1.0,86,onoff,0.6,998.3893093918172,8.0,45.93587112426758,cliffserve,0
10000,0.13,197.23056957854774,17418.207893836872,39039.01498776564,40246.79097537105,39033.30384200701,1.1407711613050422,0.0,68.52,35.33160529317819,37.421,1.0,86,onoff,0.6,998.3893093918172,12.0,68.90380668640137,dense,0
10000,0.13,197.23056957854774,17418.207893836872,39039.01498776564,40246.79097537105,39033.30384200701,1.1407711613050422,0.0,68.52,36.938823979009804,38.96375,1.0,86,onoff,0.6,998.3893093918172,12.0,68.90380668640137,static_pomt,0
10000,0.9473,842.981658444469,31.34463895837706,198.97014902119574,1407.0660251182346,193.26279082779823,7.633587786259542,51.3536,68.048224,23.88625038167939,38.3795,1.0,86,onoff,0.6,998.3893093918172,12.0,68.90380668640137,decoupled,0
10000,0.9481,845.9888023008543,31.33516148002036,156.82712107186256,1364.8261675256517,151.10070171837742,7.680491551459293,51.4048,68.047904,24.92737019969278,39.65355,1.0,86,onoff,0.6,998.3893093918172,12.0,68.90380668640137,joint_full,0
10000,0.9481,845.9888023008543,31.33516148002036,156.82712107186256,1364.8261675256517,151.10070171837742,7.680491551459293,51.4048,68.047904,23.035940860215053,38.7605,1.0,86,onoff,0.6,998.3893093918172,12.0,68.90380668640137,cliffserve,0
10000,0.0008,175.0284324756327,23867.07346259718,46420.00137740586,48459.68833570962,46414.286020793654,1.0006003602161297,0.0,68.52,35.74838292975786,37.671,1.0,86,onoff,0.8,1331.1857458557563,2.0,11.483967781066895,dense,0
10000,0.0008,175.0284324756327,23867.07346259718,46420.00137740586,48459.68833570962,46414.286020793654,1.0006003602161297,0.0,68.52,37.10999909945968,39.214,1.0,86,onoff,0.8,1331.1857458557563,2.0,11.483967781066895,static_pomt,0
10000,0.0008,175.0284324756327,23867.07346259718,46420.00137740586,48459.68833570962,46414.286020793654,1.0006003602161297,0.0,68.52,37.540884930958576,39.48435,1.0,86,onoff,0.8,1331.1857458557563,2.0,11.483967781066895,decoupled,0
10000,0.0008,175.0284324756327,23867.07346259718,46420.00137740586,48459.68833570962,46414.286020793654,1.0006003602161297,0.0,68.52,40.49674654792876,41.989,1.0,86,onoff,0.8,1331.1857458557563,2.0,11.483967781066895,joint_full,0
10000,0.0008,175.0284324756327,23867.07346259718,46420.00137740586,48459.68833570962,46414.286020793654,1.0006003602161297,0.0,68.52,39.29352181308785,41.167,1.0,86,onoff,0.8,1331.1857458557563,2.0,11.483967781066895,cliffserve,0
10000,0.0036,175.44920967180838,23730.094439855864,46282.859380283095,48322.628640065246,46277.16989718888,1.0031096398836392,0.0,68.52,34.86026331628047,37.381,1.0,86,onoff,0.8,1331.1857458557563,4.0,22.96793556213379,dense,0
10000,0.0036,175.44920967180838,23730.094439855864,46282.859380283095,48322.628640065246,46277.16989718888,1.0031096398836392,0.0,68.52,37.18623613200923,39.224,1.0,86,onoff,0.8,1331.1857458557563,4.0,22.96793556213379,static_pomt,0
10000,0.0036,175.44920967180838,23730.094439855864,46282.859380283095,48322.628640065246,46277.16989718888,1.0031096398836392,0.0,68.52,37.551117464138834,39.46,1.0,86,onoff,0.8,1331.1857458557563,4.0,22.96793556213379,decoupled,0
10000,0.0036,175.44920967180838,23730.094439855864,46282.859380283095,48322.628640065246,46277.16989718888,1.0031096398836392,0.0,68.52,40.61331317082957,42.42,1.0,86,onoff,0.8,1331.1857458557563,4.0,22.96793556213379,joint_full,0
10000,0.0036,175.44920967180838,23730.094439855864,46282.859380283095,48322.628640065246,46277.16989718888,1.0031096398836392,0.0,68.52,39.371939512488716,41.3776,1.0,86,onoff,0.8,1331.1857458557563,4.0,22.96793556213379,cliffserve,0
10000,0.0136,177.01021850972492,23227.236907354643,45780.54684471105,47820.08089722162,45774.84600144837,1.0128633647320977,0.0,68.52,35.20647006988757,37.605,1.0,86,onoff,0.8,1331.1857458557563,8.0,45.93587112426758,dense,0
10000,0.0136,177.01021850972492,23227.236907354643,45780.54684471105,47820.08089722162,45774.84600144837,1.0128633647320977,0.0,68.52,36.34735916134913,38.933,1.0,86,onoff,0.8,1331.1857458557563,8.0,45.93587112426758,static_pomt,0
10000,0.0156,177.34636792945906,23120.33623730307,45673.59545845006,47713.233071351104,45667.88288253758,1.0149193139145438,0.8192,68.51238399999998,36.89250208058459,39.02159999999999,1.0,86,onoff,0.8,1331.1857458557563,8.0,45.93587112426758,decoupled,0
10000,0.0164,177.47875458518678,23078.348286024382,45631.52721470807,47671.18552243238,45625.78697802041,1.015744032503809,0.8704,68.511968,40.301770340274246,42.40719999999999,1.0,86,onoff,0.8,1331.1857458557563,8.0,45.93587112426758,joint_full,0
10000,0.0164,177.47875458518678,23078.348286024382,45631.52721470807,47671.18552243238,45625.78697802041,1.015744032503809,0.8704,68.511968,39.04975043169122,41.00499999999999,1.0,86,onoff,0.8,1331.1857458557563,8.0,45.93587112426758,cliffserve,0
10000,0.0268,179.15382831309648,22551.246610990813,45104.42930475686,47143.98760806566,45098.721069707615,1.0264832683227263,0.0,68.52,35.8143936563334,37.801,1.0,86,onoff,0.8,1331.1857458557563,12.0,68.90380668640137,dense,0
10000,0.0268,179.15382831309648,22551.246610990813,45104.42930475686,47143.98760806566,45098.721069707615,1.0264832683227263,0.0,68.52,37.247736912338326,39.504,1.0,86,onoff,0.8,1331.1857458557563,12.0,68.90380668640137,static_pomt,0
10000,0.0304,179.7623429209397,22362.03923641806,44915.41609474633,46955.044882626586,44909.699805035336,1.0300782859497322,1.792,68.50366399999999,37.3521058920478,39.294,1.0,86,onoff,0.8,1331.1857458557563,12.0,68.90380668640137,decoupled,0
10000,0.0316,179.96566383131298,22299.07261191969,44852.69099165414,46892.0823078919,44846.99789885495,1.0313531353135315,1.8432,68.50316799999999,40.44809498762376,41.9915,1.0,86,onoff,0.8,1331.1857458557563,12.0,68.90380668640137,joint_full,0
10000,0.0316,179.96566383131298,22299.07261191969,44852.69099165414,46892.0823078919,44846.99789885495,1.0313531353135315,1.8432,68.50316799999999,39.00441491336633,40.896,1.0,86,onoff,0.8,1331.1857458557563,12.0,68.90380668640137,cliffserve,0
10000,0.0008,175.02843247563274,26249.281518833748,49595.28164751214,51733.459281602096,49589.56629089994,1.0006003602161297,0.0,68.52,35.66519841905143,37.541,1.0,86,onoff,0.95,1580.7830732037105,2.0,11.483967781066895,dense,0
10000,0.0008,175.02843247563274,26249.281518833748,49595.28164751214,51733.459281602096,49589.56629089994,1.0006003602161297,0.0,68.52,36.58841775065039,39.184,1.0,86,onoff,0.95,1580.7830732037105,2.0,11.483967781066895,static_pomt,0
10000,0.0008,175.02843247563274,26249.281518833748,49595.28164751214,51733.459281602096,49589.56629089994,1.0006003602161297,0.0,68.52,37.30870552331399,39.214,1.0,86,onoff,0.95,1580.7830732037105,2.0,11.483967781066895,decoupled,0
10000,0.0008,175.02843247563274,26249.281518833748,49595.28164751214,51733.459281602096,49589.56629089994,1.0006003602161297,0.0,68.52,40.23503792275365,41.8525,1.0,86,onoff,0.95,1580.7830732037105,2.0,11.483967781066895,joint_full,0
10000,0.0008,175.02843247563274,26249.281518833748,49595.28164751214,51733.459281602096,49589.56629089994,1.0006003602161297,0.0,68.52,39.12112127276366,40.850500000000004,1.0,86,onoff,0.95,1580.7830732037105,2.0,11.483967781066895,cliffserve,0
10000,0.0032,175.3887222324972,26131.92595233213,49477.779413387005,51616.03173850556,49472.04990636987,1.0028078620136383,0.0,68.52,35.631289209787404,37.631,1.0,86,onoff,0.95,1580.7830732037105,4.0,22.96793556213379,dense,0
10000,0.0032,175.3887222324972,26131.92595233213,49477.779413387005,51616.03173850556,49472.04990636987,1.0028078620136383,0.0,68.52,35.88199298034497,38.561999999999976,1.0,86,onoff,0.95,1580.7830732037105,4.0,22.96793556213379,static_pomt,0
10000,0.0036,175.45606501326884,26110.054624455086,49455.929463502594,51594.18289550324,49450.21234659833,1.0032102728731942,0.1024,68.519024,37.51142325441412,39.534,1.0,86,onoff,0.95,1580.7830732037105,4.0,22.96793556213379,decoupled,0
10000,0.0036,175.45606501326884,26110.054624455086,49455.929463502594,51594.18289550324,49450.21234659833,1.0032102728731942,0.1024,68.519024,40.56055638041733,42.18,1.0,86,onoff,0.95,1580.7830732037105,4.0,22.96793556213379,joint_full,0
10000,0.0036,175.45606501326884,26110.054624455086,49455.929463502594,51594.18289550324,49450.21234659833,1.0032102728731942,0.1024,68.519024,39.1425790529695,41.01765,1.0,86,onoff,0.95,1580.7830732037105,4.0,22.96793556213379,cliffserve,0
10000,0.0116,176.71641549408108,25703.52088202726,49049.72519621534,51187.61251110096,49044.00190162344,1.0111223458038423,0.0,68.52,35.58829838220425,37.551,1.0,86,onoff,0.95,1580.7830732037105,8.0,45.93587112426758,dense,0
10000,0.0116,176.71641549408108,25703.52088202726,49049.72519621534,51187.61251110096,49044.00190162344,1.0111223458038423,0.0,68.52,37.071048028311424,38.96355,1.0,86,onoff,0.95,1580.7830732037105,8.0,45.93587112426758,static_pomt,0
10000,0.0124,176.84502853022374,25662.294100182167,49008.54822859449,51146.529351597026,49002.827574083036,1.0118385105737124,0.6656,68.51385599999998,37.453097642416274,39.43299999999999,1.0,86,onoff,0.95,1580.7830732037105,8.0,45.93587112426758,decoupled,0
10000,0.0124,176.84502853022374,25662.294100182167,49008.54822859449,51146.529351597026,49002.827574083036,1.0118385105737124,0.6656,68.51385599999998,40.649943842962664,42.3099,1.0,86,onoff,0.95,1580.7830732037105,8.0,45.93587112426758,joint_full,0
10000,0.0124,176.84502853022374,25662.294100182167,49008.54822859449,51146.529351597026,49002.827574083036,1.0118385105737124,0.6656,68.51385599999998,39.14777800263079,41.047,1.0,86,onoff,0.95,1580.7830732037105,8.0,45.93587112426758,cliffserve,0
10000,0.0212,178.25736398301717,25214.327640431038,48560.563756176656,50698.81429980297,48554.87275621576,1.0208248264597795,0.0,68.52,35.83258340138833,37.761,1.0,86,onoff,0.95,1580.7830732037105,12.0,68.90380668640137,dense,0
10000,0.0212,178.25736398301717,25214.327640431038,48560.563756176656,50698.81429980297,48554.87275621576,1.0208248264597795,0.0,68.52,37.19690128623928,39.3365,1.0,86,onoff,0.95,1580.7830732037105,12.0,68.90380668640137,static_pomt,0
10000,0.0236,178.66190247617027,25087.182666914574,48433.39704594297,50571.721041183664,48427.69274520559,1.0232272587741738,1.3824,68.507424,37.655259388110096,40.55459999999999,1.0,86,onoff,0.95,1580.7830732037105,12.0,68.90380668640137,decoupled,0
10000,0.0236,178.66190247617027,25087.182666914574,48433.39704594297,50571.721041183664,48427.69274520559,1.0232272587741738,1.3824,68.507424,39.977473958866256,42.44799999999999,1.0,86,onoff,0.95,1580.7830732037105,12.0,68.90380668640137,joint_full,0
10000,0.0236,178.66190247617027,25087.182666914574,48433.39704594297,50571.721041183664,48427.69274520559,1.0232272587741738,1.3824,68.507424,39.21098823288653,40.420199999999994,1.0,86,onoff,0.95,1580.7830732037105,12.0,68.90380668640137,cliffserve,0
10000,0.0008,175.0284324756327,25838.6536125601,49211.493167046334,51152.517214833504,49205.77781043413,1.0006003602161297,0.0,68.52,35.5356291775065,37.25,1.0,86,onoff,1.1,1830.380400551665,2.0,11.483967781066895,dense,0
10000,0.0008,175.0284324756327,25838.6536125601,49211.493167046334,51152.517214833504,49205.77781043413,1.0006003602161297,0.0,68.52,36.99152461476886,38.463,1.0,86,onoff,1.1,1830.380400551665,2.0,11.483967781066895,static_pomt,0
10000,0.0008,175.0284324756327,25838.6536125601,49211.493167046334,51152.517214833504,49205.77781043413,1.0006003602161297,0.0,68.52,37.14886071642986,38.983,1.0,86,onoff,1.1,1830.380400551665,2.0,11.483967781066895,decoupled,0
10000,0.0008,175.0284324756327,25838.6536125601,49211.493167046334,51152.517214833504,49205.77781043413,1.0006003602161297,0.0,68.52,40.47679757854713,41.46850000000001,1.0,86,onoff,1.1,1830.380400551665,2.0,11.483967781066895,joint_full,0
10000,0.0008,175.0284324756327,25838.6536125601,49211.493167046334,51152.517214833504,49205.77781043413,1.0006003602161297,0.0,68.52,39.14420032019211,40.937,1.0,86,onoff,1.1,1830.380400551665,2.0,11.483967781066895,cliffserve,0
10000,0.0028,175.33581632783157,25738.50094193823,49111.213655856875,51052.33302074552,49105.487108877925,1.0025062656641603,0.0,68.52,35.56435127819549,37.431,1.0,86,onoff,1.1,1830.380400551665,4.0,22.96793556213379,dense,0
10000,0.0028,175.33581632783157,25738.50094193823,49111.213655856875,51052.33302074552,49105.487108877925,1.0025062656641603,0.0,68.52,37.15613203007519,39.0333,1.0,86,onoff,1.1,1830.380400551665,4.0,22.96793556213379,static_pomt,0
10000,0.0032,175.3902995821417,25720.785278266736,49093.47816512945,51034.57690394521,49087.748658112316,1.0028078620136383,0.1024,68.519024,37.418292218210986,39.395,1.0,86,onoff,1.1,1830.380400551665,4.0,22.96793556213379,decoupled,0
10000,0.0032,175.3902995821417,25720.785278266736,49093.47816512945,51034.57690394521,49087.748658112316,1.0028078620136383,0.1024,68.519024,40.61677998395508,42.56449999999999,1.0,86,onoff,1.1,1830.380400551665,4.0,22.96793556213379,joint_full,0
10000,0.0032,175.3902995821417,25720.785278266736,49093.47816512945,51034.57690394521,49087.748658112316,1.0028078620136383,0.1024,68.519024,39.24067478941034,41.147,1.0,86,onoff,1.1,1830.380400551665,4.0,22.96793556213379,cliffserve,0
10000,0.01,176.46553240513978,25373.26231998808,48746.371347836284,50687.09886015535,48740.64987581137,1.0095911155981827,0.0,68.52,35.55793286219081,37.521,1.0,86,onoff,1.1,1830.380400551665,8.0,45.93587112426758,dense,0
10000,0.01,176.46553240513978,25373.26231998808,48746.371347836284,50687.09886015535,48740.64987581137,1.0095911155981827,0.0,68.52,37.22565996971227,38.99099999999999,1.0,86,onoff,1.1,1830.380400551665,8.0,45.93587112426758,static_pomt,0
10000,0.0108,176.5924411776919,25332.557776397534,48705.691846040514,50646.37019132734,48699.983297351624,1.0103051121438675,0.6144,68.51427199999999,37.503744190745614,39.123,1.0,86,onoff,1.1,1830.380400551665,8.0,45.93587112426758,decoupled,0
10000,0.0108,176.5924411776919,25332.557776397534,48705.691846040514,50646.37019132734,48699.983297351624,1.0103051121438675,0.6144,68.51427199999999,40.55697353000607,42.281349999999996,1.0,86,onoff,1.1,1830.380400551665,8.0,45.93587112426758,joint_full,0
10000,0.0108,176.5924411776919,25332.557776397534,48705.691846040514,50646.37019132734,48699.983297351624,1.0103051121438675,0.6144,68.51427199999999,39.20988189533239,41.19949999999999,1.0,86,onoff,1.1,1830.380400551665,8.0,45.93587112426758,cliffserve,0
10000,0.0184,177.80034407774977,24948.06366700537,48321.004141978054,50262.12080323339,48315.26192598703,1.017915309446254,0.0,68.52,35.57227656758958,37.5795,1.0,86,onoff,1.1,1830.380400551665,12.0,68.90380668640137,dense,0
10000,0.0184,177.80034407774977,24948.06366700537,48321.004141978054,50262.12080323339,48315.26192598703,1.017915309446254,0.0,68.52,36.8801519747557,39.134,1.0,86,onoff,1.1,1830.380400551665,12.0,68.90380668640137,static_pomt,0
10000,0.02,178.07542688184574,24861.11659545309,48234.12359362009,50175.22773196817,48228.410639861846,1.0195758564437194,1.1776,68.509312,37.23674459624796,39.303,1.0,86,onoff,1.1,1830.380400551665,12.0,68.90380668640137,decoupled,0
10000,0.02,178.07542688184574,24861.11659545309,48234.12359362009,50175.22773196817,48228.410639861846,1.0195758564437194,1.1776,68.509312,40.474444637031,42.33965,1.0,86,onoff,1.1,1830.380400551665,12.0,68.90380668640137,joint_full,0
10000,0.02,178.07542688184574,24861.11659545309,48234.12359362009,50175.22773196817,48228.410639861846,1.0195758564437194,1.1776,68.509312,39.373051896411084,40.782849999999996,1.0,86,onoff,1.1,1830.380400551665,12.0,68.90380668640137,cliffserve,0
10000,0.0003,174.94590388236563,18571.281333062412,35318.59605433006,36788.6010478937,35312.89453121681,1.000100010001,0.0,68.52,35.36200900090009,37.53,1.0,87,poisson,0.3,499.1946546959086,2.0,11.483967781066895,dense,0
10000,0.0003,174.94590388236563,18571.281333062412,35318.59605433006,36788.6010478937,35312.89453121681,1.000100010001,0.0,68.52,37.15499659965997,39.175000000000004,1.0,87,poisson,0.3,499.1946546959086,2.0,11.483967781066895,static_pomt,0
10000,0.0003,174.94590388236563,18571.281333062412,35318.59605433006,36788.6010478937,35312.89453121681,1.000100010001,0.0,68.52,37.38071737173718,39.504,1.0,87,poisson,0.3,499.1946546959086,2.0,11.483967781066895,decoupled,0
10000,0.0003,174.94590388236563,18571.281333062412,35318.59605433006,36788.6010478937,35312.89453121681,1.000100010001,0.0,68.52,40.28154475447545,42.31,1.0,87,poisson,0.3,499.1946546959086,2.0,11.483967781066895,joint_full,0
10000,0.0003,174.94590388236563,18571.281333062412,35318.59605433006,36788.6010478937,35312.89453121681,1.000100010001,0.0,68.52,39.19757365736574,40.9789,1.0,87,poisson,0.3,499.1946546959086,2.0,11.483967781066895,cliffserve,0
10000,1.0,500.03639697282836,9.724389236912145,13.843139525887494,15.385901494378489,8.01163178767847,2.898550724637681,0.0,68.52,8.81332231884058,10.064499999999997,1.0,87,poisson,0.3,499.1946546959086,4.0,22.96793556213379,dense,0
10000,1.0,500.03639697282836,9.724389236912145,13.843139525887494,15.385901494378489,8.01163178767847,2.898550724637681,0.0,68.52,9.277666376811595,10.62,1.0,87,poisson,0.3,499.1946546959086,4.0,22.96793556213379,static_pomt,0
10000,1.0,500.03639697282836,9.724389236912145,13.843139525887494,15.385901494378489,8.01163178767847,2.898550724637681,0.0,68.52,11.168550724637681,12.46355,1.0,87,poisson,0.3,499.1946546959086,4.0,22.96793556213379,decoupled,0
10000,1.0,500.03639697282836,9.724389236912145,13.843139525887494,15.385901494378489,8.01163178767847,2.898550724637681,0.0,68.52,11.407929855072464,13.340499999999999,1.0,87,poisson,0.3,499.1946546959086,4.0,22.96793556213379,joint_full,0
10000,1.0,500.03639697282836,9.724389236912145,13.843139525887494,15.385901494378489,8.01163178767847,2.898550724637681,0.0,68.52,9.353190724637681,10.981,1.0,87,poisson,0.3,499.1946546959086,4.0,22.96793556213379,cliffserve,0
10000,1.0,500.03639697282836,9.724389236912145,13.843139525887494,15.385901494378489,8.01163178767847,2.898550724637681,0.0,68.52,8.836527826086957,10.069,1.0,87,poisson,0.3,499.1946546959086,8.0,45.93587112426758,dense,0
10000,1.0,500.03639697282836,9.724389236912145,13.843139525887494,15.385901494378489,8.01163178767847,2.898550724637681,0.0,68.52,9.296253043478261,10.61,1.0,87,poisson,0.3,499.1946546959086,8.0,45.93587112426758,static_pomt,0
10000,1.0,500.03639697282836,9.724389236912145,13.843139525887494,15.385901494378489,8.01163178767847,2.898550724637681,0.0,68.52,11.248567826086957,12.573,1.0,87,poisson,0.3,499.1946546959086,8.0,45.93587112426758,decoupled,0
10000,1.0,500.03639697282836,9.724389236912145,13.843139525887494,15.385901494378489,8.01163178767847,2.898550724637681,0.0,68.52,11.408027536231884,13.465,1.0,87,poisson,0.3,499.1946546959086,8.0,45.93587112426758,joint_full,0
10000,1.0,500.03639697282836,9.724389236912145,13.843139525887494,15.385901494378489,8.01163178767847,2.898550724637681,0.0,68.52,9.403426956521738,10.990549999999999,1.0,87,poisson,0.3,499.1946546959086,8.0,45.93587112426758,cliffserve,0
10000,1.0,500.03639697282836,9.724389236912145,13.843139525887494,15.385901494378489,8.01163178767847,2.898550724637681,0.0,68.52,8.741218260869566,9.939,1.0,87,poisson,0.3,499.1946546959086,12.0,68.90380668640137,dense,0
10000,1.0,500.03639697282836,9.724389236912145,13.843139525887494,15.385901494378489,8.01163178767847,2.898550724637681,0.0,68.52,9.228371304347826,10.53,1.0,87,poisson,0.3,499.1946546959086,12.0,68.90380668640137,static_pomt,0
10000,1.0,500.03639697282836,9.724389236912145,13.843139525887494,15.385901494378489,8.01163178767847,2.898550724637681,0.0,68.52,11.202075072463767,12.454,1.0,87,poisson,0.3,499.1946546959086,12.0,68.90380668640137,decoupled,0
10000,1.0,500.03639697282836,9.724389236912145,13.843139525887494,15.385901494378489,8.01163178767847,2.898550724637681,0.0,68.52,11.361842028985508,13.375,1.0,87,poisson,0.3,499.1946546959086,12.0,68.90380668640137,joint_full,0
10000,1.0,500.03639697282836,9.724389236912145,13.843139525887494,15.385901494378489,8.01163178767847,2.898550724637681,0.0,68.52,9.381400579710144,10.995949999999997,1.0,87,poisson,0.3,499.1946546959086,12.0,68.90380668640137,cliffserve,0
10000,0.0005,174.98128783565352,23564.672762917162,44798.898949701885,46677.085250421136,44793.208999402625,1.000300090027008,0.0,68.52,35.420779833950185,37.48,1.0,87,poisson,0.6,998.3893093918172,2.0,11.483967781066895,dense,0
10000,0.0005,174.98128783565352,23564.672762917162,44798.898949701885,46677.085250421136,44793.208999402625,1.000300090027008,0.0,68.52,37.17293878163449,39.274,1.0,87,poisson,0.6,998.3893093918172,2.0,11.483967781066895,static_pomt,0
10000,0.0005,174.98128783565352,23564.672762917162,44798.898949701885,46677.085250421136,44793.208999402625,1.000300090027008,0.0,68.52,37.58269360808243,39.5942,1.0,87,poisson,0.6,998.3893093918172,2.0,11.483967781066895,decoupled,0
10000,0.0005,174.98128783565352,23564.672762917162,44798.898949701885,46677.085250421136,44793.208999402625,1.000300090027008,0.0,68.52,40.69523957187157,41.98099999999999,1.0,87,poisson,0.6,998.3893093918172,2.0,11.483967781066895,joint_full,0
10000,0.0005,174.98128783565352,23564.672762917162,44798.898949701885,46677.085250421136,44793.208999402625,1.000300090027008,0.0,68.52,39.41343853155947,41.1972,1.0,87,poisson,0.6,998.3893093918172,2.0,11.483967781066895,cliffserve,0
10000,0.0145,177.04194864351206,22899.709677027346,44133.710585315326,46012.15609372672,44127.97756777535,1.0124531740407006,0.0,68.52,35.7312379264959,37.631,1.0,87,poisson,0.6,998.3893093918172,4.0,22.96793556213379,dense,0
10000,0.0145,177.04194864351206,22899.709677027346,44133.710585315326,46012.15609372672,44127.97756777535,1.0124531740407006,0.0,68.52,37.002734534777765,38.923,1.0,87,poisson,0.6,998.3893093918172,4.0,22.96793556213379,static_pomt,0
10000,0.0145,177.04194864351206,22899.709677027346,44133.710585315326,46012.15609372672,44127.97756777535,1.0124531740407006,0.0,68.52,37.63241216968716,39.585,1.0,87,poisson,0.6,998.3893093918172,4.0,22.96793556213379,decoupled,0
10000,0.0145,177.04194864351206,22899.709677027346,44133.710585315326,46012.15609372672,44127.97756777535,1.0124531740407006,0.0,68.52,40.22577695656576,42.121799999999986,1.0,87,poisson,0.6,998.3893093918172,4.0,22.96793556213379,joint_full,0
10000,0.0145,177.04194864351206,22899.709677027346,44133.710585315326,46012.15609372672,44127.97756777535,1.0124531740407006,0.0,68.52,39.22493216563734,40.536,1.0,87,poisson,0.6,998.3893093918172,4.0,22.96793556213379,cliffserve,0
10000,1.0,998.6631515366175,12.709125705807992,19.9943711085069,25.187769260281122,10.76815453355275,6.83526999316473,0.0,68.52,11.133344497607656,14.221099999999995,1.0,87,poisson,0.6,998.3893093918172,8.0,45.93587112426758,dense,0
10000,1.0,998.6631515366175,12.709125705807992,19.9943711085069,25.187769260281122,10.76815453355275,6.83526999316473,0.0,68.52,11.755933014354067,15.207099999999999,1.0,87,poisson,0.6,998.3893093918172,8.0,45.93587112426758,static_pomt,0
10000,1.0,998.1919719472895,12.557614997145265,19.15193646415739,23.66273417027985,10.580396370687595,6.779661016949152,6.4512,68.45865599999999,13.750297627118643,17.7863,1.0,87,poisson,0.6,998.3893093918172,8.0,45.93587112426758,decoupled,0
10000,1.0,998.1919719472895,12.557614997145265,19.15193646415739,23.66273417027985,10.580396370687595,6.779661016949152,6.4512,68.45865599999999,15.038611525423729,19.691999999999997,1.0,87,poisson,0.6,998.3893093918172,8.0,45.93587112426758,joint_full,0
10000,1.0,998.1919719472895,12.557614997145265,19.15193646415739,23.66273417027985,10.580396370687595,6.779661016949152,6.4512,68.45865599999999,12.101233220338983,15.913,1.0,87,poisson,0.6,998.3893093918172,8.0,45.93587112426758,cliffserve,0
10000,1.0,998.6631515366175,12.709125705807992,19.9943711085069,25.187769260281122,10.76815453355275,6.83526999316473,0.0,68.52,11.018334244702666,14.193999999999996,1.0,87,poisson,0.6,998.3893093918172,12.0,68.90380668640137,dense,0
10000,1.0,998.6631515366175,12.709125705807992,19.9943711085069,25.187769260281122,10.76815453355275,6.83526999316473,0.0,68.52,11.711890635680108,15.078,1.0,87,poisson,0.6,998.3893093918172,12.0,68.90380668640137,static_pomt,0
10000,1.0,998.1919719472895,12.557614997145265,19.15193646415739,23.66273417027985,10.580396370687595,6.779661016949152,6.4512,68.45865599999999,13.715098983050847,17.789,1.0,87,poisson,0.6,998.3893093918172,12.0,68.90380668640137,decoupled,0
10000,1.0,998.1919719472895,12.557614997145265,19.15193646415739,23.66273417027985,10.580396370687595,6.779661016949152,6.4512,68.45865599999999,14.947177627118647,19.4897,1.0,87,poisson,0.6,998.3893093918172,12.0,68.90380668640137,joint_full,0
10000,1.0,998.1919719472895,12.557614997145265,19.15193646415739,23.66273417027985,10.580396370687595,6.779661016949152,6.4512,68.45865599999999,12.140497627118645,16.096,1.0,87,poisson,0.6,998.3893093918172,12.0,68.90380668640137,cliffserve,0
10000,0.0006,174.99896621617424,24810.10994855068,47166.08038388439,49146.273115616284,47160.35904143997,1.0004001600640255,0.0,68.52,35.0852224889956,37.24,1.0,87,poisson,0.8,1331.1857458557563,2.0,11.483967781066895,dense,0
10000,0.0006,174.99896621617424,24810.10994855068,47166.08038388439,49146.273115616284,47160.35904143997,1.0004001600640255,0.0,68.52,37.30308783513406,39.01625,1.0,87,poisson,0.8,1331.1857458557563,2.0,11.483967781066895,static_pomt,0
10000,0.0006,174.99896621617424,24810.10994855068,47166.08038388439,49146.273115616284,47160.35904143997,1.0004001600640255,0.0,68.52,37.34784533813526,39.176249999999996,1.0,87,poisson,0.8,1331.1857458557563,2.0,11.483967781066895,decoupled,0
10000,0.0006,174.99896621617424,24810.10994855068,47166.08038388439,49146.273115616284,47160.35904143997,1.0004001600640255,0.0,68.52,40.55903691476591,42.442499999999995,1.0,87,poisson,0.8,1331.1857458557563,2.0,11.483967781066895,joint_full,0
10000,0.0006,174.99896621617424,24810.10994855068,47166.08038388439,49146.273115616284,47160.35904143997,1.0004001600640255,0.0,68.52,39.012227490996395,40.7095,1.0,87,poisson,0.8,1331.1857458557563,2.0,11.483967781066895,cliffserve,0
10000,0.0058,175.76501710810317,24561.369117413975,46917.38965827175,48897.43315456434,46911.66975575634,1.0049241282283188,0.0,68.52,35.56534991458145,37.420500000000004,1.0,87,poisson,0.8,1331.1857458557563,4.0,22.96793556213379,dense,0
10000,0.0058,175.76501710810317,24561.369117413975,46917.38965827175,48897.43315456434,46911.66975575634,1.0049241282283188,0.0,68.52,37.12568465480856,38.963,1.0,87,poisson,0.8,1331.1857458557563,4.0,22.96793556213379,static_pomt,0
10000,0.0058,175.76501710810317,24561.369117413975,46917.38965827175,48897.43315456434,46911.66975575634,1.0049241282283188,0.0,68.52,37.46528740830068,39.3245,1.0,87,poisson,0.8,1331.1857458557563,4.0,22.96793556213379,decoupled,0
10000,0.0086,176.19633265358414,24422.08843055866,46777.878791343646,48758.17785032793,46772.118127333604,1.0075566750629723,0.1024,68.519024,40.66068241813602,42.75699999999999,1.0,87,poisson,0.8,1331.1857458557563,4.0,22.96793556213379,joint_full,0
10000,0.0086,176.19633265358414,24422.08843055866,46777.878791343646,48758.17785032793,46772.118127333604,1.0075566750629723,0.1024,68.519024,39.14716755667506,41.37519999999999,1.0,87,poisson,0.8,1331.1857458557563,4.0,22.96793556213379,cliffserve,0
10000,1.0,1329.2874529973963,23.45592067054565,34.13589930210362,38.43742703416525,17.47854488941507,17.123287671232877,0.0,68.52,15.427426369863014,21.39405000000004,1.0,87,poisson,0.8,1331.1857458557563,8.0,45.93587112426758,dense,0
10000,1.0,1329.2874529973963,23.45592067054565,34.13589930210362,38.43742703416525,17.47854488941507,17.123287671232877,0.0,68.52,16.272628424657533,23.438850000000013,1.0,87,poisson,0.8,1331.1857458557563,8.0,45.93587112426758,static_pomt,0
10000,1.0,1329.7326733421692,20.285697318449138,30.481035274108685,34.42019547671608,15.601379595652796,14.684287812041116,52.3776,68.029424,17.695553597650516,22.743,1.0,87,poisson,0.8,1331.1857458557563,8.0,45.93587112426758,decoupled,0
10000,1.0,1329.7326733421692,20.285697318449138,30.481035274108685,34.42019547671608,15.601379595652796,14.684287812041116,52.3776,68.029424,19.53585315712188,24.967,1.0,87,poisson,0.8,1331.1857458557563,8.0,45.93587112426758,joint_full,0
10000,1.0,1329.7326733421692,20.285697318449138,30.481035274108685,34.42019547671608,15.601379595652796,14.684287812041116,52.3776,68.029424,16.17733039647577,21.1,1.0,87,poisson,0.8,1331.1857458557563,8.0,45.93587112426758,cliffserve,0
10000,1.0,1329.2874529973963,23.45592067054565,34.13589930210362,38.43742703416525,17.47854488941507,17.123287671232877,0.0,68.52,15.589578767123289,22.7715,1.0,87,poisson,0.8,1331.1857458557563,12.0,68.90380668640137,dense,0
10000,1.0,1329.2874529973963,23.45592067054565,34.13589930210362,38.43742703416525,17.47854488941507,17.123287671232877,0.0,68.52,16.218148972602737,22.902850000000004,1.0,87,poisson,0.8,1331.1857458557563,12.0,68.90380668640137,static_pomt,0
10000,1.0,1329.7326733421692,20.285697318449138,30.481035274108685,34.42019547671608,15.601379595652796,14.684287812041116,52.3776,68.029424,17.54041262848752,22.282,1.0,87,poisson,0.8,1331.1857458557563,12.0,68.90380668640137,decoupled,0
10000,1.0,1329.7326733421692,20.285697318449138,30.481035274108685,34.42019547671608,15.601379595652796,14.684287812041116,52.3776,68.029424,19.314688693098386,24.686,1.0,87,poisson,0.8,1331.1857458557563,12.0,68.90380668640137,joint_full,0
10000,1.0,1329.7326733421692,20.285697318449138,30.481035274108685,34.42019547671608,15.601379595652796,14.684287812041116,52.3776,68.029424,16.083321585903082,20.87,1.0,87,poisson,0.8,1331.1857458557563,12.0,68.90380668640137,cliffserve,0
10000,0.0006,174.9989662161742,25402.783345527823,48290.10110445107,50318.632877596945,48284.37976200665,1.0004001600640255,0.0,68.52,34.378400560224094,37.48,1.0,87,poisson,0.95,1580.7830732037105,2.0,11.483967781066895,dense,0
10000,0.0006,174.9989662161742,25402.783345527823,48290.10110445107,50318.632877596945,48284.37976200665,1.0004001600640255,0.0,68.52,37.06331202480992,39.12625,1.0,87,poisson,0.95,1580.7830732037105,2.0,11.483967781066895,static_pomt,0
10000,0.0006,174.9989662161742,25402.783345527823,48290.10110445107,50318.632877596945,48284.37976200665,1.0004001600640255,0.0,68.52,37.435826530612246,39.4165,1.0,87,poisson,0.95,1580.7830732037105,2.0,11.483967781066895,decoupled,0
10000,0.0006,174.9989662161742,25402.783345527823,48290.10110445107,50318.632877596945,48284.37976200665,1.0004001600640255,0.0,68.52,40.4997906162465,42.51325,1.0,87,poisson,0.95,1580.7830732037105,2.0,11.483967781066895,joint_full,0
10000,0.0006,174.9989662161742,25402.783345527823,48290.10110445107,50318.632877596945,48284.37976200665,1.0004001600640255,0.0,68.52,39.36519327731093,41.48025,1.0,87,poisson,0.95,1580.7830732037105,2.0,11.483967781066895,cliffserve,0
10000,0.005,175.65890608055028,25188.396019048865,48075.75214712704,50104.14376501951,48070.04703848446,1.0043185698503565,0.0,68.52,35.60804027317465,37.5702,1.0,87,poisson,0.95,1580.7830732037105,4.0,22.96793556213379,dense,0
10000,0.005,175.65890608055028,25188.396019048865,48075.75214712704,50104.14376501951,48070.04703848446,1.0043185698503565,0.0,68.52,37.23210876770111,39.163199999999996,1.0,87,poisson,0.95,1580.7830732037105,4.0,22.96793556213379,static_pomt,0
10000,0.005,175.65890608055028,25188.396019048865,48075.75214712704,50104.14376501951,48070.04703848446,1.0043185698503565,0.0,68.52,37.56443677814603,39.51679999999999,1.0,87,poisson,0.95,1580.7830732037105,4.0,22.96793556213379,decoupled,0
10000,0.0058,175.7850129598301,25147.581282682593,48034.940580654984,50063.35292929086,48029.227642870785,1.005126143330988,0.1024,68.519024,40.633708010855365,42.369,1.0,87,poisson,0.95,1580.7830732037105,4.0,22.96793556213379,joint_full,0
10000,0.0058,175.7850129598301,25147.581282682593,48034.940580654984,50063.35292929086,48029.227642870785,1.005126143330988,0.1024,68.519024,38.94035993567193,40.166,1.0,87,poisson,0.95,1580.7830732037105,4.0,22.96793556213379,cliffserve,0
10000,0.0382,180.97098670822726,23517.696375436957,46404.53344659889,48433.40943258199,46398.805984307175,1.0375596596804317,0.0,68.52,35.75300622535796,37.741,1.0,87,poisson,0.95,1580.7830732037105,8.0,45.93587112426758,dense,0
10000,0.0382,180.97098670822726,23517.696375436957,46404.53344659889,48433.40943258199,46398.805984307175,1.0375596596804317,0.0,68.52,37.33409306910148,39.244,1.0,87,poisson,0.95,1580.7830732037105,8.0,45.93587112426758,static_pomt,0
10000,0.0418,181.59242326978782,23328.472491092856,46215.03581950748,48244.330520347685,46209.297789264565,1.0412328196584757,2.4064,68.497744,37.57030695543524,39.644,1.0,87,poisson,0.95,1580.7830732037105,8.0,45.93587112426758,decoupled,0
10000,0.0426,181.72678532801822,23287.803499288733,46174.24696021164,48203.71088032636,46168.54887065971,1.0421008753647354,2.5088,68.49676799999999,40.65344466444351,41.908,1.0,87,poisson,0.95,1580.7830732037105,8.0,45.93587112426758,joint_full,0
10000,0.0426,181.72678532801822,23287.803499288733,46174.24696021164,48203.71088032636,46168.54887065971,1.0421008753647354,2.5088,68.49676799999999,38.8375978532722,40.86725,1.0,87,poisson,0.95,1580.7830732037105,8.0,45.93587112426758,cliffserve,0
10000,0.3494,253.32430433860324,7733.787168092905,30622.453465629464,32650.710846985905,30616.7124017247,1.5101177891875566,0.0,68.52,35.2370537601933,37.341,1.0,87,poisson,0.95,1580.7830732037105,12.0,68.90380668640137,dense,0
10000,0.3494,253.32430433860324,7733.787168092905,30622.453465629464,32650.710846985905,30616.7124017247,1.5101177891875566,0.0,68.52,36.76161839323467,38.813,1.0,87,poisson,0.95,1580.7830732037105,12.0,68.90380668640137,static_pomt,0
10000,1.0,1575.5290442457217,32.21976372445306,49.64161270409299,57.02641574552109,25.333110171635848,28.985507246376812,63.5392,67.93697600000003,25.700979710144928,35.547,1.0,87,poisson,0.95,1580.7830732037105,12.0,68.90380668640137,decoupled,0
10000,1.0,1575.5290442457217,32.21976372445306,49.64161270409299,57.02641574552109,25.333110171635848,28.985507246376812,63.5392,67.93697600000003,27.549350724637677,36.80500000000001,1.0,87,poisson,0.95,1580.7830732037105,12.0,68.90380668640137,joint_full,0
10000,1.0,1575.5290442457217,32.21976372445306,49.64161270409299,57.02641574552109,25.333110171635848,28.985507246376812,63.5392,67.93697600000003,23.514121739130434,32.1008,1.0,87,poisson,0.95,1580.7830732037105,12.0,68.90380668640137,cliffserve,0
10000,0.0002,174.94581965541275,25851.014415636233,49124.777071094155,51188.522209702314,49119.0755479809,1.000100010001,0.0,68.52,35.559899889989,36.9119,1.0,87,poisson,1.1,1830.380400551665,2.0,11.483967781066895,dense,0
10000,0.0002,174.94581965541275,25851.014415636233,49124.777071094155,51188.522209702314,49119.0755479809,1.000100010001,0.0,68.52,37.18567636763676,39.3949,1.0,87,poisson,1.1,1830.380400551665,2.0,11.483967781066895,static_pomt,0
10000,0.0002,174.94581965541275,25851.014415636233,49124.777071094155,51188.522209702314,49119.0755479809,1.000100010001,0.0,68.52,37.62968066806682,39.645,1.0,87,poisson,1.1,1830.380400551665,2.0,11.483967781066895,decoupled,0
10000,0.0002,174.94581965541275,25851.014415636233,49124.777071094155,51188.522209702314,49119.0755479809,1.000100010001,0.0,68.52,40.626011601160116,42.69,1.0,87,poisson,1.1,1830.380400551665,2.0,11.483967781066895,joint_full,0
10000,0.0002,174.94581965541275,25851.014415636233,49124.777071094155,51188.522209702314,49119.0755479809,1.000100010001,0.0,68.52,39.386378637863785,41.348,1.0,87,poisson,1.1,1830.380400551665,2.0,11.483967781066895,cliffserve,0
10000,0.0042,175.5399323218758,25658.03641594904,48931.82702028716,50995.280596605124,48926.09965891802,1.0036130068245686,0.0,68.52,35.34814140907266,37.461,1.0,87,poisson,1.1,1830.380400551665,4.0,22.96793556213379,dense,0
10000,0.0042,175.5399323218758,25658.03641594904,48931.82702028716,50995.280596605124,48926.09965891802,1.0036130068245686,0.0,68.52,37.04185728623043,39.043,1.0,87,poisson,1.1,1830.380400551665,4.0,22.96793556213379,static_pomt,0
10000,0.0042,175.5399323218758,25658.03641594904,48931.82702028716,50995.280596605124,48926.09965891802,1.0036130068245686,0.0,68.52,37.23198885989562,39.121500000000005,1.0,87,poisson,1.1,1830.380400551665,4.0,22.96793556213379,decoupled,0
10000,0.0046,175.59960596442892,25638.647825136355,48912.459408521296,50975.93126412946,48906.717021512624,1.0040160642570282,0.1024,68.519024,40.60703755020081,42.239,1.0,87,poisson,1.1,1830.380400551665,4.0,22.96793556213379,joint_full,0
10000,0.0046,175.59960596442892,25638.647825136355,48912.459408521296,50975.93126412946,48906.717021512624,1.0040160642570282,0.1024,68.519024,39.215196285140564,41.298449999999995,1.0,87,poisson,1.1,1830.380400551665,4.0,22.96793556213379,cliffserve,0
10000,0.015,177.23078767577852,25114.587395801715,48388.04296307528,50452.116523843586,48382.33615012133,1.0141987829614605,0.0,68.52,35.84162890466531,37.841499999999996,1.0,87,poisson,1.1,1830.380400551665,8.0,45.93587112426758,dense,0
10000,0.015,177.23078767577852,25114.587395801715,48388.04296307528,50452.116523843586,48382.33615012133,1.0141987829614605,0.0,68.52,37.16233478701825,39.25449999999999,1.0,87,poisson,1.1,1830.380400551665,8.0,45.93587112426758,static_pomt,0
10000,0.0234,178.56765969723313,24691.924757375888,47965.586379742264,50029.32813128072,47959.86623878443,1.022390348635109,1.2288,68.50855999999999,37.56466148655557,39.584,1.0,87,poisson,1.1,1830.380400551665,8.0,45.93587112426758,decoupled,0
10000,0.027,179.15740937730115,24507.898806705645,47781.40329771006,49845.237469974345,47775.69361791575,1.0260619741432382,1.4848,68.50633599999999,40.650540221629385,42.737750000000005,1.0,87,poisson,1.1,1830.380400551665,8.0,45.93587112426758,joint_full,0
10000,0.027,179.15740937730115,24507.898806705645,47781.40329771006,49845.237469974345,47775.69361791575,1.0260619741432382,1.4848,68.50633599999999,39.236193823106916,41.00775,1.0,87,poisson,1.1,1830.380400551665,8.0,45.93587112426758,cliffserve,0
10000,0.0426,181.76396427394675,23707.350188627413,46980.381828093174,49045.02343636114,46974.652616786596,1.0427528675703859,0.0,68.52,35.55366433785193,37.54594999999999,1.0,87,poisson,1.1,1830.380400551665,12.0,68.90380668640137,dense,0
10000,0.0426,181.76396427394675,23707.350188627413,46980.381828093174,49045.02343636114,46974.652616786596,1.0427528675703859,0.0,68.52,37.17803336809177,39.294,1.0,87,poisson,1.1,1830.380400551665,12.0,68.90380668640137,static_pomt,0
10000,0.0498,183.01114734241335,23332.14674557703,46605.34912569487,48669.73582764227,46599.635623287795,1.050309841403214,2.9696,68.4928,37.50086377481357,39.524,1.0,87,poisson,1.1,1830.380400551665,12.0,68.90380668640137,decoupled,0
10000,0.0498,183.01114734241335,23332.14674557703,46605.34912569487,48669.73582764227,46599.635623287795,1.050309841403214,2.9696,68.4928,40.60634177082239,42.31,1.0,87,poisson,1.1,1830.380400551665,12.0,68.90380668640137,joint_full,0
10000,0.0498,183.01114734241335,23332.14674557703,46605.34912569487,48669.73582764227,46599.635623287795,1.050309841403214,2.9696,68.4928,39.37676630606028,41.268,1.0,87,poisson,1.1,1830.380400551665,12.0,68.90380668640137,cliffserve,0
10000,0.0056,174.4793493917115,18190.062067216088,34669.30829844881,36386.78676200801,34663.5952489655,1.001602564102564,0.0,68.52,35.58103165064103,37.46085,1.0,87,onoff,0.3,499.1946546959086,2.0,11.483967781066895,dense,0
10000,0.0056,174.4793493917115,18190.062067216088,34669.30829844881,36386.78676200801,34663.5952489655,1.001602564102564,0.0,68.52,36.758485076121794,38.97385,1.0,87,onoff,0.3,499.1946546959086,2.0,11.483967781066895,static_pomt,0
10000,0.0056,174.4793493917115,18190.062067216088,34669.30829844881,36386.78676200801,34663.5952489655,1.001602564102564,0.0,68.52,37.05462760416667,39.154,1.0,87,onoff,0.3,499.1946546959086,2.0,11.483967781066895,decoupled,0
10000,0.0056,174.4793493917115,18190.062067216088,34669.30829844881,36386.78676200801,34663.5952489655,1.001602564102564,0.0,68.52,40.244045372596155,41.438,1.0,87,onoff,0.3,499.1946546959086,2.0,11.483967781066895,joint_full,0
10000,0.0056,174.4793493917115,18190.062067216088,34669.30829844881,36386.78676200801,34663.5952489655,1.001602564102564,0.0,68.52,38.86778956330128,40.406,1.0,87,onoff,0.3,499.1946546959086,2.0,11.483967781066895,cliffserve,0
10000,0.2507,208.42811712411992,8854.383566539538,25334.18945663341,27051.321981181038,25328.45762136348,1.2344155042587335,0.0,68.52,33.50622182446612,37.401,1.0,87,onoff,0.3,499.1946546959086,4.0,22.96793556213379,dense,0
10000,0.2507,208.42811712411992,8854.383566539538,25334.18945663341,27051.321981181038,25328.45762136348,1.2344155042587335,0.0,68.52,33.97539735835082,38.131,1.0,87,onoff,0.3,499.1946546959086,4.0,22.96793556213379,static_pomt,0
10000,0.2507,208.43039783397555,8853.858574550402,25333.664464644273,27050.796989191902,25327.932629374343,1.2344155042587335,0.1024,68.519024,35.414049500061715,39.234,1.0,87,onoff,0.3,499.1946546959086,4.0,22.96793556213379,decoupled,0
10000,0.2507,208.43039783397555,8853.858574550402,25333.664464644273,27050.796989191902,25327.932629374343,1.2344155042587335,0.2048,68.518048,38.25326465868411,42.249,1.0,87,onoff,0.3,499.1946546959086,4.0,22.96793556213379,joint_full,0
10000,0.2507,208.43039783397555,8853.858574550402,25333.664464644273,27050.796989191902,25327.932629374343,1.2344155042587335,0.2048,68.518048,36.79826083199605,40.135,1.0,87,onoff,0.3,499.1946546959086,4.0,22.96793556213379,cliffserve,0
10000,1.0,488.5580277509121,11.196515849320349,16.943745175916547,21.501648421736572,9.546201534260847,4.061738424045491,0.0,68.52,9.255586108854589,11.962,1.0,87,onoff,0.3,499.1946546959086,8.0,45.93587112426758,dense,0
10000,1.0,488.5580277509121,11.196515849320349,16.943745175916547,21.501648421736572,9.546201534260847,4.061738424045491,0.0,68.52,9.66712510154346,12.514,1.0,87,onoff,0.3,499.1946546959086,8.0,45.93587112426758,static_pomt,0
10000,1.0,488.5530340444791,11.20487346183927,16.832230902317363,20.58522179544041,9.503912590570325,4.0551500405515,2.048,68.50048,11.730186536901865,14.668,1.0,87,onoff,0.3,499.1946546959086,8.0,45.93587112426758,decoupled,0
10000,1.0,488.5530340444791,11.20487346183927,16.832230902317363,20.58522179544041,9.503912590570325,4.0551500405515,2.048,68.50048,11.965929845904299,16.19,1.0,87,onoff,0.3,499.1946546959086,8.0,45.93587112426758,joint_full,0
10000,1.0,488.5530340444791,11.20487346183927,16.832230902317363,20.58522179544041,9.503912590570325,4.0551500405515,2.048,68.50048,9.77528913219789,13.115,1.0,87,onoff,0.3,499.1946546959086,8.0,45.93587112426758,cliffserve,0
10000,1.0,488.5580277509121,11.196515849320349,16.943745175916547,21.501648421736572,9.546201534260847,4.061738424045491,0.0,68.52,9.121786758732737,11.7906,1.0,87,onoff,0.3,499.1946546959086,12.0,68.90380668640137,dense,0
10000,1.0,488.5580277509121,11.196515849320349,16.943745175916547,21.501648421736572,9.546201534260847,4.061738424045491,0.0,68.52,9.702721770917952,12.524,1.0,87,onoff,0.3,499.1946546959086,12.0,68.90380668640137,static_pomt,0
10000,1.0,488.5530340444791,11.20487346183927,16.832230902317363,20.58522179544041,9.503912590570325,4.0551500405515,2.048,68.50048,11.57619910786699,14.478,1.0,87,onoff,0.3,499.1946546959086,12.0,68.90380668640137,decoupled,0
10000,1.0,488.5530340444791,11.20487346183927,16.832230902317363,20.58522179544041,9.503912590570325,4.0551500405515,2.048,68.50048,11.939319545823196,16.14,1.0,87,onoff,0.3,499.1946546959086,12.0,68.90380668640137,joint_full,0
10000,1.0,488.5530340444791,11.20487346183927,16.832230902317363,20.58522179544041,9.503912590570325,4.0551500405515,2.048,68.50048,9.786671532846716,13.115,1.0,87,onoff,0.3,499.1946546959086,12.0,68.90380668640137,cliffserve,0
10000,0.0006,174.9989662161742,24040.98985828408,46272.760452122755,48229.59802066072,46267.039109678335,1.0004001600640255,0.0,68.52,34.968871648659466,37.5,1.0,87,onoff,0.6,998.3893093918172,2.0,11.483967781066895,dense,0
10000,0.0006,174.9989662161742,24040.98985828408,46272.760452122755,48229.59802066072,46267.039109678335,1.0004001600640255,0.0,68.52,36.98403811524609,38.92325,1.0,87,onoff,0.6,998.3893093918172,2.0,11.483967781066895,static_pomt,0
10000,0.0006,174.9989662161742,24040.98985828408,46272.760452122755,48229.59802066072,46267.039109678335,1.0004001600640255,0.0,68.52,37.64724919967986,39.705,1.0,87,onoff,0.6,998.3893093918172,2.0,11.483967781066895,decoupled,0
10000,0.0006,174.9989662161742,24040.98985828408,46272.760452122755,48229.59802066072,46267.039109678335,1.0004001600640255,0.0,68.52,40.622616746698675,42.56,1.0,87,onoff,0.6,998.3893093918172,2.0,11.483967781066895,joint_full,0
10000,0.0006,174.9989662161742,24040.98985828408,46272.760452122755,48229.59802066072,46267.039109678335,1.0004001600640255,0.0,68.52,39.07684453781513,40.82925,1.0,87,onoff,0.6,998.3893093918172,2.0,11.483967781066895,cliffserve,0
10000,0.007,175.69654454933854,23814.455013199837,46046.24254472353,48002.93087782219,46040.52264220812,1.0049241282283188,0.0,68.52,35.059304391518445,37.451,1.0,87,onoff,0.6,998.3893093918172,4.0,22.96793556213379,dense,0
10000,0.007,175.69654454933854,23814.455013199837,46046.24254472353,48002.93087782219,46040.52264220812,1.0049241282283188,0.0,68.52,37.050968847352024,39.063,1.0,87,onoff,0.6,998.3893093918172,4.0,22.96793556213379,static_pomt,0
10000,0.007,175.69654454933854,23814.455013199837,46046.24254472353,48002.93087782219,46040.52264220812,1.0049241282283188,0.0,68.52,37.31872877097779,39.384,1.0,87,onoff,0.6,998.3893093918172,4.0,22.96793556213379,decoupled,0
10000,0.0074,175.7693236408695,23790.94013278106,46022.70804793932,47979.47431454495,46016.995836831105,1.0054293183189222,0.1024,68.519024,40.21179670219184,42.109,1.0,87,onoff,0.6,998.3893093918172,4.0,22.96793556213379,joint_full,0
10000,0.0074,175.7693236408695,23790.94013278106,46022.70804793932,47979.47431454495,46016.995836831105,1.0054293183189222,0.1024,68.519024,39.26509973858838,40.456,1.0,87,onoff,0.6,998.3893093918172,4.0,22.96793556213379,cliffserve,0
10000,0.0294,179.25276728338818,22685.412713929207,44916.938904763236,46873.94161557034,44911.233512617124,1.027221366204417,0.0,68.52,35.640272008217764,37.59369999999999,1.0,87,onoff,0.6,998.3893093918172,8.0,45.93587112426758,dense,0
10000,0.0294,179.25276728338818,22685.412713929207,44916.938904763236,46873.94161557034,44911.233512617124,1.027221366204417,0.0,68.52,36.97762013353878,38.9833,1.0,87,onoff,0.6,998.3893093918172,8.0,45.93587112426758,static_pomt,0
10000,0.0717,185.45041887799357,20820.7275865956,43052.60327858644,45009.60636923725,43046.92350911813,1.0665529010238908,3.4304,68.4884,37.19353924914676,39.29625,1.0,87,onoff,0.6,998.3893093918172,8.0,45.93587112426758,decoupled,0
10000,0.0741,185.87313180158554,20698.0466273709,42930.183563038874,44887.03655962879,42924.475913235714,1.0691756655618518,3.5328,68.487568,40.244591040307924,42.644,1.0,87,onoff,0.6,998.3893093918172,8.0,45.93587112426758,joint_full,0
10000,0.0741,185.87313180158554,20698.0466273709,42930.183563038874,44887.03655962879,42924.475913235714,1.0691756655618518,3.5328,68.487568,38.794218111835775,40.5864,1.0,87,onoff,0.6,998.3893093918172,8.0,45.93587112426758,cliffserve,0
10000,0.1862,207.38313486407338,15117.308405961285,37349.109953183404,39306.41741443301,37343.40427941727,1.2071463061323033,0.0,68.52,35.25749191211975,37.541,1.0,87,onoff,0.6,998.3893093918172,12.0,68.90380668640137,dense,0
10000,0.1862,207.38313486407338,15117.308405961285,37349.109953183404,39306.41741443301,37343.40427941727,1.2071463061323033,0.0,68.52,36.44809065668759,38.953,1.0,87,onoff,0.6,998.3893093918172,12.0,68.90380668640137,static_pomt,0
10000,0.2723,227.538808309849,10845.361322405253,33079.34787421932,35035.40861834494,33073.63593190422,1.3370771493515177,15.2064,68.38011199999998,36.68180572269019,39.264,1.0,87,onoff,0.6,998.3893093918172,12.0,68.90380668640137,decoupled,0
10000,0.2723,227.538808309849,10845.361322405253,33079.34787421932,35035.40861834494,33073.63593190422,1.3370771493515177,15.2064,68.38011199999998,39.54244965904533,42.22089999999999,1.0,87,onoff,0.6,998.3893093918172,12.0,68.90380668640137,joint_full,0
10000,0.2723,227.538808309849,10845.361322405253,33079.34787421932,35035.40861834494,33073.63593190422,1.3370771493515177,15.2064,68.38011199999998,38.27758764540714,40.577099999999994,1.0,87,onoff,0.6,998.3893093918172,12.0,68.90380668640137,cliffserve,0
10000,0.0006,174.9989662161742,24968.80785180785,46916.75638050075,49037.06145280995,46911.03503805633,1.0004001600640255,0.0,68.52,35.43477360944378,37.22,1.0,87,onoff,0.8,1331.1857458557563,2.0,11.483967781066895,dense,0
10000,0.0006,174.9989662161742,24968.80785180785,46916.75638050075,49037.06145280995,46911.03503805633,1.0004001600640255,0.0,68.52,36.83082653061225,38.964,1.0,87,onoff,0.8,1331.1857458557563,2.0,11.483967781066895,static_pomt,0
10000,0.0006,174.9989662161742,24968.80785180785,46916.75638050075,49037.06145280995,46911.03503805633,1.0004001600640255,0.0,68.52,37.39244417767107,39.374,1.0,87,onoff,0.8,1331.1857458557563,2.0,11.483967781066895,decoupled,0
10000,0.0006,174.9989662161742,24968.80785180785,46916.75638050075,49037.06145280995,46911.03503805633,1.0004001600640255,0.0,68.52,40.317618747499004,41.488,1.0,87,onoff,0.8,1331.1857458557563,2.0,11.483967781066895,joint_full,0
10000,0.0006,174.9989662161742,24968.80785180785,46916.75638050075,49037.06145280995,46911.03503805633,1.0004001600640255,0.0,68.52,38.931286614645856,40.376,1.0,87,onoff,0.8,1331.1857458557563,2.0,11.483967781066895,cliffserve,0
10000,0.0088,175.96230327209244,24656.236427004183,46604.26098294737,48724.57062401935,46598.55608840468,1.0064412238325282,0.0,68.52,35.324490841384865,37.481,1.0,87,onoff,0.8,1331.1857458557563,4.0,22.96793556213379,dense,0
10000,0.0088,175.96230327209244,24656.236427004183,46604.26098294737,48724.57062401935,46598.55608840468,1.0064412238325282,0.0,68.52,36.539791062801925,38.8155,1.0,87,onoff,0.8,1331.1857458557563,4.0,22.96793556213379,static_pomt,0
10000,0.0088,175.9636426563265,24655.80385082468,46603.82840676787,48724.13804783984,46598.123512225175,1.0064412238325282,0.1024,68.519024,37.237547705314014,39.435,1.0,87,onoff,0.8,1331.1857458557563,4.0,22.96793556213379,decoupled,0
10000,0.0088,175.9636426563265,24655.80385082468,46603.82840676787,48724.13804783984,46598.123512225175,1.0064412238325282,0.1024,68.519024,40.44412540257648,41.649,1.0,87,onoff,0.8,1331.1857458557563,4.0,22.96793556213379,joint_full,0
10000,0.0088,175.9636426563265,24655.80385082468,46603.82840676787,48724.13804783984,46598.123512225175,1.0064412238325282,0.1024,68.519024,39.14043317230274,40.606,1.0,87,onoff,0.8,1331.1857458557563,4.0,22.96793556213379,cliffserve,0
10000,0.0172,177.2849729213099,24232.263082916583,46179.921257929826,48300.58503003283,46174.19470263007,1.0146103896103895,0.0,68.52,34.72663778409091,37.144999999999996,1.0,87,onoff,0.8,1331.1857458557563,8.0,45.93587112426758,dense,0
10000,0.0172,177.2849729213099,24232.263082916583,46179.921257929826,48300.58503003283,46174.19470263007,1.0146103896103895,0.0,68.52,37.02638139204546,38.953250000000004,1.0,87,onoff,0.8,1331.1857458557563,8.0,45.93587112426758,static_pomt,0
10000,0.0188,177.54085764588132,24150.89370935663,46098.62231946471,48219.06415140792,46092.90260088923,1.01615689462453,0.6144,68.51435199999997,37.1261041560817,39.163,1.0,87,onoff,0.8,1331.1857458557563,8.0,45.93587112426758,decoupled,0
10000,0.0208,177.86429277753055,24048.507693226184,45996.229596810364,48116.6452699916,45990.487329726246,1.0182262498727217,0.8192,68.51247999999998,40.39604296914774,42.42,1.0,87,onoff,0.8,1331.1857458557563,8.0,45.93587112426758,joint_full,0
10000,0.0208,177.86429277753055,24048.507693226184,45996.229596810364,48116.6452699916,45990.487329726246,1.0182262498727217,0.8192,68.51247999999998,39.12767976784442,41.197,1.0,87,onoff,0.8,1331.1857458557563,8.0,45.93587112426758,cliffserve,0
10000,0.03,179.37192702264778,23576.225600416506,45524.054110102676,47644.477038137156,45518.32519813063,1.0278548668927947,0.0,68.52,35.017074108335905,37.6616,1.0,87,onoff,0.8,1331.1857458557563,12.0,68.90380668640137,dense,0
10000,0.03,179.37192702264778,23576.225600416506,45524.054110102676,47644.477038137156,45518.32519813063,1.0278548668927947,0.0,68.52,36.79035142357899,38.833,1.0,87,onoff,0.8,1331.1857458557563,12.0,68.90380668640137,static_pomt,0
10000,0.034,180.0554114027541,23364.815104181613,45312.50083723547,47432.96724516078,45306.80615404131,1.0319917440660475,1.6384,68.50521599999999,37.38247925696595,39.42994999999999,1.0,87,onoff,0.8,1331.1857458557563,12.0,68.90380668640137,decoupled,0
10000,0.034,180.0554114027541,23364.815104181613,45312.50083723547,47432.96724516078,45306.80615404131,1.0319917440660475,1.6384,68.50521599999999,40.3320871001032,42.04449999999999,1.0,87,onoff,0.8,1331.1857458557563,12.0,68.90380668640137,joint_full,0
10000,0.034,180.0554114027541,23364.815104181613,45312.50083723547,47432.96724516078,45306.80615404131,1.0319917440660475,1.6384,68.50521599999999,38.85920588235294,40.671949999999995,1.0,87,onoff,0.8,1331.1857458557563,12.0,68.90380668640137,cliffserve,0
10000,0.0002,174.94581965541278,25786.75011527683,48646.7717840848,50404.054061200186,48641.07026097155,1.000100010001,0.0,68.52,35.62276367636764,37.5319,1.0,87,onoff,0.95,1580.7830732037105,2.0,11.483967781066895,dense,0
10000,0.0002,174.94581965541278,25786.75011527683,48646.7717840848,50404.054061200186,48641.07026097155,1.000100010001,0.0,68.52,36.86062546254625,38.81400000000001,1.0,87,onoff,0.95,1580.7830732037105,2.0,11.483967781066895,static_pomt,0
10000,0.0002,174.94581965541278,25786.75011527683,48646.7717840848,50404.054061200186,48641.07026097155,1.000100010001,0.0,68.52,37.397385538553856,39.434,1.0,87,onoff,0.95,1580.7830732037105,2.0,11.483967781066895,decoupled,0
10000,0.0002,174.94581965541278,25786.75011527683,48646.7717840848,50404.054061200186,48641.07026097155,1.000100010001,0.0,68.52,40.17722852285229,41.660000000000004,1.0,87,onoff,0.95,1580.7830732037105,2.0,11.483967781066895,joint_full,0
10000,0.0002,174.94581965541278,25786.75011527683,48646.7717840848,50404.054061200186,48641.07026097155,1.000100010001,0.0,68.52,39.23112871287128,41.217,1.0,87,onoff,0.95,1580.7830732037105,2.0,11.483967781066895,cliffserve,0
10000,0.0084,175.97951485347264,25451.42455608704,48311.5117727666,50068.74091966539,48305.806878223906,1.0064412238325282,0.0,68.52,35.53674315619968,37.541,1.0,87,onoff,0.95,1580.7830732037105,4.0,22.96793556213379,dense,0
10000,0.0084,175.97951485347264,25451.42455608704,48311.5117727666,50068.74091966539,48305.806878223906,1.0064412238325282,0.0,68.52,36.59842914653784,38.923,1.0,87,onoff,0.95,1580.7830732037105,4.0,22.96793556213379,static_pomt,0
10000,0.0084,175.98279294704986,25450.366060565495,48310.453277245055,50067.682424143844,48304.74838270236,1.0064412238325282,0.2048,68.518048,37.129144726247986,39.244,1.0,87,onoff,0.95,1580.7830732037105,4.0,22.96793556213379,decoupled,0
10000,0.0084,175.98279294704986,25450.366060565495,48310.453277245055,50067.682424143844,48304.74838270236,1.0064412238325282,0.2048,68.518048,40.401556561996784,42.49025,1.0,87,onoff,0.95,1580.7830732037105,4.0,22.96793556213379,joint_full,0
10000,0.0084,175.98279294704986,25450.366060565495,48310.453277245055,50067.682424143844,48304.74838270236,1.0064412238325282,0.2048,68.518048,38.670312298711764,40.536,1.0,87,onoff,0.95,1580.7830732037105,4.0,22.96793556213379,cliffserve,0
10000,0.0148,176.98679195287414,25128.06286079743,47987.851966515074,49745.36907352357,47982.12108000804,1.01276078590237,0.0,68.52,34.3651939436905,36.421850000000006,1.0,87,onoff,0.95,1580.7830732037105,8.0,45.93587112426758,dense,0
10000,0.0148,176.98679195287414,25128.06286079743,47987.851966515074,49745.36907352357,47982.12108000804,1.01276078590237,0.0,68.52,36.76544146242657,38.75350000000002,1.0,87,onoff,0.95,1580.7830732037105,8.0,45.93587112426758,static_pomt,0
10000,0.0282,179.04778296164642,24477.753547877517,47337.542490445325,49094.87912032103,47331.83105369682,1.0254306808859721,1.2288,68.508624,37.33779122231337,39.364,1.0,87,onoff,0.95,1580.7830732037105,8.0,45.93587112426758,decoupled,0
10000,0.0282,179.04778296164642,24477.753547877517,47337.542490445325,49094.87912032103,47331.83105369682,1.0254306808859721,1.2288,68.508624,40.36225861361772,42.254499999999986,1.0,87,onoff,0.95,1580.7830732037105,8.0,45.93587112426758,joint_full,0
10000,0.0282,179.04778296164642,24477.753547877517,47337.542490445325,49094.87912032103,47331.83105369682,1.0254306808859721,1.2288,68.508624,38.78368570549631,40.706,1.0,87,onoff,0.95,1580.7830732037105,8.0,45.93587112426758,cliffserve,0
10000,0.0946,190.0241394886843,21251.367801474968,44111.773876611136,45868.389228286695,44106.05404285564,1.0950503723171265,0.0,68.52,35.565712439772234,37.671,1.0,87,onoff,0.95,1580.7830732037105,12.0,68.90380668640137,dense,0
10000,0.0946,190.0241394886843,21251.367801474968,44111.773876611136,45868.389228286695,44106.05404285564,1.0950503723171265,0.0,68.52,36.693272886552776,38.783,1.0,87,onoff,0.95,1580.7830732037105,12.0,68.90380668640137,static_pomt,0
10000,0.0966,190.42013068588736,21142.23271303121,44002.51932546272,45759.20077222342,43996.791800514606,1.0967317394165388,4.9664,68.47452799999998,37.150299517438036,39.24549999999999,1.0,87,onoff,0.95,1580.7830732037105,12.0,68.90380668640137,decoupled,0
10000,0.097,190.49641988739066,21121.240249442497,43981.524036065486,45738.199280214256,43975.81349224224,1.097333479644464,5.0176,68.47424,39.400309118841214,40.737,1.0,87,onoff,0.95,1580.7830732037105,12.0,68.90380668640137,joint_full,0
10000,0.097,190.49641988739066,21121.240249442497,43981.524036065486,45738.199280214256,43975.81349224224,1.097333479644464,5.0176,68.47424,38.768749807966636,40.286,1.0,87,onoff,0.95,1580.7830732037105,12.0,68.90380668640137,cliffserve,0
10000,0.0002,174.94581965541278,25666.420285321823,48942.79726027825,50893.35851874374,48937.09573716499,1.000100010001,0.0,68.52,35.55316551655165,37.21200000000001,1.0,87,onoff,1.1,1830.380400551665,2.0,11.483967781066895,dense,0
10000,0.0002,174.94581965541278,25666.420285321823,48942.79726027825,50893.35851874374,48937.09573716499,1.000100010001,0.0,68.52,37.042040104010404,39.204,1.0,87,onoff,1.1,1830.380400551665,2.0,11.483967781066895,static_pomt,0
10000,0.0002,174.94581965541278,25666.420285321823,48942.79726027825,50893.35851874374,48937.09573716499,1.000100010001,0.0,68.52,37.43101460146014,39.344,1.0,87,onoff,1.1,1830.380400551665,2.0,11.483967781066895,decoupled,0
10000,0.0002,174.94581965541278,25666.420285321823,48942.79726027825,50893.35851874374,48937.09573716499,1.000100010001,0.0,68.52,40.428517051705164,42.461000000000006,1.0,87,onoff,1.1,1830.380400551665,2.0,11.483967781066895,joint_full,0
10000,0.0002,174.94581965541278,25666.420285321823,48942.79726027825,50893.35851874374,48937.09573716499,1.000100010001,0.0,68.52,39.43636743674367,41.217,1.0,87,onoff,1.1,1830.380400551665,2.0,11.483967781066895,cliffserve,0
10000,0.0026,175.30709401565505,25549.047229863754,48825.412514346615,50775.97492277645,48819.70223278381,1.0023053021950485,0.0,68.52,35.63119925829408,37.59,1.0,87,onoff,1.1,1830.380400551665,4.0,22.96793556213379,dense,0
10000,0.0026,175.30709401565505,25549.047229863754,48825.412514346615,50775.97492277645,48819.70223278381,1.0023053021950485,0.0,68.52,36.51611065450536,38.953,1.0,87,onoff,1.1,1830.380400551665,4.0,22.96793556213379,static_pomt,0
10000,0.0026,175.30864265724725,25548.543325521103,48824.908610003964,50775.4710184338,48819.19832844116,1.0023053021950485,0.1024,68.519024,37.19155367344894,39.2732,1.0,87,onoff,1.1,1830.380400551665,4.0,22.96793556213379,decoupled,0
10000,0.0026,175.30864265724725,25548.543325521103,48824.908610003964,50775.4710184338,48819.19832844116,1.0023053021950485,0.1024,68.519024,40.04576786609201,42.069,1.0,87,onoff,1.1,1830.380400551665,4.0,22.96793556213379,joint_full,0
10000,0.0026,175.30864265724725,25548.543325521103,48824.908610003964,50775.4710184338,48819.19832844116,1.0023053021950485,0.1024,68.519024,38.84682780394909,40.276,1.0,87,onoff,1.1,1830.380400551665,4.0,22.96793556213379,cliffserve,0
10000,0.0155,177.08572987461199,24976.2157283365,48252.374182937696,50203.15313848953,48246.67775571163,1.0131712259371835,0.0,68.52,35.34446474164134,37.771,1.0,87,onoff,1.1,1830.380400551665,8.0,45.93587112426758,dense,0
10000,0.0155,177.08572987461199,24976.2157283365,48252.374182937696,50203.15313848953,48246.67775571163,1.0131712259371835,0.0,68.52,37.089980952380955,39.409949999999995,1.0,87,onoff,1.1,1830.380400551665,8.0,45.93587112426758,static_pomt,0
10000,0.0167,177.29179624556008,24910.5327826082,48186.61533834751,50137.48106980304,48180.909066579894,1.0144045445323595,0.5632,68.514848,37.53497413268411,39.745,1.0,87,onoff,1.1,1830.380400551665,8.0,45.93587112426758,decoupled,0
10000,0.0167,177.29778006612486,24908.597550445724,48184.69389858063,50135.5556680582,48178.96330821331,1.0145074566298062,0.6656,68.51387199999999,40.50237415035001,41.889,1.0,87,onoff,1.1,1830.380400551665,8.0,45.93587112426758,joint_full,0
10000,0.0167,177.29778006612486,24908.597550445724,48184.69389858063,50135.5556680582,48178.96330821331,1.0145074566298062,0.6656,68.51387199999999,39.20838409252308,41.05899999999999,1.0,87,onoff,1.1,1830.380400551665,8.0,45.93587112426758,cliffserve,0
10000,0.0423,181.2960298922862,23664.96111369775,46940.85725076068,48891.825237803794,46935.11066539157,1.0395010395010396,0.0,68.52,35.62757058212058,37.740050000000004,1.0,87,onoff,1.1,1830.380400551665,12.0,68.90380668640137,dense,0
10000,0.0423,181.2960298922862,23664.96111369775,46940.85725076068,48891.825237803794,46935.11066539157,1.0395010395010396,0.0,68.52,36.89426590436591,39.054449999999996,1.0,87,onoff,1.1,1830.380400551665,12.0,68.90380668640137,static_pomt,0
10000,0.0443,181.64147806676604,23560.042796618207,46835.63763759006,48786.92071391616,46829.85978786815,1.0414496979795875,2.1504,68.5004,37.261645386377836,39.444,1.0,87,onoff,1.1,1830.380400551665,12.0,68.90380668640137,decoupled,0
10000,0.0443,181.64147806676604,23560.042796618207,46835.63763759006,48786.92071391616,46829.85978786815,1.0414496979795875,2.1504,68.5004,40.052344928139966,41.748,1.0,87,onoff,1.1,1830.380400551665,12.0,68.90380668640137,joint_full,0
10000,0.0443,181.64147806676604,23560.042796618207,46835.63763759006,48786.92071391616,46829.85978786815,1.0414496979795875,2.1504,68.5004,38.950860029160594,41.01649999999999,1.0,87,onoff,1.1,1830.380400551665,12.0,68.90380668640137,cliffserve,0
10000,0.0007,174.9987676219108,18309.67968103211,35131.05176170131,36670.92286061927,35125.35451047679,1.0004001600640255,0.0,68.52,35.691372348939574,37.701,1.0,88,poisson,0.3,499.1946546959086,2.0,11.483967781066895,dense,0
10000,0.0007,174.9987676219108,18309.67968103211,35131.05176170131,36670.92286061927,35125.35451047679,1.0004001600640255,0.0,68.52,37.24445068027211,39.3065,1.0,88,poisson,0.3,499.1946546959086,2.0,11.483967781066895,static_pomt,0
10000,0.0007,174.9987676219108,18309.67968103211,35131.05176170131,36670.92286061927,35125.35451047679,1.0004001600640255,0.0,68.52,37.64352571028412,39.715,1.0,88,poisson,0.3,499.1946546959086,2.0,11.483967781066895,decoupled,0
10000,0.0007,174.9987676219108,18309.67968103211,35131.05176170131,36670.92286061927,35125.35451047679,1.0004001600640255,0.0,68.52,40.695656262505004,42.67,1.0,88,poisson,0.3,499.1946546959086,2.0,11.483967781066895,joint_full,0
10000,0.0007,174.9987676219108,18309.67968103211,35131.05176170131,36670.92286061927,35125.35451047679,1.0004001600640255,0.0,68.52,39.295959283713486,41.047,1.0,88,poisson,0.3,499.1946546959086,2.0,11.483967781066895,cliffserve,0
10000,1.0,497.00847353436683,9.740733398921293,13.903002555388321,15.498855480462845,8.07235142138743,2.8851702250432774,0.0,68.52,8.689791113675707,9.96575,1.0,88,poisson,0.3,499.1946546959086,4.0,22.96793556213379,dense,0
10000,1.0,497.00847353436683,9.740733398921293,13.903002555388321,15.498855480462845,8.07235142138743,2.8851702250432774,0.0,68.52,9.182183496826314,10.48,1.0,88,poisson,0.3,499.1946546959086,4.0,22.96793556213379,static_pomt,0
10000,1.0,497.00847353436683,9.740733398921293,13.903002555388321,15.498855480462845,8.07235142138743,2.8851702250432774,0.0,68.52,11.16717166762839,12.444,1.0,88,poisson,0.3,499.1946546959086,4.0,22.96793556213379,decoupled,0
10000,1.0,497.00847353436683,9.740733398921293,13.903002555388321,15.498855480462845,8.07235142138743,2.8851702250432774,0.0,68.52,11.340289094056548,13.3225,1.0,88,poisson,0.3,499.1946546959086,4.0,22.96793556213379,joint_full,0
10000,1.0,497.00847353436683,9.740733398921293,13.903002555388321,15.498855480462845,8.07235142138743,2.8851702250432774,0.0,68.52,9.24849307559146,10.86775,1.0,88,poisson,0.3,499.1946546959086,4.0,22.96793556213379,cliffserve,0
10000,1.0,497.00847353436683,9.740733398921293,13.903002555388321,15.498855480462845,8.07235142138743,2.8851702250432774,0.0,68.52,8.76663127524524,10.02575,1.0,88,poisson,0.3,499.1946546959086,8.0,45.93587112426758,dense,0
10000,1.0,497.00847353436683,9.740733398921293,13.903002555388321,15.498855480462845,8.07235142138743,2.8851702250432774,0.0,68.52,9.242824581650316,10.52975,1.0,88,poisson,0.3,499.1946546959086,8.0,45.93587112426758,static_pomt,0
10000,1.0,497.00847353436683,9.740733398921293,13.903002555388321,15.498855480462845,8.07235142138743,2.8851702250432774,0.0,68.52,11.098523369878825,12.373,1.0,88,poisson,0.3,499.1946546959086,8.0,45.93587112426758,decoupled,0
10000,1.0,497.00847353436683,9.740733398921293,13.903002555388321,15.498855480462845,8.07235142138743,2.8851702250432774,0.0,68.52,11.35632602423543,13.365,1.0,88,poisson,0.3,499.1946546959086,8.0,45.93587112426758,joint_full,0
10000,1.0,497.00847353436683,9.740733398921293,13.903002555388321,15.498855480462845,8.07235142138743,2.8851702250432774,0.0,68.52,9.29273831506059,10.911,1.0,88,poisson,0.3,499.1946546959086,8.0,45.93587112426758,cliffserve,0
10000,1.0,497.00847353436683,9.740733398921293,13.903002555388321,15.498855480462845,8.07235142138743,2.8851702250432774,0.0,68.52,8.735486439699942,9.99575,1.0,88,poisson,0.3,499.1946546959086,12.0,68.90380668640137,dense,0
10000,1.0,497.00847353436683,9.740733398921293,13.903002555388321,15.498855480462845,8.07235142138743,2.8851702250432774,0.0,68.52,9.225897576457012,10.56,1.0,88,poisson,0.3,499.1946546959086,12.0,68.90380668640137,static_pomt,0
10000,1.0,497.00847353436683,9.740733398921293,13.903002555388321,15.498855480462845,8.07235142138743,2.8851702250432774,0.0,68.52,11.103599538372764,12.404,1.0,88,poisson,0.3,499.1946546959086,12.0,68.90380668640137,decoupled,0
10000,1.0,497.00847353436683,9.740733398921293,13.903002555388321,15.498855480462845,8.07235142138743,2.8851702250432774,0.0,68.52,11.284245527986151,13.275,1.0,88,poisson,0.3,499.1946546959086,12.0,68.90380668640137,joint_full,0
10000,1.0,497.00847353436683,9.740733398921293,13.903002555388321,15.498855480462845,8.07235142138743,2.8851702250432774,0.0,68.52,9.30490450086555,10.91075,1.0,88,poisson,0.3,499.1946546959086,12.0,68.90380668640137,cliffserve,0
10000,0.0009,175.04646998399463,23421.38435576817,44692.74575357566,46605.7127108892,44687.036771060324,1.0007004903432404,0.0,68.52,35.53519013309316,37.33,1.0,88,poisson,0.6,998.3893093918172,2.0,11.483967781066895,dense,0
10000,0.0009,175.04646998399463,23421.38435576817,44692.74575357566,46605.7127108892,44687.036771060324,1.0007004903432404,0.0,68.52,37.19065335735014,39.094,1.0,88,poisson,0.6,998.3893093918172,2.0,11.483967781066895,static_pomt,0
10000,0.0009,175.04646998399463,23421.38435576817,44692.74575357566,46605.7127108892,44687.036771060324,1.0007004903432404,0.0,68.52,37.54955448814169,39.495,1.0,88,poisson,0.6,998.3893093918172,2.0,11.483967781066895,decoupled,0
10000,0.0009,175.04646998399463,23421.38435576817,44692.74575357566,46605.7127108892,44687.036771060324,1.0007004903432404,0.0,68.52,40.65775402781947,42.49,1.0,88,poisson,0.6,998.3893093918172,2.0,11.483967781066895,joint_full,0
10000,0.0009,175.04646998399463,23421.38435576817,44692.74575357566,46605.7127108892,44687.036771060324,1.0007004903432404,0.0,68.52,39.22567557290103,40.957,1.0,88,poisson,0.6,998.3893093918172,2.0,11.483967781066895,cliffserve,0
10000,0.1973,208.38134867500136,14282.816091315552,35553.80383900135,37467.15855613392,35548.10831905335,1.1971746677840296,0.0,68.52,34.77575110738657,37.601,1.0,88,poisson,0.6,998.3893093918172,4.0,22.96793556213379,dense,0
10000,0.1973,208.38134867500136,14282.816091315552,35553.80383900135,37467.15855613392,35548.10831905335,1.1971746677840296,0.0,68.52,36.01838237758889,39.004,1.0,88,poisson,0.6,998.3893093918172,4.0,22.96793556213379,static_pomt,0
10000,0.1973,208.38134867500136,14282.816091315552,35553.80383900135,37467.15855613392,35548.10831905335,1.1971746677840296,0.0,68.52,36.621167005866155,39.4544,1.0,88,poisson,0.6,998.3893093918172,4.0,22.96793556213379,decoupled,0
10000,0.4254,268.71426813470157,3507.3455049069184,24779.15901202742,26692.397005136172,24773.424269815125,1.5615240474703311,1.536,68.50535999999998,37.88150031230481,42.097649999999994,1.0,88,poisson,0.6,998.3893093918172,4.0,22.96793556213379,joint_full,0
10000,0.4254,268.71426813470157,3507.3455049069184,24779.15901202742,26692.397005136172,24773.424269815125,1.5615240474703311,1.536,68.50535999999998,36.2130231105559,40.22365,1.0,88,poisson,0.6,998.3893093918172,4.0,22.96793556213379,cliffserve,0
10000,1.0,993.6635769032465,12.568261615695064,20.36619204563342,25.325645668066493,10.886430513288536,6.788866259334691,0.0,68.52,11.10126205023761,14.370999999999999,1.0,88,poisson,0.6,998.3893093918172,8.0,45.93587112426758,dense,0
10000,1.0,993.6635769032465,12.568261615695064,20.36619204563342,25.325645668066493,10.886430513288536,6.788866259334691,0.0,68.52,11.740196877121521,15.165999999999997,1.0,88,poisson,0.6,998.3893093918172,8.0,45.93587112426758,static_pomt,0
10000,1.0,992.7370853670892,12.497304038544371,19.23200679966651,23.454233204177456,10.589979255486037,6.715916722632639,6.3488,68.45963200000001,13.859182001343184,17.913600000000002,1.0,88,poisson,0.6,998.3893093918172,8.0,45.93587112426758,decoupled,0
10000,1.0,992.7370853670892,12.497304038544371,19.23200679966651,23.454233204177456,10.589979255486037,6.715916722632639,6.3488,68.45963200000001,15.02837676292814,19.743,1.0,88,poisson,0.6,998.3893093918172,8.0,45.93587112426758,joint_full,0
10000,1.0,992.7370853670892,12.497304038544371,19.23200679966651,23.454233204177456,10.589979255486037,6.715916722632639,6.3488,68.45963200000001,12.189498992612492,16.0784,1.0,88,poisson,0.6,998.3893093918172,8.0,45.93587112426758,cliffserve,0
10000,1.0,993.6635769032465,12.568261615695064,20.36619204563342,25.325645668066493,10.886430513288536,6.788866259334691,0.0,68.52,11.117334691106585,14.407399999999994,1.0,88,poisson,0.6,998.3893093918172,12.0,68.90380668640137,dense,0
10000,1.0,993.6635769032465,12.568261615695064,20.36619204563342,25.325645668066493,10.886430513288536,6.788866259334691,0.0,68.52,11.748710794297354,15.097999999999994,1.0,88,poisson,0.6,998.3893093918172,12.0,68.90380668640137,static_pomt,0
10000,1.0,992.7370853670892,12.497304038544371,19.23200679966651,23.454233204177456,10.589979255486037,6.715916722632639,6.3488,68.45963200000001,13.737844190732035,17.914999999999996,1.0,88,poisson,0.6,998.3893093918172,12.0,68.90380668640137,decoupled,0
10000,1.0,992.7370853670892,12.497304038544371,19.23200679966651,23.454233204177456,10.589979255486037,6.715916722632639,6.3488,68.45963200000001,15.034148421759571,19.793,1.0,88,poisson,0.6,998.3893093918172,12.0,68.90380668640137,joint_full,0
10000,1.0,992.7370853670892,12.497304038544371,19.23200679966651,23.454233204177456,10.589979255486037,6.715916722632639,6.3488,68.45963200000001,12.134045668233712,15.985999999999999,1.0,88,poisson,0.6,998.3893093918172,12.0,68.90380668640137,cliffserve,0
10000,0.0005,174.98096455395407,24724.63800494717,47108.42955468392,49114.64582938076,47102.70295809006,1.000300090027008,0.0,68.52,35.45177833350005,37.37279999999999,1.0,88,poisson,0.8,1331.1857458557563,2.0,11.483967781066895,dense,0
10000,0.0005,174.98096455395407,24724.63800494717,47108.42955468392,49114.64582938076,47102.70295809006,1.000300090027008,0.0,68.52,37.17243863158948,38.943,1.0,88,poisson,0.8,1331.1857458557563,2.0,11.483967781066895,static_pomt,0
10000,0.0005,174.98096455395407,24724.63800494717,47108.42955468392,49114.64582938076,47102.70295809006,1.000300090027008,0.0,68.52,37.45448434530359,39.484,1.0,88,poisson,0.8,1331.1857458557563,2.0,11.483967781066895,decoupled,0
10000,0.0005,174.98096455395407,24724.63800494717,47108.42955468392,49114.64582938076,47102.70295809006,1.000300090027008,0.0,68.52,40.540617285185554,42.6902,1.0,88,poisson,0.8,1331.1857458557563,2.0,11.483967781066895,joint_full,0
10000,0.0005,174.98096455395407,24724.63800494717,47108.42955468392,49114.64582938076,47102.70295809006,1.000300090027008,0.0,68.52,39.34010843252976,41.318,1.0,88,poisson,0.8,1331.1857458557563,2.0,11.483967781066895,cliffserve,0
10000,0.0045,175.57442213193605,24531.49522202061,46915.30016310906,48921.5043685043,46909.60156620239,1.003814495081309,0.0,68.52,35.73121873117849,37.73049999999999,1.0,88,poisson,0.8,1331.1857458557563,4.0,22.96793556213379,dense,0
10000,0.0045,175.57442213193605,24531.49522202061,46915.30016310906,48921.5043685043,46909.60156620239,1.003814495081309,0.0,68.52,37.265306163421,39.244,1.0,88,poisson,0.8,1331.1857458557563,4.0,22.96793556213379,static_pomt,0
10000,0.0045,175.57442213193605,24531.49522202061,46915.30016310906,48921.5043685043,46909.60156620239,1.003814495081309,0.0,68.52,37.47718118851636,39.514,1.0,88,poisson,0.8,1331.1857458557563,4.0,22.96793556213379,decoupled,0
10000,0.0045,175.57442213193605,24531.49522202061,46915.30016310906,48921.5043685043,46909.60156620239,1.003814495081309,0.0,68.52,40.44848253362778,41.80849999999999,1.0,88,poisson,0.8,1331.1857458557563,4.0,22.96793556213379,joint_full,0
10000,0.0045,175.57442213193605,24531.49522202061,46915.30016310906,48921.5043685043,46909.60156620239,1.003814495081309,0.0,68.52,39.17461282874924,40.406949999999995,1.0,88,poisson,0.8,1331.1857458557563,4.0,22.96793556213379,cliffserve,0
10000,1.0,1321.8009098214573,23.41616550070671,34.74006110413065,40.08435573001331,17.788621990057827,16.920473773265652,0.0,68.52,15.280722504230118,22.5825,1.0,88,poisson,0.8,1331.1857458557563,8.0,45.93587112426758,dense,0
10000,1.0,1321.8009098214573,23.41616550070671,34.74006110413065,40.08435573001331,17.788621990057827,16.920473773265652,0.0,68.52,16.208115059221658,23.735,1.0,88,poisson,0.8,1331.1857458557563,8.0,45.93587112426758,static_pomt,0
10000,1.0,1321.5656528660145,20.142865173040946,30.331550760477644,35.596612876714005,15.569671269693478,14.45086705202312,52.0704,68.03152,17.646943641618495,22.826499999999996,1.0,88,poisson,0.8,1331.1857458557563,8.0,45.93587112426758,decoupled,0
10000,1.0,1321.5656528660145,20.142865173040946,30.331550760477644,35.596612876714005,15.569671269693478,14.45086705202312,52.0704,68.03152,19.550614161849712,25.268,1.0,88,poisson,0.8,1331.1857458557563,8.0,45.93587112426758,joint_full,0
10000,1.0,1321.5656528660145,20.142865173040946,30.331550760477644,35.596612876714005,15.569671269693478,14.45086705202312,52.0704,68.03152,16.0930838150289,21.21,1.0,88,poisson,0.8,1331.1857458557563,8.0,45.93587112426758,cliffserve,0
10000,1.0,1321.9368222299977,23.350731043361918,34.60377908786704,39.84492605828523,17.640237173430613,16.89189189189189,0.0,68.52,15.392810810810811,22.7975,1.0,88,poisson,0.8,1331.1857458557563,12.0,68.90380668640137,dense,0
10000,1.0,1321.9368222299977,23.350731043361918,34.60377908786704,39.84492605828523,17.640237173430613,16.89189189189189,0.0,68.52,16.127270270270273,23.658049999999996,1.0,88,poisson,0.8,1331.1857458557563,12.0,68.90380668640137,static_pomt,0
10000,1.0,1321.5656528660145,20.142865173040946,30.331550760477644,35.596612876714005,15.569671269693478,14.45086705202312,52.0704,68.03152,17.43889739884393,22.79245,1.0,88,poisson,0.8,1331.1857458557563,12.0,68.90380668640137,decoupled,0
10000,1.0,1321.5656528660145,20.142865173040946,30.331550760477644,35.596612876714005,15.569671269693478,14.45086705202312,52.0704,68.03152,19.285423410404622,24.93105,1.0,88,poisson,0.8,1331.1857458557563,12.0,68.90380668640137,joint_full,0
10000,1.0,1321.5656528660145,20.142865173040946,30.331550760477644,35.596612876714005,15.569671269693478,14.45086705202312,52.0704,68.03152,15.844917630057806,21.05855,1.0,88,poisson,0.8,1331.1857458557563,12.0,68.90380668640137,cliffserve,0
10000,0.0005,174.98096455395404,25331.820583835794,48242.57596443781,50292.97304785124,48236.849367843955,1.000300090027008,0.0,68.52,35.777452135640694,37.77279999999999,1.0,88,poisson,0.95,1580.7830732037105,2.0,11.483967781066895,dense,0
10000,0.0005,174.98096455395404,25331.820583835794,48242.57596443781,50292.97304785124,48236.849367843955,1.000300090027008,0.0,68.52,37.09534590377113,38.963,1.0,88,poisson,0.95,1580.7830732037105,2.0,11.483967781066895,static_pomt,0
10000,0.0005,174.98096455395404,25331.820583835794,48242.57596443781,50292.97304785124,48236.849367843955,1.000300090027008,0.0,68.52,37.5604122236671,39.484,1.0,88,poisson,0.95,1580.7830732037105,2.0,11.483967781066895,decoupled,0
10000,0.0005,174.98096455395404,25331.820583835794,48242.57596443781,50292.97304785124,48236.849367843955,1.000300090027008,0.0,68.52,40.25053175952786,42.069,1.0,88,poisson,0.95,1580.7830732037105,2.0,11.483967781066895,joint_full,0
10000,0.0005,174.98096455395404,25331.820583835794,48242.57596443781,50292.97304785124,48236.849367843955,1.000300090027008,0.0,68.52,39.3242266680004,40.957,1.0,88,poisson,0.95,1580.7830732037105,2.0,11.483967781066895,cliffserve,0
10000,0.0037,175.46044794104722,25175.75280882473,48086.46250074991,50136.87586648814,48080.75120643267,1.0032102728731942,0.0,68.52,35.82996227929374,37.671,1.0,88,poisson,0.95,1580.7830732037105,4.0,22.96793556213379,dense,0
10000,0.0037,175.46044794104722,25175.75280882473,48086.46250074991,50136.87586648814,48080.75120643267,1.0032102728731942,0.0,68.52,37.1209408105939,38.963,1.0,88,poisson,0.95,1580.7830732037105,4.0,22.96793556213379,static_pomt,0
10000,0.0041,175.52803324604736,25153.792505041314,48064.53022574076,50114.90665041319,48058.81475514063,1.0036130068245686,0.1024,68.519024,37.480424427940584,39.344,1.0,88,poisson,0.95,1580.7830732037105,4.0,22.96793556213379,decoupled,0
10000,0.0041,175.52803324604736,25153.792505041314,48064.53022574076,50114.90665041319,48058.81475514063,1.0036130068245686,0.1024,68.519024,40.379538036932956,42.157650000000004,1.0,88,poisson,0.95,1580.7830732037105,4.0,22.96793556213379,joint_full,0
10000,0.0041,175.52803324604736,25153.792505041314,48064.53022574076,50114.90665041319,48058.81475514063,1.0036130068245686,0.1024,68.519024,39.30737956643918,41.248,1.0,88,poisson,0.95,1580.7830732037105,4.0,22.96793556213379,cliffserve,0
10000,0.2277,218.82507317160642,13881.810329929544,36792.19426630625,38842.586708825744,36786.484810410824,1.2795905310300704,0.0,68.52,35.57131925783749,37.771,1.0,88,poisson,0.95,1580.7830732037105,8.0,45.93587112426758,dense,0
10000,0.2277,218.82507317160642,13881.810329929544,36792.19426630625,38842.586708825744,36786.484810410824,1.2795905310300704,0.0,68.52,36.835129750479844,38.66599999999999,1.0,88,poisson,0.95,1580.7830732037105,8.0,45.93587112426758,static_pomt,0
10000,0.2517,224.84854314332338,12657.191386476708,35568.31529255995,37618.51006763331,35562.6082573522,1.3159626266614028,15.7184,68.37568,37.00163718910383,39.034,1.0,88,poisson,0.95,1580.7830732037105,8.0,45.93587112426758,decoupled,0
10000,0.2525,225.05389157116733,12616.640298381997,35527.78840654978,37577.90964483611,35522.075929843275,1.3173494928204452,15.8208,68.37470400000001,40.3453018047688,42.57,1.0,88,poisson,0.95,1580.7830732037105,8.0,45.93587112426758,joint_full,0
10000,0.2525,225.05389157116733,12616.640298381997,35527.78840654978,37577.90964483611,35522.075929843275,1.3173494928204452,15.8208,68.37470400000001,38.569675141615065,40.266,1.0,88,poisson,0.95,1580.7830732037105,8.0,45.93587112426758,cliffserve,0
10000,0.4309,282.6588860072583,3559.4051590120325,26471.475483833638,28522.38160320632,26465.759178363172,1.7123287671232876,0.0,68.52,34.9065029109589,37.2505,1.0,88,poisson,0.95,1580.7830732037105,12.0,68.90380668640137,dense,0
10000,0.4309,282.6588860072583,3559.4051590120325,26471.475483833638,28522.38160320632,26465.759178363172,1.7123287671232876,0.0,68.52,36.6208955479452,38.86305,1.0,88,poisson,0.95,1580.7830732037105,12.0,68.90380668640137,static_pomt,0
10000,0.8889,829.1568074811192,32.48756533330129,3153.163528071728,5204.3877359234475,3147.437887894001,6.954102920723226,56.2176,68.00424000000002,33.678372044506254,38.96765,1.0,88,poisson,0.95,1580.7830732037105,12.0,68.90380668640137,decoupled,0
10000,0.8889,829.1568074811192,32.48756533330129,3153.163528071728,5204.3877359234475,3147.437887894001,6.954102920723226,56.2176,68.00424000000002,36.364721140472874,41.68399999999999,1.0,88,poisson,0.95,1580.7830732037105,12.0,68.90380668640137,joint_full,0
10000,0.8889,829.1568074811192,32.48756533330129,3153.163528071728,5204.3877359234475,3147.437887894001,6.954102920723226,56.2176,68.00424000000002,34.5251759388039,39.77415,1.0,88,poisson,0.95,1580.7830732037105,12.0,68.90380668640137,cliffserve,0
10000,0.0005,174.98096455395404,25773.4079139366,49067.409716986156,51149.93829764802,49061.6831203923,1.000300090027008,0.0,68.52,35.71571401420426,37.8412,1.0,88,poisson,1.1,1830.380400551665,2.0,11.483967781066895,dense,0
10000,0.0005,174.98096455395404,25773.4079139366,49067.409716986156,51149.93829764802,49061.6831203923,1.000300090027008,0.0,68.52,37.19093958187456,39.344,1.0,88,poisson,1.1,1830.380400551665,2.0,11.483967781066895,static_pomt,0
10000,0.0005,174.98096455395404,25773.4079139366,49067.409716986156,51149.93829764802,49061.6831203923,1.000300090027008,0.0,68.52,37.62509452835851,39.58699999999999,1.0,88,poisson,1.1,1830.380400551665,2.0,11.483967781066895,decoupled,0
10000,0.0005,174.98096455395404,25773.4079139366,49067.409716986156,51149.93829764802,49061.6831203923,1.000300090027008,0.0,68.52,40.45506271881565,42.119,1.0,88,poisson,1.1,1830.380400551665,2.0,11.483967781066895,joint_full,0
10000,0.0005,174.98096455395404,25773.4079139366,49067.409716986156,51149.93829764802,49061.6831203923,1.000300090027008,0.0,68.52,39.320062318695605,40.9062,1.0,88,poisson,1.1,1830.380400551665,2.0,11.483967781066895,cliffserve,0
10000,0.0033,175.4071093650865,25634.586554779038,48928.6131397948,51011.11426741559,48922.83604845855,1.0029084344599337,0.0,68.52,35.71042222445091,37.6555,1.0,88,poisson,1.1,1830.380400551665,4.0,22.96793556213379,dense,0
10000,0.0033,175.4071093650865,25634.586554779038,48928.6131397948,51011.11426741559,48922.83604845855,1.0029084344599337,0.0,68.52,37.162797813659616,39.044,1.0,88,poisson,1.1,1830.380400551665,4.0,22.96793556213379,static_pomt,0
10000,0.0033,175.408739228816,25634.056826843247,48928.08341185901,51010.5845394798,48922.30632052276,1.0029084344599337,0.1024,68.519024,37.49612325744659,39.3945,1.0,88,poisson,1.1,1830.380400551665,4.0,22.96793556213379,decoupled,0
10000,0.0033,175.408739228816,25634.056826843247,48928.08341185901,51010.5845394798,48922.30632052276,1.0029084344599337,0.1024,68.519024,40.27309898706249,41.9895,1.0,88,poisson,1.1,1830.380400551665,4.0,22.96793556213379,joint_full,0
10000,0.0033,175.408739228816,25634.056826843247,48928.08341185901,51010.5845394798,48922.30632052276,1.0029084344599337,0.1024,68.519024,39.37523137097583,40.516,1.0,88,poisson,1.1,1830.380400551665,4.0,22.96793556213379,cliffserve,0
10000,0.0209,178.1889253400538,24744.3183050289,48038.53005430553,50120.9629684015,48032.81918876025,1.0203040506070808,0.0,68.52,35.73408784817875,37.711,1.0,88,poisson,1.1,1830.380400551665,8.0,45.93587112426758,dense,0
10000,0.0209,178.1889253400538,24744.3183050289,48038.53005430553,50120.9629684015,48032.81918876025,1.0203040506070808,0.0,68.52,37.3022096724824,39.274,1.0,88,poisson,1.1,1830.380400551665,8.0,45.93587112426758,static_pomt,0
10000,0.0265,179.10061897319252,24458.86417986296,47752.75470158908,49835.46922898252,47747.030162452196,1.0258514567090686,1.5872,68.505344,37.349839454247025,39.354,1.0,88,poisson,1.1,1830.380400551665,8.0,45.93587112426758,decoupled,0
10000,0.0265,179.10061897319252,24458.86417986296,47752.75470158908,49835.46922898252,47747.030162452196,1.0258514567090686,1.5872,68.505344,40.488899466557235,42.51,1.0,88,poisson,1.1,1830.380400551665,8.0,45.93587112426758,joint_full,0
10000,0.0265,179.10061897319252,24458.86417986296,47752.75470158908,49835.46922898252,47747.030162452196,1.0258514567090686,1.5872,68.505344,39.324646696758315,41.238,1.0,88,poisson,1.1,1830.380400551665,8.0,45.93587112426758,cliffserve,0
10000,0.0913,190.32190622016935,21167.203484071717,44460.62053353641,46543.448440365384,44454.90271251056,1.0970927043335161,0.0,68.52,35.70737520570488,37.59369999999999,1.0,88,poisson,1.1,1830.380400551665,12.0,68.90380668640137,dense,0
10000,0.0913,190.32190622016935,21167.203484071717,44460.62053353641,46543.448440365384,44454.90271251056,1.0970927043335161,0.0,68.52,37.100982995063085,39.0233,1.0,88,poisson,1.1,1830.380400551665,12.0,68.90380668640137,static_pomt,0
10000,0.1569,203.38140204317568,17792.87412883185,41086.265033315154,43169.53759973962,41080.55408286903,1.1796626164916835,9.9328,68.429296,37.31051869765247,39.374,1.0,88,poisson,1.1,1830.380400551665,12.0,68.90380668640137,decoupled,0
10000,0.1641,204.93759782300447,17419.628229154572,40713.18566131446,42796.00035257776,40707.47938618514,1.189767995240928,10.3936,68.425152,40.189797263533606,41.97699999999999,1.0,88,poisson,1.1,1830.380400551665,12.0,68.90380668640137,joint_full,0
10000,0.1641,204.93759782300447,17419.628229154572,40713.18566131446,42796.00035257776,40707.47938618514,1.189767995240928,10.3936,68.425152,39.065974657941695,41.16519999999999,1.0,88,poisson,1.1,1830.380400551665,12.0,68.90380668640137,cliffserve,0
10000,0.0002,174.94609706920585,19532.07303227069,36561.48445448424,38060.87682706841,36555.70685116793,1.000100010001,0.0,68.52,35.39485058505851,37.58200000000001,1.0,88,onoff,0.3,499.1946546959086,2.0,11.483967781066895,dense,0
10000,0.0002,174.94609706920585,19532.07303227069,36561.48445448424,38060.87682706841,36555.70685116793,1.000100010001,0.0,68.52,37.050940094009405,39.23500000000001,1.0,88,onoff,0.3,499.1946546959086,2.0,11.483967781066895,static_pomt,0
10000,0.0002,174.94609706920585,19532.07303227069,36561.48445448424,38060.87682706841,36555.70685116793,1.000100010001,0.0,68.52,37.31645554555456,39.37500000000001,1.0,88,onoff,0.3,499.1946546959086,2.0,11.483967781066895,decoupled,0
10000,0.0002,174.94609706920585,19532.07303227069,36561.48445448424,38060.87682706841,36555.70685116793,1.000100010001,0.0,68.52,40.59362056205621,42.503000000000014,1.0,88,onoff,0.3,499.1946546959086,2.0,11.483967781066895,joint_full,0
10000,0.0002,174.94609706920585,19532.07303227069,36561.48445448424,38060.87682706841,36555.70685116793,1.000100010001,0.0,68.52,38.80281758175818,40.60900000000001,1.0,88,onoff,0.3,499.1946546959086,2.0,11.483967781066895,cliffserve,0
10000,0.3937,238.47347411163187,4304.414136339405,21333.90896965048,22833.512094998394,21328.212564716552,1.4297969688304262,0.0,68.52,31.934991564197883,37.44035,1.0,88,onoff,0.3,499.1946546959086,4.0,22.96793556213379,dense,0
10000,0.3937,238.47347411163187,4304.414136339405,21333.90896965048,22833.512094998394,21328.212564716552,1.4297969688304262,0.0,68.52,33.11672333428653,38.696149999999996,1.0,88,onoff,0.3,499.1946546959086,4.0,22.96793556213379,static_pomt,0
10000,0.3937,238.47347411163187,4304.414136339405,21333.90896965048,22833.512094998394,21328.212564716552,1.4297969688304262,0.1024,68.519024,33.80494309408064,39.4075,1.0,88,onoff,0.3,499.1946546959086,4.0,22.96793556213379,decoupled,0
10000,0.4152,244.2283808144471,3316.336219992747,20346.016475938904,21845.537083805964,20340.27702803527,1.4677821811243212,0.2048,68.518048,36.224928959342435,41.64659999999999,1.0,88,onoff,0.3,499.1946546959086,4.0,22.96793556213379,joint_full,0
10000,0.4152,244.2283808144471,3316.336219992747,20346.016475938904,21845.537083805964,20340.27702803527,1.4677821811243212,0.2048,68.518048,34.83721561720241,40.751,1.0,88,onoff,0.3,499.1946546959086,4.0,22.96793556213379,cliffserve,0
10000,1.0,536.0248038921005,11.126099448005334,16.547787613299985,20.176488784385313,9.409082101103715,4.221190375685944,0.0,68.52,9.401923174335163,11.9184,1.0,88,onoff,0.3,499.1946546959086,8.0,45.93587112426758,dense,0
10000,1.0,536.0248038921005,11.126099448005334,16.547787613299985,20.176488784385313,9.409082101103715,4.221190375685944,0.0,68.52,9.828178134233854,12.5136,1.0,88,onoff,0.3,499.1946546959086,8.0,45.93587112426758,static_pomt,0
10000,1.0,536.0178190565638,11.128265631860813,16.444515050041534,19.43151106390916,9.35149158491822,4.222972972972973,1.536,68.50536,11.737562922297297,14.497,1.0,88,onoff,0.3,499.1946546959086,8.0,45.93587112426758,decoupled,0
10000,1.0,536.0178190565638,11.128265631860813,16.444515050041534,19.43151106390916,9.35149158491822,4.222972972972973,1.536,68.50536,12.214497888513513,16.171,1.0,88,onoff,0.3,499.1946546959086,8.0,45.93587112426758,joint_full,0
10000,1.0,536.0178190565638,11.128265631860813,16.444515050041534,19.43151106390916,9.35149158491822,4.222972972972973,1.536,68.50536,9.987158783783782,13.12465,1.0,88,onoff,0.3,499.1946546959086,8.0,45.93587112426758,cliffserve,0
10000,1.0,536.0248038921005,11.126099448005334,16.547787613299985,20.176488784385313,9.409082101103715,4.221190375685944,0.0,68.52,9.321502743773744,11.842,1.0,88,onoff,0.3,499.1946546959086,12.0,68.90380668640137,dense,0
10000,1.0,536.0248038921005,11.126099448005334,16.547787613299985,20.176488784385313,9.409082101103715,4.221190375685944,0.0,68.52,9.911952722667792,12.574,1.0,88,onoff,0.3,499.1946546959086,12.0,68.90380668640137,static_pomt,0
10000,1.0,536.0178190565638,11.128265631860813,16.444515050041534,19.43151106390916,9.35149158491822,4.222972972972973,1.536,68.50536,11.871933277027026,14.657,1.0,88,onoff,0.3,499.1946546959086,12.0,68.90380668640137,decoupled,0
10000,1.0,536.0178190565638,11.128265631860813,16.444515050041534,19.43151106390916,9.35149158491822,4.222972972972973,1.536,68.50536,12.217898648648648,16.201,1.0,88,onoff,0.3,499.1946546959086,12.0,68.90380668640137,joint_full,0
10000,1.0,536.0178190565638,11.128265631860813,16.444515050041534,19.43151106390916,9.35149158491822,4.222972972972973,1.536,68.50536,9.99609206081081,13.115,1.0,88,onoff,0.3,499.1946546959086,12.0,68.90380668640137,cliffserve,0
10000,0.0004,174.98114395408197,23004.581316895797,44030.35633347181,46078.59829364455,44024.629736877956,1.000300090027008,0.0,68.52,35.638133440032014,37.731,1.0,88,onoff,0.6,998.3893093918172,2.0,11.483967781066895,dense,0
10000,0.0004,174.98114395408197,23004.581316895797,44030.35633347181,46078.59829364455,44024.629736877956,1.000300090027008,0.0,68.52,37.264130239071726,39.474,1.0,88,onoff,0.6,998.3893093918172,2.0,11.483967781066895,static_pomt,0
10000,0.0004,174.98114395408197,23004.581316895797,44030.35633347181,46078.59829364455,44024.629736877956,1.000300090027008,0.0,68.52,37.522174752425734,39.606799999999986,1.0,88,onoff,0.6,998.3893093918172,2.0,11.483967781066895,decoupled,0
10000,0.0004,174.98114395408197,23004.581316895797,44030.35633347181,46078.59829364455,44024.629736877956,1.000300090027008,0.0,68.52,40.65155506651996,42.59199999999999,1.0,88,onoff,0.6,998.3893093918172,2.0,11.483967781066895,joint_full,0
10000,0.0004,174.98114395408197,23004.581316895797,44030.35633347181,46078.59829364455,44024.629736877956,1.000300090027008,0.0,68.52,39.1711844553366,41.138,1.0,88,onoff,0.6,998.3893093918172,2.0,11.483967781066895,cliffserve,0
10000,0.004,175.5135372367276,22831.319798178985,43857.04175179151,45905.276311904556,43851.34493086485,1.0035122930255895,0.0,68.52,35.53221505268439,37.661,1.0,88,onoff,0.6,998.3893093918172,4.0,22.96793556213379,dense,0
10000,0.004,175.5135372367276,22831.319798178985,43857.04175179151,45905.276311904556,43851.34493086485,1.0035122930255895,0.0,68.52,36.867540291018564,38.99119999999999,1.0,88,onoff,0.6,998.3893093918172,4.0,22.96793556213379,static_pomt,0
10000,0.004,175.51516907889862,22830.790070243194,43856.51202385572,45904.746583968765,43850.81520292906,1.0035122930255895,0.1024,68.519024,37.117319819367786,39.244,1.0,88,onoff,0.6,998.3893093918172,4.0,22.96793556213379,decoupled,0
10000,0.004,175.51516907889862,22830.790070243194,43856.51202385572,45904.746583968765,43850.81520292906,1.0035122930255895,0.1024,68.519024,40.1305517310587,42.30719999999999,1.0,88,onoff,0.6,998.3893093918172,4.0,22.96793556213379,joint_full,0
10000,0.004,175.51516907889862,22830.790070243194,43856.51202385572,45904.746583968765,43850.81520292906,1.0035122930255895,0.1024,68.519024,38.83853687907677,40.43419999999999,1.0,88,onoff,0.6,998.3893093918172,4.0,22.96793556213379,cliffserve,0
10000,0.0854,185.9358681402022,19637.853358587978,40663.384147087054,42711.782981015254,40657.64276959034,1.073998496402105,0.0,68.52,34.872537106648046,37.5855,1.0,88,onoff,0.6,998.3893093918172,8.0,45.93587112426758,dense,0
10000,0.0854,185.9358681402022,19637.853358587978,40663.384147087054,42711.782981015254,40657.64276959034,1.073998496402105,0.0,68.52,36.7232674256256,39.314,1.0,88,onoff,0.6,998.3893093918172,8.0,45.93587112426758,static_pomt,0
10000,0.1679,200.34907293402222,15768.567660756811,36793.61011269278,38842.46590414719,36787.90453372188,1.166452816983553,7.7824,68.447696,36.42913682491543,39.164,1.0,88,onoff,0.6,998.3893093918172,8.0,45.93587112426758,decoupled,0
10000,0.1679,200.34907293402222,15768.567660756811,36793.61011269278,38842.46590414719,36787.90453372188,1.166452816983553,7.7824,68.447696,39.6303339554415,42.64799999999999,1.0,88,onoff,0.6,998.3893093918172,8.0,45.93587112426758,joint_full,0
10000,0.1679,200.34907293402222,15768.567660756811,36793.61011269278,38842.46590414719,36787.90453372188,1.166452816983553,7.7824,68.447696,38.40844943427038,40.927,1.0,88,onoff,0.6,998.3893093918172,8.0,45.93587112426758,cliffserve,0
10000,0.831,521.0980309733014,34.28612614324629,6071.478259064607,8120.060811302207,6065.766963102274,3.837298541826554,0.0,68.52,26.68513584036838,37.02725,1.0,88,onoff,0.6,998.3893093918172,12.0,68.90380668640137,dense,0
10000,0.831,521.0980309733014,34.28612614324629,6071.478259064607,8120.060811302207,6065.766963102274,3.837298541826554,0.0,68.52,27.495688027628553,37.93875,1.0,88,onoff,0.6,998.3893093918172,12.0,68.90380668640137,static_pomt,0
10000,0.8374,530.3901556603073,30.71617556713136,5735.34555182641,7783.939779765151,5729.627836753778,3.875968992248062,43.1104,68.12297600000001,28.151443410852714,38.592499999999994,1.0,88,onoff,0.6,998.3893093918172,12.0,68.90380668640137,decoupled,0
10000,0.8382,531.6404039690375,30.714361243638564,5691.017464162759,7739.547020608924,5685.296664001397,3.8895371450797356,43.2128,68.12201600000002,30.027249708284717,41.002,1.0,88,onoff,0.6,998.3893093918172,12.0,68.90380668640137,joint_full,0
10000,0.8382,531.6404039690375,30.714361243638564,5691.017464162759,7739.547020608924,5685.296664001397,3.8895371450797356,43.2128,68.12201600000002,28.506551536367173,39.449,1.0,88,onoff,0.6,998.3893093918172,12.0,68.90380668640137,cliffserve,0
10000,0.0004,174.98114395408197,24474.34196030422,47675.2005300626,49756.07750535162,47669.47393346874,1.000300090027008,0.0,68.52,35.762077923377014,38.0612,1.0,88,onoff,0.8,1331.1857458557563,2.0,11.483967781066895,dense,0
10000,0.0004,174.98114395408197,24474.34196030422,47675.2005300626,49756.07750535162,47669.47393346874,1.000300090027008,0.0,68.52,37.02887496248875,39.30879999999998,1.0,88,onoff,0.8,1331.1857458557563,2.0,11.483967781066895,static_pomt,0
10000,0.0004,174.98114395408197,24474.34196030422,47675.2005300626,49756.07750535162,47669.47393346874,1.000300090027008,0.0,68.52,37.40113824147244,39.524,1.0,88,onoff,0.8,1331.1857458557563,2.0,11.483967781066895,decoupled,0
10000,0.0004,174.98114395408197,24474.34196030422,47675.2005300626,49756.07750535162,47669.47393346874,1.000300090027008,0.0,68.52,40.710155546664,42.996999999999964,1.0,88,onoff,0.8,1331.1857458557563,2.0,11.483967781066895,joint_full,0
10000,0.0004,174.98114395408197,24474.34196030422,47675.2005300626,49756.07750535162,47669.47393346874,1.000300090027008,0.0,68.52,39.2420234070221,41.348,1.0,88,onoff,0.8,1331.1857458557563,2.0,11.483967781066895,cliffserve,0
10000,0.0028,175.34149701317494,24356.900104873617,47557.8078408107,49638.64521280439,47552.07834333031,1.0025062656641603,0.0,68.52,35.625315288220555,37.9413,1.0,88,onoff,0.8,1331.1857458557563,4.0,22.96793556213379,dense,0
10000,0.0028,175.34149701317494,24356.900104873617,47557.8078408107,49638.64521280439,47552.07834333031,1.0025062656641603,0.0,68.52,36.984292932330824,39.104,1.0,88,onoff,0.8,1331.1857458557563,4.0,22.96793556213379,static_pomt,0
10000,0.0028,175.34312565780115,24356.370376937826,47557.27811287491,49638.1154848686,47551.54861539452,1.0025062656641603,0.1024,68.519024,37.39143458646616,39.484,1.0,88,onoff,0.8,1331.1857458557563,4.0,22.96793556213379,decoupled,0
10000,0.0028,175.34312565780115,24356.370376937826,47557.27811287491,49638.1154848686,47551.54861539452,1.0025062656641603,0.1024,68.519024,40.628308571428576,42.93399999999999,1.0,88,onoff,0.8,1331.1857458557563,4.0,22.96793556213379,joint_full,0
10000,0.0028,175.34312565780115,24356.370376937826,47557.27811287491,49638.1154848686,47551.54861539452,1.0025062656641603,0.1024,68.519024,39.193884611528816,40.953299999999984,1.0,88,onoff,0.8,1331.1857458557563,4.0,22.96793556213379,cliffserve,0
10000,0.0216,178.28248835861658,23415.827549331625,46616.912181483196,48697.64462165506,46611.18322306721,1.0207206287639072,0.0,68.52,35.689425334286014,37.7602,1.0,88,onoff,0.8,1331.1857458557563,8.0,45.93587112426758,dense,0
10000,0.0216,178.28248835861658,23415.827549331625,46616.912181483196,48697.64462165506,46611.18322306721,1.0207206287639072,0.0,68.52,37.01545963049914,39.33599999999999,1.0,88,onoff,0.8,1331.1857458557563,8.0,45.93587112426758,static_pomt,0
10000,0.0221,178.3716676626801,23387.767727487524,46588.67585035412,48669.558240605904,46582.97132390587,1.0212418300653594,1.2288,68.508624,37.47434446486928,39.635,1.0,88,onoff,0.8,1331.1857458557563,8.0,45.93587112426758,decoupled,0
10000,0.0221,178.3716676626801,23387.767727487524,46588.67585035412,48669.558240605904,46582.97132390587,1.0212418300653594,1.2288,68.508624,40.61209507761438,42.72549999999999,1.0,88,onoff,0.8,1331.1857458557563,8.0,45.93587112426758,joint_full,0
10000,0.0221,178.3716676626801,23387.767727487524,46588.67585035412,48669.558240605904,46582.97132390587,1.0212418300653594,1.2288,68.508624,39.12674448529412,41.14949999999995,1.0,88,onoff,0.8,1331.1857458557563,8.0,45.93587112426758,cliffserve,0
10000,0.0855,187.6877381252638,20605.680890418134,43806.22667493253,45887.332538161,43800.50209562211,1.0816657652785289,0.0,68.52,35.26200681449432,37.50899999999999,1.0,88,onoff,0.8,1331.1857458557563,12.0,68.90380668640137,dense,0
10000,0.0855,187.6877381252638,20605.680890418134,43806.22667493253,45887.332538161,43800.50209562211,1.0816657652785289,0.0,68.52,36.232312276906434,38.78699999999998,1.0,88,onoff,0.8,1331.1857458557563,12.0,68.90380668640137,static_pomt,0
10000,0.1187,193.72887078010478,18944.03863826153,42144.11870386285,44225.87174113974,42138.38573124093,1.119444755401321,6.1952,68.46327999999998,36.95358882794134,39.444,1.0,88,onoff,0.8,1331.1857458557563,12.0,68.90380668640137,decoupled,0
10000,0.1187,193.736866079962,18941.8391996896,42141.97443523091,44223.701005561205,42136.23395533246,1.1198208286674132,6.3488,68.461872,40.141716125419926,42.740999999999985,1.0,88,onoff,0.8,1331.1857458557563,12.0,68.90380668640137,joint_full,0
10000,0.1187,193.736866079962,18941.8391996896,42141.97443523091,44223.701005561205,42136.23395533246,1.1198208286674132,6.3488,68.461872,38.88416562150056,40.987999999999985,1.0,88,onoff,0.8,1331.1857458557563,12.0,68.90380668640137,cliffserve,0
10000,0.0008,175.0468019879804,24660.675266547936,47974.14825725762,49897.65179137879,47968.43927474228,1.0007004903432404,0.0,68.52,35.737454017812475,37.801,1.0,88,onoff,0.95,1580.7830732037105,2.0,11.483967781066895,dense,0
10000,0.0008,175.0468019879804,24660.675266547936,47974.14825725762,49897.65179137879,47968.43927474228,1.0007004903432404,0.0,68.52,37.23247963574502,39.3486,1.0,88,onoff,0.95,1580.7830732037105,2.0,11.483967781066895,static_pomt,0
10000,0.0008,175.0468019879804,24660.675266547936,47974.14825725762,49897.65179137879,47968.43927474228,1.0007004903432404,0.0,68.52,37.319086860802564,39.6344,1.0,88,onoff,0.95,1580.7830732037105,2.0,11.483967781066895,decoupled,0
10000,0.0008,175.0468019879804,24660.675266547936,47974.14825725762,49897.65179137879,47968.43927474228,1.0007004903432404,0.0,68.52,40.734382968077654,43.205,1.0,88,onoff,0.95,1580.7830732037105,2.0,11.483967781066895,joint_full,0
10000,0.0008,175.0468019879804,24660.675266547936,47974.14825725762,49897.65179137879,47968.43927474228,1.0007004903432404,0.0,68.52,38.980436605623936,41.027,1.0,88,onoff,0.95,1580.7830732037105,2.0,11.483967781066895,cliffserve,0
10000,0.0032,175.40740936296083,24543.28851537301,47856.7372414848,49780.19204376869,47850.96015014855,1.0029084344599337,0.0,68.52,35.51554337578979,37.450500000000005,1.0,88,onoff,0.95,1580.7830732037105,4.0,22.96793556213379,dense,0
10000,0.0032,175.40740936296083,24543.28851537301,47856.7372414848,49780.19204376869,47850.96015014855,1.0029084344599337,0.0,68.52,36.8769960886571,38.788,1.0,88,onoff,0.95,1580.7830732037105,4.0,22.96793556213379,static_pomt,0
10000,0.0032,175.40903923226546,24542.75878743722,47856.20751354901,49779.6623158329,47850.43042221276,1.0029084344599337,0.1024,68.519024,37.204829605856986,39.099000000000004,1.0,88,onoff,0.95,1580.7830732037105,4.0,22.96793556213379,decoupled,0
10000,0.0032,175.40903923226546,24542.75878743722,47856.20751354901,49779.6623158329,47850.43042221276,1.0029084344599337,0.1024,68.519024,40.25574425834922,42.585,1.0,88,onoff,0.95,1580.7830732037105,4.0,22.96793556213379,joint_full,0
10000,0.0032,175.40903923226546,24542.75878743722,47856.20751354901,49779.6623158329,47850.43042221276,1.0029084344599337,0.1024,68.519024,38.965941430147424,40.256,1.0,88,onoff,0.95,1580.7830732037105,4.0,22.96793556213379,cliffserve,0
10000,0.02,178.04029974433396,23699.99215035035,47013.5369583389,48936.9033465498,47007.83900959698,1.0192640913260627,0.0,68.52,35.59840525940271,37.561,1.0,88,onoff,0.95,1580.7830732037105,8.0,45.93587112426758,dense,0
10000,0.02,178.04029974433396,23699.99215035035,47013.5369583389,48936.9033465498,47007.83900959698,1.0192640913260627,0.0,68.52,37.11661594129039,39.153,1.0,88,onoff,0.95,1580.7830732037105,8.0,45.93587112426758,static_pomt,0
10000,0.0216,178.30826194651576,23615.532602592248,46929.15936255662,48852.495839711955,46923.437927272,1.0208248264597795,1.1264,68.50952,37.452343915884036,39.49425,1.0,88,onoff,0.95,1580.7830732037105,8.0,45.93587112426758,decoupled,0
10000,0.0216,178.30826194651576,23615.532602592248,46929.15936255662,48852.495839711955,46923.437927272,1.0208248264597795,1.1264,68.50952,40.53871018783177,42.252250000000004,1.0,88,onoff,0.95,1580.7830732037105,8.0,45.93587112426758,joint_full,0
10000,0.0216,178.30826194651576,23615.532602592248,46929.15936255662,48852.495839711955,46923.437927272,1.0208248264597795,1.1264,68.50952,39.26463148223765,41.338,1.0,88,onoff,0.95,1580.7830732037105,8.0,45.93587112426758,cliffserve,0
10000,0.03,179.6583627497621,23194.721517368096,46508.05868361203,48431.58682405644,46502.333565427936,1.029336078229542,0.0,68.52,35.57007596500257,37.430299999999995,1.0,88,onoff,0.95,1580.7830732037105,12.0,68.90380668640137,dense,0
10000,0.03,179.6583627497621,23194.721517368096,46508.05868361203,48431.58682405644,46502.333565427936,1.029336078229542,0.0,68.52,37.08744786412763,38.90599999999999,1.0,88,onoff,0.95,1580.7830732037105,12.0,68.90380668640137,static_pomt,0
10000,0.034,180.3367569753375,22985.23979644372,46298.605974390186,48222.24157253914,46292.88604297845,1.0334849111202977,1.8432,68.50308799999999,37.406523356758996,39.504,1.0,88,onoff,0.95,1580.7830732037105,12.0,68.90380668640137,decoupled,0
10000,0.0348,180.4814521638545,22940.593588395852,46253.97119038311,48177.68872919732,46248.271820857204,1.0344470880314471,1.9968,68.501696,40.489130961001344,42.6307,1.0,88,onoff,0.95,1580.7830732037105,12.0,68.90380668640137,joint_full,0
10000,0.0348,180.4814521638545,22940.593588395852,46253.97119038311,48177.68872919732,46248.271820857204,1.0344470880314471,1.9968,68.501696,38.77273156098066,40.64999999999998,1.0,88,onoff,0.95,1580.7830732037105,12.0,68.90380668640137,cliffserve,0
10000,0.0008,175.0468019879804,25668.05716927188,49094.388991979,51261.57361060119,49088.680009463664,1.0007004903432404,0.0,68.52,35.834638647052934,37.9614,1.0,88,onoff,1.1,1830.380400551665,2.0,11.483967781066895,dense,0
10000,0.0008,175.0468019879804,25668.05716927188,49094.388991979,51261.57361060119,49088.680009463664,1.0007004903432404,0.0,68.52,37.20466256379466,39.4844,1.0,88,onoff,1.1,1830.380400551665,2.0,11.483967781066895,static_pomt,0
10000,0.0008,175.0468019879804,25668.05716927188,49094.388991979,51261.57361060119,49088.680009463664,1.0007004903432404,0.0,68.52,37.66922805964175,39.915,1.0,88,onoff,1.1,1830.380400551665,2.0,11.483967781066895,decoupled,0
10000,0.0008,175.0468019879804,25668.05716927188,49094.388991979,51261.57361060119,49088.680009463664,1.0007004903432404,0.0,68.52,40.347639647753425,41.933,1.0,88,onoff,1.1,1830.380400551665,2.0,11.483967781066895,joint_full,0
10000,0.0008,175.0468019879804,25668.05716927188,49094.388991979,51261.57361060119,49088.680009463664,1.0007004903432404,0.0,68.52,38.98628379865906,40.85039999999999,1.0,88,onoff,1.1,1830.380400551665,2.0,11.483967781066895,cliffserve,0
10000,0.0032,175.40740936296083,25550.670418096954,48976.97797620618,51144.11386299109,48971.20088486993,1.0029084344599337,0.0,68.52,35.58682298666132,37.48,1.0,88,onoff,1.1,1830.380400551665,4.0,22.96793556213379,dense,0
10000,0.0032,175.40740936296083,25550.670418096954,48976.97797620618,51144.11386299109,48971.20088486993,1.0029084344599337,0.0,68.52,36.96110881556514,38.8835,1.0,88,onoff,1.1,1830.380400551665,4.0,22.96793556213379,static_pomt,0
10000,0.0032,175.40903923226546,25550.140690161163,48976.44824827039,51143.5841350553,48970.67115693414,1.0029084344599337,0.1024,68.519024,37.482132183331665,39.464,1.0,88,onoff,1.1,1830.380400551665,4.0,22.96793556213379,decoupled,0
10000,0.0032,175.40903923226546,25550.140690161163,48976.44824827039,51143.5841350553,48970.67115693414,1.0029084344599337,0.1024,68.519024,40.5121225554107,43.171499999999995,1.0,88,onoff,1.1,1830.380400551665,4.0,22.96793556213379,joint_full,0
10000,0.0032,175.40903923226546,25550.140690161163,48976.44824827039,51143.5841350553,48970.67115693414,1.0029084344599337,0.1024,68.519024,38.78475077725404,40.6965,1.0,88,onoff,1.1,1830.380400551665,4.0,22.96793556213379,cliffserve,0
10000,0.0096,176.41343009697752,25225.508932186538,48651.901903727885,50819.12853157496,48646.18567495668,1.0091835704914724,0.0,68.52,35.04896770612575,37.586400000000005,1.0,88,onoff,1.1,1830.380400551665,8.0,45.93587112426758,dense,0
10000,0.0096,176.41343009697752,25225.508932186538,48651.901903727885,50819.12853157496,48646.18567495668,1.0091835704914724,0.0,68.52,37.256661620748815,39.370000000000005,1.0,88,onoff,1.1,1830.380400551665,8.0,45.93587112426758,static_pomt,0
10000,0.0096,176.42068946794814,25223.17645270961,48649.569424250956,50816.796052098034,48643.85319547975,1.0091835704914724,0.512,68.51532799999998,37.43679412655162,39.61,1.0,88,onoff,1.1,1830.380400551665,8.0,45.93587112426758,decoupled,0
10000,0.01,176.4809314414308,25203.836052252227,48630.236856583,50797.42273550964,48624.53333676183,1.0095911155981827,0.5632,68.514848,40.26374376577486,42.6608,1.0,88,onoff,1.1,1830.380400551665,8.0,45.93587112426758,joint_full,0
10000,0.01,176.4809314414308,25203.836052252227,48630.236856583,50797.42273550964,48624.53333676183,1.0095911155981827,0.5632,68.514848,39.121256739020694,40.777,1.0,88,onoff,1.1,1830.380400551665,8.0,45.93587112426758,cliffserve,0
10000,0.0477,181.52082730993016,23630.41046284094,47056.863576327174,49224.42334159586,47051.14873331627,1.0412328196584757,0.0,68.52,34.83683923365264,37.511,1.0,88,onoff,1.1,1830.380400551665,12.0,68.90380668640137,dense,0
10000,0.0477,181.52082730993016,23630.41046284094,47056.863576327174,49224.42334159586,47051.14873331627,1.0412328196584757,0.0,68.52,36.652026967930034,39.053850000000004,1.0,88,onoff,1.1,1830.380400551665,12.0,68.90380668640137,static_pomt,0
10000,0.0481,181.59131696203386,23609.022546276,47035.48793667397,49203.03677621576,47029.78221675,1.0413412475268145,1.9456,68.50227199999999,37.082182859523066,39.444,1.0,88,onoff,1.1,1830.380400551665,12.0,68.90380668640137,decoupled,0
10000,0.0485,181.65536987630443,23589.61376069441,47016.06030834755,49183.61285260412,47010.35137866577,1.0417751849150954,1.9968,68.501792,40.250123971247014,42.45,1.0,88,onoff,1.1,1830.380400551665,12.0,68.90380668640137,joint_full,0
10000,0.0485,181.65536987630443,23589.61376069441,47016.06030834755,49183.61285260412,47010.35137866577,1.0417751849150954,1.9968,68.501792,38.700746744452545,40.426,1.0,88,onoff,1.1,1830.380400551665,12.0,68.90380668640137,cliffserve,0
10000,0.001,175.0120428629583,18342.225628101507,34959.856327684014,36414.413519737944,34954.13723626861,1.0005002501250626,0.0,68.52,35.812002501250625,37.8213,2.0,84,poisson,0.3,499.1946546959086,2.0,11.483967781066895,dense,96
10000,0.0001,174.91833879895367,18372.86146802634,34990.56530129206,36445.07829539563,34984.83430599463,1.0,0.0096,68.51982,37.500997700000006,39.704499999999996,2.0,84,poisson,0.3,499.1946546959086,2.0,11.483967781066895,static_pomt,96
10000,0.001,175.0120428629583,18342.225628101507,34959.856327684014,36414.413519737944,34954.13723626861,1.0005002501250626,0.0,68.52,37.67964662331166,39.624,2.0,84,poisson,0.3,499.1946546959086,2.0,11.483967781066895,decoupled,96
10000,0.001,175.0120428629583,18342.225628101507,34959.856327684014,36414.413519737944,34954.13723626861,1.0005002501250626,0.0,68.52,42.50898439219609,44.69999999999999,2.0,84,poisson,0.3,499.1946546959086,2.0,11.483967781066895,joint_full,96
10000,0.001,175.0120428629583,18342.225628101507,34959.856327684014,36414.413519737944,34954.13723626861,1.0005002501250626,0.0,68.52,40.31760300150075,42.31269999999999,2.0,84,poisson,0.3,499.1946546959086,2.0,11.483967781066895,cliffserve,96
10000,1.0,490.40431337348093,9.712723617641132,13.731360887809887,15.453066929309939,7.973884577662284,2.8425241614553722,0.0,68.52,8.755233371233656,10.059,2.0,84,poisson,0.3,499.1946546959086,4.0,22.96793556213379,dense,96
10000,0.0007,174.92536127875445,18370.563404032888,34988.24918455374,36442.77459075238,34982.52602466833,1.0002000400080016,0.048,68.51909599999999,36.691496299259846,39.235499999999995,2.0,84,poisson,0.3,499.1946546959086,4.0,22.96793556213379,static_pomt,96
10000,1.0,490.40431337348093,9.712723617641132,13.731360887809887,15.453066929309939,7.973884577662284,2.8425241614553722,0.0,68.52,11.687878624218305,13.025,2.0,84,poisson,0.3,499.1946546959086,4.0,22.96793556213379,decoupled,96
10000,1.0,490.40431337348093,9.712723617641132,13.731360887809887,15.453066929309939,7.973884577662284,2.8425241614553722,0.0,68.52,12.877645537237067,15.348,2.0,84,poisson,0.3,499.1946546959086,4.0,22.96793556213379,joint_full,96
10000,1.0,490.40431337348093,9.712723617641132,13.731360887809887,15.453066929309939,7.973884577662284,2.8425241614553722,0.0,68.52,9.318532689027856,10.971,2.0,84,poisson,0.3,499.1946546959086,4.0,22.96793556213379,cliffserve,96
10000,1.0,490.40431337348093,9.712723617641132,13.731360887809887,15.453066929309939,7.973884577662284,2.8425241614553722,0.0,68.52,8.753988061398521,10.039,2.0,84,poisson,0.3,499.1946546959086,8.0,45.93587112426758,dense,96
10000,1.0,490.0935858393996,18.03168899991215,24.8433410381961,27.587816885005047,14.61560818548887,5.01002004008016,96.0,66.70557000000002,10.801129759519037,12.604,2.0,84,poisson,0.3,499.1946546959086,8.0,45.93587112426758,static_pomt,96
10000,1.0,490.40431337348093,9.712723617641132,13.731360887809887,15.453066929309939,7.973884577662284,2.8425241614553722,0.0,68.52,11.747132177373508,13.11415,2.0,84,poisson,0.3,499.1946546959086,8.0,45.93587112426758,decoupled,96
10000,1.0,490.40431337348093,9.712723617641132,13.731360887809887,15.453066929309939,7.973884577662284,2.8425241614553722,0.0,68.52,12.92141074474133,15.389,2.0,84,poisson,0.3,499.1946546959086,8.0,45.93587112426758,joint_full,96
10000,1.0,490.40431337348093,9.712723617641132,13.731360887809887,15.453066929309939,7.973884577662284,2.8425241614553722,0.0,68.52,9.374142978965322,11.021,2.0,84,poisson,0.3,499.1946546959086,8.0,45.93587112426758,cliffserve,96
10000,1.0,490.40431337348093,9.712723617641132,13.731360887809887,15.453066929309939,7.973884577662284,2.8425241614553722,0.0,68.52,8.749345082433202,10.069,2.0,84,poisson,0.3,499.1946546959086,12.0,68.90380668640137,dense,96
10000,1.0,490.0935858393996,18.03168899991215,24.8433410381961,27.587816885005047,14.61560818548887,5.01002004008016,96.0,66.70557000000002,10.732391783567135,12.503,2.0,84,poisson,0.3,499.1946546959086,12.0,68.90380668640137,static_pomt,96
10000,1.0,490.40431337348093,9.712723617641132,13.731360887809887,15.453066929309939,7.973884577662284,2.8425241614553722,0.0,68.52,11.567429789653211,12.904,2.0,84,poisson,0.3,499.1946546959086,12.0,68.90380668640137,decoupled,96
10000,1.0,490.40431337348093,9.712723617641132,13.731360887809887,15.453066929309939,7.973884577662284,2.8425241614553722,0.0,68.52,12.807098351335988,15.289,2.0,84,poisson,0.3,499.1946546959086,12.0,68.90380668640137,joint_full,96
10000,1.0,490.40431337348093,9.712723617641132,13.731360887809887,15.453066929309939,7.973884577662284,2.8425241614553722,0.0,68.52,9.232261512222854,10.911,2.0,84,poisson,0.3,499.1946546959086,12.0,68.90380668640137,cliffserve,96
10000,0.0007,175.00071466129808,23455.082720373724,44624.279454132375,46494.62764207972,44618.56062714702,1.0004001600640255,0.0,68.52,35.3948506402561,37.590250000000005,2.0,84,poisson,0.6,998.3893093918172,2.0,11.483967781066895,dense,96
10000,0.0002,174.93381647663907,23476.927937124823,44646.15747024661,46516.48106284274,44640.45542070513,1.000100010001,0.0192,68.51963799999999,37.15079677967797,39.1649,2.0,84,poisson,0.6,998.3893093918172,2.0,11.483967781066895,static_pomt,96
10000,0.0007,175.00071466129808,23455.082720373724,44624.279454132375,46494.62764207972,44618.56062714702,1.0004001600640255,0.0,68.52,37.629752200880354,39.605,2.0,84,poisson,0.6,998.3893093918172,2.0,11.483967781066895,decoupled,96
10000,0.0007,175.00071466129808,23455.082720373724,44624.279454132375,46494.62764207972,44618.56062714702,1.0004001600640255,0.0,68.52,42.45838225290116,44.6465,2.0,84,poisson,0.6,998.3893093918172,2.0,11.483967781066895,joint_full,96
10000,0.0007,175.00071466129808,23455.082720373724,44624.279454132375,46494.62764207972,44618.56062714702,1.0004001600640255,0.0,68.52,40.37777290916367,42.21225,2.0,84,poisson,0.6,998.3893093918172,2.0,11.483967781066895,cliffserve,96
10000,0.0489,182.25112824437147,21181.135154818152,42349.91815194731,44221.24446298254,42344.20598714,1.0431879824744419,0.0,68.52,35.34099071562696,37.680749999999996,2.0,84,poisson,0.6,998.3893093918172,4.0,22.96793556213379,dense,96
10000,0.0015,175.08140944731346,23428.707233761404,44597.92249240523,46468.324585563074,44592.20540580397,1.0011012113324658,0.1344,68.517462,37.20412754029432,39.184,2.0,84,poisson,0.6,998.3893093918172,4.0,22.96793556213379,static_pomt,96
10000,0.0493,182.32704014799242,21158.306754444693,42327.09629764205,44198.47185576571,42321.35768019801,1.0436234606553956,0.1536,68.51708799999999,37.62254884157796,39.64354999999999,2.0,84,poisson,0.6,998.3893093918172,4.0,22.96793556213379,decoupled,96
10000,0.0505,182.52232957603763,21099.597811554526,42268.40033576136,44139.83948469294,42262.68004128581,1.0448229025180231,0.3072,68.51417599999998,42.132414481245426,44.243,2.0,84,poisson,0.6,998.3893093918172,4.0,22.96793556213379,joint_full,96
10000,0.0505,182.52232957603763,21099.597811554526,42268.40033576136,44139.83948469294,42262.68004128581,1.0448229025180231,0.3072,68.51417599999998,39.932130184933655,41.6285,2.0,84,poisson,0.6,998.3893093918172,4.0,22.96793556213379,cliffserve,96
10000,1.0,980.595846301971,12.44482340857644,19.1431010048999,23.58493904018981,10.489606261409012,6.596306068601583,0.0,68.52,11.015119393139841,12.23825,2.0,84,poisson,0.6,998.3893093918172,8.0,45.93587112426758,dense,96
10000,1.0,979.6427045042117,19.50935825247052,26.29301333979204,28.88951072603712,15.392242476724853,10.416666666666666,96.0,66.70483600000001,13.434270833333331,15.790449999999998,2.0,84,poisson,0.6,998.3893093918172,8.0,45.93587112426758,static_pomt,96
10000,1.0,980.2284020094099,12.234710535170962,17.855439501758337,21.032869355085474,10.083819613229979,6.506180871828237,5.8368,68.40934399999999,14.249512036434613,15.4392,2.0,84,poisson,0.6,998.3893093918172,8.0,45.93587112426758,decoupled,96
10000,1.0,980.2284020094099,12.234710535170962,17.855439501758337,21.032869355085474,10.083819613229979,6.506180871828237,5.8368,68.40934399999999,17.342884840598572,19.176199999999998,2.0,84,poisson,0.6,998.3893093918172,8.0,45.93587112426758,joint_full,96
10000,1.0,980.2284020094099,12.234710535170962,17.855439501758337,21.032869355085474,10.083819613229979,6.506180871828237,5.8368,68.40934399999999,12.153156148340923,13.357799999999997,2.0,84,poisson,0.6,998.3893093918172,8.0,45.93587112426758,cliffserve,96
10000,1.0,980.595846301971,12.44482340857644,19.1431010048999,23.58493904018981,10.489606261409012,6.596306068601583,0.0,68.52,11.099202506596306,13.841,2.0,84,poisson,0.6,998.3893093918172,12.0,68.90380668640137,dense,96
10000,1.0,979.6427045042117,19.50935825247052,26.29301333979204,28.88951072603712,15.392242476724853,10.416666666666666,96.0,66.70483600000001,13.385109375,15.70905,2.0,84,poisson,0.6,998.3893093918172,12.0,68.90380668640137,static_pomt,96
10000,1.0,980.2284020094099,12.234710535170962,17.855439501758337,21.032869355085474,10.083819613229979,6.506180871828237,5.8368,68.40934399999999,14.118198438516592,15.359,2.0,84,poisson,0.6,998.3893093918172,12.0,68.90380668640137,decoupled,96
10000,1.0,980.2284020094099,12.234710535170962,17.855439501758337,21.032869355085474,10.083819613229979,6.506180871828237,5.8368,68.40934399999999,17.384530253741055,19.23419999999999,2.0,84,poisson,0.6,998.3893093918172,12.0,68.90380668640137,joint_full,96
10000,1.0,980.2284020094099,12.234710535170962,17.855439501758337,21.032869355085474,10.083819613229979,6.506180871828237,5.8368,68.40934399999999,12.092804814573844,13.375,2.0,84,poisson,0.6,998.3893093918172,12.0,68.90380668640137,cliffserve,96
10000,0.001,175.0535884397353,24715.126249741494,47022.19850815863,48996.52769801473,47016.46651126475,1.0007004903432404,0.0,68.52,35.74217832482738,37.651,2.0,84,poisson,0.8,1331.1857458557563,2.0,11.483967781066895,dense,96
10000,0.0002,174.93381647663907,24754.209754418313,47061.32672533126,49035.59768292284,47055.62467578978,1.000100010001,0.0192,68.51963799999999,37.022672267226724,39.154,2.0,84,poisson,0.8,1331.1857458557563,2.0,11.483967781066895,static_pomt,96
10000,0.001,175.0535884397353,24715.126249741494,47022.19850815863,48996.52769801473,47016.46651126475,1.0007004903432404,0.0,68.52,37.827931251876315,39.895,2.0,84,poisson,0.8,1331.1857458557563,2.0,11.483967781066895,decoupled,96
10000,0.001,175.0535884397353,24715.126249741494,47022.19850815863,48996.52769801473,47016.46651126475,1.0007004903432404,0.0,68.52,42.429561993395374,45.29099999999997,2.0,84,poisson,0.8,1331.1857458557563,2.0,11.483967781066895,joint_full,96
10000,0.001,175.0535884397353,24715.126249741494,47022.19850815863,48996.52769801473,47016.46651126475,1.0007004903432404,0.0,68.52,40.34868688081658,42.41799999999999,2.0,84,poisson,0.8,1331.1857458557563,2.0,11.483967781066895,cliffserve,96
10000,0.0086,176.1780102002139,24350.412318657814,46657.71920560927,48631.91154980516,46652.00472063155,1.0073536818777074,0.0,68.52,35.742142842752095,37.751,2.0,84,poisson,0.8,1331.1857458557563,4.0,22.96793556213379,dense,96
10000,0.0011,175.03077529452,24722.55325813192,47029.624399677225,49003.95973596906,47023.908231869646,1.00080064051241,0.1056,68.51800999999999,37.17700830664532,39.20749999999999,2.0,84,poisson,0.8,1331.1857458557563,4.0,22.96793556213379,static_pomt,96
10000,0.0086,176.1780102002139,24350.412318657814,46657.71920560927,48631.91154980516,46652.00472063155,1.0073536818777074,0.0,68.52,37.26949350256875,39.564,2.0,84,poisson,0.8,1331.1857458557563,4.0,22.96793556213379,decoupled,96
10000,0.0134,176.92600275419844,24110.212160538613,46417.85111261935,48391.91973418093,46412.11947251887,1.0119409026512851,0.4608,68.51126399999998,42.335781420765024,44.71349999999999,2.0,84,poisson,0.8,1331.1857458557563,4.0,22.96793556213379,joint_full,96
10000,0.0134,176.92600275419844,24110.212160538613,46417.85111261935,48391.91973418093,46412.11947251887,1.0119409026512851,0.4608,68.51126399999998,40.14109279498078,42.159949999999995,2.0,84,poisson,0.8,1331.1857458557563,4.0,22.96793556213379,cliffserve,96
10000,1.0,1305.545199639843,22.40083695057183,33.36639986863388,37.32924285542084,17.06368683735418,15.92356687898089,0.0,68.52,14.921735668789813,18.7215,2.0,84,poisson,0.8,1331.1857458557563,8.0,45.93587112426758,dense,96
10000,1.0,1304.4216283755065,20.003047695775876,26.61595193238651,29.038037145924754,14.740102766472067,14.85884101040119,96.0,66.70338800000002,15.244338781575038,19.461,2.0,84,poisson,0.8,1331.1857458557563,8.0,45.93587112426758,static_pomt,96
10000,1.0,1305.1998078370311,17.241977724236676,24.950489068025693,27.282232707623916,13.372928846500233,12.048192771084338,63.5136,67.31700000000001,17.00413373493976,22.963,2.0,84,poisson,0.8,1331.1857458557563,8.0,45.93587112426758,decoupled,96
10000,1.0,1305.1998078370311,17.241977724236676,24.950489068025693,27.282232707623916,13.372928846500233,12.048192771084338,63.5136,67.31700000000001,21.12130240963855,28.6515,2.0,84,poisson,0.8,1331.1857458557563,8.0,45.93587112426758,joint_full,96
10000,1.0,1305.1998078370311,17.241977724236676,24.950489068025693,27.282232707623916,13.372928846500233,12.048192771084338,63.5136,67.31700000000001,15.219773493975904,22.15155,2.0,84,poisson,0.8,1331.1857458557563,8.0,45.93587112426758,cliffserve,96
10000,1.0,1305.545199639843,22.40083695057183,33.36639986863388,37.32924285542084,17.06368683735418,15.92356687898089,0.0,68.52,14.80896974522293,18.853499999999997,2.0,84,poisson,0.8,1331.1857458557563,12.0,68.90380668640137,dense,96
10000,1.0,1304.4216283755065,20.003047695775876,26.61595193238651,29.038037145924754,14.740102766472067,14.85884101040119,96.0,66.70338800000002,15.083176820208022,19.3306,2.0,84,poisson,0.8,1331.1857458557563,12.0,68.90380668640137,static_pomt,96
10000,1.0,1305.1998078370311,17.241977724236676,24.950489068025693,27.282232707623916,13.372928846500233,12.048192771084338,63.5136,67.31700000000001,16.962997590361446,22.93355,2.0,84,poisson,0.8,1331.1857458557563,12.0,68.90380668640137,decoupled,96
10000,1.0,1305.1998078370311,17.241977724236676,24.950489068025693,27.282232707623916,13.372928846500233,12.048192771084338,63.5136,67.31700000000001,21.241371084337352,28.804,2.0,84,poisson,0.8,1331.1857458557563,12.0,68.90380668640137,joint_full,96
10000,1.0,1305.1998078370311,17.241977724236676,24.950489068025693,27.282232707623916,13.372928846500233,12.048192771084338,63.5136,67.31700000000001,15.199978313253013,22.023,2.0,84,poisson,0.8,1331.1857458557563,12.0,68.90380668640137,cliffserve,96
10000,0.001,175.0535884397353,25320.15447898579,48166.226050040874,50189.793465421135,48160.49405314699,1.0007004903432404,0.0,68.52,35.70242699889923,37.6446,2.0,84,poisson,0.95,1580.7830732037105,2.0,11.483967781066895,dense,96
10000,0.0002,174.93381647663907,25359.23798366261,48205.35426721349,50228.86345032924,48199.652217672025,1.000100010001,0.0192,68.51963799999999,37.04699329932994,39.215,2.0,84,poisson,0.95,1580.7830732037105,2.0,11.483967781066895,static_pomt,96
10000,0.001,175.0535884397353,25320.15447898579,48166.226050040874,50189.793465421135,48160.49405314699,1.0007004903432404,0.0,68.52,37.36622435704994,39.4886,2.0,84,poisson,0.95,1580.7830732037105,2.0,11.483967781066895,decoupled,96
10000,0.001,175.0535884397353,25320.15447898579,48166.226050040874,50189.793465421135,48160.49405314699,1.0007004903432404,0.0,68.52,41.93149264485139,44.207,2.0,84,poisson,0.95,1580.7830732037105,2.0,11.483967781066895,joint_full,96
10000,0.001,175.0535884397353,25320.15447898579,48166.226050040874,50189.793465421135,48160.49405314699,1.0007004903432404,0.0,68.52,40.05269498649054,41.668,2.0,84,poisson,0.95,1580.7830732037105,2.0,11.483967781066895,cliffserve,96
10000,0.0074,176.0096840250987,25009.704626996045,47855.93394770399,49879.44971786254,47850.24260515944,1.0064412238325282,0.0,68.52,35.52836503623189,37.511,2.0,84,poisson,0.95,1580.7830732037105,4.0,22.96793556213379,dense,96
10000,0.0027,175.28808645826578,25243.70289607716,48089.859696910535,50113.34337967628,48084.145490739495,1.0023053021950485,0.2496,68.51527799999998,36.986346096020846,39.0132,2.0,84,poisson,0.95,1580.7830732037105,4.0,22.96793556213379,static_pomt,96
10000,0.0086,176.20856919387768,24945.59125228596,47791.93309111372,49815.4071595692,47786.227548930794,1.007658202337767,0.3072,68.51417599999998,37.65578315195486,39.645,2.0,84,poisson,0.95,1580.7830732037105,4.0,22.96793556213379,decoupled,96
10000,0.0086,176.20856919387768,24945.59125228596,47791.93309111372,49815.4071595692,47786.227548930794,1.007658202337767,0.3072,68.51417599999998,42.223390064490125,44.39385,2.0,84,poisson,0.95,1580.7830732037105,4.0,22.96793556213379,joint_full,96
10000,0.0086,176.20856919387768,24945.59125228596,47791.93309111372,49815.4071595692,47786.227548930794,1.007658202337767,0.3072,68.51417599999998,40.11913442160419,41.976000000000006,2.0,84,poisson,0.95,1580.7830732037105,4.0,22.96793556213379,cliffserve,96
10000,0.0486,182.71676392593818,22923.339533526425,45769.29263183847,47793.746545937,45763.594470141084,1.0484378276368211,0.0,68.52,35.242961522331726,37.833349999999996,2.0,84,poisson,0.95,1580.7830732037105,8.0,45.93587112426758,dense,96
10000,1.0,1546.4544352079179,21.05707073071278,28.38959639866348,30.973516857227427,14.988101422646217,19.157088122605366,96.0,66.70831600000001,17.241513409961684,23.753999999999998,2.0,84,poisson,0.95,1580.7830732037105,8.0,45.93587112426758,static_pomt,96
10000,1.0,1549.7112377842252,20.598100059338293,27.902181328072114,30.92002062083634,14.792884803052797,18.38235294117647,91.6992,66.78854400000002,20.062086397058824,26.396700000000017,2.0,84,poisson,0.95,1580.7830732037105,8.0,45.93587112426758,decoupled,96
10000,1.0,1549.7112377842252,20.598100059338293,27.902181328072114,30.92002062083634,14.792884803052797,18.38235294117647,91.6992,66.78854400000002,25.209170955882353,31.431000000000004,2.0,84,poisson,0.95,1580.7830732037105,8.0,45.93587112426758,joint_full,96
10000,1.0,1549.7112377842252,20.598100059338293,27.902181328072114,30.92002062083634,14.792884803052797,18.38235294117647,91.6992,66.78854400000002,19.25967463235294,26.972700000000025,2.0,84,poisson,0.95,1580.7830732037105,8.0,45.93587112426758,cliffserve,96
10000,0.703,463.54938464475225,40.27602614499256,12613.36503312365,14636.703377406537,12607.65453386084,3.1210986267166043,0.0,68.52,34.34113420724095,37.45,2.0,84,poisson,0.95,1580.7830732037105,12.0,68.90380668640137,dense,96
10000,1.0,1546.4544352079179,21.05707073071278,28.38959639866348,30.973516857227427,14.988101422646217,19.157088122605366,96.0,66.70831600000001,17.339785440613028,23.762549999999997,2.0,84,poisson,0.95,1580.7830732037105,12.0,68.90380668640137,static_pomt,96
10000,1.0,1549.7112377842252,20.598100059338293,27.902181328072114,30.92002062083634,14.792884803052797,18.38235294117647,91.6992,66.78854400000002,20.37215625,28.277,2.0,84,poisson,0.95,1580.7830732037105,12.0,68.90380668640137,decoupled,96
10000,1.0,1549.7112377842252,20.598100059338293,27.902181328072114,30.92002062083634,14.792884803052797,18.38235294117647,91.6992,66.78854400000002,25.459308823529412,32.813700000000026,2.0,84,poisson,0.95,1580.7830732037105,12.0,68.90380668640137,joint_full,96
10000,1.0,1549.7112377842252,20.598100059338293,27.902181328072114,30.92002062083634,14.792884803052797,18.38235294117647,91.6992,66.78854400000002,18.787851102941175,24.1215,2.0,84,poisson,0.95,1580.7830732037105,12.0,68.90380668640137,cliffserve,96
10000,0.0006,175.00068712101958,25777.422289942966,49015.505274231014,51074.84867126101,49009.78644724566,1.0004001600640255,0.0,68.52,35.54292066826731,37.192499999999995,2.0,84,poisson,1.1,1830.380400551665,2.0,11.483967781066895,dense,96
10000,0.0002,174.9338164766391,25799.258514022098,49037.37429767328,51096.69309935206,49031.67224813181,1.000100010001,0.0192,68.51963799999999,36.6877503750375,39.173,2.0,84,poisson,1.1,1830.380400551665,2.0,11.483967781066895,static_pomt,96
10000,0.0006,175.00068712101958,25777.422289942966,49015.505274231014,51074.84867126101,49009.78644724566,1.0004001600640255,0.0,68.52,37.701234293717484,40.046,2.0,84,poisson,1.1,1830.380400551665,2.0,11.483967781066895,decoupled,96
10000,0.0006,175.00068712101958,25777.422289942966,49015.505274231014,51074.84867126101,49009.78644724566,1.0004001600640255,0.0,68.52,42.440861144457784,44.2755,2.0,84,poisson,1.1,1830.380400551665,2.0,11.483967781066895,joint_full,96
10000,0.0006,175.00068712101958,25777.422289942966,49015.505274231014,51074.84867126101,49009.78644724566,1.0004001600640255,0.0,68.52,40.43448339335735,41.919,2.0,84,poisson,1.1,1830.380400551665,2.0,11.483967781066895,cliffserve,96
10000,0.0058,175.77928409374596,25524.237540101276,48762.411332161006,50821.77438998335,48756.6881416865,1.0050251256281406,0.0,68.52,35.615240804020104,37.481,2.0,84,poisson,1.1,1830.380400551665,4.0,22.96793556213379,dense,96
10000,0.0019,175.16717353496387,25723.097138261066,48961.193376905496,51020.565639744935,48955.49637537676,1.001602564102564,0.1824,68.51654599999999,36.63310136217949,38.943,2.0,84,poisson,1.1,1830.380400551665,4.0,22.96793556213379,static_pomt,96
10000,0.0058,175.77928409374596,25524.237540101276,48762.411332161006,50821.77438998335,48756.6881416865,1.0050251256281406,0.0,68.52,37.699350351758795,39.60994999999999,2.0,84,poisson,1.1,1830.380400551665,4.0,22.96793556213379,decoupled,96
10000,0.007,175.96907854749946,25462.83578119205,48701.023536355075,50760.435066157515,48695.32946596819,1.0062386798148522,0.3072,68.51417599999998,42.41838891124974,43.895999999999994,2.0,84,poisson,1.1,1830.380400551665,4.0,22.96793556213379,joint_full,96
10000,0.007,175.96907854749946,25462.83578119205,48701.023536355075,50760.435066157515,48695.32946596819,1.0062386798148522,0.3072,68.51417599999998,40.44720587643389,42.38135,2.0,84,poisson,1.1,1830.380400551665,4.0,22.96793556213379,cliffserve,96
10000,0.0238,178.62647200427625,24617.134972428546,47855.25635092932,49914.73911594504,47849.53899594027,1.0229132569558101,0.0,68.52,35.90729081423895,37.49,2.0,84,poisson,1.1,1830.380400551665,8.0,45.93587112426758,dense,96
10000,0.7209,500.06757619422774,27.111032600891207,11870.823900849404,13929.81786598319,11865.092305643144,3.250975292587776,69.216,67.22283,35.197716189856955,38.97624999999999,2.0,84,poisson,1.1,1830.380400551665,8.0,45.93587112426758,static_pomt,96
10000,0.6918,464.72872025492,27.195753878816618,13391.150594360413,15450.415464473905,13385.458355814995,2.97441998810232,65.9712,67.28408799999998,36.08718768590125,39.334,2.0,84,poisson,1.1,1830.380400551665,8.0,45.93587112426758,decoupled,96
10000,0.7186,496.9311963441428,27.121300618362284,11997.070569927277,14055.905529380978,11991.359707505288,3.223726627981947,68.6592,67.23316799999999,40.99681237911025,44.053,2.0,84,poisson,1.1,1830.380400551665,8.0,45.93587112426758,joint_full,96
10000,0.7186,496.9311963441428,27.121300618362284,11997.070569927277,14055.905529380978,11991.359707505288,3.223726627981947,68.6592,67.23316799999999,37.956088007736945,41.06655,2.0,84,poisson,1.1,1830.380400551665,8.0,45.93587112426758,cliffserve,96
10000,0.047,182.48759060082284,23432.118084286914,46669.97402346807,48730.27936817282,46664.26710980612,1.0473397570171763,0.0,68.52,35.44701047339757,37.37685,2.0,84,poisson,1.1,1830.380400551665,12.0,68.90380668640137,dense,96
10000,1.0,1787.121282722635,23.986683565244107,34.8044520361319,41.77037360866966,17.50836465288716,25.641025641025642,96.0,66.72130800000001,20.399641025641028,24.372049999999998,2.0,84,poisson,1.1,1830.380400551665,12.0,68.90380668640137,static_pomt,96
10000,1.0,1790.812303244159,24.050041048460344,34.71272585935511,41.420665465630414,17.640430512783258,25.575447570332482,95.616,66.729288,24.342790281329922,29.1605,2.0,84,poisson,1.1,1830.380400551665,12.0,68.90380668640137,decoupled,96
10000,1.0,1790.812303244159,24.050041048460344,34.71272585935511,41.420665465630414,17.640430512783258,25.575447570332482,95.616,66.729288,30.31848849104859,36.102999999999994,2.0,84,poisson,1.1,1830.380400551665,12.0,68.90380668640137,joint_full,96
10000,1.0,1790.812303244159,24.050041048460344,34.71272585935511,41.420665465630414,17.640430512783258,25.575447570332482,95.616,66.729288,23.927,29.575499999999998,2.0,84,poisson,1.1,1830.380400551665,12.0,68.90380668640137,cliffserve,96
10000,0.0007,175.0007206398718,18605.775077970007,34721.6809558993,36372.66094472377,34715.96212891394,1.0004001600640255,0.0,68.52,35.589586234493794,37.60275,2.0,84,onoff,0.3,499.1946546959086,2.0,11.483967781066895,dense,96
10000,0.0001,174.91833879895367,18632.683046967963,34748.64577556902,36399.57645808666,34742.91478027159,1.0,0.0096,68.51982,36.865455499999996,39.024449999999995,2.0,84,onoff,0.3,499.1946546959086,2.0,11.483967781066895,static_pomt,96
10000,0.0007,175.0007206398718,18605.775077970007,34721.6809558993,36372.66094472377,34715.96212891394,1.0004001600640255,0.0,68.52,37.495005902360944,39.514,2.0,84,onoff,0.3,499.1946546959086,2.0,11.483967781066895,decoupled,96
10000,0.0007,175.0007206398718,18605.775077970007,34721.6809558993,36372.66094472377,34715.96212891394,1.0004001600640255,0.0,68.52,42.41160634253701,44.45125,2.0,84,onoff,0.3,499.1946546959086,2.0,11.483967781066895,joint_full,96
10000,0.0007,175.0007206398718,18605.775077970007,34721.6809558993,36372.66094472377,34715.96212891394,1.0004001600640255,0.0,68.52,40.18678421368547,41.501000000000005,2.0,84,onoff,0.3,499.1946546959086,2.0,11.483967781066895,cliffserve,96
10000,0.3443,225.96802071652365,5718.638991702056,21832.948293727455,23483.726657161882,21827.222125834043,1.3480722566729577,0.0,68.52,31.682577244540308,36.9,2.0,84,onoff,0.3,499.1946546959086,4.0,22.96793556213379,dense,96
10000,0.0014,175.06582188744937,18584.481607587317,34700.40658818537,36351.37190754383,34694.67980243021,1.001001001001001,0.1248,68.51764399999999,37.15342732732733,39.124,2.0,84,onoff,0.3,499.1946546959086,4.0,22.96793556213379,static_pomt,96
10000,0.3443,225.96802071652365,5718.638991702056,21832.948293727455,23483.726657161882,21827.222125834043,1.3480722566729577,0.0,68.52,33.70352601779455,39.2955,2.0,84,onoff,0.3,499.1946546959086,4.0,22.96793556213379,decoupled,96
10000,1.0,487.1387833535008,11.076882218299943,16.099689331905232,18.304374859224353,9.34489346718146,3.9936102236421727,0.768,68.50544,13.730388178913739,18.88365,2.0,84,onoff,0.3,499.1946546959086,4.0,22.96793556213379,joint_full,96
10000,1.0,487.1387833535008,11.076882218299943,16.099689331905232,18.304374859224353,9.34489346718146,3.9936102236421727,0.768,68.50544,9.826789936102236,13.185,2.0,84,onoff,0.3,499.1946546959086,4.0,22.96793556213379,cliffserve,96
10000,1.0,487.13578234215055,11.045938834367917,16.082533668522796,18.542089325127023,9.279564624445765,3.9984006397441023,0.0,68.52,9.282662934826071,11.953,2.0,84,onoff,0.3,499.1946546959086,8.0,45.93587112426758,dense,96
10000,1.0,486.99561973988125,18.785842071813022,25.990863614348406,28.587048511159995,15.363661379394033,5.770340450086555,96.0,66.707086,10.630965954991344,15.629,2.0,84,onoff,0.3,499.1946546959086,8.0,45.93587112426758,static_pomt,96
10000,1.0,487.1387833535008,11.076882218299943,16.099689331905232,18.304374859224353,9.34489346718146,3.9936102236421727,0.768,68.50544,12.33456389776358,15.259,2.0,84,onoff,0.3,499.1946546959086,8.0,45.93587112426758,decoupled,96
10000,1.0,487.1387833535008,11.076882218299943,16.099689331905232,18.304374859224353,9.34489346718146,3.9936102236421727,0.768,68.50544,13.829301118210862,18.945,2.0,84,onoff,0.3,499.1946546959086,8.0,45.93587112426758,joint_full,96
10000,1.0,487.1387833535008,11.076882218299943,16.099689331905232,18.304374859224353,9.34489346718146,3.9936102236421727,0.768,68.50544,9.830250399361022,13.135,2.0,84,onoff,0.3,499.1946546959086,8.0,45.93587112426758,cliffserve,96
10000,1.0,487.13578234215055,11.045938834367917,16.082533668522796,18.542089325127023,9.279564624445765,3.9984006397441023,0.0,68.52,9.242574170331867,11.892,2.0,84,onoff,0.3,499.1946546959086,12.0,68.90380668640137,dense,96
10000,1.0,486.99561973988125,18.785842071813022,25.990863614348406,28.587048511159995,15.363661379394033,5.770340450086555,96.0,66.707086,10.44498730525101,15.299,2.0,84,onoff,0.3,499.1946546959086,12.0,68.90380668640137,static_pomt,96
10000,1.0,487.1387833535008,11.076882218299943,16.099689331905232,18.304374859224353,9.34489346718146,3.9936102236421727,0.768,68.50544,12.254261182108625,15.159,2.0,84,onoff,0.3,499.1946546959086,12.0,68.90380668640137,decoupled,96
10000,1.0,487.1387833535008,11.076882218299943,16.099689331905232,18.304374859224353,9.34489346718146,3.9936102236421727,0.768,68.50544,13.766132188498403,18.915,2.0,84,onoff,0.3,499.1946546959086,12.0,68.90380668640137,joint_full,96
10000,1.0,487.1387833535008,11.076882218299943,16.099689331905232,18.304374859224353,9.34489346718146,3.9936102236421727,0.768,68.50544,9.77268769968051,13.134,2.0,84,onoff,0.3,499.1946546959086,12.0,68.90380668640137,cliffserve,96
10000,0.0005,174.983049251779,23968.578930328556,46081.30512922227,47918.345044637164,46075.57542701185,1.000300090027008,0.0,68.52,35.59423547064119,37.48,2.0,84,onoff,0.6,998.3893093918172,2.0,11.483967781066895,dense,96
10000,0.0001,174.91833879895367,23989.700002859303,46102.46117420614,47939.47316517397,46096.73017890871,1.0,0.0096,68.51982,37.51316009999999,39.585,2.0,84,onoff,0.6,998.3893093918172,2.0,11.483967781066895,static_pomt,96
10000,0.0005,174.983049251779,23968.578930328556,46081.30512922227,47918.345044637164,46075.57542701185,1.000300090027008,0.0,68.52,37.57719285785736,39.6642,2.0,84,onoff,0.6,998.3893093918172,2.0,11.483967781066895,decoupled,96
10000,0.0005,174.983049251779,23968.578930328556,46081.30512922227,47918.345044637164,46075.57542701185,1.000300090027008,0.0,68.52,42.60816024807441,44.52599999999999,2.0,84,onoff,0.6,998.3893093918172,2.0,11.483967781066895,joint_full,96
10000,0.0005,174.983049251779,23968.578930328556,46081.30512922227,47918.345044637164,46075.57542701185,1.000300090027008,0.0,68.52,40.3575978793638,42.32119999999999,2.0,84,onoff,0.6,998.3893093918172,2.0,11.483967781066895,cliffserve,96
10000,0.0057,175.7614790521385,23715.440020511815,45828.18980329454,47665.25062438532,45822.48148494184,1.0049241282283188,0.0,68.52,35.31530941613908,36.638999999999996,2.0,84,onoff,0.6,998.3893093918172,4.0,22.96793556213379,dense,96
10000,0.0018,175.15154497963462,23913.53555507488,46026.24163563669,47863.342254934745,46020.54925814093,1.0015022533800702,0.1728,68.51672799999999,37.0640146219329,39.384,2.0,84,onoff,0.6,998.3893093918172,4.0,22.96793556213379,static_pomt,96
10000,0.0057,175.7614790521385,23715.440020511815,45828.18980329454,47665.25062438532,45822.48148494184,1.0049241282283188,0.0,68.52,37.57325695909959,39.595,2.0,84,onoff,0.6,998.3893093918172,4.0,22.96793556213379,decoupled,96
10000,0.0057,175.7614790521385,23715.440020511815,45828.18980329454,47665.25062438532,45822.48148494184,1.0049241282283188,0.0,68.52,42.20120751683248,43.853,2.0,84,onoff,0.6,998.3893093918172,4.0,22.96793556213379,joint_full,96
10000,0.0057,175.7614790521385,23715.440020511815,45828.18980329454,47665.25062438532,45822.48148494184,1.0049241282283188,0.0,68.52,40.586857300773794,42.515,2.0,84,onoff,0.6,998.3893093918172,4.0,22.96793556213379,cliffserve,96
10000,0.0237,178.60804203993695,22808.283100794026,44921.028545193076,46758.22026015802,44915.32650371015,1.0228086325048584,0.0,68.52,35.65352204152603,37.57219999999999,2.0,84,onoff,0.6,998.3893093918172,8.0,45.93587112426758,dense,96
10000,1.0,1143.209222906208,22.21871735644845,31.464174034024552,35.10906039148534,16.542284112014656,13.88888888888889,96.0,66.715118,14.555537500000002,23.6555,2.0,84,onoff,0.6,998.3893093918172,8.0,45.93587112426758,static_pomt,96
10000,1.0,1144.686962457173,21.234971371353538,30.94838324601967,34.68127398059021,16.16499475532621,11.160714285714286,81.408,66.99011200000001,16.14197433035714,28.153,2.0,84,onoff,0.6,998.3893093918172,8.0,45.93587112426758,decoupled,96
10000,1.0,1144.72437779789,21.24646937274855,31.009018778236108,35.048333245659535,16.04209625994542,11.1731843575419,81.6384,66.98560800000001,18.80928156424581,35.016,2.0,84,onoff,0.6,998.3893093918172,8.0,45.93587112426758,joint_full,96
10000,1.0,1144.72437779789,21.24646937274855,31.009018778236108,35.048333245659535,16.04209625994542,11.1731843575419,81.6384,66.98560800000001,14.210567597765362,28.5433,2.0,84,onoff,0.6,998.3893093918172,8.0,45.93587112426758,cliffserve,96
10000,0.0497,182.9528412597909,21478.159892986485,43590.786316971185,45428.814538865525,43585.089534620645,1.050309841403214,0.0,68.52,35.7828178762735,37.882,2.0,84,onoff,0.6,998.3893093918172,12.0,68.90380668640137,dense,96
10000,1.0,1143.209222906208,22.21871735644845,31.464174034024552,35.10906039148534,16.542284112014656,13.88888888888889,96.0,66.715118,14.549045833333334,23.925,2.0,84,onoff,0.6,998.3893093918172,12.0,68.90380668640137,static_pomt,96
10000,1.0,1144.72437779789,21.24646937274855,31.009018778236108,35.048333245659535,16.04209625994542,11.1731843575419,81.6384,66.98560800000001,16.23934525139665,28.313,2.0,84,onoff,0.6,998.3893093918172,12.0,68.90380668640137,decoupled,96
10000,1.0,1144.72437779789,21.24646937274855,31.009018778236108,35.048333245659535,16.04209625994542,11.1731843575419,81.6384,66.98560800000001,18.971280446927377,35.527,2.0,84,onoff,0.6,998.3893093918172,12.0,68.90380668640137,joint_full,96
10000,1.0,1144.72437779789,21.24646937274855,31.009018778236108,35.048333245659535,16.04209625994542,11.1731843575419,81.6384,66.98560800000001,14.110711731843574,28.126,2.0,84,onoff,0.6,998.3893093918172,12.0,68.90380668640137,cliffserve,96
10000,0.001,175.0662402733182,25046.67903668611,48230.931904607656,49782.0939826659,48225.21573680008,1.00080064051241,0.0,68.52,34.54382425940752,36.649,2.0,84,onoff,0.8,1331.1857458557563,2.0,11.483967781066895,dense,96
10000,0.0002,174.93381647663907,25089.90951711862,48274.20821440781,49825.30591376579,48268.50616486633,1.000100010001,0.0192,68.51963799999999,37.13528912891289,39.063100000000006,2.0,84,onoff,0.8,1331.1857458557563,2.0,11.483967781066895,static_pomt,96
10000,0.001,175.0662402733182,25046.67903668611,48230.931904607656,49782.0939826659,48225.21573680008,1.00080064051241,0.0,68.52,37.76293184547638,39.604,2.0,84,onoff,0.8,1331.1857458557563,2.0,11.483967781066895,decoupled,96
10000,0.001,175.0662402733182,25046.67903668611,48230.931904607656,49782.0939826659,48225.21573680008,1.00080064051241,0.0,68.52,42.47482385908727,44.08749999999999,2.0,84,onoff,0.8,1331.1857458557563,2.0,11.483967781066895,joint_full,96
10000,0.001,175.0662402733182,25046.67903668611,48230.931904607656,49782.0939826659,48225.21573680008,1.00080064051241,0.0,68.52,40.3629668734988,42.239,2.0,84,onoff,0.8,1331.1857458557563,2.0,11.483967781066895,cliffserve,96
10000,0.0038,175.47979158100736,24912.07916576593,48096.37370801533,49647.50286824978,48090.61991441811,1.0033109260559847,0.0,68.52,35.43778900371225,37.29,2.0,84,onoff,0.8,1331.1857458557563,4.0,22.96793556213379,dense,96
10000,0.0019,175.1790144507533,25009.889357158827,48194.16850944126,49745.31966995991,48188.47150791252,1.001602564102564,0.1728,68.51672599999998,37.34729126602564,39.323,2.0,84,onoff,0.8,1331.1857458557563,4.0,22.96793556213379,static_pomt,96
10000,0.0042,175.5495227675431,24889.435901710676,48073.656746345405,49624.86679889954,48067.949356108555,1.003713740841112,0.1536,68.51708799999999,37.535507276924626,39.134,2.0,84,onoff,0.8,1331.1857458557563,4.0,22.96793556213379,decoupled,96
10000,0.0042,175.5495227675431,24889.435901710676,48073.656746345405,49624.86679889954,48067.949356108555,1.003713740841112,0.1536,68.51708799999999,42.20063504968383,43.4901,2.0,84,onoff,0.8,1331.1857458557563,4.0,22.96793556213379,joint_full,96
10000,0.0042,175.5495227675431,24889.435901710676,48073.656746345405,49624.86679889954,48067.949356108555,1.003713740841112,0.1536,68.51708799999999,40.18148077888186,41.9071,2.0,84,onoff,0.8,1331.1857458557563,4.0,22.96793556213379,cliffserve,96
10000,0.0126,176.8581788905126,24467.58725292413,47652.40793138111,49203.30329470909,47646.67629128063,1.0119409026512851,0.0,68.52,35.58844272414491,37.51,2.0,84,onoff,0.8,1331.1857458557563,8.0,45.93587112426758,dense,96
10000,0.025,178.93798215965936,23810.24754054277,46994.59290543164,48546.053873122095,46988.8829628762,1.0245901639344261,2.4,68.47516599999999,36.94225081967213,38.93305,2.0,84,onoff,0.8,1331.1857458557563,8.0,45.93587112426758,static_pomt,96
10000,0.0214,178.32015413091065,24003.81125337808,47188.41816716755,48739.540897829895,47182.639659839515,1.0206164523372117,1.8432,68.48548799999999,37.35260961420698,39.01535,2.0,84,onoff,0.8,1331.1857458557563,8.0,45.93587112426758,decoupled,96
10000,0.025,178.9463027229902,23807.6522279474,46991.9835735854,48543.45606471336,46986.2866968211,1.024485196188915,2.2272,68.47840799999999,42.47133265034321,44.814,2.0,84,onoff,0.8,1331.1857458557563,8.0,45.93587112426758,joint_full,96
10000,0.025,178.9463027229902,23807.6522279474,46991.9835735854,48543.45606471336,46986.2866968211,1.024485196188915,2.2272,68.47840799999999,40.35193709660896,42.269,2.0,84,onoff,0.8,1331.1857458557563,8.0,45.93587112426758,cliffserve,96
10000,0.0246,178.79373697005917,23855.230038473295,47039.627395087125,48591.03447768486,47033.90947039688,1.0240655401945724,0.0,68.52,35.296943676395294,37.35,2.0,84,onoff,0.8,1331.1857458557563,12.0,68.90380668640137,dense,96
10000,0.1362,199.32874750310677,18093.939380935393,41277.52744094125,42829.04731868688,41271.79716101877,1.1516756881262236,13.0656,68.27573799999999,37.13517586087758,39.324,2.0,84,onoff,0.8,1331.1857458557563,12.0,68.90380668640137,static_pomt,96
10000,0.1301,198.06518912667758,18414.317075526873,41597.782952519774,43149.32564818227,41592.09633981836,1.1428571428571428,11.904,68.29743199999999,37.51288674285714,39.56994999999999,2.0,84,onoff,0.8,1331.1857458557563,12.0,68.90380668640137,decoupled,96
10000,0.1381,199.73761614216065,17991.241477048556,41174.74092268598,42726.33909388864,41169.01757878911,1.1535355865728458,12.672,68.28319199999999,41.47973191832968,43.67400000000001,2.0,84,onoff,0.8,1331.1857458557563,12.0,68.90380668640137,joint_full,96
10000,0.1381,199.73761614216065,17991.241477048556,41174.74092268598,42726.33909388864,41169.01757878911,1.1535355865728458,12.672,68.28319199999999,39.97217349175222,41.147600000000004,2.0,84,onoff,0.8,1331.1857458557563,12.0,68.90380668640137,cliffserve,96
10000,0.0006,175.00068712101958,25118.100895403455,48390.84255972418,50526.36200203807,48385.12373273882,1.0004001600640255,0.0,68.52,35.79618527410965,37.721,2.0,84,onoff,0.95,1580.7830732037105,2.0,11.483967781066895,dense,96
10000,0.0002,174.93381647663907,25139.937119482587,48412.71158316645,50548.20643012912,48407.00953362497,1.000100010001,0.0192,68.51963799999999,36.97763396339634,39.103,2.0,84,onoff,0.95,1580.7830732037105,2.0,11.483967781066895,static_pomt,96
10000,0.0006,175.00068712101958,25118.100895403455,48390.84255972418,50526.36200203807,48385.12373273882,1.0004001600640255,0.0,68.52,37.91944617847139,39.935,2.0,84,onoff,0.95,1580.7830732037105,2.0,11.483967781066895,decoupled,96
10000,0.0006,175.00068712101958,25118.100895403455,48390.84255972418,50526.36200203807,48385.12373273882,1.0004001600640255,0.0,68.52,42.047409863945575,43.692,2.0,84,onoff,0.95,1580.7830732037105,2.0,11.483967781066895,joint_full,96
10000,0.0006,175.00068712101958,25118.100895403455,48390.84255972418,50526.36200203807,48385.12373273882,1.0004001600640255,0.0,68.52,40.267903261304525,42.209250000000004,2.0,84,onoff,0.95,1580.7830732037105,2.0,11.483967781066895,cliffserve,96
10000,0.003,175.3610281643882,25000.67283105714,48273.49556077036,50408.95558540255,48267.77490947756,1.0026067776218168,0.0,68.52,34.86127471425707,37.274150000000006,2.0,84,onoff,0.95,1580.7830732037105,4.0,22.96793556213379,dense,96
10000,0.0027,175.31319563271217,25016.23825597627,48289.04959061655,50424.52310532958,48283.35370266947,1.0024057738572574,0.2496,68.515294,35.94404129911789,38.7655,2.0,84,onoff,0.95,1580.7830732037105,4.0,22.96793556213379,static_pomt,96
10000,0.0034,175.4304106945895,24978.153407810758,48250.93610978636,50386.43080313594,48245.22162201914,1.0030090270812437,0.1536,68.51708799999999,37.52240812437312,39.49994999999999,2.0,84,onoff,0.95,1580.7830732037105,4.0,22.96793556213379,decoupled,96
10000,0.0034,175.4304106945895,24978.153407810758,48250.93610978636,50386.43080313594,48245.22162201914,1.0030090270812437,0.1536,68.51708799999999,41.93604252758275,43.682999999999986,2.0,84,onoff,0.95,1580.7830732037105,4.0,22.96793556213379,joint_full,96
10000,0.0034,175.4304106945895,24978.153407810758,48250.93610978636,50386.43080313594,48245.22162201914,1.0030090270812437,0.1536,68.51708799999999,39.85170421263792,42.00449999999999,2.0,84,onoff,0.95,1580.7830732037105,4.0,22.96793556213379,cliffserve,96
10000,0.011,176.6120632276667,24596.62640285356,47869.68890448126,50005.08246129901,47863.987328558294,1.010407194099222,0.0,68.52,35.738638981509546,37.711,2.0,84,onoff,0.95,1580.7830732037105,8.0,45.93587112426758,dense,96
10000,0.017,177.62617156936255,24273.104919193815,47546.25222757372,49681.61882148654,47540.525064282745,1.0165700925078784,1.632,68.48947,37.02207105824946,39.01579999999999,2.0,84,onoff,0.95,1580.7830732037105,8.0,45.93587112426758,static_pomt,96
10000,0.0166,177.5536370037367,24296.091542481015,47569.19132652792,49704.53136578948,47563.47314594301,1.015950421619425,1.4592,68.49274399999999,37.594524839987805,39.4631,2.0,84,onoff,0.95,1580.7830732037105,8.0,45.93587112426758,decoupled,96
10000,0.0178,177.76499104110414,24229.169607637952,47502.235138802855,49637.64589794547,47496.52017224344,1.017293997965412,1.6128,68.4898,42.35852461851475,43.813,2.0,84,onoff,0.95,1580.7830732037105,8.0,45.93587112426758,joint_full,96
10000,0.0178,177.76499104110414,24229.169607637952,47502.235138802855,49637.64589794547,47496.52017224344,1.017293997965412,1.6128,68.4898,40.385655747711084,42.33955,2.0,84,onoff,0.95,1580.7830732037105,8.0,45.93587112426758,cliffserve,96
10000,0.0198,178.01711902576844,24149.408726214002,47422.44170821222,49557.93358377368,47416.73726347002,1.0192640913260627,0.0,68.52,35.47581836713892,37.52,2.0,84,onoff,0.95,1580.7830732037105,12.0,68.90380668640137,dense,96
10000,0.0346,180.58474377481733,23350.57940506799,46623.20809505495,48759.60616692931,46617.497088508935,1.0347682119205297,3.3216,68.45791799999999,36.82887686258278,38.903,2.0,84,onoff,0.95,1580.7830732037105,12.0,68.90380668640137,static_pomt,96
10000,0.0334,180.37510941574644,23415.1238355623,46687.67212684664,48824.020213431424,46681.96384211096,1.0332713370531101,3.072,68.46257599999998,37.8171959082455,39.63415,2.0,84,onoff,0.95,1580.7830732037105,12.0,68.90380668640137,decoupled,96
10000,0.0354,180.72841752134653,23306.521421431135,46579.16747012648,48715.60107273013,46573.459060650195,1.0355182768975872,3.3024,68.458248,42.345534845190016,44.113,2.0,84,onoff,0.95,1580.7830732037105,12.0,68.90380668640137,joint_full,96
10000,0.0354,180.72841752134653,23306.521421431135,46579.16747012648,48715.60107273013,46573.459060650195,1.0355182768975872,3.3024,68.458248,40.266657864761314,42.35179999999999,2.0,84,onoff,0.95,1580.7830732037105,12.0,68.90380668640137,cliffserve,96
10000,0.0006,175.00068712101955,25726.685814694993,49074.169007723416,51131.62576268989,49068.45018073806,1.0004001600640255,0.0,68.52,35.73506182472989,37.631,2.0,84,onoff,1.1,1830.380400551665,2.0,11.483967781066895,dense,96
10000,0.0002,174.93381647663904,25748.522038774125,49096.038031165685,51153.470190780936,49090.335981624215,1.000100010001,0.0192,68.51963799999999,37.07187188718873,39.2331,2.0,84,onoff,1.1,1830.380400551665,2.0,11.483967781066895,static_pomt,96
10000,0.0006,175.00068712101955,25726.685814694993,49074.169007723416,51131.62576268989,49068.45018073806,1.0004001600640255,0.0,68.52,37.60440276110444,39.374,2.0,84,onoff,1.1,1830.380400551665,2.0,11.483967781066895,decoupled,96
10000,0.0006,175.00068712101955,25726.685814694993,49074.169007723416,51131.62576268989,49068.45018073806,1.0004001600640255,0.0,68.52,42.366073529411764,44.523250000000004,2.0,84,onoff,1.1,1830.380400551665,2.0,11.483967781066895,joint_full,96
10000,0.0006,175.00068712101955,25726.685814694993,49074.169007723416,51131.62576268989,49068.45018073806,1.0004001600640255,0.0,68.52,40.280887354941974,42.189,2.0,84,onoff,1.1,1830.380400551665,2.0,11.483967781066895,cliffserve,96
10000,0.0026,175.30823042314844,25626.431686238877,48973.98819591293,51031.39485517817,48968.27398974189,1.0023053021950485,0.0,68.52,34.85533146236344,37.34,2.0,84,onoff,1.1,1830.380400551665,4.0,22.96793556213379,dense,96
10000,0.0019,175.17901445075327,25668.50187881433,49015.998326199144,51073.48394697505,49010.3013246704,1.001602564102564,0.1728,68.51672599999998,36.933235877403845,38.893,2.0,84,onoff,1.1,1830.380400551665,4.0,22.96793556213379,static_pomt,96
10000,0.003,175.36460042738443,25608.09611876451,48955.660377185435,51013.057714470204,48949.93972589263,1.0026067776218168,0.1536,68.51708799999999,37.419198115099256,39.194,2.0,84,onoff,1.1,1830.380400551665,4.0,22.96793556213379,decoupled,96
10000,0.003,175.36460042738443,25608.09611876451,48955.660377185435,51013.057714470204,48949.93972589263,1.0026067776218168,0.1536,68.51708799999999,42.23339272107479,43.79965000000001,2.0,84,onoff,1.1,1830.380400551665,4.0,22.96793556213379,joint_full,96
10000,0.003,175.36460042738443,25608.09611876451,48955.660377185435,51013.057714470204,48949.93972589263,1.0026067776218168,0.1536,68.51708799999999,39.90804992981753,41.739,2.0,84,onoff,1.1,1830.380400551665,4.0,22.96793556213379,cliffserve,96
10000,0.0098,176.43332691736754,25262.551513509385,48610.35553316364,50667.73618262607,48604.64811250457,1.0092854259184498,0.0,68.52,35.85048516350423,37.731,2.0,84,onoff,1.1,1830.380400551665,8.0,45.93587112426758,dense,96
10000,0.0131,176.99087804262192,25083.764892654053,48431.869685261336,50489.06450096923,48426.13218299636,1.0126582278481013,1.248,68.496614,37.92532496202532,40.206,2.0,84,onoff,1.1,1830.380400551665,8.0,45.93587112426758,static_pomt,96
10000,0.0138,177.11396229140706,25044.48335631334,48392.54514469394,50449.827770217235,48386.82366968879,1.013273887931908,1.2288,68.49700799999998,37.57394183807883,39.454,2.0,84,onoff,1.1,1830.380400551665,8.0,45.93587112426758,decoupled,96
10000,0.0142,177.1733324059011,25025.546748237244,48373.579345171536,50430.84481734592,48367.87772430667,1.0136847440446022,1.3056,68.495496,42.451058388241265,43.95099999999999,2.0,84,onoff,1.1,1830.380400551665,8.0,45.93587112426758,joint_full,96
10000,0.0142,177.1733324059011,25025.546748237244,48373.579345171536,50430.84481734592,48367.87772430667,1.0136847440446022,1.3056,68.495496,40.07530258489609,41.3078,2.0,84,onoff,1.1,1830.380400551665,8.0,45.93587112426758,cliffserve,96
10000,0.017,177.58494962018693,24894.758027629487,48242.64686471709,50299.95077128249,48236.919701426115,1.0165700925078784,0.0,68.52,35.6598032936871,37.14199999999999,2.0,84,onoff,1.1,1830.380400551665,12.0,68.90380668640137,dense,96
10000,0.0275,179.39072285978685,24327.799728231064,47675.240358035655,49733.19411257106,47669.49998053798,1.0274324463166546,2.6304,68.47075799999999,36.45434038836947,39.024,2.0,84,onoff,1.1,1830.380400551665,12.0,68.90380668640137,static_pomt,96
10000,0.0262,179.1570936709172,24400.562750415436,47748.16553150901,49805.86149869757,47742.42471560725,1.0258514567090686,2.3808,68.4754,37.76726877308166,39.78465,2.0,84,onoff,1.1,1830.380400551665,12.0,68.90380668640137,decoupled,96
10000,0.0282,179.51644998716648,24288.851904229752,47636.12930006274,49694.25202304202,47630.431568925465,1.0280662074637608,2.6112,68.47115199999998,42.18884229464378,43.90999999999999,2.0,84,onoff,1.1,1830.380400551665,12.0,68.90380668640137,joint_full,96
10000,0.0282,179.51644998716648,24288.851904229752,47636.12930006274,49694.25202304202,47630.431568925465,1.0280662074637608,2.6112,68.47115199999998,40.24051156574483,42.45399999999998,2.0,84,onoff,1.1,1830.380400551665,12.0,68.90380668640137,cliffserve,96
10000,0.0003,174.94730998811102,18614.327375336063,35191.853480903366,36587.96638004675,35186.12931620285,1.000100010001,0.0,68.52,35.64206400640064,37.751,2.0,85,poisson,0.3,499.1946546959086,2.0,11.483967781066895,dense,96
10000,0.0001,174.9176772794044,18623.99662320174,35201.53910814926,36597.63720077887,35195.81831273244,1.0,0.0096,68.51982,36.991704899999995,39.254,2.0,85,poisson,0.3,499.1946546959086,2.0,11.483967781066895,static_pomt,96
10000,0.0003,174.94730998811102,18614.327375336063,35191.853480903366,36587.96638004675,35186.12931620285,1.000100010001,0.0,68.52,37.79823792379238,39.9551,2.0,85,poisson,0.3,499.1946546959086,2.0,11.483967781066895,decoupled,96
10000,0.0003,174.94730998811102,18614.327375336063,35191.853480903366,36587.96638004675,35186.12931620285,1.000100010001,0.0,68.52,42.00557755775578,43.5229,2.0,85,poisson,0.3,499.1946546959086,2.0,11.483967781066895,joint_full,96
10000,0.0003,174.94730998811102,18614.327375336063,35191.853480903366,36587.96638004675,35186.12931620285,1.000100010001,0.0,68.52,40.08736163616362,42.200900000000004,2.0,85,poisson,0.3,499.1946546959086,2.0,11.483967781066895,cliffserve,96
10000,1.0,494.43731930501394,9.68875464301982,13.85455715094522,15.449507965278865,8.03781280984217,2.8686173264486516,0.0,68.52,8.752231497418244,10.079,2.0,85,poisson,0.3,499.1946546959086,4.0,22.96793556213379,dense,96
10000,0.0005,174.9212034032659,18622.858383102786,35200.38448867009,36596.49738781348,35194.660323969576,1.000100010001,0.0288,68.51945799999999,37.13429662966296,39.1649,2.0,85,poisson,0.3,499.1946546959086,4.0,22.96793556213379,static_pomt,96
10000,1.0,494.43731930501394,9.68875464301982,13.85455715094522,15.449507965278865,8.03781280984217,2.8686173264486516,0.0,68.52,11.701681583476766,13.08175,2.0,85,poisson,0.3,499.1946546959086,4.0,22.96793556213379,decoupled,96
10000,1.0,494.43731930501394,9.68875464301982,13.85455715094522,15.449507965278865,8.03781280984217,2.8686173264486516,0.0,68.52,12.899799770510615,15.379,2.0,85,poisson,0.3,499.1946546959086,4.0,22.96793556213379,joint_full,96
10000,1.0,494.43731930501394,9.68875464301982,13.85455715094522,15.449507965278865,8.03781280984217,2.8686173264486516,0.0,68.52,9.396260757314975,11.091,2.0,85,poisson,0.3,499.1946546959086,4.0,22.96793556213379,cliffserve,96
10000,1.0,494.43731930501394,9.68875464301982,13.85455715094522,15.449507965278865,8.03781280984217,2.8686173264486516,0.0,68.52,8.754450659781986,10.039,2.0,85,poisson,0.3,499.1946546959086,8.0,45.93587112426758,dense,96
10000,1.0,494.05584848792347,18.08518888024264,25.17113236046998,27.741000698988913,14.944783910702515,5.05050505050505,96.0,66.70560800000001,10.829896464646465,12.584,2.0,85,poisson,0.3,499.1946546959086,8.0,45.93587112426758,static_pomt,96
10000,1.0,494.43731930501394,9.68875464301982,13.85455715094522,15.449507965278865,8.03781280984217,2.8686173264486516,0.0,68.52,11.755,13.125,2.0,85,poisson,0.3,499.1946546959086,8.0,45.93587112426758,decoupled,96
10000,1.0,494.43731930501394,9.68875464301982,13.85455715094522,15.449507965278865,8.03781280984217,2.8686173264486516,0.0,68.52,12.948084050487665,15.44675,2.0,85,poisson,0.3,499.1946546959086,8.0,45.93587112426758,joint_full,96
10000,1.0,494.43731930501394,9.68875464301982,13.85455715094522,15.449507965278865,8.03781280984217,2.8686173264486516,0.0,68.52,9.295006884681584,10.98,2.0,85,poisson,0.3,499.1946546959086,8.0,45.93587112426758,cliffserve,96
10000,1.0,494.43731930501394,9.68875464301982,13.85455715094522,15.449507965278865,8.03781280984217,2.8686173264486516,0.0,68.52,8.692738382099828,9.958,2.0,85,poisson,0.3,499.1946546959086,12.0,68.90380668640137,dense,96
10000,1.0,494.05584848792347,18.08518888024264,25.17113236046998,27.741000698988913,14.944783910702515,5.05050505050505,96.0,66.70560800000001,10.747194444444444,12.554,2.0,85,poisson,0.3,499.1946546959086,12.0,68.90380668640137,static_pomt,96
10000,1.0,494.43731930501394,9.68875464301982,13.85455715094522,15.449507965278865,8.03781280984217,2.8686173264486516,0.0,68.52,11.631544176706829,13.004,2.0,85,poisson,0.3,499.1946546959086,12.0,68.90380668640137,decoupled,96
10000,1.0,494.43731930501394,9.68875464301982,13.85455715094522,15.449507965278865,8.03781280984217,2.8686173264486516,0.0,68.52,12.874136546184738,15.4265,2.0,85,poisson,0.3,499.1946546959086,12.0,68.90380668640137,joint_full,96
10000,1.0,494.43731930501394,9.68875464301982,13.85455715094522,15.449507965278865,8.03781280984217,2.8686173264486516,0.0,68.52,9.343566838783707,11.030750000000001,2.0,85,poisson,0.3,499.1946546959086,12.0,68.90380668640137,cliffserve,96
10000,0.001,175.0527326215314,23562.435466728395,44712.27177232109,46553.62563492961,44706.56350682579,1.0007004903432404,0.0,68.52,35.59167066946863,37.39,2.0,85,poisson,0.6,998.3893093918172,2.0,11.483967781066895,dense,96
10000,0.0002,174.93302832030875,23601.499786815828,44751.4239855846,46592.74051737018,44745.69982088409,1.000100010001,0.0192,68.51963799999999,37.19248304830484,38.9949,2.0,85,poisson,0.6,998.3893093918172,2.0,11.483967781066895,static_pomt,96
10000,0.001,175.0527326215314,23562.435466728395,44712.27177232109,46553.62563492961,44706.56350682579,1.0007004903432404,0.0,68.52,37.82885289702792,39.724,2.0,85,poisson,0.6,998.3893093918172,2.0,11.483967781066895,decoupled,96
10000,0.001,175.0527326215314,23562.435466728395,44712.27177232109,46553.62563492961,44706.56350682579,1.0007004903432404,0.0,68.52,42.452493945762036,43.582,2.0,85,poisson,0.6,998.3893093918172,2.0,11.483967781066895,joint_full,96
10000,0.001,175.0527326215314,23562.435466728395,44712.27177232109,46553.62563492961,44706.56350682579,1.0007004903432404,0.0,68.52,40.28025247673371,41.618,2.0,85,poisson,0.6,998.3893093918172,2.0,11.483967781066895,cliffserve,96
10000,0.2262,215.01826617297806,12946.951489410585,34095.1665942987,35935.86308332629,34089.44633665882,1.2376237623762376,0.0,68.52,34.47203341584159,37.331,2.0,85,poisson,0.6,998.3893093918172,4.0,22.96793556213379,dense,96
10000,0.0019,175.13833413460492,23534.434411010927,44684.3511411985,46525.68750619121,44678.62130301796,1.0015022533800702,0.1824,68.516562,37.14900280420631,39.11119999999999,2.0,85,poisson,0.6,998.3893093918172,4.0,22.96793556213379,static_pomt,96
10000,0.28,227.4560222316993,10403.639930687135,31551.855983456,33392.87299258895,31546.13607774578,1.311991603253739,0.4608,68.51126399999998,36.272183547625296,39.48495,2.0,85,poisson,0.6,998.3893093918172,4.0,22.96793556213379,decoupled,96
10000,0.2802,227.51105242371645,10392.967054090685,31541.19032893978,33382.209972950885,31535.47219794594,1.3126804935678655,0.9216,68.50252799999998,41.05387857705434,43.84499999999999,2.0,85,poisson,0.6,998.3893093918172,4.0,22.96793556213379,joint_full,96
10000,0.2802,227.51105242371645,10392.967054090685,31541.19032893978,33382.209972950885,31535.47219794594,1.3126804935678655,0.9216,68.50252799999998,38.46423273825151,41.217,2.0,85,poisson,0.6,998.3893093918172,4.0,22.96793556213379,cliffserve,96
10000,1.0,988.3618540125594,12.507201240468476,19.368449374112647,23.467373045081033,10.682248227690016,6.680026720106881,0.0,68.52,11.036352037408149,12.205000000000002,2.0,85,poisson,0.6,998.3893093918172,8.0,45.93587112426758,dense,96
10000,1.0,986.6837870265275,19.516401580477577,26.353300046892663,28.705451246674752,15.366912695028073,10.504201680672269,96.0,66.705044,13.242357142857143,15.51405,2.0,85,poisson,0.6,998.3893093918172,8.0,45.93587112426758,static_pomt,96
10000,1.0,988.4190074820242,12.360715193956395,17.832444593784523,20.663815194651132,10.207024461566196,6.596306068601583,6.6048,68.394784,14.07362796833773,15.3185,2.0,85,poisson,0.6,998.3893093918172,8.0,45.93587112426758,decoupled,96
10000,1.0,988.4190074820242,12.360715193956395,17.832444593784523,20.663815194651132,10.207024461566196,6.596306068601583,6.6048,68.394784,17.411063984168866,22.55975,2.0,85,poisson,0.6,998.3893093918172,8.0,45.93587112426758,joint_full,96
10000,1.0,988.4190074820242,12.360715193956395,17.832444593784523,20.663815194651132,10.207024461566196,6.596306068601583,6.6048,68.394784,12.186989445910292,13.3875,2.0,85,poisson,0.6,998.3893093918172,8.0,45.93587112426758,cliffserve,96
10000,1.0,988.3618540125594,12.507201240468476,19.368449374112647,23.467373045081033,10.682248227690016,6.680026720106881,0.0,68.52,11.091646626586506,12.219800000000001,2.0,85,poisson,0.6,998.3893093918172,12.0,68.90380668640137,dense,96
10000,1.0,986.6837870265275,19.516401580477577,26.353300046892663,28.705451246674752,15.366912695028073,10.504201680672269,96.0,66.705044,13.401605042016806,15.79945,2.0,85,poisson,0.6,998.3893093918172,12.0,68.90380668640137,static_pomt,96
10000,1.0,988.4190074820242,12.360715193956395,17.832444593784523,20.663815194651132,10.207024461566196,6.596306068601583,6.6048,68.394784,14.26793469656992,15.50225,2.0,85,poisson,0.6,998.3893093918172,12.0,68.90380668640137,decoupled,96
10000,1.0,988.4190074820242,12.360715193956395,17.832444593784523,20.663815194651132,10.207024461566196,6.596306068601583,6.6048,68.394784,17.482139182058045,19.257,2.0,85,poisson,0.6,998.3893093918172,12.0,68.90380668640137,joint_full,96
10000,1.0,988.4190074820242,12.360715193956395,17.832444593784523,20.663815194651132,10.207024461566196,6.596306068601583,6.6048,68.394784,12.188638522427443,13.435,2.0,85,poisson,0.6,998.3893093918172,12.0,68.90380668640137,cliffserve,96
10000,0.0006,175.00005153574077,24825.310305805346,47118.28064221146,49070.921211410976,47112.48796852829,1.0004001600640255,0.0,68.52,35.73632843137254,37.60025,2.0,85,poisson,0.8,1331.1857458557563,2.0,11.483967781066895,dense,96
10000,0.0002,174.93302832030875,24847.12624165549,47140.14996372463,49092.76740367076,47134.425799024124,1.000100010001,0.0192,68.51963799999999,37.17898679867987,39.114,2.0,85,poisson,0.8,1331.1857458557563,2.0,11.483967781066895,static_pomt,96
10000,0.0006,175.00005153574077,24825.310305805346,47118.28064221146,49070.921211410976,47112.48796852829,1.0004001600640255,0.0,68.52,37.58566216486595,39.584,2.0,85,poisson,0.8,1331.1857458557563,2.0,11.483967781066895,decoupled,96
10000,0.0006,175.00005153574077,24825.310305805346,47118.28064221146,49070.921211410976,47112.48796852829,1.0004001600640255,0.0,68.52,42.34551980792317,44.37625,2.0,85,poisson,0.8,1331.1857458557563,2.0,11.483967781066895,joint_full,96
10000,0.0006,175.00005153574077,24825.310305805346,47118.28064221146,49070.921211410976,47112.48796852829,1.0004001600640255,0.0,68.52,40.07583013205282,41.438,2.0,85,poisson,0.8,1331.1857458557563,2.0,11.483967781066895,cliffserve,96
10000,0.0138,176.9587178325654,24192.86749073996,46485.80819364788,48438.53137423656,46480.102403390425,1.0120433154539015,0.0,68.52,35.69324359882603,37.57,2.0,85,poisson,0.8,1331.1857458557563,4.0,22.96793556213379,dense,96
10000,0.0012,175.04176755739655,24811.646706075808,47104.5919175029,49057.24295473239,47098.88735920193,1.00080064051241,0.096,68.51818999999999,36.96950560448359,39.04804999999999,2.0,85,poisson,0.8,1331.1857458557563,4.0,22.96793556213379,static_pomt,96
10000,0.0146,177.07021043420716,24157.327875347277,46450.2195881963,48402.933168899035,46444.48698970081,1.0126582278481013,0.1536,68.51708799999999,37.255639291139246,39.7243,2.0,85,poisson,0.8,1331.1857458557563,4.0,22.96793556213379,decoupled,96
10000,0.0166,177.38895974715558,24056.036115379473,46348.8558463216,48301.69864360473,46343.159441387674,1.0146103896103895,0.3072,68.51417599999998,42.36651592938312,44.15325,2.0,85,poisson,0.8,1331.1857458557563,4.0,22.96793556213379,joint_full,96
10000,0.0166,177.38895974715558,24056.036115379473,46348.8558463216,48301.69864360473,46343.159441387674,1.0146103896103895,0.3072,68.51417599999998,40.10440696022727,41.278,2.0,85,poisson,0.8,1331.1857458557563,4.0,22.96793556213379,cliffserve,96
10000,1.0,1315.2805486971797,22.701685020740797,33.371993916613164,37.288109421823386,17.083249762561582,16.260162601626018,0.0,68.52,14.983678048780487,18.593999999999998,2.0,85,poisson,0.8,1331.1857458557563,8.0,45.93587112426758,dense,96
10000,1.0,1314.2789871619314,20.04008536782652,26.628809318491296,29.136161744263454,14.751836203841105,14.992503748125937,96.0,66.70326000000001,15.298649175412296,19.413,2.0,85,poisson,0.8,1331.1857458557563,8.0,45.93587112426758,static_pomt,96
10000,1.0,1315.9894097832578,17.449942476625154,25.01417907112179,27.43184812917837,13.421611962642771,12.330456226880395,65.3568,67.281976,17.121741060419236,23.0185,2.0,85,poisson,0.8,1331.1857458557563,8.0,45.93587112426758,decoupled,96
10000,1.0,1315.9894097832578,17.449942476625154,25.01417907112179,27.43184812917837,13.421611962642771,12.330456226880395,65.3568,67.281976,21.382103575832303,28.764,2.0,85,poisson,0.8,1331.1857458557563,8.0,45.93587112426758,joint_full,96
10000,1.0,1315.9894097832578,17.449942476625154,25.01417907112179,27.43184812917837,13.421611962642771,12.330456226880395,65.3568,67.281976,15.298352651048088,22.051,2.0,85,poisson,0.8,1331.1857458557563,8.0,45.93587112426758,cliffserve,96
10000,1.0,1315.2805486971797,22.701685020740797,33.371993916613164,37.288109421823386,17.083249762561582,16.260162601626018,0.0,68.52,14.928284552845529,21.15759999999996,2.0,85,poisson,0.8,1331.1857458557563,12.0,68.90380668640137,dense,96
10000,1.0,1314.2789871619314,20.04008536782652,26.628809318491296,29.136161744263454,14.751836203841105,14.992503748125937,96.0,66.70326000000001,15.309929535232383,19.417,2.0,85,poisson,0.8,1331.1857458557563,12.0,68.90380668640137,static_pomt,96
10000,1.0,1315.9894097832578,17.449942476625154,25.01417907112179,27.43184812917837,13.421611962642771,12.330456226880395,65.3568,67.281976,17.03182120838471,22.6475,2.0,85,poisson,0.8,1331.1857458557563,12.0,68.90380668640137,decoupled,96
10000,1.0,1315.9894097832578,17.449942476625154,25.01417907112179,27.43184812917837,13.421611962642771,12.330456226880395,65.3568,67.281976,21.47478051787916,28.91,2.0,85,poisson,0.8,1331.1857458557563,12.0,68.90380668640137,joint_full,96
10000,1.0,1315.9894097832578,17.449942476625154,25.01417907112179,27.43184812917837,13.421611962642771,12.330456226880395,65.3568,67.281976,15.366484586929717,22.066499999999998,2.0,85,poisson,0.8,1331.1857458557563,12.0,68.90380668640137,cliffserve,96
10000,0.0006,175.00005153574077,25415.343889676762,48249.782421330405,50255.14447334281,48243.98974764724,1.0004001600640255,0.0,68.52,35.6596075430172,37.553250000000006,2.0,85,poisson,0.95,1580.7830732037105,2.0,11.483967781066895,dense,96
10000,0.0002,174.93302832030875,25437.159825526905,48271.651742843576,50276.9906656026,48265.92757814307,1.000100010001,0.0192,68.51963799999999,37.239798379837985,39.2349,2.0,85,poisson,0.95,1580.7830732037105,2.0,11.483967781066895,static_pomt,96
10000,0.0006,175.00005153574077,25415.343889676762,48249.782421330405,50255.14447334281,48243.98974764724,1.0004001600640255,0.0,68.52,37.69848099239695,39.68425,2.0,85,poisson,0.95,1580.7830732037105,2.0,11.483967781066895,decoupled,96
10000,0.0006,175.00005153574077,25415.343889676762,48249.782421330405,50255.14447334281,48243.98974764724,1.0004001600640255,0.0,68.52,42.36645548219288,43.4845,2.0,85,poisson,0.95,1580.7830732037105,2.0,11.483967781066895,joint_full,96
10000,0.0006,175.00005153574077,25415.343889676762,48249.782421330405,50255.14447334281,48243.98974764724,1.0004001600640255,0.0,68.52,40.09777551020408,41.959,2.0,85,poisson,0.95,1580.7830732037105,2.0,11.483967781066895,cliffserve,96
10000,0.007,175.9512995771803,25106.46064277811,47940.92501211543,49946.25204837791,47935.21481376071,1.0060362173038229,0.0,68.52,35.67184225352112,37.44,2.0,85,poisson,0.95,1580.7830732037105,4.0,22.96793556213379,dense,96
10000,0.0011,175.04176755739655,25401.680289947224,48236.09369662184,50241.46621666423,48230.389138320876,1.00080064051241,0.096,68.51818999999999,37.1782753202562,39.15345,2.0,85,poisson,0.95,1580.7830732037105,4.0,22.96793556213379,static_pomt,96
10000,0.007,175.9512995771803,25106.46064277811,47940.92501211543,49946.25204837791,47935.21481376071,1.0060362173038229,0.0,68.52,37.747969215291754,39.605,2.0,85,poisson,0.95,1580.7830732037105,4.0,22.96793556213379,decoupled,96
10000,0.007,175.9512995771803,25106.46064277811,47940.92501211543,49946.25204837791,47935.21481376071,1.0060362173038229,0.0,68.52,42.46552173038229,44.574,2.0,85,poisson,0.95,1580.7830732037105,4.0,22.96793556213379,joint_full,96
10000,0.007,175.9512995771803,25106.46064277811,47940.92501211543,49946.25204837791,47935.21481376071,1.0060362173038229,0.0,68.52,40.04578098591549,41.478,2.0,85,poisson,0.95,1580.7830732037105,4.0,22.96793556213379,cliffserve,96
10000,0.0478,182.5512609174719,23051.79535361452,45886.12554710288,47891.4776799964,45880.40726724047,1.0472300764477955,0.0,68.52,35.15014221384438,37.23,2.0,85,poisson,0.95,1580.7830732037105,8.0,45.93587112426758,dense,96
10000,1.0,1558.6416836092337,21.16515428188586,28.34930920137269,30.844888625178438,15.04988646950902,19.37984496124031,96.0,66.708252,17.25208527131783,23.724,2.0,85,poisson,0.95,1580.7830732037105,8.0,45.93587112426758,static_pomt,96
10000,1.0,1562.1403020867247,20.589418147739707,28.037891701142847,30.434750331490086,14.659355551635734,18.69158878504673,92.2368,66.77861600000001,20.353828037383177,27.9867,2.0,85,poisson,0.95,1580.7830732037105,8.0,45.93587112426758,decoupled,96
10000,1.0,1562.1403020867247,20.589418147739707,28.037891701142847,30.434750331490086,14.659355551635734,18.69158878504673,92.2368,66.77861600000001,25.438069158878506,32.97329999999998,2.0,85,poisson,0.95,1580.7830732037105,8.0,45.93587112426758,joint_full,96
10000,1.0,1562.1403020867247,20.589418147739707,28.037891701142847,30.434750331490086,14.659355551635734,18.69158878504673,92.2368,66.77861600000001,18.816951401869158,24.24759999999997,2.0,85,poisson,0.95,1580.7830732037105,8.0,45.93587112426758,cliffserve,96
10000,0.459,295.2290967366903,2147.2383856408096,24979.345383695552,26984.5012887334,24973.625210670423,1.8034265103697025,0.0,68.52,34.36141154192967,37.12,2.0,85,poisson,0.95,1580.7830732037105,12.0,68.90380668640137,dense,96
10000,1.0,1558.6416836092337,21.16515428188586,28.34930920137269,30.844888625178438,15.04988646950902,19.37984496124031,96.0,66.708252,16.970003875968995,20.6085,2.0,85,poisson,0.95,1580.7830732037105,12.0,68.90380668640137,static_pomt,96
10000,1.0,1562.1403020867247,20.589418147739707,28.037891701142847,30.434750331490086,14.659355551635734,18.69158878504673,92.2368,66.77861600000001,20.02111214953271,26.840999999999973,2.0,85,poisson,0.95,1580.7830732037105,12.0,68.90380668640137,decoupled,96
10000,1.0,1562.1403020867247,20.589418147739707,28.037891701142847,30.434750331490086,14.659355551635734,18.69158878504673,92.2368,66.77861600000001,25.46553457943925,30.782599999999956,2.0,85,poisson,0.95,1580.7830732037105,12.0,68.90380668640137,joint_full,96
10000,1.0,1562.1403020867247,20.589418147739707,28.037891701142847,30.434750331490086,14.659355551635734,18.69158878504673,92.2368,66.77861600000001,19.02916448598131,23.684299999999975,2.0,85,poisson,0.95,1580.7830732037105,12.0,68.90380668640137,cliffserve,96
10000,0.0002,174.94719911931531,25861.644791018847,49089.93175942462,51133.613578774835,49084.20759472411,1.000100010001,0.0,68.52,35.21037673767377,37.4619,2.0,85,poisson,1.1,1830.380400551665,2.0,11.483967781066895,dense,96
10000,0.0002,174.93302832030875,25866.275159251574,49094.562127657344,51138.24394700756,49088.83796295684,1.000100010001,0.0192,68.51963799999999,36.93076297629763,38.7231,2.0,85,poisson,1.1,1830.380400551665,2.0,11.483967781066895,static_pomt,96
10000,0.0002,174.94719911931531,25861.644791018847,49089.93175942462,51133.613578774835,49084.20759472411,1.000100010001,0.0,68.52,37.42918571857186,39.414,2.0,85,poisson,1.1,1830.380400551665,2.0,11.483967781066895,decoupled,96
10000,0.0002,174.94719911931531,25861.644791018847,49089.93175942462,51133.613578774835,49084.20759472411,1.000100010001,0.0,68.52,42.016040704070406,43.85490000000001,2.0,85,poisson,1.1,1830.380400551665,2.0,11.483967781066895,joint_full,96
10000,0.0002,174.94719911931531,25861.644791018847,49089.93175942462,51133.613578774835,49084.20759472411,1.000100010001,0.0,68.52,40.24115401540154,41.228,2.0,85,poisson,1.1,1830.380400551665,2.0,11.483967781066895,cliffserve,96
10000,0.0062,175.8317049676102,25574.156664025668,48802.44992208044,50846.1122788786,48796.74592377703,1.0053282396702523,0.0,68.52,35.637020408163266,37.52729999999999,2.0,85,poisson,1.1,1830.380400551665,4.0,22.96793556213379,dense,96
10000,0.0026,175.2868396803126,25750.63730372179,48978.89822964232,51022.77607068768,48973.19445862334,1.0023053021950485,0.2496,68.51527799999998,37.29322361431292,39.254,2.0,85,poisson,1.1,1830.380400551665,4.0,22.96793556213379,static_pomt,96
10000,0.0062,175.8317049676102,25574.156664025668,48802.44992208044,50846.1122788786,48796.74592377703,1.0053282396702523,0.0,68.52,37.41905127174022,39.324,2.0,85,poisson,1.1,1830.380400551665,4.0,22.96793556213379,decoupled,96
10000,0.0062,175.8317049676102,25574.156664025668,48802.44992208044,50846.1122788786,48796.74592377703,1.0053282396702523,0.0,68.52,42.513114909017794,44.56099999999999,2.0,85,poisson,1.1,1830.380400551665,4.0,22.96793556213379,joint_full,96
10000,0.0062,175.8317049676102,25574.156664025668,48802.44992208044,50846.1122788786,48796.74592377703,1.0053282396702523,0.0,68.52,40.286795516236054,41.67499999999999,2.0,85,poisson,1.1,1830.380400551665,4.0,22.96793556213379,cliffserve,96
10000,0.0258,178.9357788269359,24587.712201249484,47815.8432744221,49859.841996877105,47810.114602466034,1.0248001639680262,0.0,68.52,34.37346085263374,36.37949999999999,2.0,85,poisson,1.1,1830.380400551665,8.0,45.93587112426758,dense,96
10000,1.0,1801.2306016004102,24.454721798695786,34.530220918054205,39.360543418344115,18.057899424591785,26.041666666666668,96.0,66.724556,20.442791666666665,23.860999999999997,2.0,85,poisson,1.1,1830.380400551665,8.0,45.93587112426758,static_pomt,96
10000,0.7966,623.3789345968348,26.24083360816269,7971.733103652411,10015.267578503994,7966.028759737425,4.266211604095563,76.032,67.09745600000001,34.30875426621161,38.53285,2.0,85,poisson,1.1,1830.380400551665,8.0,45.93587112426758,decoupled,96
10000,1.0,1805.1432977100137,24.27948144692823,34.27285005668606,38.58568205033177,17.99612115513182,25.839793281653748,95.5392,66.7332,31.01887855297158,36.462,2.0,85,poisson,1.1,1830.380400551665,8.0,45.93587112426758,joint_full,96
10000,1.0,1805.1432977100137,24.27948144692823,34.27285005668606,38.58568205033177,17.99612115513182,25.839793281653748,95.5392,66.7332,23.963064599483204,28.7567,2.0,85,poisson,1.1,1830.380400551665,8.0,45.93587112426758,cliffserve,96
10000,0.0486,182.74334379772955,23423.44139016855,46651.59704064886,48695.33954457989,46645.866693540025,1.048767697954903,0.0,68.52,35.52775553224961,37.51,2.0,85,poisson,1.1,1830.380400551665,12.0,68.90380668640137,dense,96
10000,1.0,1801.8788582046093,24.383061746237928,34.326307143835784,40.83129873474153,17.644189336892946,26.109660574412533,96.0,66.723612,20.885582245430808,24.494999999999997,2.0,85,poisson,1.1,1830.380400551665,12.0,68.90380668640137,static_pomt,96
10000,1.0,1805.1049350391536,24.23461019745241,34.03607899452644,39.56714133514654,17.594875008926365,25.906735751295336,95.5392,66.732448,24.598575129533682,28.847250000000003,2.0,85,poisson,1.1,1830.380400551665,12.0,68.90380668640137,decoupled,96
10000,1.0,1805.1049350391536,24.23461019745241,34.03607899452644,39.56714133514654,17.594875008926365,25.906735751295336,95.5392,66.732448,30.911189119170988,36.41375,2.0,85,poisson,1.1,1830.380400551665,12.0,68.90380668640137,joint_full,96
10000,1.0,1805.1049350391536,24.23461019745241,34.03607899452644,39.56714133514654,17.594875008926365,25.906735751295336,95.5392,66.732448,24.307487046632122,29.082250000000002,2.0,85,poisson,1.1,1830.380400551665,12.0,68.90380668640137,cliffserve,96
10000,0.0028,174.65883463313932,17037.97677587746,33322.58195648259,34769.295816371596,33316.87369098729,1.0007004903432404,0.0,68.52,34.89971850295207,37.781,2.0,85,onoff,0.3,499.1946546959086,2.0,11.483967781066895,dense,96
10000,0.0018,174.5942420705494,17059.171655409322,33343.849742603954,34790.54765873686,33338.131311989484,1.000300090027008,0.1344,68.51747399999999,36.287609282784835,38.903,2.0,85,onoff,0.3,499.1946546959086,2.0,11.483967781066895,static_pomt,96
10000,0.0028,174.65883463313932,17037.97677587746,33322.58195648259,34769.295816371596,33316.87369098729,1.0007004903432404,0.0,68.52,36.44676473531472,39.47059999999998,2.0,85,onoff,0.3,499.1946546959086,2.0,11.483967781066895,decoupled,96
10000,0.0028,174.65883463313932,17037.97677587746,33322.58195648259,34769.295816371596,33316.87369098729,1.0007004903432404,0.0,68.52,41.452606124287,44.54799999999998,2.0,85,onoff,0.3,499.1946546959086,2.0,11.483967781066895,joint_full,96
10000,0.0028,174.65883463313932,17037.97677587746,33322.58195648259,34769.295816371596,33316.87369098729,1.0007004903432404,0.0,68.52,39.78518502952067,42.7004,2.0,85,onoff,0.3,499.1946546959086,2.0,11.483967781066895,cliffserve,96
10000,0.2673,210.82429985319902,7219.041686471154,23501.867793909427,24948.29052557311,23496.137408534403,1.2501562695336916,0.0,68.52,32.09250943867983,36.559999999999995,2.0,85,onoff,0.3,499.1946546959086,4.0,22.96793556213379,dense,96
10000,0.0028,174.63624136957532,17045.398039333806,33330.004826451004,34776.71495280043,33324.30026815003,1.00080064051241,0.2592,68.51512199999999,36.52697978382706,39.60949999999999,2.0,85,onoff,0.3,499.1946546959086,4.0,22.96793556213379,static_pomt,96
10000,0.7506,317.1482628147142,12.174380559829842,7599.889807724588,9046.342712480158,7594.1628955599,2.1997360316761987,0.768,68.50544,25.717673559172898,38.863,2.0,85,onoff,0.3,499.1946546959086,4.0,22.96793556213379,decoupled,96
10000,0.9999,452.2028963406786,10.994636801686283,16.173453539569888,18.349882596594433,9.354762664756388,3.7425149700598803,1.0752,68.49961599999999,13.406610778443113,19.01005,2.0,85,onoff,0.3,499.1946546959086,4.0,22.96793556213379,joint_full,96
10000,0.9999,452.2028963406786,10.994636801686283,16.173453539569888,18.349882596594433,9.354762664756388,3.7425149700598803,1.0752,68.49961599999999,9.519512724550898,13.185,2.0,85,onoff,0.3,499.1946546959086,4.0,22.96793556213379,cliffserve,96
10000,1.0,452.2040028650588,10.94429837494829,16.200113695951355,18.87672093713553,9.261689625895656,3.7467216185837393,0.0,68.52,8.92943949044586,11.832,2.0,85,onoff,0.3,499.1946546959086,8.0,45.93587112426758,dense,96
10000,1.0,452.1868815580161,18.564592786188996,25.94285802788863,28.76186362932618,15.333395078419555,5.279831045406547,96.0,66.70718600000001,10.258156282998945,15.479,2.0,85,onoff,0.3,499.1946546959086,8.0,45.93587112426758,static_pomt,96
10000,1.0,452.2028963406786,10.961885474396695,16.09656661044509,18.22630192766208,9.261642137674517,3.7425149700598803,1.3824,68.493792,11.891254865269461,14.988,2.0,85,onoff,0.3,499.1946546959086,8.0,45.93587112426758,decoupled,96
10000,1.0,452.2028963406786,10.961885474396695,16.09656661044509,18.22630192766208,9.261642137674517,3.7425149700598803,1.3824,68.493792,13.251252994011976,18.840049999999998,2.0,85,onoff,0.3,499.1946546959086,8.0,45.93587112426758,joint_full,96
10000,1.0,452.2028963406786,10.961885474396695,16.09656661044509,18.22630192766208,9.261642137674517,3.7425149700598803,1.3824,68.493792,9.462340194610778,13.10445,2.0,85,onoff,0.3,499.1946546959086,8.0,45.93587112426758,cliffserve,96
10000,1.0,452.2040028650588,10.94429837494829,16.200113695951355,18.87672093713553,9.261689625895656,3.7467216185837393,0.0,68.52,8.942833645560134,11.842600000000001,2.0,85,onoff,0.3,499.1946546959086,12.0,68.90380668640137,dense,96
10000,1.0,452.1868815580161,18.564592786188996,25.94285802788863,28.76186362932618,15.333395078419555,5.279831045406547,96.0,66.70718600000001,10.251208553326292,15.469,2.0,85,onoff,0.3,499.1946546959086,12.0,68.90380668640137,static_pomt,96
10000,1.0,452.2028963406786,10.961885474396695,16.09656661044509,18.22630192766208,9.261642137674517,3.7425149700598803,1.3824,68.493792,12.028035553892215,15.198,2.0,85,onoff,0.3,499.1946546959086,12.0,68.90380668640137,decoupled,96
10000,1.0,452.2028963406786,10.961885474396695,16.09656661044509,18.22630192766208,9.261642137674517,3.7425149700598803,1.3824,68.493792,13.341917664670659,18.956,2.0,85,onoff,0.3,499.1946546959086,12.0,68.90380668640137,joint_full,96
10000,1.0,452.2028963406786,10.961885474396695,16.09656661044509,18.22630192766208,9.261642137674517,3.7425149700598803,1.3824,68.493792,9.611031811377243,13.225,2.0,85,onoff,0.3,499.1946546959086,12.0,68.90380668640137,cliffserve,96
10000,0.0022,175.03651426731122,24177.338086416334,45750.448405349984,47629.66341188618,45744.761549437775,1.001001001001001,0.0,68.52,34.93211911911912,37.52055,2.0,85,onoff,0.6,998.3893093918172,2.0,11.483967781066895,dense,96
10000,0.0005,174.93302832030875,24211.134997150104,45784.30173371586,47663.4908471742,45778.57756901535,1.000100010001,0.0192,68.51963799999999,35.469088708870885,38.56400000000001,2.0,85,onoff,0.6,998.3893093918172,2.0,11.483967781066895,static_pomt,96
10000,0.0022,175.03651426731122,24177.338086416334,45750.448405349984,47629.66341188618,45744.761549437775,1.001001001001001,0.0,68.52,37.369268968968974,40.125,2.0,85,onoff,0.6,998.3893093918172,2.0,11.483967781066895,decoupled,96
10000,0.0022,175.03651426731122,24177.338086416334,45750.448405349984,47629.66341188618,45744.761549437775,1.001001001001001,0.0,68.52,42.3263041041041,45.55294999999997,2.0,85,onoff,0.6,998.3893093918172,2.0,11.483967781066895,joint_full,96
10000,0.0022,175.03651426731122,24177.338086416334,45750.448405349984,47629.66341188618,45744.761549437775,1.001001001001001,0.0,68.52,40.203784384384385,44.08794999999999,2.0,85,onoff,0.6,998.3893093918172,2.0,11.483967781066895,cliffserve,96
10000,0.0067,175.682804820995,23967.063128282636,45540.21105355098,47419.405064813574,45534.46794956996,1.004823151125402,0.0,68.52,35.83688625401929,38.202,2.0,85,onoff,0.6,998.3893093918172,4.0,22.96793556213379,dense,96
10000,0.0028,175.0781684203103,24163.55704670152,45736.765391600864,47616.056885148966,45731.05359326674,1.0017028949213662,0.2592,68.51510999999999,37.27293528999299,40.05299999999999,2.0,85,onoff,0.6,998.3893093918172,4.0,22.96793556213379,static_pomt,96
10000,0.0067,175.682804820995,23967.063128282636,45540.21105355098,47419.405064813574,45534.46794956996,1.004823151125402,0.0,68.52,37.52467122186495,39.78445,2.0,85,onoff,0.6,998.3893093918172,4.0,22.96793556213379,decoupled,96
10000,0.0067,175.682804820995,23967.063128282636,45540.21105355098,47419.405064813574,45534.46794956996,1.004823151125402,0.0,68.52,41.80325964630225,46.34049999999996,2.0,85,onoff,0.6,998.3893093918172,4.0,22.96793556213379,joint_full,96
10000,0.0067,175.682804820995,23967.063128282636,45540.21105355098,47419.405064813574,45534.46794956996,1.004823151125402,0.0,68.52,40.42026868971062,43.57099999999998,2.0,85,onoff,0.6,998.3893093918172,4.0,22.96793556213379,cliffserve,96
10000,0.0559,182.68937755316148,21784.424475612002,43357.451515698915,45236.725834778976,43351.74275910902,1.0497585555322275,0.0,68.52,35.87154461473861,38.718,2.0,85,onoff,0.6,998.3893093918172,8.0,45.93587112426758,dense,96
10000,1.0,1106.2810526892458,22.597816940166922,31.666542304321702,35.043664882728194,16.6526458851581,13.422818791946309,96.0,66.71765800000001,14.31510201342282,23.973,2.0,85,onoff,0.6,998.3893093918172,8.0,45.93587112426758,static_pomt,96
10000,1.0,1107.4987618621376,21.433571861762402,31.076636336364967,34.21445403701815,16.117756860729607,10.91703056768559,82.56,66.97029599999999,15.946029475982533,28.2955,2.0,85,onoff,0.6,998.3893093918172,8.0,45.93587112426758,decoupled,96
10000,1.0,1107.4987618621376,21.433571861762402,31.076636336364967,34.21445403701815,16.117756860729607,10.91703056768559,82.56,66.97029599999999,18.496515283842797,35.422,2.0,85,onoff,0.6,998.3893093918172,8.0,45.93587112426758,joint_full,96
10000,1.0,1107.4987618621376,21.433571861762402,31.076636336364967,34.21445403701815,16.117756860729607,10.91703056768559,82.56,66.97029599999999,13.906140829694323,28.123,2.0,85,onoff,0.6,998.3893093918172,8.0,45.93587112426758,cliffserve,96
10000,0.2154,211.71348139177974,14282.650488268126,35854.09960033647,37732.73497441397,35848.394106004154,1.2391573729863692,0.0,68.52,35.07720408921933,37.726499999999994,2.0,85,onoff,0.6,998.3893093918172,12.0,68.90380668640137,dense,96
10000,1.0,1106.2810526892458,22.56800411859558,31.641634629145255,35.05776312938453,16.643911859537397,13.422818791946309,96.0,66.71741800000001,14.33041879194631,24.0158,2.0,85,onoff,0.6,998.3893093918172,12.0,68.90380668640137,static_pomt,96
10000,1.0,1107.4987618621376,21.433571861762402,31.076636336364967,34.21445403701815,16.117756860729607,10.91703056768559,82.56,66.97029599999999,15.945424672489082,28.37325,2.0,85,onoff,0.6,998.3893093918172,12.0,68.90380668640137,decoupled,96
10000,1.0,1107.4987618621376,21.433571861762402,31.076636336364967,34.21445403701815,16.117756860729607,10.91703056768559,82.56,66.97029599999999,18.42520633187773,35.47924999999999,2.0,85,onoff,0.6,998.3893093918172,12.0,68.90380668640137,joint_full,96
10000,1.0,1107.4987618621376,21.433571861762402,31.076636336364967,34.21445403701815,16.117756860729607,10.91703056768559,82.56,66.97029599999999,13.979741266375544,28.62575,2.0,85,onoff,0.6,998.3893093918172,12.0,68.90380668640137,cliffserve,96
10000,0.0019,175.07544999559428,24033.93963327488,46645.839448639534,48506.163472256056,46640.152592727325,1.001001001001001,0.0,68.52,35.695830230230236,37.671,2.0,85,onoff,0.8,1331.1857458557563,2.0,11.483967781066895,dense,96
10000,0.0002,174.93302832030875,24080.44212108543,46692.39835408219,48552.696484620865,46686.67418938168,1.000100010001,0.0192,68.51963799999999,37.187170917091706,39.193,2.0,85,onoff,0.8,1331.1857458557563,2.0,11.483967781066895,static_pomt,96
10000,0.0019,175.07544999559428,24033.93963327488,46645.839448639534,48506.163472256056,46640.152592727325,1.001001001001001,0.0,68.52,37.61128448448448,39.464,2.0,85,onoff,0.8,1331.1857458557563,2.0,11.483967781066895,decoupled,96
10000,0.0019,175.07544999559428,24033.93963327488,46645.839448639534,48506.163472256056,46640.152592727325,1.001001001001001,0.0,68.52,42.460318318318315,43.983,2.0,85,onoff,0.8,1331.1857458557563,2.0,11.483967781066895,joint_full,96
10000,0.0019,175.07544999559428,24033.93963327488,46645.839448639534,48506.163472256056,46640.152592727325,1.001001001001001,0.0,68.52,40.343477077077075,42.39,2.0,85,onoff,0.8,1331.1857458557563,2.0,11.483967781066895,cliffserve,96
10000,0.0058,175.62044981679082,23856.51770724564,46468.519994486436,48328.779406563124,46462.8043430935,1.0043185698503565,0.0,68.52,35.53698573867631,37.461,2.0,85,onoff,0.8,1331.1857458557563,4.0,22.96793556213379,dense,96
10000,0.0026,175.10576627706425,24023.862089690472,46635.859931020816,48496.260441649254,46630.14813268669,1.0017028949213662,0.2496,68.51528799999998,37.07547771211058,38.983,2.0,85,onoff,0.8,1331.1857458557563,4.0,22.96793556213379,static_pomt,96
10000,0.0062,175.69041928949264,23833.908331530383,46445.87916280137,48306.171267620404,46440.13661722051,1.0047221943132725,0.1536,68.51708799999999,37.29822093841053,39.0576,2.0,85,onoff,0.8,1331.1857458557563,4.0,22.96793556213379,decoupled,96
10000,0.0062,175.69041928949264,23833.908331530383,46445.87916280137,48306.171267620404,46440.13661722051,1.0047221943132725,0.1536,68.51708799999999,42.27434853812921,43.83439999999999,2.0,85,onoff,0.8,1331.1857458557563,4.0,22.96793556213379,joint_full,96
10000,0.0062,175.69041928949264,23833.908331530383,46445.87916280137,48306.171267620404,46440.13661722051,1.0047221943132725,0.1536,68.51708799999999,40.05202702702703,41.5824,2.0,85,onoff,0.8,1331.1857458557563,4.0,22.96793556213379,cliffserve,96
10000,0.0162,177.2653097654593,23328.674729721835,45940.42697159158,47800.950459467254,45934.73056665765,1.0146103896103895,0.0,68.52,35.50479190340909,37.17,2.0,85,onoff,0.8,1331.1857458557563,8.0,45.93587112426758,dense,96
10000,0.029,179.40991957375172,22654.21724658897,45265.83614001759,47126.512298009686,45260.10982504376,1.0279605263157894,2.7744,68.468212,36.367652240953944,38.89365,2.0,85,onoff,0.8,1331.1857458557563,8.0,45.93587112426758,static_pomt,96
10000,0.0238,178.5363513174356,22927.0892781189,45538.764173735246,47399.423025757154,45533.03967276918,1.0220768601798855,1.8432,68.48548799999999,37.873466680294364,39.855,2.0,85,onoff,0.8,1331.1857458557563,8.0,45.93587112426758,decoupled,96
10000,0.0294,179.49289630657702,22628.450320380023,45240.069213808645,47100.74537180074,45234.34289883481,1.0279605263157894,2.4576,68.47406399999998,42.16100822368421,43.99885,2.0,85,onoff,0.8,1331.1857458557563,8.0,45.93587112426758,joint_full,96
10000,0.0294,179.49289630657702,22628.450320380023,45240.069213808645,47100.74537180074,45234.34289883481,1.0279605263157894,2.4576,68.47406399999998,40.077443462171054,42.169,2.0,85,onoff,0.8,1331.1857458557563,8.0,45.93587112426758,cliffserve,96
10000,0.0282,179.2098052793862,22716.37988271027,45328.08411496984,47188.71842415937,45322.3544144045,1.0267994660642776,0.0,68.52,35.10758455693603,37.35,2.0,85,onoff,0.8,1331.1857458557563,12.0,68.90380668640137,dense,96
10000,0.388,262.0300700830649,5081.929843347587,27691.640800417757,29551.644714685983,27685.93885809312,1.5750511891636478,37.248,67.82275799999998,35.01811261616003,38.388,2.0,85,onoff,0.8,1331.1857458557563,12.0,68.90380668640137,static_pomt,96
10000,0.3784,258.5548332529828,5594.489389389313,28204.322315467925,30064.7123510235,28198.62158917341,1.5313935681470139,30.4896,67.94901599999999,36.418367993874426,39.32455,2.0,85,onoff,0.8,1331.1857458557563,12.0,68.90380668640137,decoupled,96
10000,0.8288,593.3715189325734,38.24838027719261,6380.790176584594,8241.236380944336,6375.094288637511,4.142502071251036,67.5072,67.25748,34.96265202982602,47.7645,2.0,85,onoff,0.8,1331.1857458557563,12.0,68.90380668640137,joint_full,96
10000,0.8288,593.3715189325734,38.24838027719261,6380.790176584594,8241.236380944336,6375.094288637511,4.142502071251036,67.5072,67.25748,32.14487075393537,42.87499999999999,2.0,85,onoff,0.8,1331.1857458557563,12.0,68.90380668640137,cliffserve,96
10000,0.0022,175.14170702290906,25794.085076580697,49223.205026897966,51355.58211144025,49217.48917590099,1.0013016921998599,0.0,68.52,35.43822539301092,37.501,2.0,85,onoff,0.95,1580.7830732037105,2.0,11.483967781066895,dense,96
10000,0.0002,174.93302832030875,25862.248443333498,49291.36579975199,51423.740887729415,49285.641635051485,1.000100010001,0.0192,68.51963799999999,37.22384928492849,39.40500000000001,2.0,85,onoff,0.95,1580.7830732037105,2.0,11.483967781066895,static_pomt,96
10000,0.0022,175.14170702290906,25794.085076580697,49223.205026897966,51355.58211144025,49217.48917590099,1.0013016921998599,0.0,68.52,37.55836227095223,39.534699999999994,2.0,85,onoff,0.95,1580.7830732037105,2.0,11.483967781066895,decoupled,96
10000,0.0022,175.14170702290906,25794.085076580697,49223.205026897966,51355.58211144025,49217.48917590099,1.0013016921998599,0.0,68.52,42.31345419044759,44.645699999999934,2.0,85,onoff,0.95,1580.7830732037105,2.0,11.483967781066895,joint_full,96
10000,0.0022,175.14170702290906,25794.085076580697,49223.205026897966,51355.58211144025,49217.48917590099,1.0013016921998599,0.0,68.52,40.3024092320016,42.49399999999998,2.0,85,onoff,0.95,1580.7830732037105,2.0,11.483967781066895,cliffserve,96
10000,0.0054,175.6216383952335,25637.931062470132,49067.0842779966,51199.46031548555,49061.3841211887,1.004217714400482,0.0,68.52,35.61137678248644,37.721,2.0,85,onoff,0.95,1580.7830732037105,4.0,22.96793556213379,dense,96
10000,0.0008,174.97188379676712,25849.631611792436,49278.6955825479,51411.09379977871,49272.90290886473,1.0004001600640255,0.0576,68.51890999999999,37.15802180872349,39.305749999999996,2.0,85,onoff,0.95,1580.7830732037105,4.0,22.96793556213379,static_pomt,96
10000,0.0058,175.69116689052498,25615.449622879678,49044.59545436817,51176.93414980466,49038.8643455835,1.0046212577858147,0.1536,68.51708799999999,37.624577255374724,39.882000000000005,2.0,85,onoff,0.95,1580.7830732037105,4.0,22.96793556213379,decoupled,96
10000,0.0058,175.69116689052498,25615.449622879678,49044.59545436817,51176.93414980466,49038.8643455835,1.0046212577858147,0.1536,68.51708799999999,42.49875396825397,45.86635,2.0,85,onoff,0.95,1580.7830732037105,4.0,22.96793556213379,joint_full,96
10000,0.0058,175.69116689052498,25615.449622879678,49044.59545436817,51176.93414980466,49038.8643455835,1.0046212577858147,0.1536,68.51708799999999,40.30373990355636,42.56,2.0,85,onoff,0.95,1580.7830732037105,4.0,22.96793556213379,cliffserve,96
10000,0.0142,177.008547000595,25192.21292019909,48621.1695548864,50753.67235898073,48615.46372133213,1.0128633647320977,0.0,68.52,34.70822070292717,37.565,2.0,85,onoff,0.95,1580.7830732037105,8.0,45.93587112426758,dense,96
10000,0.0185,177.74913597795413,24957.02545425116,48385.60637079787,50518.41731217552,48379.9144940288,1.0176045588684237,1.7664,68.486924,36.99987554696245,39.1937,2.0,85,onoff,0.95,1580.7830732037105,8.0,45.93587112426758,static_pomt,96
10000,0.0186,177.76118326272987,24953.208871851617,48381.899132618484,50514.64071550424,48376.121231684265,1.0171905197843556,1.3056,68.49557599999997,37.31072373105483,39.345,2.0,85,onoff,0.95,1580.7830732037105,8.0,45.93587112426758,decoupled,96
10000,0.0198,177.95984557899072,24890.48533559864,48319.061109313545,50451.85747747476,48313.33955431896,1.0184336490477646,1.4592,68.49263199999999,42.32787249210714,43.835000000000015,2.0,85,onoff,0.95,1580.7830732037105,8.0,45.93587112426758,joint_full,96
10000,0.0198,177.95984557899072,24890.48533559864,48319.061109313545,50451.85747747476,48313.33955431896,1.0184336490477646,1.4592,68.49263199999999,40.180100824931266,41.708,2.0,85,onoff,0.95,1580.7830732037105,8.0,45.93587112426758,cliffserve,96
10000,0.0226,178.3633781059747,24763.25472618168,48191.96227036434,50324.722515006615,48186.25655044037,1.021346134204882,0.0,68.52,35.5192496169952,37.481,2.0,85,onoff,0.95,1580.7830732037105,12.0,68.90380668640137,dense,96
10000,0.0945,191.0242045728649,21047.902692047945,44476.240801826236,46608.47569803405,44470.5280691297,1.1001100110011002,9.0624,68.35064799999999,37.20444257425743,39.41455,2.0,85,onoff,0.95,1580.7830732037105,12.0,68.90380668640137,static_pomt,96
10000,0.0937,190.89295320334486,21083.773386011773,44512.03688167053,46644.371754675456,44506.340232286035,1.0978153474585575,7.8336,68.373392,37.510447359754096,39.905,2.0,85,onoff,0.95,1580.7830732037105,12.0,68.90380668640137,decoupled,96
10000,0.0975,191.62244257696503,20884.427795120595,44312.70951697374,46444.82614199759,44306.98205468202,1.1027790030877813,8.7552,68.35635199999997,42.21953297309219,44.90764999999999,2.0,85,onoff,0.95,1580.7830732037105,12.0,68.90380668640137,joint_full,96
10000,0.0975,191.62244257696503,20884.427795120595,44312.70951697374,46444.82614199759,44306.98205468202,1.1027790030877813,8.7552,68.35635199999997,40.02654984561094,42.96484999999995,2.0,85,onoff,0.95,1580.7830732037105,12.0,68.90380668640137,cliffserve,96
10000,0.0002,174.94719911931531,26096.419976553625,49942.01524483045,52006.153507982264,49936.291080129944,1.000100010001,0.0,68.52,34.98441154115412,37.431,2.0,85,onoff,1.1,1830.380400551665,2.0,11.483967781066895,dense,96
10000,0.0002,174.93302832030875,26101.050344786352,49946.64561306318,52010.78387621499,49940.92144836267,1.000100010001,0.0192,68.51963799999999,36.935973897389744,39.294,2.0,85,onoff,1.1,1830.380400551665,2.0,11.483967781066895,static_pomt,96
10000,0.0002,174.94719911931531,26096.419976553625,49942.01524483045,52006.153507982264,49936.291080129944,1.000100010001,0.0,68.52,37.496392139213924,39.71600000000001,2.0,85,onoff,1.1,1830.380400551665,2.0,11.483967781066895,decoupled,96
10000,0.0002,174.94719911931531,26096.419976553625,49942.01524483045,52006.153507982264,49936.291080129944,1.000100010001,0.0,68.52,42.269200520052,44.345000000000006,2.0,85,onoff,1.1,1830.380400551665,2.0,11.483967781066895,joint_full,96
10000,0.0002,174.94719911931531,26096.419976553625,49942.01524483045,52006.153507982264,49936.291080129944,1.000100010001,0.0,68.52,39.95136563656365,42.461000000000006,2.0,85,onoff,1.1,1830.380400551665,2.0,11.483967781066895,cliffserve,96
10000,0.0056,175.65647868542834,25865.44677742452,49711.08809994539,51775.18764463521,49705.37244855245,1.0043185698503565,0.0,68.52,36.06914432057849,38.36399999999999,2.0,85,onoff,1.1,1830.380400551665,4.0,22.96793556213379,dense,96
10000,0.0007,174.97188379676712,26088.43351324529,49933.97539585909,51998.13678826429,49928.182722175916,1.0004001600640255,0.0576,68.51890999999999,37.156151660664264,39.44725,2.0,85,onoff,1.1,1830.380400551665,4.0,22.96793556213379,static_pomt,96
10000,0.0056,175.66001757529725,25864.299865803427,49709.941188324294,51774.04073301412,49704.22553693136,1.0043185698503565,0.1536,68.51708799999999,37.70339640453952,39.6942,2.0,85,onoff,1.1,1830.380400551665,4.0,22.96793556213379,decoupled,96
10000,0.006,175.734822225252,25840.129962286657,49685.70641926607,51749.849580222144,49679.96331528505,1.004823151125402,0.3072,68.51417599999998,42.54036203778135,44.444,2.0,85,onoff,1.1,1830.380400551665,4.0,22.96793556213379,joint_full,96
10000,0.006,175.734822225252,25840.129962286657,49685.70641926607,51749.849580222144,49679.96331528505,1.004823151125402,0.3072,68.51417599999998,40.452465735530545,42.721,2.0,85,onoff,1.1,1830.380400551665,4.0,22.96793556213379,cliffserve,96
10000,0.0124,176.7381768975086,25517.485929331488,49362.85163463434,51427.16498290635,49357.139005840625,1.0111223458038423,0.0,68.52,35.6459947421638,37.621,2.0,85,onoff,1.1,1830.380400551665,8.0,45.93587112426758,dense,96
10000,0.0155,177.26113069819817,25350.61292417974,49196.00420132955,51260.36782181836,49190.307796395624,1.0146103896103895,1.4784,68.49225399999997,37.19519622564935,39.224,2.0,85,onoff,1.1,1830.380400551665,8.0,45.93587112426758,static_pomt,96
10000,0.0164,177.41298383647398,25302.33925684423,49147.72203220209,51212.08739377119,49142.011173046434,1.0150223304912709,1.2288,68.49708799999999,37.762554405196916,39.955,2.0,85,onoff,1.1,1830.380400551665,8.0,45.93587112426758,decoupled,96
10000,0.0172,177.55692996705554,25256.745081505484,49102.0656394132,51166.428616510406,49096.31135300478,1.015950421619425,1.3824,68.49414399999999,42.67299055166108,45.66399999999999,2.0,85,onoff,1.1,1830.380400551665,8.0,45.93587112426758,joint_full,96
10000,0.0172,177.55692996705554,25256.745081505484,49102.0656394132,51166.428616510406,49096.31135300478,1.015950421619425,1.3824,68.49414399999999,40.150978157065936,42.2181,2.0,85,onoff,1.1,1830.380400551665,8.0,45.93587112426758,cliffserve,96
10000,0.0195,177.8888869170525,25151.698822102255,48996.747088397344,51061.30551088907,48991.02930783113,1.0183299389002036,0.0,68.52,35.65454012219959,37.621,2.0,85,onoff,1.1,1830.380400551665,12.0,68.90380668640137,dense,96
10000,0.0866,189.15695992607945,21803.619034132666,45648.19599577268,47712.53931542017,45642.46697036108,1.0893246187363834,8.304,68.364726,37.15847614379085,39.384,2.0,85,onoff,1.1,1830.380400551665,12.0,68.90380668640137,static_pomt,96
10000,0.0851,188.87411699610539,21882.761338054654,45727.546343532216,47791.82292044956,45721.83856262268,1.08542277216976,6.4512,68.39953599999998,37.525170737002064,39.5144,2.0,85,onoff,1.1,1830.380400551665,12.0,68.90380668640137,decoupled,96
10000,0.0867,189.19401122376712,21793.212078630444,45637.89450632633,47702.142875727004,45632.16881202759,1.0875475802066341,6.912,68.39083199999999,42.256056334964654,44.43669999999999,2.0,85,onoff,1.1,1830.380400551665,12.0,68.90380668640137,joint_full,96
10000,0.0867,189.19401122376712,21793.212078630444,45637.89450632633,47702.142875727004,45632.16881202759,1.0875475802066341,6.912,68.39083199999999,40.20475008156607,42.0993,2.0,85,onoff,1.1,1830.380400551665,12.0,68.90380668640137,cliffserve,96
10000,0.0004,174.95853967289867,18536.721325471273,35339.33391149553,36849.61663307663,35333.62503011736,1.0002000400080016,0.0,68.52,35.43169343868774,37.34,2.0,86,poisson,0.3,499.1946546959086,2.0,11.483967781066895,dense,96
10000,0.0002,174.9266920467983,18547.140077903143,35349.76752608332,36860.03445819374,35344.05147989305,1.000100010001,0.0192,68.51963799999999,37.035937093709364,39.214,2.0,86,poisson,0.3,499.1946546959086,2.0,11.483967781066895,static_pomt,96
10000,0.0004,174.95853967289867,18536.721325471273,35339.33391149553,36849.61663307663,35333.62503011736,1.0002000400080016,0.0,68.52,37.439974994999005,39.285349999999994,2.0,86,poisson,0.3,499.1946546959086,2.0,11.483967781066895,decoupled,96
10000,0.0004,174.95853967289867,18536.721325471273,35339.33391149553,36849.61663307663,35333.62503011736,1.0002000400080016,0.0,68.52,42.237711842368476,43.962,2.0,86,poisson,0.3,499.1946546959086,2.0,11.483967781066895,joint_full,96
10000,0.0004,174.95853967289867,18536.721325471273,35339.33391149553,36849.61663307663,35333.62503011736,1.0002000400080016,0.0,68.52,40.15270474094819,41.889,2.0,86,poisson,0.3,499.1946546959086,2.0,11.483967781066895,cliffserve,96
10000,1.0,500.08602160051754,9.75496160560715,13.789886126033705,15.42612117957403,7.981732823770426,2.8977108084613157,0.0,68.52,8.801995653433787,10.059,2.0,86,poisson,0.3,499.1946546959086,4.0,22.96793556213379,dense,96
10000,0.0014,175.07384446430314,18498.99545462357,35301.65613134416,36811.862115306816,35295.94008834871,1.0011012113324658,0.1344,68.517462,36.84847472219441,39.214,2.0,86,poisson,0.3,499.1946546959086,4.0,22.96793556213379,static_pomt,96
10000,1.0,500.08602160051754,9.75496160560715,13.789886126033705,15.42612117957403,7.981732823770426,2.8977108084613157,0.0,68.52,11.700204578383078,13.035,2.0,86,poisson,0.3,499.1946546959086,4.0,22.96793556213379,decoupled,96
10000,1.0,500.08602160051754,9.75496160560715,13.789886126033705,15.42612117957403,7.981732823770426,2.8977108084613157,0.0,68.52,12.98294494349464,15.393999999999998,2.0,86,poisson,0.3,499.1946546959086,4.0,22.96793556213379,joint_full,96
10000,1.0,500.08602160051754,9.75496160560715,13.789886126033705,15.42612117957403,7.981732823770426,2.8977108084613157,0.0,68.52,9.378329759490002,11.001,2.0,86,poisson,0.3,499.1946546959086,4.0,22.96793556213379,cliffserve,96
10000,1.0,500.08602160051754,9.75496160560715,13.789886126033705,15.42612117957403,7.981732823770426,2.8977108084613157,0.0,68.52,8.760484207476095,10.048,2.0,86,poisson,0.3,499.1946546959086,8.0,45.93587112426758,dense,96
10000,1.0,499.73811296886817,18.055410342433788,25.03516302775374,27.60061241342766,14.820664483358582,5.107252298263535,96.0,66.70555200000001,10.835424923391216,12.554,2.0,86,poisson,0.3,499.1946546959086,8.0,45.93587112426758,static_pomt,96
10000,1.0,500.08602160051754,9.75496160560715,13.789886126033705,15.42612117957403,7.981732823770426,2.8977108084613157,0.0,68.52,11.59481860330339,12.9145,2.0,86,poisson,0.3,499.1946546959086,8.0,45.93587112426758,decoupled,96
10000,1.0,500.08602160051754,9.75496160560715,13.789886126033705,15.42612117957403,7.981732823770426,2.8977108084613157,0.0,68.52,12.881082874529122,15.259,2.0,86,poisson,0.3,499.1946546959086,8.0,45.93587112426758,joint_full,96
10000,1.0,500.08602160051754,9.75496160560715,13.789886126033705,15.42612117957403,7.981732823770426,2.8977108084613157,0.0,68.52,9.298458707620979,10.93,2.0,86,poisson,0.3,499.1946546959086,8.0,45.93587112426758,cliffserve,96
10000,1.0,500.08602160051754,9.75496160560715,13.789886126033705,15.42612117957403,7.981732823770426,2.8977108084613157,0.0,68.52,8.750554621848739,9.979,2.0,86,poisson,0.3,499.1946546959086,12.0,68.90380668640137,dense,96
10000,1.0,499.73811296886817,18.055410342433788,25.03516302775374,27.60061241342766,14.820664483358582,5.107252298263535,96.0,66.70555200000001,10.808392236976507,12.53315,2.0,86,poisson,0.3,499.1946546959086,12.0,68.90380668640137,static_pomt,96
10000,1.0,500.08602160051754,9.75496160560715,13.789886126033705,15.42612117957403,7.981732823770426,2.8977108084613157,0.0,68.52,11.646070414372646,12.964500000000001,2.0,86,poisson,0.3,499.1946546959086,12.0,68.90380668640137,decoupled,96
10000,1.0,500.08602160051754,9.75496160560715,13.789886126033705,15.42612117957403,7.981732823770426,2.8977108084613157,0.0,68.52,12.928725876557518,15.308499999999999,2.0,86,poisson,0.3,499.1946546959086,12.0,68.90380668640137,joint_full,96
10000,1.0,500.08602160051754,9.75496160560715,13.789886126033705,15.42612117957403,7.981732823770426,2.8977108084613157,0.0,68.52,9.427589684149522,11.0405,2.0,86,poisson,0.3,499.1946546959086,12.0,68.90380668640137,cliffserve,96
10000,0.0006,174.99349786125515,23544.6918414008,44807.50115725057,46705.80028573511,44801.80781950013,1.0004001600640255,0.0,68.52,35.55561984793918,37.581,2.0,86,poisson,0.6,998.3893093918172,2.0,11.483967781066895,dense,96
10000,0.0002,174.92669204679834,23566.546210087476,44829.395627918406,46727.6734526634,44823.679581728145,1.000100010001,0.0192,68.51963799999999,36.83086678667866,38.714000000000006,2.0,86,poisson,0.6,998.3893093918172,2.0,11.483967781066895,static_pomt,96
10000,0.0006,174.99349786125515,23544.6918414008,44807.50115725057,46705.80028573511,44801.80781950013,1.0004001600640255,0.0,68.52,37.52128141256503,39.3065,2.0,86,poisson,0.6,998.3893093918172,2.0,11.483967781066895,decoupled,96
10000,0.0006,174.99349786125515,23544.6918414008,44807.50115725057,46705.80028573511,44801.80781950013,1.0004001600640255,0.0,68.52,42.276109543817526,43.452,2.0,86,poisson,0.6,998.3893093918172,2.0,11.483967781066895,joint_full,96
10000,0.0006,174.99349786125515,23544.6918414008,44807.50115725057,46705.80028573511,44801.80781950013,1.0004001600640255,0.0,68.52,40.165181672669064,42.12,2.0,86,poisson,0.6,998.3893093918172,2.0,11.483967781066895,cliffserve,96
10000,0.1643,202.1463531568844,15868.28607634419,37132.11205786721,39029.86490029333,37126.41556502835,1.1609008590666356,0.0,68.52,34.906499535639654,37.541,2.0,86,poisson,0.6,998.3893093918172,4.0,22.96793556213379,dense,96
10000,0.0011,175.03503997011995,23531.066818274197,44793.91128589169,46692.18181321142,44788.218060150306,1.00080064051241,0.096,68.51818999999999,37.4102129703763,39.384,2.0,86,poisson,0.6,998.3893093918172,4.0,22.96793556213379,static_pomt,96
10000,0.1651,202.30372834885458,15829.86966136807,37093.715903630415,38991.28873745439,37088.007682624026,1.161710037174721,0.4608,68.51126399999998,37.06665996747211,39.715,2.0,86,poisson,0.6,998.3893093918172,4.0,22.96793556213379,decoupled,96
10000,0.1466,198.79592615472455,16702.46372178906,37965.690704670116,39863.81845942972,37959.913290133634,1.1409013120365088,0.4608,68.51126399999998,41.79592652595551,43.6728,2.0,86,poisson,0.6,998.3893093918172,4.0,22.96793556213379,joint_full,96
10000,0.1466,198.79592615472455,16702.46372178906,37965.690704670116,39863.81845942972,37959.913290133634,1.1409013120365088,0.4608,68.51126399999998,39.472325841414715,42.195799999999984,2.0,86,poisson,0.6,998.3893093918172,4.0,22.96793556213379,cliffserve,96
10000,1.0,999.1732194004545,12.623821629707209,20.087708148101132,25.257892334578905,10.886049693444395,6.83526999316473,0.0,68.52,11.069647983595353,14.194999999999997,2.0,86,poisson,0.6,998.3893093918172,8.0,45.93587112426758,dense,96
10000,1.0,997.5597762308732,19.510980798379933,26.52689019122872,28.89735820929733,15.520451067221392,10.649627263045794,96.0,66.704872,13.523996805111821,15.84,2.0,86,poisson,0.6,998.3893093918172,8.0,45.93587112426758,static_pomt,96
10000,1.0,999.4356544988254,12.519068428705623,18.513370874018754,21.650955021424565,10.408389031816986,6.738544474393531,7.9104,68.37005599999998,14.345591644204852,17.20104999999987,2.0,86,poisson,0.6,998.3893093918172,8.0,45.93587112426758,decoupled,96
10000,1.0,999.4356544988254,12.519068428705623,18.513370874018754,21.650955021424565,10.408389031816986,6.738544474393531,7.9104,68.37005599999998,17.619625336927225,22.092,2.0,86,poisson,0.6,998.3893093918172,8.0,45.93587112426758,joint_full,96
10000,1.0,999.4356544988254,12.519068428705623,18.513370874018754,21.650955021424565,10.408389031816986,6.738544474393531,7.9104,68.37005599999998,12.25748113207547,13.425,2.0,86,poisson,0.6,998.3893093918172,8.0,45.93587112426758,cliffserve,96
10000,1.0,999.1732194004545,12.623821629707209,20.087708148101132,25.257892334578905,10.886049693444395,6.83526999316473,0.0,68.52,11.185612440191386,14.44899999999999,2.0,86,poisson,0.6,998.3893093918172,12.0,68.90380668640137,dense,96
10000,1.0,997.5597762308732,19.510980798379933,26.52689019122872,28.89735820929733,15.520451067221392,10.649627263045794,96.0,66.704872,13.490476038338658,15.8,2.0,86,poisson,0.6,998.3893093918172,12.0,68.90380668640137,static_pomt,96
10000,1.0,999.4356544988254,12.519068428705623,18.513370874018754,21.650955021424565,10.408389031816986,6.738544474393531,7.9104,68.37005599999998,14.298937331536388,17.915849999999953,2.0,86,poisson,0.6,998.3893093918172,12.0,68.90380668640137,decoupled,96
10000,1.0,999.4356544988254,12.519068428705623,18.513370874018754,21.650955021424565,10.408389031816986,6.738544474393531,7.9104,68.37005599999998,17.525636118598385,22.79049999999997,2.0,86,poisson,0.6,998.3893093918172,12.0,68.90380668640137,joint_full,96
10000,1.0,999.4356544988254,12.519068428705623,18.513370874018754,21.650955021424565,10.408389031816986,6.738544474393531,7.9104,68.37005599999998,12.296828167115901,13.469149999999996,2.0,86,poisson,0.6,998.3893093918172,12.0,68.90380668640137,cliffserve,96
10000,0.0002,174.94090412657596,24816.75355091478,47194.65846115844,49189.939009062095,47188.94241496818,1.000100010001,0.0,68.52,35.43498419841985,37.502900000000004,2.0,86,poisson,0.8,1331.1857458557563,2.0,11.483967781066895,dense,96
10000,0.0002,174.92669204679834,24821.39774313356,47199.30265337722,49194.583201280875,47193.58660718696,1.000100010001,0.0192,68.51963799999999,36.81292239223922,38.813,2.0,86,poisson,0.8,1331.1857458557563,2.0,11.483967781066895,static_pomt,96
10000,0.0002,174.94090412657596,24816.75355091478,47194.65846115844,49189.939009062095,47188.94241496818,1.000100010001,0.0,68.52,37.1721503150315,39.314,2.0,86,poisson,0.8,1331.1857458557563,2.0,11.483967781066895,decoupled,96
10000,0.0002,174.94090412657596,24816.75355091478,47194.65846115844,49189.939009062095,47188.94241496818,1.000100010001,0.0,68.52,42.39203470347035,44.7841,2.0,86,poisson,0.8,1331.1857458557563,2.0,11.483967781066895,joint_full,96
10000,0.0002,174.94090412657596,24816.75355091478,47194.65846115844,49189.939009062095,47188.94241496818,1.000100010001,0.0,68.52,40.19366336633663,41.6999,2.0,86,poisson,0.8,1331.1857458557563,2.0,11.483967781066895,cliffserve,96
10000,0.0062,175.82377591324845,24529.586368230834,46907.347651546166,48902.48536512498,46901.634792440105,1.0053282396702523,0.0,68.52,35.655240072383634,37.15699999999999,2.0,86,poisson,0.8,1331.1857458557563,4.0,22.96793556213379,dense,96
10000,0.001,175.03503997011995,24785.91835132028,47163.81831135051,49159.09156182889,47158.12508560912,1.00080064051241,0.096,68.51818999999999,37.11634627702162,39.20804999999999,2.0,86,poisson,0.8,1331.1857458557563,4.0,22.96793556213379,static_pomt,96
10000,0.0062,175.82377591324845,24529.586368230834,46907.347651546166,48902.48536512498,46901.634792440105,1.0053282396702523,0.0,68.52,37.6646233035086,39.524,2.0,86,poisson,0.8,1331.1857458557563,4.0,22.96793556213379,decoupled,96
10000,0.0062,175.82377591324845,24529.586368230834,46907.347651546166,48902.48536512498,46901.634792440105,1.0053282396702523,0.0,68.52,42.34557685734392,43.87899999999999,2.0,86,poisson,0.8,1331.1857458557563,4.0,22.96793556213379,joint_full,96
10000,0.0062,175.82377591324845,24529.586368230834,46907.347651546166,48902.48536512498,46901.634792440105,1.0053282396702523,0.0,68.52,40.2192525384538,42.229699999999994,2.0,86,poisson,0.8,1331.1857458557563,4.0,22.96793556213379,cliffserve,96
10000,0.2862,232.6559604222682,10635.445478586214,33014.10196761386,35009.770428763666,33008.38090860145,1.3681762210972774,0.0,68.52,34.933529484197564,37.631,2.0,86,poisson,0.8,1331.1857458557563,8.0,45.93587112426758,dense,96
10000,1.0,1329.001651360243,19.92030899357019,26.715153216705083,29.081826832198423,14.536494122369776,15.24390243902439,96.0,66.703756,15.264690548780486,19.2985,2.0,86,poisson,0.8,1331.1857458557563,8.0,45.93587112426758,static_pomt,96
10000,1.0,1332.0960352632017,17.474287689884704,24.992582500103367,27.369283118149607,13.116626649560269,12.658227848101266,67.5072,67.24162400000002,17.20256075949367,22.993,2.0,86,poisson,0.8,1331.1857458557563,8.0,45.93587112426758,decoupled,96
10000,1.0,1332.0960352632017,17.474287689884704,24.992582500103367,27.369283118149607,13.116626649560269,12.658227848101266,67.5072,67.24162400000002,21.52936075949367,28.8705,2.0,86,poisson,0.8,1331.1857458557563,8.0,45.93587112426758,joint_full,96
10000,1.0,1332.0960352632017,17.474287689884704,24.992582500103367,27.369283118149607,13.116626649560269,12.658227848101266,67.5072,67.24162400000002,15.593984810126582,22.422,2.0,86,poisson,0.8,1331.1857458557563,8.0,45.93587112426758,cliffserve,96
10000,1.0,1330.8777033545923,23.72304106532397,34.909590400172775,40.147855187703584,17.639102008366983,17.421602787456447,0.0,68.52,15.488085365853658,22.63985,2.0,86,poisson,0.8,1331.1857458557563,12.0,68.90380668640137,dense,96
10000,1.0,1329.001651360243,19.92030899357019,26.715153216705083,29.081826832198423,14.536494122369776,15.24390243902439,96.0,66.703756,15.322507621951218,19.457,2.0,86,poisson,0.8,1331.1857458557563,12.0,68.90380668640137,static_pomt,96
10000,1.0,1332.0960352632017,17.474287689884704,24.992582500103367,27.369283118149607,13.116626649560269,12.658227848101266,67.5072,67.24162400000002,17.039548101265822,22.823549999999997,2.0,86,poisson,0.8,1331.1857458557563,12.0,68.90380668640137,decoupled,96
10000,1.0,1332.0960352632017,17.474287689884704,24.992582500103367,27.369283118149607,13.116626649560269,12.658227848101266,67.5072,67.24162400000002,21.626922784810127,28.9995,2.0,86,poisson,0.8,1331.1857458557563,12.0,68.90380668640137,joint_full,96
10000,1.0,1332.0960352632017,17.474287689884704,24.992582500103367,27.369283118149607,13.116626649560269,12.658227848101266,67.5072,67.24162400000002,15.61726075949367,22.442,2.0,86,poisson,0.8,1331.1857458557563,12.0,68.90380668640137,cliffserve,96
10000,0.0008,175.0284324756327,25382.49490801733,48288.58159745405,50329.787772671065,48282.866240841846,1.0006003602161297,0.0,68.52,35.688478787272366,37.571,2.0,86,poisson,0.95,1580.7830732037105,2.0,11.483967781066895,dense,96
10000,0.0004,174.96176788925942,25404.317340535334,48310.39342389772,50351.63662358888,48304.6618974037,1.000300090027008,0.0384,68.519272,36.85979643893168,39.043,2.0,86,poisson,0.95,1580.7830732037105,2.0,11.483967781066895,static_pomt,96
10000,0.0008,175.0284324756327,25382.49490801733,48288.58159745405,50329.787772671065,48282.866240841846,1.0006003602161297,0.0,68.52,37.483213027816696,39.424,2.0,86,poisson,0.95,1580.7830732037105,2.0,11.483967781066895,decoupled,96
10000,0.0008,175.0284324756327,25382.49490801733,48288.58159745405,50329.787772671065,48282.866240841846,1.0006003602161297,0.0,68.52,42.39416539923954,44.143,2.0,86,poisson,0.95,1580.7830732037105,2.0,11.483967781066895,joint_full,96
10000,0.0008,175.0284324756327,25382.49490801733,48288.58159745405,50329.787772671065,48282.866240841846,1.0006003602161297,0.0,68.52,40.29239323594156,42.069,2.0,86,poisson,0.95,1580.7830732037105,2.0,11.483967781066895,cliffserve,96
10000,0.0056,175.7448672757103,25149.50927774351,48055.44576063821,50096.556699239096,48049.74041677187,1.0049241282283188,0.0,68.52,35.56999316651593,37.3305,2.0,86,poisson,0.95,1580.7830732037105,4.0,22.96793556213379,dense,96
10000,0.0012,175.07031601146883,25368.809708995035,48274.9430747814,50316.11572410234,48269.2144445009,1.001001001001001,0.1152,68.517824,36.75113513513513,38.582,2.0,86,poisson,0.95,1580.7830732037105,4.0,22.96793556213379,static_pomt,96
10000,0.006,175.81467827043124,25126.932765883616,48032.87822981546,50073.96460173257,48027.1653707094,1.0053282396702523,0.1536,68.51708799999999,37.52620186991053,39.40129999999999,2.0,86,poisson,0.95,1580.7830732037105,4.0,22.96793556213379,decoupled,96
10000,0.006,175.81467827043124,25126.932765883616,48032.87822981546,50073.96460173257,48027.1653707094,1.0053282396702523,0.1536,68.51708799999999,42.1270532823967,43.57899999999999,2.0,86,poisson,0.95,1580.7830732037105,4.0,22.96793556213379,joint_full,96
10000,0.006,175.81467827043124,25126.932765883616,48032.87822981546,50073.96460173257,48027.1653707094,1.0053282396702523,0.1536,68.51708799999999,39.76691836734694,41.137699999999995,2.0,86,poisson,0.95,1580.7830732037105,4.0,22.96793556213379,cliffserve,96
10000,0.0632,185.16363421077546,22254.499877137354,45160.491922361354,47202.34163283475,45154.764781410195,1.0639429726566656,0.0,68.52,34.92876295350569,36.67100000000001,2.0,86,poisson,0.95,1580.7830732037105,8.0,45.93587112426758,dense,96
10000,1.0,1577.5298502574215,21.414358230773587,28.884198277131805,32.257989271425686,15.310590024878024,19.76284584980237,96.0,66.70898400000002,17.57434980237154,23.913249999999998,2.0,86,poisson,0.95,1580.7830732037105,8.0,45.93587112426758,static_pomt,96
10000,1.0,1579.7228773595043,20.766014913709228,28.53807207902321,31.80500177323959,15.002521858250656,19.157088122605366,92.7744,66.76939200000001,20.58987931034483,28.1825,2.0,86,poisson,0.95,1580.7830732037105,8.0,45.93587112426758,decoupled,96
10000,1.0,1579.7352627852538,20.803518628039456,28.581755923938243,31.897305544722293,14.890532954681643,19.157088122605366,92.544,66.77399200000002,26.128467432950192,35.475449999999995,2.0,86,poisson,0.95,1580.7830732037105,8.0,45.93587112426758,joint_full,96
10000,1.0,1579.7352627852538,20.803518628039456,28.581755923938243,31.897305544722293,14.890532954681643,19.157088122605366,92.544,66.77399200000002,19.439733716475093,28.0915,2.0,86,poisson,0.95,1580.7830732037105,8.0,45.93587112426758,cliffserve,96
10000,0.2792,232.38979009350845,11278.922530812433,34185.887665755254,36227.44794784197,34180.18164008329,1.36986301369863,0.0,68.52,35.10465506849315,37.45,2.0,86,poisson,0.95,1580.7830732037105,12.0,68.90380668640137,dense,96
10000,1.0,1577.5298502574215,21.414358230773587,28.884198277131805,32.257989271425686,15.310590024878024,19.76284584980237,96.0,66.70898400000002,17.422462450592885,23.727249999999998,2.0,86,poisson,0.95,1580.7830732037105,12.0,68.90380668640137,static_pomt,96
10000,1.0,1579.7352627852538,20.803518628039456,28.581755923938243,31.897305544722293,14.890532954681643,19.157088122605366,92.544,66.77399200000002,20.54157471264368,28.10945,2.0,86,poisson,0.95,1580.7830732037105,12.0,68.90380668640137,decoupled,96
10000,1.0,1579.7352627852538,20.803518628039456,28.581755923938243,31.897305544722293,14.890532954681643,19.157088122605366,92.544,66.77399200000002,25.96577011494253,35.30695,2.0,86,poisson,0.95,1580.7830732037105,12.0,68.90380668640137,joint_full,96
10000,1.0,1579.7352627852538,20.803518628039456,28.581755923938243,31.897305544722293,14.890532954681643,19.157088122605366,92.544,66.77399200000002,19.304454022988505,27.872,2.0,86,poisson,0.95,1580.7830732037105,12.0,68.90380668640137,cliffserve,96
10000,0.0008,175.0284324756327,25814.788259114524,49105.00889809055,51179.632279371785,49099.29354147834,1.0006003602161297,0.0,68.52,35.19187492495497,37.6045,2.0,86,poisson,1.1,1830.380400551665,2.0,11.483967781066895,dense,96
10000,0.0004,174.96176788925942,25836.61069163253,49126.82072453422,51201.481130289605,49121.089198040194,1.000300090027008,0.0384,68.519272,37.183857457237174,39.0832,2.0,86,poisson,1.1,1830.380400551665,2.0,11.483967781066895,static_pomt,96
10000,0.0008,175.0284324756327,25814.788259114524,49105.00889809055,51179.632279371785,49099.29354147834,1.0006003602161297,0.0,68.52,37.404599859915955,39.525,2.0,86,poisson,1.1,1830.380400551665,2.0,11.483967781066895,decoupled,96
10000,0.0008,175.0284324756327,25814.788259114524,49105.00889809055,51179.632279371785,49099.29354147834,1.0006003602161297,0.0,68.52,42.15446357814689,44.504,2.0,86,poisson,1.1,1830.380400551665,2.0,11.483967781066895,joint_full,96
10000,0.0008,175.0284324756327,25814.788259114524,49105.00889809055,51179.632279371785,49099.29354147834,1.0006003602161297,0.0,68.52,40.478952771662996,41.648,2.0,86,poisson,1.1,1830.380400551665,2.0,11.483967781066895,cliffserve,96
10000,0.004,175.50218601506293,25660.583748425743,48950.662036680405,51025.366899027395,48944.95344154758,1.0034115994380894,0.0,68.52,35.11239715031106,37.53775,2.0,86,poisson,1.1,1830.380400551665,4.0,22.96793556213379,dense,96
10000,0.0029,175.31588269879384,25721.120356883308,49011.214155291746,51085.93285367446,49005.48760831279,1.0025062656641603,0.2688,68.51491199999998,37.08350165413535,39.10669999999999,2.0,86,poisson,1.1,1830.380400551665,4.0,22.96793556213379,static_pomt,96
10000,0.004,175.50218601506293,25660.583748425743,48950.662036680405,51025.366899027395,48944.95344154758,1.0034115994380894,0.0,68.52,37.73879851495083,39.722500000000004,2.0,86,poisson,1.1,1830.380400551665,4.0,22.96793556213379,decoupled,96
10000,0.0048,175.62971292044384,25619.167796696922,48909.242046260064,50983.757500023414,48903.53728480262,1.004217714400482,0.1536,68.51708799999999,42.18143803976702,43.432,2.0,86,poisson,1.1,1830.380400551665,4.0,22.96793556213379,joint_full,96
10000,0.0048,175.62971292044384,25619.167796696922,48909.242046260064,50983.757500023414,48903.53728480262,1.004217714400482,0.1536,68.51708799999999,40.312577525607544,41.67034999999999,2.0,86,poisson,1.1,1830.380400551665,4.0,22.96793556213379,cliffserve,96
10000,0.0296,179.56919890641564,24369.693630303642,47660.24917893333,49734.76285250621,47654.54139482898,1.02880658436214,0.0,68.52,35.63730668724279,37.531,2.0,86,poisson,1.1,1830.380400551665,8.0,45.93587112426758,dense,96
10000,0.2804,234.18428829232835,11381.595715369484,34672.57151985091,36747.60038443522,34666.88144004268,1.3689253935660506,26.9184,68.01643999999999,36.57410787132101,38.923,2.0,86,poisson,1.1,1830.380400551665,8.0,45.93587112426758,static_pomt,96
10000,0.2808,234.29622844304893,11361.172228659889,34652.191113232795,36727.17164537387,34646.48541712684,1.3693002875530604,26.7264,68.01996799999999,37.62610817472272,39.773999999999994,2.0,86,poisson,1.1,1830.380400551665,8.0,45.93587112426758,decoupled,96
10000,0.2816,234.53103139580335,11318.358196105262,34609.345509361454,36684.433739337495,34603.63469664974,1.3708019191226868,26.8032,68.018616,41.88736764907471,43.2913,2.0,86,poisson,1.1,1830.380400551665,8.0,45.93587112426758,joint_full,96
10000,0.2816,234.53103139580335,11318.358196105262,34609.345509361454,36684.433739337495,34603.63469664974,1.3708019191226868,26.8032,68.018616,39.68049814941741,41.2773,2.0,86,poisson,1.1,1830.380400551665,8.0,45.93587112426758,cliffserve,96
10000,0.0548,183.81275474750626,23084.191464032432,46374.136575721925,48449.533114838174,46368.42733259124,1.0556317956296843,0.0,68.52,35.54164551884303,37.3904,2.0,86,poisson,1.1,1830.380400551665,12.0,68.90380668640137,dense,96
10000,1.0,1826.4947943848872,24.92694586599191,36.24059661328167,44.18016210975087,18.750639479759247,27.027027027027028,96.0,66.725384,21.273164864864864,24.50505,2.0,86,poisson,1.1,1830.380400551665,12.0,68.90380668640137,static_pomt,96
10000,1.0,1827.2366435789127,24.888839618065845,36.238954562625196,44.916382433834,18.740677729882933,26.881720430107528,95.4624,66.73548000000001,25.36729838709677,30.892349999999986,2.0,86,poisson,1.1,1830.380400551665,12.0,68.90380668640137,decoupled,96
10000,1.0,1827.2366435789127,24.888839618065845,36.238954562625196,44.916382433834,18.740677729882933,26.881720430107528,95.4624,66.73548000000001,31.1490752688172,35.8515,2.0,86,poisson,1.1,1830.380400551665,12.0,68.90380668640137,joint_full,96
10000,1.0,1827.2366435789127,24.888839618065845,36.238954562625196,44.916382433834,18.740677729882933,26.881720430107528,95.4624,66.73548000000001,24.867274193548386,29.1195,2.0,86,poisson,1.1,1830.380400551665,12.0,68.90380668640137,cliffserve,96
10000,0.0006,174.99349786125512,19332.12298843306,35339.8359981754,36337.519375326854,35334.10892636563,1.0004001600640255,0.0,68.52,35.45020948379351,37.0625,2.0,86,onoff,0.3,499.1946546959086,2.0,11.483967781066895,dense,96
10000,0.0002,174.9266920467983,19353.977357119737,35361.71816673066,36359.39010258935,35355.99086606289,1.000100010001,0.0192,68.51963799999999,36.753428742874284,39.003,2.0,86,onoff,0.3,499.1946546959086,2.0,11.483967781066895,static_pomt,96
10000,0.0006,174.99349786125512,19332.12298843306,35339.8359981754,36337.519375326854,35334.10892636563,1.0004001600640255,0.0,68.52,37.279600140056026,39.254,2.0,86,onoff,0.3,499.1946546959086,2.0,11.483967781066895,decoupled,96
10000,0.0006,174.99349786125512,19332.12298843306,35339.8359981754,36337.519375326854,35334.10892636563,1.0004001600640255,0.0,68.52,42.21089085634254,44.0655,2.0,86,onoff,0.3,499.1946546959086,2.0,11.483967781066895,joint_full,96
10000,0.0006,174.99349786125512,19332.12298843306,35339.8359981754,36337.519375326854,35334.10892636563,1.0004001600640255,0.0,68.52,40.03194017607043,41.047,2.0,86,onoff,0.3,499.1946546959086,2.0,11.483967781066895,cliffserve,96
10000,0.2727,215.47631534032723,8595.179422138996,24603.437783291247,25601.017242447117,24597.717004086877,1.2672665061462425,0.0,68.52,32.950734761120266,37.27,2.0,86,onoff,0.3,499.1946546959086,4.0,22.96793556213379,dense,96
10000,0.0011,175.03503997011995,19318.49796530646,35326.19628567483,36323.88437929414,35320.47632884766,1.00080064051241,0.096,68.51818999999999,36.73275050040032,38.923,2.0,86,onoff,0.3,499.1946546959086,4.0,22.96793556213379,static_pomt,96
10000,0.2727,215.47631534032723,8595.179422138996,24603.437783291247,25601.017242447117,24597.717004086877,1.2672665061462425,0.4608,68.51126399999998,35.30508414649601,39.104,2.0,86,onoff,0.3,499.1946546959086,4.0,22.96793556213379,decoupled,96
10000,0.2727,215.47631534032723,8595.179422138996,24603.437783291247,25601.017242447117,24597.717004086877,1.2672665061462425,0.6144,68.50835199999997,39.72972880496769,42.955,2.0,86,onoff,0.3,499.1946546959086,4.0,22.96793556213379,joint_full,96
10000,0.2727,215.47631534032723,8595.179422138996,24603.437783291247,25601.017242447117,24597.717004086877,1.2672665061462425,0.6144,68.50835199999997,37.41067773412749,41.118,2.0,86,onoff,0.3,499.1946546959086,4.0,22.96793556213379,cliffserve,96
10000,1.0,484.6563926370327,11.06653790644009,16.561842652311906,20.475003274434265,9.340465835181792,4.001600640256102,0.0,68.52,9.282682272909165,12.0121,2.0,86,onoff,0.3,499.1946546959086,8.0,45.93587112426758,dense,96
10000,1.0,484.6577719525953,18.791716770622315,26.09326076348264,29.088207105404365,15.443212358410529,5.701254275940707,96.0,66.706976,10.510797035347775,15.54,2.0,86,onoff,0.3,499.1946546959086,8.0,45.93587112426758,static_pomt,96
10000,1.0,484.6563730921352,11.075651818750202,16.45724490790262,19.18015537851481,9.407545746544557,3.992015968063872,2.304,68.47632,12.24928982035928,15.218,2.0,86,onoff,0.3,499.1946546959086,8.0,45.93587112426758,decoupled,96
10000,1.0,484.6563730921352,11.075651818750202,16.45724490790262,19.18015537851481,9.407545746544557,3.992015968063872,2.304,68.47632,13.803803992015967,18.986,2.0,86,onoff,0.3,499.1946546959086,8.0,45.93587112426758,joint_full,96
10000,1.0,484.6563730921352,11.075651818750202,16.45724490790262,19.18015537851481,9.407545746544557,3.992015968063872,2.304,68.47632,9.818674650698604,13.185,2.0,86,onoff,0.3,499.1946546959086,8.0,45.93587112426758,cliffserve,96
10000,1.0,484.6563926370327,11.06653790644009,16.561842652311906,20.475003274434265,9.340465835181792,4.001600640256102,0.0,68.52,9.191642657062824,11.882,2.0,86,onoff,0.3,499.1946546959086,12.0,68.90380668640137,dense,96
10000,1.0,484.6577719525953,18.791716770622315,26.09326076348264,29.088207105404365,15.443212358410529,5.701254275940707,96.0,66.706976,10.568083808437855,15.559,2.0,86,onoff,0.3,499.1946546959086,12.0,68.90380668640137,static_pomt,96
10000,1.0,484.6563730921352,11.075651818750202,16.45724490790262,19.18015537851481,9.407545746544557,3.992015968063872,2.304,68.47632,12.216299001996006,15.168,2.0,86,onoff,0.3,499.1946546959086,12.0,68.90380668640137,decoupled,96
10000,1.0,484.6563730921352,11.075651818750202,16.45724490790262,19.18015537851481,9.407545746544557,3.992015968063872,2.304,68.47632,13.754051896207583,18.9758,2.0,86,onoff,0.3,499.1946546959086,12.0,68.90380668640137,joint_full,96
10000,1.0,484.6563730921352,11.075651818750202,16.45724490790262,19.18015537851481,9.407545746544557,3.992015968063872,2.304,68.47632,9.857432335329342,13.2158,2.0,86,onoff,0.3,499.1946546959086,12.0,68.90380668640137,cliffserve,96
10000,0.0008,175.0284324756327,23849.97113713491,45470.18343741018,46678.07339416995,45464.468080797975,1.0006003602161297,0.0,68.52,35.627245847508505,37.471,2.0,86,onoff,0.6,998.3893093918172,2.0,11.483967781066895,dense,96
10000,0.0004,174.96176788925942,23871.763153641106,45491.99526385385,46699.922245087764,45486.263737359826,1.000300090027008,0.0384,68.519272,37.04317475242573,38.9332,2.0,86,onoff,0.6,998.3893093918172,2.0,11.483967781066895,static_pomt,96
10000,0.0008,175.0284324756327,23849.97113713491,45470.18343741018,46678.07339416995,45464.468080797975,1.0006003602161297,0.0,68.52,37.7364516710026,39.70435,2.0,86,onoff,0.6,998.3893093918172,2.0,11.483967781066895,decoupled,96
10000,0.0008,175.0284324756327,23849.97113713491,45470.18343741018,46678.07339416995,45464.468080797975,1.0006003602161297,0.0,68.52,42.34095907544526,44.133,2.0,86,onoff,0.6,998.3893093918172,2.0,11.483967781066895,joint_full,96
10000,0.0008,175.0284324756327,23849.97113713491,45470.18343741018,46678.07339416995,45464.468080797975,1.0006003602161297,0.0,68.52,40.260600960576355,42.143150000000006,2.0,86,onoff,0.6,998.3893093918172,2.0,11.483967781066895,cliffserve,96
10000,0.0048,175.62604950259924,23655.29627403486,45275.60426582414,46483.38629506602,45269.8995043667,1.004217714400482,0.0,68.52,35.54771982325768,37.48235,2.0,86,onoff,0.6,998.3893093918172,4.0,22.96793556213379,dense,96
10000,0.0037,175.45260230633002,23711.78420981634,45331.95810441095,46539.93062595859,45326.24115230161,1.0033109260559847,0.3456,68.513448,37.21364372429016,39.323,2.0,86,onoff,0.6,998.3893093918172,4.0,22.96793556213379,static_pomt,96
10000,0.0052,175.69555097201973,23632.695090143563,45253.03415402491,46460.80348598494,45247.32304200251,1.0046212577858147,0.1536,68.51708799999999,37.54185654008439,39.474,2.0,86,onoff,0.6,998.3893093918172,4.0,22.96793556213379,decoupled,96
10000,0.0052,175.69555097201973,23632.695090143563,45253.03415402491,46460.80348598494,45247.32304200251,1.0046212577858147,0.1536,68.51708799999999,42.53008850713282,44.58335,2.0,86,onoff,0.6,998.3893093918172,4.0,22.96793556213379,joint_full,96
10000,0.0052,175.69555097201973,23632.695090143563,45253.03415402491,46460.80348598494,45247.32304200251,1.0046212577858147,0.1536,68.51708799999999,40.259279385171794,42.38315000000001,2.0,86,onoff,0.6,998.3893093918172,4.0,22.96793556213379,cliffserve,96
10000,0.0488,182.48888941676094,21513.773427236454,43134.28283651957,44342.395064426106,43128.57621885428,1.0473397570171763,0.0,68.52,35.37611091328027,37.391,2.0,86,onoff,0.6,998.3893093918172,8.0,45.93587112426758,dense,96
10000,1.0,997.2465482937672,22.13589501395174,31.909034222542612,35.354386443532206,16.687574463904184,12.004801920768307,96.0,66.716078,13.564270108043218,23.785,2.0,86,onoff,0.6,998.3893093918172,8.0,45.93587112426758,static_pomt,96
10000,1.0,997.1194717539958,20.864371872075708,30.779665127944728,34.709798887531676,16.27600251536535,9.505703422053232,78.0288,67.05385600000001,15.05225380228137,28.1075,2.0,86,onoff,0.6,998.3893093918172,8.0,45.93587112426758,decoupled,96
10000,1.0,997.1194717539958,20.864371872075708,30.839911058515234,34.968629587702296,16.228312335408003,9.505703422053232,78.1056,67.05226400000001,17.33419866920152,34.88545,2.0,86,onoff,0.6,998.3893093918172,8.0,45.93587112426758,joint_full,96
10000,1.0,997.1194717539958,20.864371872075708,30.839911058515234,34.968629587702296,16.228312335408003,9.505703422053232,78.1056,67.05226400000001,12.989403041825096,28.44255,2.0,86,onoff,0.6,998.3893093918172,8.0,45.93587112426758,cliffserve,96
10000,0.13,197.23056957854774,17418.207893836872,39039.01498776564,40246.79097537105,39033.30384200701,1.1407711613050422,0.0,68.52,35.387400752908974,37.31075,2.0,86,onoff,0.6,998.3893093918172,12.0,68.90380668640137,dense,96
10000,1.0,997.2465482937672,22.13589501395174,31.909034222542612,35.354386443532206,16.687574463904184,12.004801920768307,96.0,66.716078,13.610442977190877,23.925,2.0,86,onoff,0.6,998.3893093918172,12.0,68.90380668640137,static_pomt,96
10000,1.0,997.1194717539958,20.864371872075708,30.839911058515234,34.968629587702296,16.228312335408003,9.505703422053232,78.1056,67.05226400000001,15.097123574144488,28.243,2.0,86,onoff,0.6,998.3893093918172,12.0,68.90380668640137,decoupled,96
10000,1.0,997.1194717539958,20.864371872075708,30.839911058515234,34.968629587702296,16.228312335408003,9.505703422053232,78.1056,67.05226400000001,17.369697718631176,35.38645,2.0,86,onoff,0.6,998.3893093918172,12.0,68.90380668640137,joint_full,96
10000,1.0,997.1194717539958,20.864371872075708,30.839911058515234,34.968629587702296,16.228312335408003,9.505703422053232,78.1056,67.05226400000001,12.923774714828896,28.083,2.0,86,onoff,0.6,998.3893093918172,12.0,68.90380668640137,cliffserve,96
10000,0.0008,175.0284324756327,23867.07346259718,46420.00137740586,48459.68833570962,46414.286020793654,1.0006003602161297,0.0,68.52,35.373313488092855,37.43415,2.0,86,onoff,0.8,1331.1857458557563,2.0,11.483967781066895,dense,96
10000,0.0004,174.96176788925942,23888.895895115187,46441.81320384953,48481.53718662744,46436.081677355505,1.000300090027008,0.0384,68.519272,37.09785055516655,39.23599999999999,2.0,86,onoff,0.8,1331.1857458557563,2.0,11.483967781066895,static_pomt,96
10000,0.0008,175.0284324756327,23867.07346259718,46420.00137740586,48459.68833570962,46414.286020793654,1.0006003602161297,0.0,68.52,37.510982689613776,39.394,2.0,86,onoff,0.8,1331.1857458557563,2.0,11.483967781066895,decoupled,96
10000,0.0008,175.0284324756327,23867.07346259718,46420.00137740586,48459.68833570962,46414.286020793654,1.0006003602161297,0.0,68.52,42.207043726235746,43.73615,2.0,86,onoff,0.8,1331.1857458557563,2.0,11.483967781066895,joint_full,96
10000,0.0008,175.0284324756327,23867.07346259718,46420.00137740586,48459.68833570962,46414.286020793654,1.0006003602161297,0.0,68.52,40.199859915949574,42.31,2.0,86,onoff,0.8,1331.1857458557563,2.0,11.483967781066895,cliffserve,96
10000,0.0036,175.44920967180838,23730.094439855864,46282.859380283095,48322.628640065246,46277.16989718888,1.0031096398836392,0.0,68.52,35.399253485806,36.91,2.0,86,onoff,0.8,1331.1857458557563,4.0,22.96793556213379,dense,96
10000,0.0021,175.1948598360905,23812.78866421347,46365.61415895436,48405.401041770034,46359.88694440339,1.0018032458425166,0.2016,68.51617999999998,37.25697104788619,39.204,2.0,86,onoff,0.8,1331.1857458557563,4.0,22.96793556213379,static_pomt,96
10000,0.0036,175.44920967180838,23730.094439855864,46282.859380283095,48322.628640065246,46277.16989718888,1.0031096398836392,0.0,68.52,37.6354431738389,39.524,2.0,86,onoff,0.8,1331.1857458557563,4.0,22.96793556213379,decoupled,96
10000,0.0036,175.45780907845057,23727.280039898207,46280.082665076,48319.845421290454,46274.365548171736,1.0032102728731942,0.1536,68.51708799999999,42.20562710674158,43.662,2.0,86,onoff,0.8,1331.1857458557563,4.0,22.96793556213379,joint_full,96
10000,0.0036,175.45780907845057,23727.280039898207,46280.082665076,48319.845421290454,46274.365548171736,1.0032102728731942,0.1536,68.51708799999999,40.177004313804176,41.7345,2.0,86,onoff,0.8,1331.1857458557563,4.0,22.96793556213379,cliffserve,96
10000,0.0136,177.01021850972492,23227.236907354643,45780.54684471105,47820.08089722162,45774.84600144837,1.0128633647320977,0.0,68.52,35.59226911779601,37.5346,2.0,86,onoff,0.8,1331.1857458557563,8.0,45.93587112426758,dense,96
10000,0.0301,179.78262114113213,22355.79280196791,44909.1598587415,46948.76611853128,44903.43056432221,1.0297600659046442,2.88,68.46628799999999,37.27007373082072,39.304500000000004,2.0,86,onoff,0.8,1331.1857458557563,8.0,45.93587112426758,static_pomt,96
10000,0.0276,179.36247544189035,22486.27513658171,45039.496790399295,47079.06790562158,45033.76605125878,1.0270103728047653,2.3808,68.47565599999999,37.23645722501797,39.544,2.0,86,onoff,0.8,1331.1857458557563,8.0,45.93587112426758,decoupled,96
10000,0.0316,180.04796700040208,22273.674465528777,44827.27349170659,46866.67324760919,44821.574637188656,1.0312467773538208,2.8416,68.46701599999999,42.09549169846344,44.615999999999985,2.0,86,onoff,0.8,1331.1857458557563,8.0,45.93587112426758,joint_full,96
10000,0.0316,180.04796700040208,22273.674465528777,44827.27349170659,46866.67324760919,44821.574637188656,1.0312467773538208,2.8416,68.46701599999999,39.9051621119934,42.84879999999996,2.0,86,onoff,0.8,1331.1857458557563,8.0,45.93587112426758,cliffserve,96
10000,0.0268,179.15382831309648,22551.246610990813,45104.42930475686,47143.98760806566,45098.721069707615,1.0264832683227263,0.0,68.52,34.88200225826319,37.71999999999998,2.0,86,onoff,0.8,1331.1857458557563,12.0,68.90380668640137,dense,96
10000,0.4087,265.5194865196016,4395.402435910364,26948.18866046483,28988.199314886002,26942.492474899835,1.6110842597067827,39.2256,67.785698,35.493843080393106,39.274,2.0,86,onoff,0.8,1331.1857458557563,12.0,68.90380668640137,static_pomt,96
10000,0.3987,261.8423292257624,4924.274702816772,27477.24029279158,29516.86804312187,27471.529889635298,1.5559358954411078,30.6432,67.94711199999999,36.078699548778594,40.4567,2.0,86,onoff,0.8,1331.1857458557563,12.0,68.90380668640137,decoupled,96
10000,0.4083,265.3773240635199,4415.613105326462,26968.52196998999,29008.33032461124,26962.81327393458,1.5792798483891346,31.6416,67.928944,40.422572804801014,46.2415,2.0,86,onoff,0.8,1331.1857458557563,12.0,68.90380668640137,joint_full,96
10000,0.4083,265.3773240635199,4415.613105326462,26968.52196998999,29008.33032461124,26962.81327393458,1.5792798483891346,31.6416,67.928944,38.356915350600126,43.512,2.0,86,onoff,0.8,1331.1857458557563,12.0,68.90380668640137,cliffserve,96
10000,0.0008,175.02843247563274,26249.281518833748,49595.28164751214,51733.459281602096,49589.56629089994,1.0006003602161297,0.0,68.52,35.325367420452274,37.941,2.0,86,onoff,0.95,1580.7830732037105,2.0,11.483967781066895,dense,96
10000,0.0004,174.96176788925942,26271.103951351753,49617.093473955814,51755.30813251992,49611.36194746179,1.000300090027008,0.0384,68.519272,37.1353165949785,39.98699999999999,2.0,86,onoff,0.95,1580.7830732037105,2.0,11.483967781066895,static_pomt,96
10000,0.0008,175.02843247563274,26249.281518833748,49595.28164751214,51733.459281602096,49589.56629089994,1.0006003602161297,0.0,68.52,37.555521913147885,40.069350000000014,2.0,86,onoff,0.95,1580.7830732037105,2.0,11.483967781066895,decoupled,96
10000,0.0008,175.02843247563274,26249.281518833748,49595.28164751214,51733.459281602096,49589.56629089994,1.0006003602161297,0.0,68.52,42.24468931358815,44.8575,2.0,86,onoff,0.95,1580.7830732037105,2.0,11.483967781066895,joint_full,96
10000,0.0008,175.02843247563274,26249.281518833748,49595.28164751214,51733.459281602096,49589.56629089994,1.0006003602161297,0.0,68.52,40.374488092855714,43.00035,2.0,86,onoff,0.95,1580.7830732037105,2.0,11.483967781066895,cliffserve,96
10000,0.0032,175.3887222324972,26131.92595233213,49477.779413387005,51616.03173850556,49472.04990636987,1.0028078620136383,0.0,68.52,35.36463758523867,37.33449999999999,2.0,86,onoff,0.95,1580.7830732037105,4.0,22.96793556213379,dense,96
10000,0.0021,175.20683789428315,26191.0944801737,49536.99218878431,51675.26974738617,49531.26497423334,1.0018032458425166,0.192,68.51635999999999,37.10015878581447,39.25354999999999,2.0,86,onoff,0.95,1580.7830732037105,4.0,22.96793556213379,static_pomt,96
10000,0.0036,175.458078118553,26109.40070428144,49455.27554332895,51593.528975329595,49449.558426424686,1.0032102728731942,0.1536,68.51708799999999,37.409826143659714,39.3705,2.0,86,onoff,0.95,1580.7830732037105,4.0,22.96793556213379,decoupled,96
10000,0.0036,175.466695832833,26106.607536451927,49452.47842650098,51590.7386253788,49446.76147439164,1.0033109260559847,0.3072,68.51417599999998,42.100424701515,44.074,2.0,86,onoff,0.95,1580.7830732037105,4.0,22.96793556213379,joint_full,96
10000,0.0036,175.466695832833,26106.607536451927,49452.47842650098,51590.7386253788,49446.76147439164,1.0033109260559847,0.3072,68.51417599999998,39.92293598876292,42.867299999999986,2.0,86,onoff,0.95,1580.7830732037105,4.0,22.96793556213379,cliffserve,96
10000,0.0116,176.71641549408108,25703.52088202726,49049.72519621534,51187.61251110096,49044.00190162344,1.0111223458038423,0.0,68.52,35.41758311425682,37.375949999999996,2.0,86,onoff,0.95,1580.7830732037105,8.0,45.93587112426758,dense,96
10000,0.0189,177.93078778891905,25317.3746625353,48663.55515999479,50801.823799109654,48657.84214250726,1.0184336490477646,1.8048,68.48628799999999,36.29570394133822,38.95400000000001,2.0,86,onoff,0.95,1580.7830732037105,8.0,45.93587112426758,static_pomt,96
10000,0.0196,178.05403116220904,25278.47519172918,48624.66609253568,50762.884130959705,48618.962583753295,1.019056353816366,1.7664,68.487048,37.78980291450117,39.855,2.0,86,onoff,0.95,1580.7830732037105,8.0,45.93587112426758,decoupled,96
10000,0.0212,178.32102075263577,25194.296231882683,48540.5201732604,50678.78037989636,48534.81393165273,1.0207206287639072,1.92,68.48410399999997,42.36295171991427,46.082199999999915,2.0,86,onoff,0.95,1580.7830732037105,8.0,45.93587112426758,joint_full,96
10000,0.0212,178.32102075263577,25194.296231882683,48540.5201732604,50678.78037989636,48534.81393165273,1.0207206287639072,1.92,68.48410399999997,39.88843207104216,42.00079999999999,2.0,86,onoff,0.95,1580.7830732037105,8.0,45.93587112426758,cliffserve,96
10000,0.0212,178.25736398301717,25214.327640431038,48560.563756176656,50698.81429980297,48554.87275621576,1.0208248264597795,0.0,68.52,35.181540016333194,37.26,2.0,86,onoff,0.95,1580.7830732037105,12.0,68.90380668640137,dense,96
10000,0.0373,181.0393487141654,24351.73073543798,47698.31448034925,49836.5008017828,47692.58149308843,1.0376673238559717,3.5808,68.45305999999998,37.04910905883573,39.14579999999999,2.0,86,onoff,0.95,1580.7830732037105,12.0,68.90380668640137,static_pomt,96
10000,0.0364,180.8879389783643,24397.9839977194,47744.6419718234,49882.7539779522,47738.94063591642,1.0364842454394694,3.3024,68.45827999999999,37.647639303482585,39.69085,2.0,86,onoff,0.95,1580.7830732037105,12.0,68.90380668640137,decoupled,96
10000,0.0388,181.32044873874838,24266.15793647062,47612.606011625954,49750.83979005833,47606.89435541315,1.0391769718383042,3.6096,68.452648,42.38941463161177,44.303,2.0,86,onoff,0.95,1580.7830732037105,12.0,68.90380668640137,joint_full,96
10000,0.0388,181.32044873874838,24266.15793647062,47612.606011625954,49750.83979005833,47606.89435541315,1.0391769718383042,3.6096,68.452648,40.05726893900031,42.079,2.0,86,onoff,0.95,1580.7830732037105,12.0,68.90380668640137,cliffserve,96
10000,0.0008,175.0284324756327,25838.6536125601,49211.493167046334,51152.517214833504,49205.77781043413,1.0006003602161297,0.0,68.52,35.70125915549329,37.6145,2.0,86,onoff,1.1,1830.380400551665,2.0,11.483967781066895,dense,96
10000,0.0004,174.96176788925942,25860.476045078107,49233.304993490005,51174.36606575132,49227.57346699598,1.000300090027008,0.0384,68.519272,37.12802700810243,39.294,2.0,86,onoff,1.1,1830.380400551665,2.0,11.483967781066895,static_pomt,96
10000,0.0008,175.0284324756327,25838.6536125601,49211.493167046334,51152.517214833504,49205.77781043413,1.0006003602161297,0.0,68.52,37.5960841504903,39.60815,2.0,86,onoff,1.1,1830.380400551665,2.0,11.483967781066895,decoupled,96
10000,0.0008,175.0284324756327,25838.6536125601,49211.493167046334,51152.517214833504,49205.77781043413,1.0006003602161297,0.0,68.52,41.82438343005804,44.2565,2.0,86,onoff,1.1,1830.380400551665,2.0,11.483967781066895,joint_full,96
10000,0.0008,175.0284324756327,25838.6536125601,49211.493167046334,51152.517214833504,49205.77781043413,1.0006003602161297,0.0,68.52,40.14700540324195,41.979,2.0,86,onoff,1.1,1830.380400551665,2.0,11.483967781066895,cliffserve,96
10000,0.0028,175.33581632783157,25738.50094193823,49111.213655856875,51052.33302074552,49105.487108877925,1.0025062656641603,0.0,68.52,35.38438837092732,37.27,2.0,86,onoff,1.1,1830.380400551665,4.0,22.96793556213379,dense,96
10000,0.0021,175.20683789428313,25780.466573900052,49153.2037083185,51094.32768061758,49147.47649376753,1.0018032458425166,0.192,68.51635999999999,36.897163794830696,39.003,2.0,86,onoff,1.1,1830.380400551665,4.0,22.96793556213379,static_pomt,96
10000,0.0032,175.3923111785731,25720.13135809309,49092.8242449558,51033.92298377157,49087.09473793867,1.0028078620136383,0.1536,68.51708799999999,37.398790513437625,39.314,2.0,86,onoff,1.1,1830.380400551665,4.0,22.96793556213379,decoupled,96
10000,0.0036,175.46669583283298,25695.97963017828,49068.68994603517,51009.79655861021,49062.97299392583,1.0033109260559847,0.3072,68.51417599999998,42.252793217618134,44.26699999999998,2.0,86,onoff,1.1,1830.380400551665,4.0,22.96793556213379,joint_full,96
10000,0.0036,175.46669583283298,25695.97963017828,49068.68994603517,51009.79655861021,49062.97299392583,1.0033109260559847,0.3072,68.51417599999998,40.141791110665196,42.09629999999999,2.0,86,onoff,1.1,1830.380400551665,4.0,22.96793556213379,cliffserve,96
10000,0.01,176.46553240513978,25373.26231998808,48746.371347836284,50687.09886015535,48740.64987581137,1.0095911155981827,0.0,68.52,35.391910954063604,38.002,2.0,86,onoff,1.1,1830.380400551665,8.0,45.93587112426758,dense,96
10000,0.0148,177.2651321676894,25117.722786849805,48490.89766486051,50431.84805675149,48485.18220570448,1.0144045445323595,1.4208,68.493448,35.85411148305945,38.774499999999996,2.0,86,onoff,1.1,1830.380400551665,8.0,45.93587112426758,static_pomt,96
10000,0.0144,177.1927462197674,25140.56448215849,48513.82523937585,50454.658316012625,48508.10883767965,1.013787510137875,1.2288,68.49708799999999,37.57181549067315,39.655,2.0,86,onoff,1.1,1830.380400551665,8.0,45.93587112426758,decoupled,96
10000,0.0164,177.54185990936972,25029.887859529324,48402.93663077715,50343.96220999361,48397.22339406374,1.015950421619425,1.4592,68.49271199999998,42.22661332926954,44.01199999999999,2.0,86,onoff,1.1,1830.380400551665,8.0,45.93587112426758,joint_full,96
10000,0.0164,177.54185990936972,25029.887859529324,48402.93663077715,50343.96220999361,48397.22339406374,1.015950421619425,1.4592,68.49271199999998,40.314222696332415,42.349,2.0,86,onoff,1.1,1830.380400551665,8.0,45.93587112426758,cliffserve,96
10000,0.0184,177.80034407774977,24948.06366700537,48321.004141978054,50262.12080323339,48315.26192598703,1.017915309446254,0.0,68.52,35.538164189739405,37.451,2.0,86,onoff,1.1,1830.380400551665,12.0,68.90380668640137,dense,96
10000,0.03,179.8104729830181,24318.729111379453,47692.01760938528,49632.98348674894,47686.301319674276,1.0300782859497322,2.88,68.46623999999998,36.80686155747837,38.803,2.0,86,onoff,1.1,1830.380400551665,12.0,68.90380668640137,static_pomt,96
10000,0.0288,179.5979404386773,24384.65426391966,47757.77990401151,49698.731452823886,47752.07104492548,1.0285949393128986,2.688,68.46970399999998,37.41052869779881,39.374,2.0,86,onoff,1.1,1830.380400551665,12.0,68.90380668640137,decoupled,96
10000,0.0312,180.0117536566548,24256.446426099606,47629.95143452051,49570.704668794875,47624.238403943804,1.031140441328109,2.8416,68.46685599999998,42.14469292637657,44.077499999999986,2.0,86,onoff,1.1,1830.380400551665,12.0,68.90380668640137,joint_full,96
10000,0.0312,180.0117536566548,24256.446426099606,47629.95143452051,49570.704668794875,47624.238403943804,1.031140441328109,2.8416,68.46685599999998,40.045980511445656,42.48299999999999,2.0,86,onoff,1.1,1830.380400551665,12.0,68.90380668640137,cliffserve,96
10000,0.0003,174.94590388236563,18571.281333062412,35318.59605433006,36788.6010478937,35312.89453121681,1.000100010001,0.0,68.52,35.47805490549055,37.741,2.0,87,poisson,0.3,499.1946546959086,2.0,11.483967781066895,dense,96
10000,0.0001,174.916216138186,18580.969588849308,35328.30982526798,36798.31274324053,35322.579702153394,1.0,0.0096,68.51982,37.170529099999996,39.314499999999995,2.0,87,poisson,0.3,499.1946546959086,2.0,11.483967781066895,static_pomt,96
10000,0.0003,174.94590388236563,18571.281333062412,35318.59605433006,36788.6010478937,35312.89453121681,1.000100010001,0.0,68.52,37.68291429142915,39.705,2.0,87,poisson,0.3,499.1946546959086,2.0,11.483967781066895,decoupled,96
10000,0.0003,174.94590388236563,18571.281333062412,35318.59605433006,36788.6010478937,35312.89453121681,1.000100010001,0.0,68.52,42.28804850485048,44.474,2.0,87,poisson,0.3,499.1946546959086,2.0,11.483967781066895,joint_full,96
10000,0.0003,174.94590388236563,18571.281333062412,35318.59605433006,36788.6010478937,35312.89453121681,1.000100010001,0.0,68.52,40.06652645264527,42.0409,2.0,87,poisson,0.3,499.1946546959086,2.0,11.483967781066895,cliffserve,96
10000,1.0,500.03639697282836,9.724389236912145,13.843139525887494,15.385901494378489,8.01163178767847,2.898550724637681,0.0,68.52,8.827359420289856,10.089,2.0,87,poisson,0.3,499.1946546959086,4.0,22.96793556213379,dense,96
10000,0.0025,175.14601296626486,18506.416004750492,35253.688296928594,36723.68039602393,35247.98169516582,1.0017028949213662,0.2208,68.51582599999998,36.74856846639287,39.144,2.0,87,poisson,0.3,499.1946546959086,4.0,22.96793556213379,static_pomt,96
10000,1.0,500.03639697282836,9.724389236912145,13.843139525887494,15.385901494378489,8.01163178767847,2.898550724637681,0.0,68.52,11.693557391304347,12.989949999999997,2.0,87,poisson,0.3,499.1946546959086,4.0,22.96793556213379,decoupled,96
10000,1.0,500.03639697282836,9.724389236912145,13.843139525887494,15.385901494378489,8.01163178767847,2.898550724637681,0.0,68.52,12.98169072463768,15.429,2.0,87,poisson,0.3,499.1946546959086,4.0,22.96793556213379,joint_full,96
10000,1.0,500.03639697282836,9.724389236912145,13.843139525887494,15.385901494378489,8.01163178767847,2.898550724637681,0.0,68.52,9.349894492753624,11.005949999999997,2.0,87,poisson,0.3,499.1946546959086,4.0,22.96793556213379,cliffserve,96
10000,1.0,500.03639697282836,9.724389236912145,13.843139525887494,15.385901494378489,8.01163178767847,2.898550724637681,0.0,68.52,8.837435652173912,10.119,2.0,87,poisson,0.3,499.1946546959086,8.0,45.93587112426758,dense,96
10000,1.0,499.9201182576554,17.944727909767607,24.98135119040353,27.520660220679098,14.762843501588485,5.109862033725089,96.0,66.70577200000001,10.851277976494634,12.594,2.0,87,poisson,0.3,499.1946546959086,8.0,45.93587112426758,static_pomt,96
10000,1.0,500.03639697282836,9.724389236912145,13.843139525887494,15.385901494378489,8.01163178767847,2.898550724637681,0.0,68.52,11.774775942028985,13.11455,2.0,87,poisson,0.3,499.1946546959086,8.0,45.93587112426758,decoupled,96
10000,1.0,500.03639697282836,9.724389236912145,13.843139525887494,15.385901494378489,8.01163178767847,2.898550724637681,0.0,68.52,13.013055652173913,15.419,2.0,87,poisson,0.3,499.1946546959086,8.0,45.93587112426758,joint_full,96
10000,1.0,500.03639697282836,9.724389236912145,13.843139525887494,15.385901494378489,8.01163178767847,2.898550724637681,0.0,68.52,9.404382318840579,11.001,2.0,87,poisson,0.3,499.1946546959086,8.0,45.93587112426758,cliffserve,96
10000,1.0,500.03639697282836,9.724389236912145,13.843139525887494,15.385901494378489,8.01163178767847,2.898550724637681,0.0,68.52,8.800610434782609,10.049,2.0,87,poisson,0.3,499.1946546959086,12.0,68.90380668640137,dense,96
10000,1.0,499.9201182576554,17.944727909767607,24.98135119040353,27.520660220679098,14.762843501588485,5.109862033725089,96.0,66.70577200000001,10.810768523249871,12.5832,2.0,87,poisson,0.3,499.1946546959086,12.0,68.90380668640137,static_pomt,96
10000,1.0,500.03639697282836,9.724389236912145,13.843139525887494,15.385901494378489,8.01163178767847,2.898550724637681,0.0,68.52,11.711987246376811,13.045,2.0,87,poisson,0.3,499.1946546959086,12.0,68.90380668640137,decoupled,96
10000,1.0,500.03639697282836,9.724389236912145,13.843139525887494,15.385901494378489,8.01163178767847,2.898550724637681,0.0,68.52,13.00517043478261,15.41955,2.0,87,poisson,0.3,499.1946546959086,12.0,68.90380668640137,joint_full,96
10000,1.0,500.03639697282836,9.724389236912145,13.843139525887494,15.385901494378489,8.01163178767847,2.898550724637681,0.0,68.52,9.379871304347827,11.016499999999997,2.0,87,poisson,0.3,499.1946546959086,12.0,68.90380668640137,cliffserve,96
10000,0.0005,174.98128783565352,23564.672762917162,44798.898949701885,46677.085250421136,44793.208999402625,1.000300090027008,0.0,68.52,35.89538881664499,37.71299999999999,2.0,87,poisson,0.6,998.3893093918172,2.0,11.483967781066895,dense,96
10000,0.0001,174.91621613818597,23585.767163323046,44820.040354497534,46698.23962218818,44814.310231382944,1.0,0.0096,68.51982,36.95502439999999,39.15445,2.0,87,poisson,0.6,998.3893093918172,2.0,11.483967781066895,static_pomt,96
10000,0.0005,174.98128783565352,23564.672762917162,44798.898949701885,46677.085250421136,44793.208999402625,1.000300090027008,0.0,68.52,37.81466950085025,39.635,2.0,87,poisson,0.6,998.3893093918172,2.0,11.483967781066895,decoupled,96
10000,0.0005,174.98128783565352,23564.672762917162,44798.898949701885,46677.085250421136,44793.208999402625,1.000300090027008,0.0,68.52,42.343368710613184,44.21499999999999,2.0,87,poisson,0.6,998.3893093918172,2.0,11.483967781066895,joint_full,96
10000,0.0005,174.98128783565352,23564.672762917162,44798.898949701885,46677.085250421136,44793.208999402625,1.000300090027008,0.0,68.52,40.39973652095628,41.9682,2.0,87,poisson,0.6,998.3893093918172,2.0,11.483967781066895,cliffserve,96
10000,0.0145,177.04194864351206,22899.709677027346,44133.710585315326,46012.15609372672,44127.97756777535,1.0124531740407006,0.0,68.52,35.465811683709624,37.761,2.0,87,poisson,0.6,998.3893093918172,4.0,22.96793556213379,dense,96
10000,0.0026,175.2437863391267,23479.37743525374,44713.6071252657,46591.7907227951,44707.875533158876,1.002104419280489,0.24,68.51547599999998,37.38712275779136,39.354,2.0,87,poisson,0.6,998.3893093918172,4.0,22.96793556213379,static_pomt,96
10000,0.0145,177.04194864351206,22899.709677027346,44133.710585315326,46012.15609372672,44127.97756777535,1.0124531740407006,0.0,68.52,37.607703756201275,39.584,2.0,87,poisson,0.6,998.3893093918172,4.0,22.96793556213379,decoupled,96
10000,0.0145,177.04194864351206,22899.709677027346,44133.710585315326,46012.15609372672,44127.97756777535,1.0124531740407006,0.0,68.52,42.22967348385138,43.7522,2.0,87,poisson,0.6,998.3893093918172,4.0,22.96793556213379,joint_full,96
10000,0.0145,177.04194864351206,22899.709677027346,44133.710585315326,46012.15609372672,44127.97756777535,1.0124531740407006,0.0,68.52,40.46024875974486,42.47199999999999,2.0,87,poisson,0.6,998.3893093918172,4.0,22.96793556213379,cliffserve,96
10000,1.0,998.6631515366175,12.709125705807992,19.9943711085069,25.187769260281122,10.76815453355275,6.83526999316473,0.0,68.52,11.129241968557757,14.335899999999999,2.0,87,poisson,0.6,998.3893093918172,8.0,45.93587112426758,dense,96
10000,1.0,996.7400936609147,19.63404633825121,26.71438392172545,28.884039025938804,15.59033416875587,10.626992561105208,96.0,66.70501400000002,13.470630180658873,15.79,2.0,87,poisson,0.6,998.3893093918172,8.0,45.93587112426758,static_pomt,96
10000,1.0,998.223359927306,12.433693624564512,18.567779672270714,22.533096141154783,10.453959954230365,6.734006734006734,8.9856,68.349672,14.312002020202021,17.71719999999991,2.0,87,poisson,0.6,998.3893093918172,8.0,45.93587112426758,decoupled,96
10000,1.0,998.223359927306,12.433693624564512,18.567779672270714,22.533096141154783,10.453959954230365,6.734006734006734,8.9856,68.349672,17.542225589225588,23.302,2.0,87,poisson,0.6,998.3893093918172,8.0,45.93587112426758,joint_full,96
10000,1.0,998.223359927306,12.433693624564512,18.567779672270714,22.533096141154783,10.453959954230365,6.734006734006734,8.9856,68.349672,12.223253198653198,13.5258,2.0,87,poisson,0.6,998.3893093918172,8.0,45.93587112426758,cliffserve,96
10000,1.0,998.6631515366175,12.709125705807992,19.9943711085069,25.187769260281122,10.76815453355275,6.83526999316473,0.0,68.52,11.089747778537252,14.357,2.0,87,poisson,0.6,998.3893093918172,12.0,68.90380668640137,dense,96
10000,1.0,996.7400936609147,19.63404633825121,26.71438392172545,28.884039025938804,15.59033416875587,10.626992561105208,96.0,66.70501400000002,13.423978746014878,15.739,2.0,87,poisson,0.6,998.3893093918172,12.0,68.90380668640137,static_pomt,96
10000,1.0,998.223359927306,12.433693624564512,18.567779672270714,22.533096141154783,10.453959954230365,6.734006734006734,8.9856,68.349672,14.213206734006734,18.300199999999997,2.0,87,poisson,0.6,998.3893093918172,12.0,68.90380668640137,decoupled,96
10000,1.0,998.223359927306,12.433693624564512,18.567779672270714,22.533096141154783,10.453959954230365,6.734006734006734,8.9856,68.349672,17.508680808080804,21.644999999999992,2.0,87,poisson,0.6,998.3893093918172,12.0,68.90380668640137,joint_full,96
10000,1.0,998.223359927306,12.433693624564512,18.567779672270714,22.533096141154783,10.453959954230365,6.734006734006734,8.9856,68.349672,12.208379797979797,13.536,2.0,87,poisson,0.6,998.3893093918172,12.0,68.90380668640137,cliffserve,96
10000,0.0006,174.99896621617424,24810.10994855068,47166.08038388439,49146.273115616284,47160.35904143997,1.0004001600640255,0.0,68.52,35.337246698679465,37.441,2.0,87,poisson,0.8,1331.1857458557563,2.0,11.483967781066895,dense,96
10000,0.0002,174.93165368502167,24831.934684192158,47187.91559890457,49168.166029615844,47182.21407579132,1.000100010001,0.0192,68.51963799999999,37.2372197219722,39.334,2.0,87,poisson,0.8,1331.1857458557563,2.0,11.483967781066895,static_pomt,96
10000,0.0006,174.99896621617424,24810.10994855068,47166.08038388439,49146.273115616284,47160.35904143997,1.0004001600640255,0.0,68.52,37.900116246498605,39.8775,2.0,87,poisson,0.8,1331.1857458557563,2.0,11.483967781066895,decoupled,96
10000,0.0006,174.99896621617424,24810.10994855068,47166.08038388439,49146.273115616284,47160.35904143997,1.0004001600640255,0.0,68.52,42.30606602641056,44.203,2.0,87,poisson,0.8,1331.1857458557563,2.0,11.483967781066895,joint_full,96
10000,0.0006,174.99896621617424,24810.10994855068,47166.08038388439,49146.273115616284,47160.35904143997,1.0004001600640255,0.0,68.52,40.33838815526211,42.3,2.0,87,poisson,0.8,1331.1857458557563,2.0,11.483967781066895,cliffserve,96
10000,0.0058,175.76501710810317,24561.369117413975,46917.38965827175,48897.43315456434,46911.66975575634,1.0049241282283188,0.0,68.52,35.33758325796403,37.451,2.0,87,poisson,0.8,1331.1857458557563,4.0,22.96793556213379,dense,96
10000,0.0035,175.39609322272662,24681.00450793407,47036.96666961857,49017.00395653291,47031.246936618765,1.0030090270812437,0.3264,68.51382999999998,37.20458204613841,39.214,2.0,87,poisson,0.8,1331.1857458557563,4.0,22.96793556213379,static_pomt,96
10000,0.0058,175.76501710810317,24561.369117413975,46917.38965827175,48897.43315456434,46911.66975575634,1.0049241282283188,0.0,68.52,37.320323284092055,39.474,2.0,87,poisson,0.8,1331.1857458557563,4.0,22.96793556213379,decoupled,96
10000,0.0086,176.19817094522116,24421.496301804997,46777.286662589984,48757.585721574265,46771.52599857994,1.0075566750629723,0.1536,68.51708799999999,42.541196272040295,44.408999999999985,2.0,87,poisson,0.8,1331.1857458557563,4.0,22.96793556213379,joint_full,96
10000,0.0086,176.19817094522116,24421.496301804997,46777.286662589984,48757.585721574265,46771.52599857994,1.0075566750629723,0.1536,68.51708799999999,40.22055073047859,42.37799999999999,2.0,87,poisson,0.8,1331.1857458557563,4.0,22.96793556213379,cliffserve,96
10000,1.0,1329.2874529973963,23.45592067054565,34.13589930210362,38.43742703416525,17.47854488941507,17.123287671232877,0.0,68.52,15.299722602739728,22.17,2.0,87,poisson,0.8,1331.1857458557563,8.0,45.93587112426758,dense,96
10000,1.0,1329.2013718897663,20.005412251097823,26.70480859124236,29.49841891663986,14.728175431816492,15.24390243902439,96.0,66.70353200000002,15.325667682926827,19.407,2.0,87,poisson,0.8,1331.1857458557563,8.0,45.93587112426758,static_pomt,96
10000,1.0,1329.6315208934395,17.610649136103234,25.319648628942282,28.252150191028857,13.47846462941076,12.610340479192939,67.5072,67.24191200000001,17.150505674653214,22.997,2.0,87,poisson,0.8,1331.1857458557563,8.0,45.93587112426758,decoupled,96
10000,1.0,1329.6315208934395,17.610649136103234,25.319648628942282,28.252150191028857,13.47846462941076,12.610340479192939,67.5072,67.24191200000001,21.52794703656999,28.998,2.0,87,poisson,0.8,1331.1857458557563,8.0,45.93587112426758,joint_full,96
10000,1.0,1329.6315208934395,17.610649136103234,25.319648628942282,28.252150191028857,13.47846462941076,12.610340479192939,67.5072,67.24191200000001,15.40665321563682,21.975,2.0,87,poisson,0.8,1331.1857458557563,8.0,45.93587112426758,cliffserve,96
10000,1.0,1329.2874529973963,23.45592067054565,34.13589930210362,38.43742703416525,17.47854488941507,17.123287671232877,0.0,68.52,15.227494863013698,21.998150000000003,2.0,87,poisson,0.8,1331.1857458557563,12.0,68.90380668640137,dense,96
10000,1.0,1329.2013718897663,20.005412251097823,26.70480859124236,29.49841891663986,14.728175431816492,15.24390243902439,96.0,66.70353200000002,15.114817073170732,18.9585,2.0,87,poisson,0.8,1331.1857458557563,12.0,68.90380668640137,static_pomt,96
10000,1.0,1329.6315208934395,17.610649136103234,25.319648628942282,28.252150191028857,13.47846462941076,12.610340479192939,67.5072,67.24191200000001,16.97786002522068,22.496,2.0,87,poisson,0.8,1331.1857458557563,12.0,68.90380668640137,decoupled,96
10000,1.0,1329.6315208934395,17.610649136103234,25.319648628942282,28.252150191028857,13.47846462941076,12.610340479192939,67.5072,67.24191200000001,21.537136191677178,28.8864,2.0,87,poisson,0.8,1331.1857458557563,12.0,68.90380668640137,joint_full,96
10000,1.0,1329.6315208934395,17.610649136103234,25.319648628942282,28.252150191028857,13.47846462941076,12.610340479192939,67.5072,67.24191200000001,15.564021437578814,22.181,2.0,87,poisson,0.8,1331.1857458557563,12.0,68.90380668640137,cliffserve,96
10000,0.0006,174.9989662161742,25402.783345527823,48290.10110445107,50318.632877596945,48284.37976200665,1.0004001600640255,0.0,68.52,35.7003100240096,37.611,2.0,87,poisson,0.95,1580.7830732037105,2.0,11.483967781066895,dense,96
10000,0.0002,174.93165368502164,25424.608081169303,48311.93631947124,50340.525791596505,48306.234796357996,1.000100010001,0.0192,68.51963799999999,37.17662366236624,39.284,2.0,87,poisson,0.95,1580.7830732037105,2.0,11.483967781066895,static_pomt,96
10000,0.0006,174.9989662161742,25402.783345527823,48290.10110445107,50318.632877596945,48284.37976200665,1.0004001600640255,0.0,68.52,37.578496598639454,39.444,2.0,87,poisson,0.95,1580.7830732037105,2.0,11.483967781066895,decoupled,96
10000,0.0006,174.9989662161742,25402.783345527823,48290.10110445107,50318.632877596945,48284.37976200665,1.0004001600640255,0.0,68.52,42.33513225290116,43.84225,2.0,87,poisson,0.95,1580.7830732037105,2.0,11.483967781066895,joint_full,96
10000,0.0006,174.9989662161742,25402.783345527823,48290.10110445107,50318.632877596945,48284.37976200665,1.0004001600640255,0.0,68.52,39.633062925170066,41.62125,2.0,87,poisson,0.95,1580.7830732037105,2.0,11.483967781066895,cliffserve,96
10000,0.005,175.65890608055028,25188.396019048865,48075.75214712704,50104.14376501951,48070.04703848446,1.0043185698503565,0.0,68.52,35.7528426232801,37.831,2.0,87,poisson,0.95,1580.7830732037105,4.0,22.96793556213379,dense,96
10000,0.0018,175.1501174807329,25353.711185045417,48240.978539849166,50269.548202385035,48235.272748065836,1.0015022533800702,0.1728,68.516742,37.43362894341512,39.474,2.0,87,poisson,0.95,1580.7830732037105,4.0,22.96793556213379,static_pomt,96
10000,0.005,175.65890608055028,25188.396019048865,48075.75214712704,50104.14376501951,48070.04703848446,1.0043185698503565,0.0,68.52,37.91384322587125,39.995,2.0,87,poisson,0.95,1580.7830732037105,4.0,22.96793556213379,decoupled,96
10000,0.0058,175.78669494523538,25147.036962576087,48034.39626054848,50062.80860918435,48028.68332276428,1.005126143330988,0.1536,68.51708799999999,42.286879485375415,44.1336,2.0,87,poisson,0.95,1580.7830732037105,4.0,22.96793556213379,joint_full,96
10000,0.0058,175.78669494523538,25147.036962576087,48034.39626054848,50062.80860918435,48028.68332276428,1.005126143330988,0.1536,68.51708799999999,40.42884621570007,42.065000000000005,2.0,87,poisson,0.95,1580.7830732037105,4.0,22.96793556213379,cliffserve,96
10000,0.0382,180.97098670822726,23517.696375436957,46404.53344659889,48433.40943258199,46398.805984307175,1.0375596596804317,0.0,68.52,35.5322625025939,37.441,2.0,87,poisson,0.95,1580.7830732037105,8.0,45.93587112426758,dense,96
10000,1.0,1574.3433991569154,21.487245139893048,29.27007713526367,32.28235695973823,15.446287599292871,19.76284584980237,96.0,66.70972400000002,17.489871541501977,23.9025,2.0,87,poisson,0.95,1580.7830732037105,8.0,45.93587112426758,static_pomt,96
10000,1.0,1578.1659860489349,21.160320961781082,28.85062493913353,31.755681297454917,15.226617416508322,19.083969465648856,92.3904,66.77698400000001,20.54905534351145,28.1385,2.0,87,poisson,0.95,1580.7830732037105,8.0,45.93587112426758,decoupled,96
10000,1.0,1578.1659860489349,21.160320961781082,28.85062493913353,31.755681297454917,15.226617416508322,19.083969465648856,92.3904,66.77698400000001,25.891463740458015,35.092999999999996,2.0,87,poisson,0.95,1580.7830732037105,8.0,45.93587112426758,joint_full,96
10000,1.0,1578.1659860489349,21.160320961781082,28.85062493913353,31.755681297454917,15.226617416508322,19.083969465648856,92.3904,66.77698400000001,19.550933206106873,28.6165,2.0,87,poisson,0.95,1580.7830732037105,8.0,45.93587112426758,cliffserve,96
10000,0.3494,253.32430433860324,7733.787168092905,30622.453465629464,32650.710846985905,30616.7124017247,1.5101177891875566,0.0,68.52,35.51808139534884,37.610499999999995,2.0,87,poisson,0.95,1580.7830732037105,12.0,68.90380668640137,dense,96
10000,1.0,1574.3433991569154,21.487245139893048,29.27007713526367,32.28235695973823,15.446287599292871,19.76284584980237,96.0,66.70972400000002,17.605203557312255,24.02,2.0,87,poisson,0.95,1580.7830732037105,12.0,68.90380668640137,static_pomt,96
10000,1.0,1578.1659860489349,21.160320961781082,28.85062493913353,31.755681297454917,15.226617416508322,19.083969465648856,92.3904,66.77698400000001,20.566013358778626,28.237,2.0,87,poisson,0.95,1580.7830732037105,12.0,68.90380668640137,decoupled,96
10000,1.0,1578.1659860489349,21.160320961781082,28.85062493913353,31.755681297454917,15.226617416508322,19.083969465648856,92.3904,66.77698400000001,25.90616603053435,35.36315,2.0,87,poisson,0.95,1580.7830732037105,12.0,68.90380668640137,joint_full,96
10000,1.0,1578.1659860489349,21.160320961781082,28.85062493913353,31.755681297454917,15.226617416508322,19.083969465648856,92.3904,66.77698400000001,19.549110687022903,28.641,2.0,87,poisson,0.95,1580.7830732037105,12.0,68.90380668640137,cliffserve,96
10000,0.0002,174.94581965541275,25851.014415636233,49124.777071094155,51188.522209702314,49119.0755479809,1.000100010001,0.0,68.52,35.41398939893989,37.4,2.0,87,poisson,1.1,1830.380400551665,2.0,11.483967781066895,dense,96
10000,0.0002,174.93165368502162,25855.64327897089,49129.40593442881,51193.15107303697,49123.70441131556,1.000100010001,0.0192,68.51963799999999,36.8997601760176,38.873,2.0,87,poisson,1.1,1830.380400551665,2.0,11.483967781066895,static_pomt,96
10000,0.0002,174.94581965541275,25851.014415636233,49124.777071094155,51188.522209702314,49119.0755479809,1.000100010001,0.0,68.52,37.1261308130813,39.54600000000001,2.0,87,poisson,1.1,1830.380400551665,2.0,11.483967781066895,decoupled,96
10000,0.0002,174.94581965541275,25851.014415636233,49124.777071094155,51188.522209702314,49119.0755479809,1.000100010001,0.0,68.52,42.24835233523352,44.1021,2.0,87,poisson,1.1,1830.380400551665,2.0,11.483967781066895,joint_full,96
10000,0.0002,174.94581965541275,25851.014415636233,49124.777071094155,51188.522209702314,49119.0755479809,1.000100010001,0.0,68.52,40.27318671867187,41.429,2.0,87,poisson,1.1,1830.380400551665,2.0,11.483967781066895,cliffserve,96
10000,0.0042,175.5399323218758,25658.03641594904,48931.82702028716,50995.280596605124,48926.09965891802,1.0036130068245686,0.0,68.52,34.9886604777198,37.37,2.0,87,poisson,1.1,1830.380400551665,4.0,22.96793556213379,dense,96
10000,0.0026,175.2869731280265,25740.189199342898,49013.940164327265,51077.686452899754,49008.229882764455,1.0023053021950485,0.2496,68.51527799999998,36.95806364638669,39.124,2.0,87,poisson,1.1,1830.380400551665,4.0,22.96793556213379,static_pomt,96
10000,0.0042,175.5399323218758,25658.03641594904,48931.82702028716,50995.280596605124,48926.09965891802,1.0036130068245686,0.0,68.52,37.760148233641104,40.596,2.0,87,poisson,1.1,1830.380400551665,4.0,22.96793556213379,decoupled,96
10000,0.0054,175.7293895284774,25596.605104341677,48870.4075476166,50933.9453785761,48864.69615399802,1.004823151125402,0.3072,68.51417599999998,42.21551426848875,44.244,2.0,87,poisson,1.1,1830.380400551665,4.0,22.96793556213379,joint_full,96
10000,0.0054,175.7293895284774,25596.605104341677,48870.4075476166,50933.9453785761,48864.69615399802,1.004823151125402,0.3072,68.51417599999998,40.15643277733119,41.68249999999999,2.0,87,poisson,1.1,1830.380400551665,4.0,22.96793556213379,cliffserve,96
10000,0.015,177.23078767577852,25114.587395801715,48388.04296307528,50452.116523843586,48382.33615012133,1.0141987829614605,0.0,68.52,35.37641338742393,37.571,2.0,87,poisson,1.1,1830.380400551665,8.0,45.93587112426758,dense,96
10000,1.0,1822.0536512289914,25.158897427297916,35.881205835341255,40.00699837861217,19.101860642027134,26.881720430107528,96.0,66.72657199999999,21.321884408602152,24.41695,2.0,87,poisson,1.1,1830.380400551665,8.0,45.93587112426758,static_pomt,96
10000,0.2942,238.02829745495535,10701.185139312915,33976.97453613245,36040.713979059045,33971.2734834429,1.392951664577239,27.648,68.00278399999999,36.93951776013372,39.003099999999996,2.0,87,poisson,1.1,1830.380400551665,8.0,45.93587112426758,decoupled,96
10000,1.0,1825.4969369699127,25.220965150217694,35.70742708786061,40.390934425067705,18.951958943606744,26.737967914438503,95.5392,66.735424,31.21905080213904,35.801500000000004,2.0,87,poisson,1.1,1830.380400551665,8.0,45.93587112426758,joint_full,96
10000,1.0,1825.4969369699127,25.220965150217694,35.70742708786061,40.390934425067705,18.951958943606744,26.737967914438503,95.5392,66.735424,24.812804812834223,29.003349999999994,2.0,87,poisson,1.1,1830.380400551665,8.0,45.93587112426758,cliffserve,96
10000,0.0426,181.76396427394675,23707.350188627413,46980.381828093174,49045.02343636114,46974.652616786596,1.0427528675703859,0.0,68.52,34.99876965589156,37.03,2.0,87,poisson,1.1,1830.380400551665,12.0,68.90380668640137,dense,96
10000,1.0,1822.1398674542102,25.20487730832656,35.91506338384467,41.025668483000445,18.861267059611876,27.027027027027028,96.0,66.726828,21.44526216216216,24.72055,2.0,87,poisson,1.1,1830.380400551665,12.0,68.90380668640137,static_pomt,96
10000,1.0,1825.2677693463527,25.02397030291263,35.58425058064672,40.46603633854793,18.601240058075085,26.80965147453083,95.5392,66.735392,25.217367292225198,28.948,2.0,87,poisson,1.1,1830.380400551665,12.0,68.90380668640137,decoupled,96
10000,1.0,1825.2677693463527,25.02397030291263,35.58425058064672,40.46603633854793,18.601240058075085,26.80965147453083,95.5392,66.735392,31.734474530831097,36.5884,2.0,87,poisson,1.1,1830.380400551665,12.0,68.90380668640137,joint_full,96
10000,1.0,1825.2677693463527,25.02397030291263,35.58425058064672,40.46603633854793,18.601240058075085,26.80965147453083,95.5392,66.735392,25.024005361930293,29.219,2.0,87,poisson,1.1,1830.380400551665,12.0,68.90380668640137,cliffserve,96
10000,0.0056,174.4793493917115,18190.062067216088,34669.30829844881,36386.78676200801,34663.5952489655,1.001602564102564,0.0,68.52,34.59134194711538,37.16,2.0,87,onoff,0.3,499.1946546959086,2.0,11.483967781066895,dense,96
10000,0.0023,174.3970416456022,18216.850870406295,34696.11804785559,36413.61228132561,34690.42809755633,1.000300090027008,0.1536,68.51711399999999,36.30962558767631,38.633,2.0,87,onoff,0.3,499.1946546959086,2.0,11.483967781066895,static_pomt,96
10000,0.0056,174.4793493917115,18190.062067216088,34669.30829844881,36386.78676200801,34663.5952489655,1.001602564102564,0.0,68.52,37.220658453525644,39.123850000000004,2.0,87,onoff,0.3,499.1946546959086,2.0,11.483967781066895,decoupled,96
10000,0.0056,174.4793493917115,18190.062067216088,34669.30829844881,36386.78676200801,34663.5952489655,1.001602564102564,0.0,68.52,41.947063401442314,43.85065,2.0,87,onoff,0.3,499.1946546959086,2.0,11.483967781066895,joint_full,96
10000,0.0056,174.4793493917115,18190.062067216088,34669.30829844881,36386.78676200801,34663.5952489655,1.001602564102564,0.0,68.52,39.89077524038461,41.839,2.0,87,onoff,0.3,499.1946546959086,2.0,11.483967781066895,cliffserve,96
10000,0.2507,208.42811712411992,8854.383566539538,25334.18945663341,27051.321981181038,25328.45762136348,1.2344155042587335,0.0,68.52,33.448961980002466,37.32,2.0,87,onoff,0.3,499.1946546959086,4.0,22.96793556213379,dense,96
10000,0.0062,174.4246155969299,18208.099141871597,34687.36535036394,36404.88415738896,34681.663014314865,1.0022048506714774,0.5664,68.50934,36.949088695129284,39.04315,2.0,87,onoff,0.3,499.1946546959086,4.0,22.96793556213379,static_pomt,96
10000,0.2511,208.50824018570404,8835.980430047763,25315.761614540894,27032.914790648356,25310.044912270387,1.2348728081007656,0.1536,68.51708799999999,35.381270313657694,39.354,2.0,87,onoff,0.3,499.1946546959086,4.0,22.96793556213379,decoupled,96
10000,0.5033,256.5498920488701,20.06413368247331,16335.011922332369,18052.457136298795,16329.282220121942,1.6095284081764043,0.9216,68.50252799999998,36.24674311926606,43.031,2.0,87,onoff,0.3,499.1946546959086,4.0,22.96793556213379,joint_full,96
10000,0.5033,256.5498920488701,20.06413368247331,16335.011922332369,18052.457136298795,16329.282220121942,1.6095284081764043,0.9216,68.50252799999998,33.56786254627394,41.107,2.0,87,onoff,0.3,499.1946546959086,4.0,22.96793556213379,cliffserve,96
10000,1.0,488.5580277509121,11.196515849320349,16.943745175916547,21.501648421736572,9.546201534260847,4.061738424045491,0.0,68.52,9.300904549147035,11.972,2.0,87,onoff,0.3,499.1946546959086,8.0,45.93587112426758,dense,96
10000,1.0,488.08455538295476,18.86391576246683,26.19084570050927,28.73402312181408,15.552455890628424,5.76036866359447,96.0,66.70698800000001,10.553861751152073,15.539,2.0,87,onoff,0.3,499.1946546959086,8.0,45.93587112426758,static_pomt,96
10000,1.0,488.5568804907561,11.170636734726031,16.612224383377566,19.49924068905457,9.435599913489021,4.048582995951417,2.7648,68.46758399999999,12.26307854251012,15.209,2.0,87,onoff,0.3,499.1946546959086,8.0,45.93587112426758,decoupled,96
10000,1.0,488.5568804907561,11.170636734726031,16.612224383377566,19.49924068905457,9.435599913489021,4.048582995951417,2.7648,68.46758399999999,13.75716923076923,18.896,2.0,87,onoff,0.3,499.1946546959086,8.0,45.93587112426758,joint_full,96
10000,1.0,488.5568804907561,11.170636734726031,16.612224383377566,19.49924068905457,9.435599913489021,4.048582995951417,2.7648,68.46758399999999,9.852375303643724,13.235,2.0,87,onoff,0.3,499.1946546959086,8.0,45.93587112426758,cliffserve,96
10000,1.0,488.5580277509121,11.196515849320349,16.943745175916547,21.501648421736572,9.546201534260847,4.061738424045491,0.0,68.52,9.228396425670187,11.912,2.0,87,onoff,0.3,499.1946546959086,12.0,68.90380668640137,dense,96
10000,1.0,488.08455538295476,18.86391576246683,26.19084570050927,28.73402312181408,15.552455890628424,5.76036866359447,96.0,66.70698800000001,10.533759792626729,15.5415,2.0,87,onoff,0.3,499.1946546959086,12.0,68.90380668640137,static_pomt,96
10000,1.0,488.5568804907561,11.170636734726031,16.612224383377566,19.49924068905457,9.435599913489021,4.048582995951417,2.7648,68.46758399999999,12.24845222672065,15.218549999999999,2.0,87,onoff,0.3,499.1946546959086,12.0,68.90380668640137,decoupled,96
10000,1.0,488.5568804907561,11.170636734726031,16.612224383377566,19.49924068905457,9.435599913489021,4.048582995951417,2.7648,68.46758399999999,13.74640931174089,18.94555,2.0,87,onoff,0.3,499.1946546959086,12.0,68.90380668640137,joint_full,96
10000,1.0,488.5568804907561,11.170636734726031,16.612224383377566,19.49924068905457,9.435599913489021,4.048582995951417,2.7648,68.46758399999999,9.852414170040486,13.225,2.0,87,onoff,0.3,499.1946546959086,12.0,68.90380668640137,cliffserve,96
10000,0.0006,174.9989662161742,24040.98985828408,46272.760452122755,48229.59802066072,46267.039109678335,1.0004001600640255,0.0,68.52,35.159122649059626,37.22,2.0,87,onoff,0.6,998.3893093918172,2.0,11.483967781066895,dense,96
10000,0.0002,174.93165368502164,24062.846545591437,46294.59566714294,48251.49093466028,46288.894144029684,1.000100010001,0.0192,68.51963799999999,37.0416496649665,39.043,2.0,87,onoff,0.6,998.3893093918172,2.0,11.483967781066895,static_pomt,96
10000,0.0006,174.9989662161742,24040.98985828408,46272.760452122755,48229.59802066072,46267.039109678335,1.0004001600640255,0.0,68.52,37.529297118847545,39.414,2.0,87,onoff,0.6,998.3893093918172,2.0,11.483967781066895,decoupled,96
10000,0.0006,174.9989662161742,24040.98985828408,46272.760452122755,48229.59802066072,46267.039109678335,1.0004001600640255,0.0,68.52,42.389482793117246,44.3765,2.0,87,onoff,0.6,998.3893093918172,2.0,11.483967781066895,joint_full,96
10000,0.0006,174.9989662161742,24040.98985828408,46272.760452122755,48229.59802066072,46267.039109678335,1.0004001600640255,0.0,68.52,40.008095138055225,41.83825,2.0,87,onoff,0.6,998.3893093918172,2.0,11.483967781066895,cliffserve,96
10000,0.007,175.69654454933854,23814.455013199837,46046.24254472353,48002.93087782219,46040.52264220812,1.0049241282283188,0.0,68.52,35.524888754899,37.62,2.0,87,onoff,0.6,998.3893093918172,4.0,22.96793556213379,dense,96
10000,0.0011,175.0409816451481,24027.429953470313,46259.109829444955,48215.98276836141,46253.412367100784,1.00080064051241,0.096,68.51818999999999,36.995636809447554,39.09804999999999,2.0,87,onoff,0.6,998.3893093918172,4.0,22.96793556213379,static_pomt,96
10000,0.007,175.69654454933854,23814.455013199837,46046.24254472353,48002.93087782219,46040.52264220812,1.0049241282283188,0.0,68.52,37.61672485177369,39.475,2.0,87,onoff,0.6,998.3893093918172,4.0,22.96793556213379,decoupled,96
10000,0.0078,175.82465569394927,23773.041429205925,46004.80910670854,47961.59601656273,45999.0874829302,1.0057326762546515,0.1536,68.51708799999999,42.10985869455899,43.922,2.0,87,onoff,0.6,998.3893093918172,4.0,22.96793556213379,joint_full,96
10000,0.0078,175.82465569394927,23773.041429205925,46004.80910670854,47961.59601656273,45999.0874829302,1.0057326762546515,0.1536,68.51708799999999,40.167614200945394,41.738899999999994,2.0,87,onoff,0.6,998.3893093918172,4.0,22.96793556213379,cliffserve,96
10000,0.0294,179.25276728338818,22685.412713929207,44916.938904763236,46873.94161557034,44911.233512617124,1.027221366204417,0.0,68.52,34.721873549049825,36.85,2.0,87,onoff,0.6,998.3893093918172,8.0,45.93587112426758,dense,96
10000,1.0,1173.5566166639892,22.58316419519656,32.61923408520374,37.233947554734605,17.04705057320285,14.47178002894356,96.0,66.718414,14.642933429811867,23.394,2.0,87,onoff,0.6,998.3893093918172,8.0,45.93587112426758,static_pomt,96
10000,1.0,1175.508449795074,21.940050730452185,32.5426513773053,36.35928224399941,17.130008504258505,11.79245283018868,82.56,66.971336,16.614963443396228,28.470499999999998,2.0,87,onoff,0.6,998.3893093918172,8.0,45.93587112426758,decoupled,96
10000,1.0,1175.5135656733858,21.995794866435148,32.416292994602664,36.480363555210374,16.973310977924786,11.848341232227488,82.56,66.97130399999999,19.47247393364929,35.5755,2.0,87,onoff,0.6,998.3893093918172,8.0,45.93587112426758,joint_full,96
10000,1.0,1175.5135656733858,21.995794866435148,32.416292994602664,36.480363555210374,16.973310977924786,11.848341232227488,82.56,66.97130399999999,14.793531990521325,28.81485,2.0,87,onoff,0.6,998.3893093918172,8.0,45.93587112426758,cliffserve,96
10000,0.1862,207.38313486407338,15117.308405961285,37349.109953183404,39306.41741443301,37343.40427941727,1.2071463061323033,0.0,68.52,34.90139147754709,37.08,2.0,87,onoff,0.6,998.3893093918172,12.0,68.90380668640137,dense,96
10000,1.0,1173.5566166639892,22.58316419519656,32.61923408520374,37.233947554734605,17.04705057320285,14.47178002894356,96.0,66.718414,15.011316931982634,24.196,2.0,87,onoff,0.6,998.3893093918172,12.0,68.90380668640137,static_pomt,96
10000,1.0,1175.5135656733858,21.995794866435148,32.416292994602664,36.480363555210374,16.973310977924786,11.848341232227488,82.56,66.97130399999999,16.51651184834123,28.471,2.0,87,onoff,0.6,998.3893093918172,12.0,68.90380668640137,decoupled,96
10000,1.0,1175.5135656733858,21.995794866435148,32.416292994602664,36.480363555210374,16.973310977924786,11.848341232227488,82.56,66.97130399999999,19.33784952606635,35.2245,2.0,87,onoff,0.6,998.3893093918172,12.0,68.90380668640137,joint_full,96
10000,1.0,1175.5135656733858,21.995794866435148,32.416292994602664,36.480363555210374,16.973310977924786,11.848341232227488,82.56,66.97130399999999,14.568663507109006,28.2415,2.0,87,onoff,0.6,998.3893093918172,12.0,68.90380668640137,cliffserve,96
10000,0.0006,174.9989662161742,24968.80785180785,46916.75638050075,49037.06145280995,46911.03503805633,1.0004001600640255,0.0,68.52,35.57687084833934,37.471,2.0,87,onoff,0.8,1331.1857458557563,2.0,11.483967781066895,dense,96
10000,0.0002,174.93165368502164,24990.63258744933,46938.59159552093,49058.9543668095,46932.89007240768,1.000100010001,0.0192,68.51963799999999,36.858697669766975,38.8549,2.0,87,onoff,0.8,1331.1857458557563,2.0,11.483967781066895,static_pomt,96
10000,0.0006,174.9989662161742,24968.80785180785,46916.75638050075,49037.06145280995,46911.03503805633,1.0004001600640255,0.0,68.52,37.66841046418567,39.584,2.0,87,onoff,0.8,1331.1857458557563,2.0,11.483967781066895,decoupled,96
10000,0.0006,174.9989662161742,24968.80785180785,46916.75638050075,49037.06145280995,46911.03503805633,1.0004001600640255,0.0,68.52,42.30407182873149,43.722,2.0,87,onoff,0.8,1331.1857458557563,2.0,11.483967781066895,joint_full,96
10000,0.0006,174.9989662161742,24968.80785180785,46916.75638050075,49037.06145280995,46911.03503805633,1.0004001600640255,0.0,68.52,40.23732302921169,42.2215,2.0,87,onoff,0.8,1331.1857458557563,2.0,11.483967781066895,cliffserve,96
10000,0.0088,175.96230327209244,24656.236427004183,46604.26098294737,48724.57062401935,46598.55608840468,1.0064412238325282,0.0,68.52,34.81841757246377,36.949,2.0,87,onoff,0.8,1331.1857458557563,4.0,22.96793556213379,dense,96
10000,0.0019,175.17789357225465,24910.691195266027,46858.607767882306,48978.93972669758,46852.894718399,1.001602564102564,0.1728,68.51672599999998,37.04613451522436,39.054,2.0,87,onoff,0.8,1331.1857458557563,4.0,22.96793556213379,static_pomt,96
10000,0.0092,176.03266505151976,24633.53546684488,46581.50687380316,48701.71013777419,46575.8037921715,1.0068465565847764,0.1536,68.51708799999999,37.48967790978655,39.394,2.0,87,onoff,0.8,1331.1857458557563,4.0,22.96793556213379,decoupled,96
10000,0.01,176.1680309357899,24589.880907947863,46537.620922069575,48658.074670440394,46531.924901275655,1.007658202337767,0.2304,68.51565599999998,42.17495092704554,43.6105,2.0,87,onoff,0.8,1331.1857458557563,4.0,22.96793556213379,joint_full,96
10000,0.01,176.1680309357899,24589.880907947863,46537.620922069575,48658.074670440394,46531.924901275655,1.007658202337767,0.2304,68.51565599999998,40.07108071342201,41.80885,2.0,87,onoff,0.8,1331.1857458557563,4.0,22.96793556213379,cliffserve,96
10000,0.0172,177.2849729213099,24232.263082916583,46179.921257929826,48300.58503003283,46174.19470263007,1.0146103896103895,0.0,68.52,35.58285166396104,37.381,2.0,87,onoff,0.8,1331.1857458557563,8.0,45.93587112426758,dense,96
10000,0.0301,179.4594436244448,23549.078285391177,45496.88163733962,47617.307035896025,45491.152354197526,1.0285949393128986,2.88,68.46623399999999,36.99181763011726,39.163,2.0,87,onoff,0.8,1331.1857458557563,8.0,45.93587112426758,static_pomt,96
10000,0.0308,179.5828655132136,23510.770898516024,45458.57612116816,47579.02986850424,45452.869578604725,1.0284891494394734,2.2272,68.478568,37.550589324282626,39.464,2.0,87,onoff,0.8,1331.1857458557563,8.0,45.93587112426758,decoupled,96
10000,0.032,179.7854091793684,23448.098882610644,45395.74873831751,47516.258338972766,45390.03581512454,1.0297600659046442,2.3808,68.475624,42.31643558850788,44.653999999999996,2.0,87,onoff,0.8,1331.1857458557563,8.0,45.93587112426758,joint_full,96
10000,0.032,179.7854091793684,23448.098882610644,45395.74873831751,47516.258338972766,45390.03581512454,1.0297600659046442,2.3808,68.475624,40.3198110390279,42.44,2.0,87,onoff,0.8,1331.1857458557563,8.0,45.93587112426758,cliffserve,96
10000,0.03,179.37192702264778,23576.225600416506,45524.054110102676,47644.477038137156,45518.32519813063,1.0278548668927947,0.0,68.52,34.4168046047898,36.7854,2.0,87,onoff,0.8,1331.1857458557563,12.0,68.90380668640137,dense,96
10000,0.05,182.87764670680343,22507.152321035708,44454.42265975955,46575.61196744605,44448.729621462844,1.0497585555322275,4.8,68.43028999999999,36.79630925887046,39.033,2.0,87,onoff,0.8,1331.1857458557563,12.0,68.90380668640137,static_pomt,96
10000,0.0492,182.73411788769337,22550.08187740549,44497.42190723898,46618.72974357291,44491.691916899705,1.047888504663104,3.9936,68.44548799999998,37.57033396206644,39.594,2.0,87,onoff,0.8,1331.1857458557563,12.0,68.90380668640137,decoupled,96
10000,0.052,183.2294728972639,22402.01392429575,44349.46443667891,46470.45455975219,44343.739302496935,1.0509721492380453,4.3008,68.43972799999997,42.132285338938516,43.932,2.0,87,onoff,0.8,1331.1857458557563,12.0,68.90380668640137,joint_full,96
10000,0.052,183.2294728972639,22402.01392429575,44349.46443667891,46470.45455975219,44343.739302496935,1.0509721492380453,4.3008,68.43972799999997,39.93907419863373,41.2073,2.0,87,onoff,0.8,1331.1857458557563,12.0,68.90380668640137,cliffserve,96
10000,0.0002,174.94581965541278,25786.75011527683,48646.7717840848,50404.054061200186,48641.07026097155,1.000100010001,0.0,68.52,35.397640064006396,37.4619,2.0,87,onoff,0.95,1580.7830732037105,2.0,11.483967781066895,dense,96
10000,0.0002,174.93165368502164,25791.378978611487,48651.400647419454,50408.68292453484,48645.69912430621,1.000100010001,0.0192,68.51963799999999,36.64285558555856,38.803,2.0,87,onoff,0.95,1580.7830732037105,2.0,11.483967781066895,static_pomt,96
10000,0.0002,174.94581965541278,25786.75011527683,48646.7717840848,50404.054061200186,48641.07026097155,1.000100010001,0.0,68.52,37.562327432743274,39.424,2.0,87,onoff,0.95,1580.7830732037105,2.0,11.483967781066895,decoupled,96
10000,0.0002,174.94581965541278,25786.75011527683,48646.7717840848,50404.054061200186,48641.07026097155,1.000100010001,0.0,68.52,42.41075477547755,44.623,2.0,87,onoff,0.95,1580.7830732037105,2.0,11.483967781066895,joint_full,96
10000,0.0002,174.94581965541278,25786.75011527683,48646.7717840848,50404.054061200186,48641.07026097155,1.000100010001,0.0,68.52,39.95334183418341,42.17,2.0,87,onoff,0.95,1580.7830732037105,2.0,11.483967781066895,cliffserve,96
10000,0.0084,175.97951485347264,25451.42455608704,48311.5117727666,50068.74091966539,48305.806878223906,1.0064412238325282,0.0,68.52,35.61694112318841,37.78125,2.0,87,onoff,0.95,1580.7830732037105,4.0,22.96793556213379,dense,96
10000,0.0019,175.17789357225465,25711.437586428183,48571.41681978083,50328.66828442292,48565.70377029753,1.001602564102564,0.1728,68.51672599999998,37.013742387820514,39.13165000000001,2.0,87,onoff,0.95,1580.7830732037105,4.0,22.96793556213379,static_pomt,96
10000,0.0088,176.03785778558802,25432.604060243153,48292.67496608783,50049.795151046805,48286.9294399171,1.0067451927917044,0.3072,68.51417599999998,37.27909463404812,39.364,2.0,87,onoff,0.95,1580.7830732037105,4.0,22.96793556213379,decoupled,96
10000,0.0092,176.11297294740945,25408.385452579045,48268.44857276965,50025.532603043604,48262.72218541194,1.0072522159548751,0.4608,68.51126399999998,42.22848096293311,43.512,2.0,87,onoff,0.95,1580.7830732037105,4.0,22.96793556213379,joint_full,96
10000,0.0092,176.11297294740945,25408.385452579045,48268.44857276965,50025.532603043604,48262.72218541194,1.0072522159548751,0.4608,68.51126399999998,40.221817385173246,42.089,2.0,87,onoff,0.95,1580.7830732037105,4.0,22.96793556213379,cliffserve,96
10000,0.0148,176.98679195287414,25128.06286079743,47987.851966515074,49745.36907352357,47982.12108000804,1.01276078590237,0.0,68.52,35.29876969819728,37.32415,2.0,87,onoff,0.95,1580.7830732037105,8.0,45.93587112426758,dense,96
10000,0.0906,189.3437310813545,21440.466135637187,44300.727472623716,46057.302626802855,44295.01825350178,1.091703056768559,8.6976,68.35710799999998,36.82382150655021,38.783,2.0,87,onoff,0.95,1580.7830732037105,8.0,45.93587112426758,static_pomt,96
10000,0.031,179.55430278824,24320.32647582933,47180.20896423931,48937.59978604769,47174.50217217083,1.0282776349614395,2.304,68.47687999999998,37.542615424164524,39.474,2.0,87,onoff,0.95,1580.7830732037105,8.0,45.93587112426758,decoupled,96
10000,0.0914,189.4967694399314,21397.852903651634,44258.112411180875,46014.7388968944,44252.38989135399,1.0893246187363834,6.8352,68.39204,41.95483496732026,44.0635,2.0,87,onoff,0.95,1580.7830732037105,8.0,45.93587112426758,joint_full,96
10000,0.0914,189.4967694399314,21397.852903651634,44258.112411180875,46014.7388968944,44252.38989135399,1.0893246187363834,6.8352,68.39204,39.822952178649246,41.4785,2.0,87,onoff,0.95,1580.7830732037105,8.0,45.93587112426758,cliffserve,96
10000,0.0946,190.0241394886843,21251.367801474968,44111.773876611136,45868.389228286695,44106.05404285564,1.0950503723171265,0.0,68.52,35.3295964739378,37.321,2.0,87,onoff,0.95,1580.7830732037105,12.0,68.90380668640137,dense,96
10000,0.1234,195.72132329847926,19719.446972267055,42579.5123710717,44336.936603586604,42573.79321730984,1.1317338162064283,11.8464,68.29823599999999,36.50015052059755,38.924,2.0,87,onoff,0.95,1580.7830732037105,12.0,68.90380668640137,static_pomt,96
10000,0.1174,194.50232680992045,20039.99495701734,42900.15521046295,44657.475407581274,42894.43822979107,1.1204481792717087,9.2928,68.346392,37.34865949579832,39.5048,2.0,87,onoff,0.95,1580.7830732037105,12.0,68.90380668640137,decoupled,96
10000,0.1238,195.81169791312126,19695.76406245176,42556.04373129978,44313.311980786275,42550.31446248665,1.1286681715575622,9.9072,68.33496799999999,42.099149774266365,46.248999999999974,2.0,87,onoff,0.95,1580.7830732037105,12.0,68.90380668640137,joint_full,96
10000,0.1238,195.81169791312126,19695.76406245176,42556.04373129978,44313.311980786275,42550.31446248665,1.1286681715575622,9.9072,68.33496799999999,39.72095553047404,42.22,2.0,87,onoff,0.95,1580.7830732037105,12.0,68.90380668640137,cliffserve,96
10000,0.0002,174.94581965541278,25666.420285321823,48942.79726027825,50893.35851874374,48937.09573716499,1.000100010001,0.0,68.52,35.30831263126312,37.16,2.0,87,onoff,1.1,1830.380400551665,2.0,11.483967781066895,dense,96
10000,0.0002,174.93165368502164,25671.04914865648,48947.4261236129,50897.9873820784,48941.72460049965,1.000100010001,0.0192,68.51963799999999,36.874379437943794,39.1831,2.0,87,onoff,1.1,1830.380400551665,2.0,11.483967781066895,static_pomt,96
10000,0.0002,174.94581965541278,25666.420285321823,48942.79726027825,50893.35851874374,48937.09573716499,1.000100010001,0.0,68.52,37.60479267926793,39.544,2.0,87,onoff,1.1,1830.380400551665,2.0,11.483967781066895,decoupled,96
10000,0.0002,174.94581965541278,25666.420285321823,48942.79726027825,50893.35851874374,48937.09573716499,1.000100010001,0.0,68.52,42.0387296729673,43.653000000000006,2.0,87,onoff,1.1,1830.380400551665,2.0,11.483967781066895,joint_full,96
10000,0.0002,174.94581965541278,25666.420285321823,48942.79726027825,50893.35851874374,48937.09573716499,1.000100010001,0.0,68.52,40.26160626062606,42.1809,2.0,87,onoff,1.1,1830.380400551665,2.0,11.483967781066895,cliffserve,96
10000,0.0026,175.30709401565505,25549.047229863754,48825.412514346615,50775.97492277645,48819.70223278381,1.0023053021950485,0.0,68.52,35.5044152550867,37.480199999999996,2.0,87,onoff,1.1,1830.380400551665,4.0,22.96793556213379,dense,96
10000,0.0019,175.17789357225465,25591.107756473175,48867.44229597427,50817.97274196647,48861.72924649098,1.001602564102564,0.1728,68.51672599999998,36.76686999198717,39.033,2.0,87,onoff,1.1,1830.380400551665,4.0,22.96793556213379,static_pomt,96
10000,0.0103,176.2877806304008,25231.759712034393,48507.964587829665,50458.594621853634,48502.23561990078,1.0082677959265982,0.384,68.512744,37.64526073805202,39.495,2.0,87,onoff,1.1,1830.380400551665,4.0,22.96793556213379,decoupled,96
10000,0.0103,176.2877806304008,25231.759712034393,48507.964587829665,50458.594621853634,48502.23561990078,1.0082677959265982,0.384,68.512744,42.214928211332925,43.652,2.0,87,onoff,1.1,1830.380400551665,4.0,22.96793556213379,joint_full,96
10000,0.0103,176.2877806304008,25231.759712034393,48507.964587829665,50458.594621853634,48502.23561990078,1.0082677959265982,0.384,68.512744,40.08617906836056,41.297,2.0,87,onoff,1.1,1830.380400551665,4.0,22.96793556213379,cliffserve,96
10000,0.0155,177.08572987461199,24976.2157283365,48252.374182937696,50203.15313848953,48246.67775571163,1.0131712259371835,0.0,68.52,35.760742147923004,37.731,2.0,87,onoff,1.1,1830.380400551665,8.0,45.93587112426758,dense,96
10000,0.0211,178.03047262769206,24676.434242345444,47952.57373339512,49903.20610376858,47946.8767814336,1.0196798205363515,2.016,68.48208999999999,36.952052921382695,38.953,2.0,87,onoff,1.1,1830.380400551665,8.0,45.93587112426758,static_pomt,96
10000,0.0215,178.10301974000404,24653.539154106307,47929.70309493358,49880.33683042507,47923.991160629346,1.019367991845056,1.4592,68.49250399999998,37.50810907237512,39.339499999999994,2.0,87,onoff,1.1,1830.380400551665,8.0,45.93587112426758,decoupled,96
10000,0.0407,181.0741793409922,23732.655477815795,47008.56081809814,48959.41672737579,47002.85387906845,1.037344398340249,2.8416,68.46677599999998,42.05238558091287,43.512,2.0,87,onoff,1.1,1830.380400551665,8.0,45.93587112426758,joint_full,96
10000,0.0407,181.0741793409922,23732.655477815795,47008.56081809814,48959.41672737579,47002.85387906845,1.037344398340249,2.8416,68.46677599999998,39.84850529045643,42.12949999999999,2.0,87,onoff,1.1,1830.380400551665,8.0,45.93587112426758,cliffserve,96
10000,0.0423,181.2960298922862,23664.96111369775,46940.85725076068,48891.825237803794,46935.11066539157,1.0395010395010396,0.0,68.52,35.43015810810811,36.869499999999995,2.0,87,onoff,1.1,1830.380400551665,12.0,68.90380668640137,dense,96
10000,0.0511,182.8699781107005,23189.750056363693,46465.545490258715,48416.77741469883,46459.8398439584,1.0501995379122033,4.896,68.42822599999998,36.27643562276833,39.074,2.0,87,onoff,1.1,1830.380400551665,12.0,68.90380668640137,static_pomt,96
10000,0.0507,182.79994502592663,23210.80050945924,46486.544219254145,48438.060537710524,46480.8330783831,1.0481081647626036,3.9168,68.4466,37.286209202389685,39.164,2.0,87,onoff,1.1,1830.380400551665,12.0,68.90380668640137,decoupled,96
10000,0.0519,183.02721399870103,23142.84868503259,46418.52475368846,48370.06251795325,46412.827488134986,1.0495382031905962,4.0704,68.44378399999998,41.880639693534846,43.191,2.0,87,onoff,1.1,1830.380400551665,12.0,68.90380668640137,joint_full,96
10000,0.0519,183.02721399870103,23142.84868503259,46418.52475368846,48370.06251795325,46412.827488134986,1.0495382031905962,4.0704,68.44378399999998,39.95643041561713,41.929,2.0,87,onoff,1.1,1830.380400551665,12.0,68.90380668640137,cliffserve,96
10000,0.0007,174.9987676219108,18309.67968103211,35131.05176170131,36670.92286061927,35125.35451047679,1.0004001600640255,0.0,68.52,35.488438575430166,37.681,2.0,88,poisson,0.3,499.1946546959086,2.0,11.483967781066895,dense,96
10000,0.0002,174.91647710798148,18336.50820848267,35158.04900765677,36697.853865176876,35152.33410067817,1.0,0.0096,68.51982,37.284262399999996,39.314449999999994,2.0,88,poisson,0.3,499.1946546959086,2.0,11.483967781066895,static_pomt,96
10000,0.0007,174.9987676219108,18309.67968103211,35131.05176170131,36670.92286061927,35125.35451047679,1.0004001600640255,0.0,68.52,37.076314925970394,39.394,2.0,88,poisson,0.3,499.1946546959086,2.0,11.483967781066895,decoupled,96
10000,0.0007,174.9987676219108,18309.67968103211,35131.05176170131,36670.92286061927,35125.35451047679,1.0004001600640255,0.0,68.52,42.268640556222486,44.113,2.0,88,poisson,0.3,499.1946546959086,2.0,11.483967781066895,joint_full,96
10000,0.0007,174.9987676219108,18309.67968103211,35131.05176170131,36670.92286061927,35125.35451047679,1.0004001600640255,0.0,68.52,40.2371581632653,42.171749999999996,2.0,88,poisson,0.3,499.1946546959086,2.0,11.483967781066895,cliffserve,96
10000,1.0,497.00847353436683,9.740733398921293,13.903002555388321,15.498855480462845,8.07235142138743,2.8851702250432774,0.0,68.52,8.684383727639931,9.95875,2.0,88,poisson,0.3,499.1946546959086,4.0,22.96793556213379,dense,96
10000,0.0014,175.0638538881664,18288.382881133963,35109.86208763381,36649.62516194506,35104.15037732383,1.001001001001001,0.1248,68.51764399999999,36.31588968968969,39.154,2.0,88,poisson,0.3,499.1946546959086,4.0,22.96793556213379,static_pomt,96
10000,1.0,497.00847353436683,9.740733398921293,13.903002555388321,15.498855480462845,8.07235142138743,2.8851702250432774,0.0,68.52,11.545131563762263,12.834,2.0,88,poisson,0.3,499.1946546959086,4.0,22.96793556213379,decoupled,96
10000,1.0,497.00847353436683,9.740733398921293,13.903002555388321,15.498855480462845,8.07235142138743,2.8851702250432774,0.0,68.52,12.955837853433353,15.399,2.0,88,poisson,0.3,499.1946546959086,4.0,22.96793556213379,joint_full,96
10000,1.0,497.00847353436683,9.740733398921293,13.903002555388321,15.498855480462845,8.07235142138743,2.8851702250432774,0.0,68.52,9.362251875360647,11.011,2.0,88,poisson,0.3,499.1946546959086,4.0,22.96793556213379,cliffserve,96
10000,1.0,497.00847353436683,9.740733398921293,13.903002555388321,15.498855480462845,8.07235142138743,2.8851702250432774,0.0,68.52,8.753827466820542,10.049,2.0,88,poisson,0.3,499.1946546959086,8.0,45.93587112426758,dense,96
10000,1.0,496.83490785820027,18.113065534636917,24.972933289797695,27.555819116995497,14.747072845234287,5.0761421319796955,96.0,66.70562600000001,10.811004060913705,12.624,2.0,88,poisson,0.3,499.1946546959086,8.0,45.93587112426758,static_pomt,96
10000,1.0,497.00847353436683,9.740733398921293,13.903002555388321,15.498855480462845,8.07235142138743,2.8851702250432774,0.0,68.52,11.723285054818236,13.104,2.0,88,poisson,0.3,499.1946546959086,8.0,45.93587112426758,decoupled,96
10000,1.0,497.00847353436683,9.740733398921293,13.903002555388321,15.498855480462845,8.07235142138743,2.8851702250432774,0.0,68.52,12.932206289671091,15.399,2.0,88,poisson,0.3,499.1946546959086,8.0,45.93587112426758,joint_full,96
10000,1.0,497.00847353436683,9.740733398921293,13.903002555388321,15.498855480462845,8.07235142138743,2.8851702250432774,0.0,68.52,9.35798268897865,10.99075,2.0,88,poisson,0.3,499.1946546959086,8.0,45.93587112426758,cliffserve,96
10000,1.0,497.00847353436683,9.740733398921293,13.903002555388321,15.498855480462845,8.07235142138743,2.8851702250432774,0.0,68.52,8.72530294287363,10.039,2.0,88,poisson,0.3,499.1946546959086,12.0,68.90380668640137,dense,96
10000,1.0,496.83490785820027,18.113065534636917,24.972933289797695,27.555819116995497,14.747072845234287,5.0761421319796955,96.0,66.70562600000001,10.7539807106599,12.533,2.0,88,poisson,0.3,499.1946546959086,12.0,68.90380668640137,static_pomt,96
10000,1.0,497.00847353436683,9.740733398921293,13.903002555388321,15.498855480462845,8.07235142138743,2.8851702250432774,0.0,68.52,11.66988488170802,13.07175,2.0,88,poisson,0.3,499.1946546959086,12.0,68.90380668640137,decoupled,96
10000,1.0,497.00847353436683,9.740733398921293,13.903002555388321,15.498855480462845,8.07235142138743,2.8851702250432774,0.0,68.52,12.964891229082516,15.449,2.0,88,poisson,0.3,499.1946546959086,12.0,68.90380668640137,joint_full,96
10000,1.0,497.00847353436683,9.740733398921293,13.903002555388321,15.498855480462845,8.07235142138743,2.8851702250432774,0.0,68.52,9.351257645701097,10.97,2.0,88,poisson,0.3,499.1946546959086,12.0,68.90380668640137,cliffserve,96
10000,0.0009,175.04646998399463,23421.38435576817,44692.74575357566,46605.7127108892,44687.036771060324,1.0007004903432404,0.0,68.52,35.570340238166715,37.591,2.0,88,poisson,0.6,998.3893093918172,2.0,11.483967781066895,dense,96
10000,0.0001,174.91647710798148,23463.82776354214,44735.28535668979,46648.172598927835,44729.57044971118,1.0,0.0096,68.51982,36.3601696,38.954,2.0,88,poisson,0.6,998.3893093918172,2.0,11.483967781066895,static_pomt,96
10000,0.0009,175.04646998399463,23421.38435576817,44692.74575357566,46605.7127108892,44687.036771060324,1.0007004903432404,0.0,68.52,37.49277914540178,39.699,2.0,88,poisson,0.6,998.3893093918172,2.0,11.483967781066895,decoupled,96
10000,0.0009,175.04646998399463,23421.38435576817,44692.74575357566,46605.7127108892,44687.036771060324,1.0007004903432404,0.0,68.52,42.42223106174322,43.977,2.0,88,poisson,0.6,998.3893093918172,2.0,11.483967781066895,joint_full,96
10000,0.0009,175.04646998399463,23421.38435576817,44692.74575357566,46605.7127108892,44687.036771060324,1.0007004903432404,0.0,68.52,40.10151385970179,42.053,2.0,88,poisson,0.6,998.3893093918172,2.0,11.483967781066895,cliffserve,96
10000,0.1973,208.38134867500136,14282.816091315552,35553.80383900135,37467.15855613392,35548.10831905335,1.1971746677840296,0.0,68.52,34.55100849994014,37.7656,2.0,88,poisson,0.6,998.3893093918172,4.0,22.96793556213379,dense,96
10000,0.001,175.02506999534305,23428.369251474345,44699.73064928184,46612.69760659538,44694.0216667665,1.0007004903432404,0.0864,68.518372,36.964374562193534,39.123,2.0,88,poisson,0.6,998.3893093918172,4.0,22.96793556213379,static_pomt,96
10000,0.1973,208.38134867500136,14282.816091315552,35553.80383900135,37467.15855613392,35548.10831905335,1.1971746677840296,0.0,68.52,36.85083742368012,39.665,2.0,88,poisson,0.6,998.3893093918172,4.0,22.96793556213379,decoupled,96
10000,0.4269,269.27045406185937,3430.5634164657226,24702.462044884065,26615.664217398982,24696.719899298052,1.5644555694618272,2.1504,68.47923199999998,38.49865535043805,42.82045,2.0,88,poisson,0.6,998.3893093918172,4.0,22.96793556213379,joint_full,96
10000,0.4269,269.27045406185937,3430.5634164657226,24702.462044884065,26615.664217398982,24696.719899298052,1.5644555694618272,2.1504,68.47923199999998,37.10650312891114,41.939,2.0,88,poisson,0.6,998.3893093918172,4.0,22.96793556213379,cliffserve,96
10000,1.0,993.6635769032465,12.568261615695064,20.36619204563342,25.325645668066493,10.886430513288536,6.788866259334691,0.0,68.52,11.11121520706042,14.310999999999998,2.0,88,poisson,0.6,998.3893093918172,8.0,45.93587112426758,dense,96
10000,1.0,991.0902778347325,19.45797873016795,26.315580519605138,28.823172456817584,15.278831904113893,10.559662090813093,96.0,66.70486200000002,13.25877085533263,15.476299999999998,2.0,88,poisson,0.6,998.3893093918172,8.0,45.93587112426758,static_pomt,96
10000,1.0,992.7373714293009,12.443486053799006,18.475894345892943,22.14206474188987,10.39893586839375,6.6711140760507,8.6016,68.356928,14.16900266844563,18.066,2.0,88,poisson,0.6,998.3893093918172,8.0,45.93587112426758,decoupled,96
10000,1.0,992.7373714293009,12.443486053799006,18.475894345892943,22.14206474188987,10.39893586839375,6.6711140760507,8.6016,68.356928,17.364043362241496,23.026,2.0,88,poisson,0.6,998.3893093918172,8.0,45.93587112426758,joint_full,96
10000,1.0,992.7373714293009,12.443486053799006,18.475894345892943,22.14206474188987,10.39893586839375,6.6711140760507,8.6016,68.356928,12.172021347565044,13.435,2.0,88,poisson,0.6,998.3893093918172,8.0,45.93587112426758,cliffserve,96
10000,1.0,993.6635769032465,12.568261615695064,20.36619204563342,25.325645668066493,10.886430513288536,6.788866259334691,0.0,68.52,11.09998981670061,14.390999999999998,2.0,88,poisson,0.6,998.3893093918172,12.0,68.90380668640137,dense,96
10000,1.0,991.0902778347325,19.45797873016795,26.315580519605138,28.823172456817584,15.278831904113893,10.559662090813093,96.0,66.70486200000002,13.339653643083421,15.639,2.0,88,poisson,0.6,998.3893093918172,12.0,68.90380668640137,static_pomt,96
10000,1.0,992.7373714293009,12.443486053799006,18.475894345892943,22.14206474188987,10.39893586839375,6.6711140760507,8.6016,68.356928,14.255476317545032,16.967199999999913,2.0,88,poisson,0.6,998.3893093918172,12.0,68.90380668640137,decoupled,96
10000,1.0,992.7373714293009,12.443486053799006,18.475894345892943,22.14206474188987,10.39893586839375,6.6711140760507,8.6016,68.356928,17.441110073382255,21.257099999999983,2.0,88,poisson,0.6,998.3893093918172,12.0,68.90380668640137,joint_full,96
10000,1.0,992.7373714293009,12.443486053799006,18.475894345892943,22.14206474188987,10.39893586839375,6.6711140760507,8.6016,68.356928,12.224961974649768,14.414999999999992,2.0,88,poisson,0.6,998.3893093918172,12.0,68.90380668640137,cliffserve,96
10000,0.0005,174.98096455395407,24724.63800494717,47108.42955468392,49114.64582938076,47102.70295809006,1.000300090027008,0.0,68.52,35.607786135840755,37.15,2.0,88,poisson,0.8,1331.1857458557563,2.0,11.483967781066895,dense,96
10000,0.0001,174.91647710798148,24745.657652307018,47129.59444394802,49135.752282365575,47123.87953696942,1.0,0.0096,68.51982,35.9805072,38.59345,2.0,88,poisson,0.8,1331.1857458557563,2.0,11.483967781066895,static_pomt,96
10000,0.0005,174.98096455395407,24724.63800494717,47108.42955468392,49114.64582938076,47102.70295809006,1.000300090027008,0.0,68.52,37.508708612583774,39.324,2.0,88,poisson,0.8,1331.1857458557563,2.0,11.483967781066895,decoupled,96
10000,0.0005,174.98096455395407,24724.63800494717,47108.42955468392,49114.64582938076,47102.70295809006,1.000300090027008,0.0,68.52,42.15714454336301,44.033,2.0,88,poisson,0.8,1331.1857458557563,2.0,11.483967781066895,joint_full,96
10000,0.0005,174.98096455395407,24724.63800494717,47108.42955468392,49114.64582938076,47102.70295809006,1.000300090027008,0.0,68.52,40.23519935980794,42.060999999999986,2.0,88,poisson,0.8,1331.1857458557563,2.0,11.483967781066895,cliffserve,96
10000,0.0045,175.57442213193605,24531.49522202061,46915.30016310906,48921.5043685043,46909.60156620239,1.003814495081309,0.0,68.52,35.62802429231078,37.49954999999999,2.0,88,poisson,0.8,1331.1857458557563,4.0,22.96793556213379,dense,96
10000,0.0018,175.16152845885622,24665.66282146023,47049.546451074835,49055.66836609722,47043.82749095654,1.0015022533800702,0.1632,68.51690799999999,36.729897446169254,38.903800000000004,2.0,88,poisson,0.8,1331.1857458557563,4.0,22.96793556213379,static_pomt,96
10000,0.0045,175.57442213193605,24531.49522202061,46915.30016310906,48921.5043685043,46909.60156620239,1.003814495081309,0.0,68.52,37.251819012246536,39.28349999999999,2.0,88,poisson,0.8,1331.1857458557563,4.0,22.96793556213379,decoupled,96
10000,0.0045,175.57442213193605,24531.49522202061,46915.30016310906,48921.5043685043,46909.60156620239,1.003814495081309,0.0,68.52,42.36072475406545,44.033,2.0,88,poisson,0.8,1331.1857458557563,4.0,22.96793556213379,joint_full,96
10000,0.0045,175.57442213193605,24531.49522202061,46915.30016310906,48921.5043685043,46909.60156620239,1.003814495081309,0.0,68.52,40.03043284481028,41.49749999999999,2.0,88,poisson,0.8,1331.1857458557563,4.0,22.96793556213379,cliffserve,96
10000,1.0,1321.8009098214573,23.41616550070671,34.74006110413065,40.08435573001331,17.788621990057827,16.920473773265652,0.0,68.52,15.415715736040609,22.763,2.0,88,poisson,0.8,1331.1857458557563,8.0,45.93587112426758,dense,96
10000,1.0,1319.302185224026,20.049510841399524,26.893853137765834,29.643591052030164,14.771277268130095,15.128593040847202,96.0,66.704198,15.271835098335853,19.377,2.0,88,poisson,0.8,1331.1857458557563,8.0,45.93587112426758,static_pomt,96
10000,1.0,1321.5516136175438,17.519559825734063,25.084990638750885,27.35831841837276,13.315038349870289,12.468827930174564,67.5072,67.241528,17.20527306733167,23.131549999999997,2.0,88,poisson,0.8,1331.1857458557563,8.0,45.93587112426758,decoupled,96
10000,1.0,1321.5516136175438,17.519559825734063,25.084990638750885,27.35831841837276,13.315038349870289,12.468827930174564,67.5072,67.241528,21.431261845386533,29.003049999999998,2.0,88,poisson,0.8,1331.1857458557563,8.0,45.93587112426758,joint_full,96
10000,1.0,1321.5516136175438,17.519559825734063,25.084990638750885,27.35831841837276,13.315038349870289,12.468827930174564,67.5072,67.241528,15.382983790523689,22.191499999999998,2.0,88,poisson,0.8,1331.1857458557563,8.0,45.93587112426758,cliffserve,96
10000,1.0,1321.9368222299977,23.350731043361918,34.60377908786704,39.84492605828523,17.640237173430613,16.89189189189189,0.0,68.52,15.141682432432432,21.995949999999997,2.0,88,poisson,0.8,1331.1857458557563,12.0,68.90380668640137,dense,96
10000,1.0,1319.302185224026,20.049510841399524,26.893853137765834,29.643591052030164,14.771277268130095,15.128593040847202,96.0,66.704198,15.282093797276854,19.397,2.0,88,poisson,0.8,1331.1857458557563,12.0,68.90380668640137,static_pomt,96
10000,1.0,1321.5516136175438,17.519559825734063,25.084990638750885,27.35831841837276,13.315038349870289,12.468827930174564,67.5072,67.241528,17.121896508728177,23.0125,2.0,88,poisson,0.8,1331.1857458557563,12.0,68.90380668640137,decoupled,96
10000,1.0,1321.5516136175438,17.519559825734063,25.084990638750885,27.35831841837276,13.315038349870289,12.468827930174564,67.5072,67.241528,21.494872817955113,28.833,2.0,88,poisson,0.8,1331.1857458557563,12.0,68.90380668640137,joint_full,96
10000,1.0,1321.5516136175438,17.519559825734063,25.084990638750885,27.35831841837276,13.315038349870289,12.468827930174564,67.5072,67.241528,15.567655860349127,22.522,2.0,88,poisson,0.8,1331.1857458557563,12.0,68.90380668640137,cliffserve,96
10000,0.0005,174.98096455395404,25331.820583835794,48242.57596443781,50292.97304785124,48236.849367843955,1.000300090027008,0.0,68.52,35.67736741022307,37.52279999999999,2.0,88,poisson,0.95,1580.7830732037105,2.0,11.483967781066895,dense,96
10000,0.0001,174.91647710798145,25352.84023119564,48263.74085370192,50314.07950083605,48258.02594672331,1.0,0.0096,68.51982,37.033173100000006,38.943,2.0,88,poisson,0.95,1580.7830732037105,2.0,11.483967781066895,static_pomt,96
10000,0.0005,174.98096455395404,25331.820583835794,48242.57596443781,50292.97304785124,48236.849367843955,1.000300090027008,0.0,68.52,37.454159647894365,39.426799999999986,2.0,88,poisson,0.95,1580.7830732037105,2.0,11.483967781066895,decoupled,96
10000,0.0005,174.98096455395404,25331.820583835794,48242.57596443781,50292.97304785124,48236.849367843955,1.000300090027008,0.0,68.52,42.44758027408222,44.04419999999999,2.0,88,poisson,0.95,1580.7830732037105,2.0,11.483967781066895,joint_full,96
10000,0.0005,174.98096455395404,25331.820583835794,48242.57596443781,50292.97304785124,48236.849367843955,1.000300090027008,0.0,68.52,40.23591977593278,42.19,2.0,88,poisson,0.95,1580.7830732037105,2.0,11.483967781066895,cliffserve,96
10000,0.0037,175.46044794104722,25175.75280882473,48086.46250074991,50136.87586648814,48080.75120643267,1.0032102728731942,0.0,68.52,35.77301845906902,37.5475,2.0,88,poisson,0.95,1580.7830732037105,4.0,22.96793556213379,dense,96
10000,0.0018,175.16152845885617,25272.845400348855,48183.69286082873,50233.9955845677,48177.973900710436,1.0015022533800702,0.1632,68.51690799999999,36.787881121682524,38.9138,2.0,88,poisson,0.95,1580.7830732037105,4.0,22.96793556213379,static_pomt,96
10000,0.0041,175.53006308567768,25153.133689657403,48063.87141035685,50114.24783502928,48058.15593975672,1.0036130068245686,0.1536,68.51708799999999,37.56495453633079,39.55350000000001,2.0,88,poisson,0.95,1580.7830732037105,4.0,22.96793556213379,decoupled,96
10000,0.0049,175.6572985614818,25111.669530168725,48022.47756792197,50072.88607568613,48016.77219854483,1.004419445560466,0.3072,68.51417599999998,42.43929489754922,44.32625,2.0,88,poisson,0.95,1580.7830732037105,4.0,22.96793556213379,joint_full,96
10000,0.0049,175.6572985614818,25111.669530168725,48022.47756792197,50072.88607568613,48016.77219854483,1.004419445560466,0.3072,68.51417599999998,40.20102983125753,42.044,2.0,88,poisson,0.95,1580.7830732037105,4.0,22.96793556213379,cliffserve,96
10000,0.2277,218.82507317160642,13881.810329929544,36792.19426630625,38842.586708825744,36786.484810410824,1.2795905310300704,0.0,68.52,35.41206333973129,37.47369999999999,2.0,88,poisson,0.95,1580.7830732037105,8.0,45.93587112426758,dense,96
10000,1.0,1564.125219572422,21.434763505637925,28.928516234898595,32.219001081031706,15.287531590197247,19.53125,96.0,66.709134,17.479232421875,24.003,2.0,88,poisson,0.95,1580.7830732037105,8.0,45.93587112426758,static_pomt,96
10000,1.0,1567.6092616708172,20.671041851162045,28.557776426031815,31.66175839742176,14.859529018701926,18.69158878504673,91.1616,66.80018400000002,20.50397570093458,28.336299999999998,2.0,88,poisson,0.95,1580.7830732037105,8.0,45.93587112426758,decoupled,96
10000,1.0,1567.6092616708172,20.671041851162045,28.557776426031815,31.66175839742176,14.859529018701926,18.69158878504673,91.1616,66.80018400000002,25.66512897196262,35.3773,2.0,88,poisson,0.95,1580.7830732037105,8.0,45.93587112426758,joint_full,96
10000,1.0,1567.6092616708172,20.671041851162045,28.557776426031815,31.66175839742176,14.859529018701926,18.69158878504673,91.1616,66.80018400000002,19.334257943925238,28.544,2.0,88,poisson,0.95,1580.7830732037105,8.0,45.93587112426758,cliffserve,96
10000,0.4309,282.6588860072583,3559.4051590120325,26471.475483833638,28522.38160320632,26465.759178363172,1.7123287671232876,0.0,68.52,35.21869160958904,37.42005,2.0,88,poisson,0.95,1580.7830732037105,12.0,68.90380668640137,dense,96
10000,1.0,1564.125219572422,21.434763505637925,28.928516234898595,32.219001081031706,15.287531590197247,19.53125,96.0,66.709134,17.64090234375,23.938499999999998,2.0,88,poisson,0.95,1580.7830732037105,12.0,68.90380668640137,static_pomt,96
10000,1.0,1567.6092616708172,20.671041851162045,28.557776426031815,31.66175839742176,14.859529018701926,18.69158878504673,91.1616,66.80018400000002,20.46638691588785,28.2993,2.0,88,poisson,0.95,1580.7830732037105,12.0,68.90380668640137,decoupled,96
10000,1.0,1567.6092616708172,20.671041851162045,28.557776426031815,31.66175839742176,14.859529018701926,18.69158878504673,91.1616,66.80018400000002,25.71156635514019,35.2993,2.0,88,poisson,0.95,1580.7830732037105,12.0,68.90380668640137,joint_full,96
10000,1.0,1567.6092616708172,20.671041851162045,28.557776426031815,31.66175839742176,14.859529018701926,18.69158878504673,91.1616,66.80018400000002,19.316973831775698,28.593,2.0,88,poisson,0.95,1580.7830732037105,12.0,68.90380668640137,cliffserve,96
10000,0.0005,174.98096455395404,25773.4079139366,49067.409716986156,51149.93829764802,49061.6831203923,1.000300090027008,0.0,68.52,34.90180404121236,37.5402,2.0,88,poisson,1.1,1830.380400551665,2.0,11.483967781066895,dense,96
10000,0.0001,174.91647710798145,25794.42756129645,49088.57460625026,51171.044750632835,49082.859699271656,1.0,0.0096,68.51982,37.044002,39.304,2.0,88,poisson,1.1,1830.380400551665,2.0,11.483967781066895,static_pomt,96
10000,0.0005,174.98096455395404,25773.4079139366,49067.409716986156,51149.93829764802,49061.6831203923,1.000300090027008,0.0,68.52,36.92953275982795,39.474,2.0,88,poisson,1.1,1830.380400551665,2.0,11.483967781066895,decoupled,96
10000,0.0005,174.98096455395404,25773.4079139366,49067.409716986156,51149.93829764802,49061.6831203923,1.000300090027008,0.0,68.52,42.48740372111633,45.0952,2.0,88,poisson,1.1,1830.380400551665,2.0,11.483967781066895,joint_full,96
10000,0.0005,174.98096455395404,25773.4079139366,49067.409716986156,51149.93829764802,49061.6831203923,1.000300090027008,0.0,68.52,40.4274922476743,42.42199999999999,2.0,88,poisson,1.1,1830.380400551665,2.0,11.483967781066895,cliffserve,96
10000,0.0033,175.4071093650865,25634.586554779038,48928.6131397948,51011.11426741559,48922.83604845855,1.0029084344599337,0.0,68.52,35.569058068398355,37.47,2.0,88,poisson,1.1,1830.380400551665,4.0,22.96793556213379,dense,96
10000,0.0018,175.16152845885617,25714.432730449662,49008.52661337707,51090.96083436448,49002.80765325877,1.0015022533800702,0.1632,68.51690799999999,37.08121962944416,39.003,2.0,88,poisson,1.1,1830.380400551665,4.0,22.96793556213379,static_pomt,96
10000,0.0033,175.41076631029046,25633.398011459336,48927.424596475095,51009.92572409589,48921.64750513885,1.0029084344599337,0.1536,68.51708799999999,37.737773242402966,39.7645,2.0,88,poisson,1.1,1830.380400551665,4.0,22.96793556213379,decoupled,96
10000,0.0033,175.41076631029046,25633.398011459336,48927.424596475095,51009.92572409589,48921.64750513885,1.0029084344599337,0.1536,68.51708799999999,42.51955019556714,44.5235,2.0,88,poisson,1.1,1830.380400551665,4.0,22.96793556213379,joint_full,96
10000,0.0033,175.41076631029046,25633.398011459336,48927.424596475095,51009.92572409589,48921.64750513885,1.0029084344599337,0.1536,68.51708799999999,40.324776652291646,42.3595,2.0,88,poisson,1.1,1830.380400551665,4.0,22.96793556213379,cliffserve,96
10000,0.0209,178.1889253400538,24744.3183050289,48038.53005430553,50120.9629684015,48032.81918876025,1.0203040506070808,0.0,68.52,35.85442893582288,37.651,2.0,88,poisson,1.1,1830.380400551665,8.0,45.93587112426758,dense,96
10000,0.8826,861.5266118616536,25.688042293539866,3525.0930552229597,5608.187143826077,3519.4007142767623,6.609385327164573,84.72,66.935332,32.68229477858559,38.503,2.0,88,poisson,1.1,1830.380400551665,8.0,45.93587112426758,static_pomt,96
10000,0.4265,284.08297849252705,3824.1167576446364,27119.146833489867,29202.155947069718,27113.42693576667,1.6920473773265652,40.704,67.756752,37.207914720812184,39.525,2.0,88,poisson,1.1,1830.380400551665,8.0,45.93587112426758,decoupled,96
10000,0.4313,286.0959427694802,3576.0711729659865,26871.226995204423,28954.299785837724,26865.50931222293,1.7053206002728514,41.088,67.74970400000001,41.58527216916781,43.361850000000004,2.0,88,poisson,1.1,1830.380400551665,8.0,45.93587112426758,joint_full,96
10000,0.4313,286.0959427694802,3576.0711729659865,26871.226995204423,28954.299785837724,26865.50931222293,1.7053206002728514,41.088,67.74970400000001,39.65076415416098,42.13,2.0,88,poisson,1.1,1830.380400551665,8.0,45.93587112426758,cliffserve,96
10000,0.0913,190.32190622016935,21167.203484071717,44460.62053353641,46543.448440365384,44454.90271251056,1.0970927043335161,0.0,68.52,35.05233417443774,37.33,2.0,88,poisson,1.1,1830.380400551665,12.0,68.90380668640137,dense,96
10000,1.0,1807.1636770179628,24.69148410156339,37.05288719634475,45.26750121818779,18.746114862053922,26.595744680851062,96.0,66.72419000000001,21.123736702127662,26.63025,2.0,88,poisson,1.1,1830.380400551665,12.0,68.90380668640137,static_pomt,96
10000,1.0,1812.4750688173115,24.62533117691885,36.904043876702914,45.396576591854114,18.496538045074413,26.455026455026456,95.616,66.73080800000001,24.318955026455022,34.4655,2.0,88,poisson,1.1,1830.380400551665,12.0,68.90380668640137,decoupled,96
10000,1.0,1812.4750688173115,24.62533117691885,36.904043876702914,45.396576591854114,18.496538045074413,26.455026455026456,95.616,66.73080800000001,30.785690476190474,41.59264999999999,2.0,88,poisson,1.1,1830.380400551665,12.0,68.90380668640137,joint_full,96
10000,1.0,1812.4750688173115,24.62533117691885,36.904043876702914,45.396576591854114,18.496538045074413,26.455026455026456,95.616,66.73080800000001,24.217555555555553,32.82724999999994,2.0,88,poisson,1.1,1830.380400551665,12.0,68.90380668640137,cliffserve,96
10000,0.0002,174.94609706920585,19532.07303227069,36561.48445448424,38060.87682706841,36555.70685116793,1.000100010001,0.0,68.52,35.551743274327436,37.361,2.0,88,onoff,0.3,499.1946546959086,2.0,11.483967781066895,dense,96
10000,0.0002,174.93198118980126,19536.68551195743,36566.09693417098,38065.489306755146,36560.31933085467,1.000100010001,0.0192,68.51963799999999,36.92869296929693,39.1849,2.0,88,onoff,0.3,499.1946546959086,2.0,11.483967781066895,static_pomt,96
10000,0.0002,174.94609706920585,19532.07303227069,36561.48445448424,38060.87682706841,36555.70685116793,1.000100010001,0.0,68.52,37.695623762376236,39.815,2.0,88,onoff,0.3,499.1946546959086,2.0,11.483967781066895,decoupled,96
10000,0.0002,174.94609706920585,19532.07303227069,36561.48445448424,38060.87682706841,36555.70685116793,1.000100010001,0.0,68.52,42.16386668666867,44.163,2.0,88,onoff,0.3,499.1946546959086,2.0,11.483967781066895,joint_full,96
10000,0.0002,174.94609706920585,19532.07303227069,36561.48445448424,38060.87682706841,36555.70685116793,1.000100010001,0.0,68.52,40.26584268426843,42.1591,2.0,88,onoff,0.3,499.1946546959086,2.0,11.483967781066895,cliffserve,96
10000,0.3937,238.47347411163187,4304.414136339405,21333.90896965048,22833.512094998394,21328.212564716552,1.4297969688304262,0.0,68.52,31.99038590220189,37.3535,2.0,88,onoff,0.3,499.1946546959086,4.0,22.96793556213379,dense,96
10000,0.0052,175.48548976817557,19356.371315466535,36385.701904101974,37885.13546908421,36379.98289632381,1.0040160642570282,0.4704,68.51111599999999,36.14870351405622,38.813,2.0,88,onoff,0.3,499.1946546959086,4.0,22.96793556213379,static_pomt,96
10000,0.3937,238.47347411163187,4304.414136339405,21333.90896965048,22833.512094998394,21328.212564716552,1.4297969688304262,0.1536,68.51708799999999,34.09381627108951,39.314,2.0,88,onoff,0.3,499.1946546959086,4.0,22.96793556213379,decoupled,96
10000,0.4152,244.2283808144471,3316.336219992747,20346.016475938904,21845.537083805964,20340.27702803527,1.4677821811243212,0.3072,68.51417599999998,38.07605944517833,43.766999999999996,2.0,88,onoff,0.3,499.1946546959086,4.0,22.96793556213379,joint_full,96
10000,0.4152,244.2283808144471,3316.336219992747,20346.016475938904,21845.537083805964,20340.27702803527,1.4677821811243212,0.3072,68.51417599999998,35.074762512843094,40.847,2.0,88,onoff,0.3,499.1946546959086,4.0,22.96793556213379,cliffserve,96
10000,1.0,536.0248038921005,11.126099448005334,16.547787613299985,20.176488784385313,9.409082101103715,4.221190375685944,0.0,68.52,9.454126213592234,11.943,2.0,88,onoff,0.3,499.1946546959086,8.0,45.93587112426758,dense,96
10000,1.0,535.2756984444658,18.972058153761964,26.17929880251876,28.885074713214095,15.502507892282186,6.191950464396285,96.0,66.70669000000001,10.926407430340555,15.6593,2.0,88,onoff,0.3,499.1946546959086,8.0,45.93587112426758,static_pomt,96
10000,1.0,536.0255752922856,11.115649100978317,16.234504665019767,19.009432666574213,9.302637295952035,4.2158516020236085,2.1504,68.47923199999998,12.448050168634065,15.249,2.0,88,onoff,0.3,499.1946546959086,8.0,45.93587112426758,decoupled,96
10000,1.0,536.0255752922856,11.115649100978317,16.234504665019767,19.009432666574213,9.302637295952035,4.2158516020236085,2.1504,68.47923199999998,14.14889333895447,18.986,2.0,88,onoff,0.3,499.1946546959086,8.0,45.93587112426758,joint_full,96
10000,1.0,536.0255752922856,11.115649100978317,16.234504665019767,19.009432666574213,9.302637295952035,4.2158516020236085,2.1504,68.47923199999998,10.068266863406409,13.199499999999999,2.0,88,onoff,0.3,499.1946546959086,8.0,45.93587112426758,cliffserve,96
10000,1.0,536.0248038921005,11.126099448005334,16.547787613299985,20.176488784385313,9.409082101103715,4.221190375685944,0.0,68.52,9.379823132123258,11.892,2.0,88,onoff,0.3,499.1946546959086,12.0,68.90380668640137,dense,96
10000,1.0,535.2756984444658,18.972058153761964,26.17929880251876,28.885074713214095,15.502507892282186,6.191950464396285,96.0,66.70669000000001,10.84330216718266,15.5527,2.0,88,onoff,0.3,499.1946546959086,12.0,68.90380668640137,static_pomt,96
10000,1.0,536.0255752922856,11.115649100978317,16.234504665019767,19.009432666574213,9.302637295952035,4.2158516020236085,2.1504,68.47923199999998,12.448965008431703,15.239,2.0,88,onoff,0.3,499.1946546959086,12.0,68.90380668640137,decoupled,96
10000,1.0,536.0255752922856,11.115649100978317,16.234504665019767,19.009432666574213,9.302637295952035,4.2158516020236085,2.1504,68.47923199999998,14.106764333895448,18.866,2.0,88,onoff,0.3,499.1946546959086,12.0,68.90380668640137,joint_full,96
10000,1.0,536.0255752922856,11.115649100978317,16.234504665019767,19.009432666574213,9.302637295952035,4.2158516020236085,2.1504,68.47923199999998,10.02727023608769,13.205,2.0,88,onoff,0.3,499.1946546959086,12.0,68.90380668640137,cliffserve,96
10000,0.0004,174.98114395408197,23004.581316895797,44030.35633347181,46078.59829364455,44024.629736877956,1.000300090027008,0.0,68.52,35.06665949784936,37.431,2.0,88,onoff,0.6,998.3893093918172,2.0,11.483967781066895,dense,96
10000,0.0004,174.96711832373487,23009.162468858078,44034.93748543409,46083.17944560683,44029.210888840236,1.000300090027008,0.0384,68.519272,37.04145083525058,39.074,2.0,88,onoff,0.6,998.3893093918172,2.0,11.483967781066895,static_pomt,96
10000,0.0004,174.98114395408197,23004.581316895797,44030.35633347181,46078.59829364455,44024.629736877956,1.000300090027008,0.0,68.52,37.74695018505552,39.775,2.0,88,onoff,0.6,998.3893093918172,2.0,11.483967781066895,decoupled,96
10000,0.0004,174.98114395408197,23004.581316895797,44030.35633347181,46078.59829364455,44024.629736877956,1.000300090027008,0.0,68.52,42.082955486646,43.612,2.0,88,onoff,0.6,998.3893093918172,2.0,11.483967781066895,joint_full,96
10000,0.0004,174.98114395408197,23004.581316895797,44030.35633347181,46078.59829364455,44024.629736877956,1.000300090027008,0.0,68.52,40.181910273081925,42.1792,2.0,88,onoff,0.6,998.3893093918172,2.0,11.483967781066895,cliffserve,96
10000,0.004,175.5135372367276,22831.319798178985,43857.04175179151,45905.276311904556,43851.34493086485,1.0035122930255895,0.0,68.52,35.2748736578023,37.13,2.0,88,onoff,0.6,998.3893093918172,4.0,22.96793556213379,dense,96
10000,0.0021,175.21237387221038,22929.10594219716,43954.97595491556,46003.13014528907,43949.241807891405,1.0018032458425166,0.192,68.51635999999999,36.906893207774,39.083,2.0,88,onoff,0.6,998.3893093918172,4.0,22.96793556213379,static_pomt,96
10000,0.004,175.5171986210108,22830.131254859283,43855.85320847181,45904.08776858485,43850.15638754515,1.0035122930255895,0.1536,68.51708799999999,37.16037732062218,39.585,2.0,88,onoff,0.6,998.3893093918172,4.0,22.96793556213379,decoupled,96
10000,0.0048,175.6445429915737,22788.659143395736,43814.47491631655,45862.71636204398,43808.762545110265,1.0043185698503565,0.3072,68.51417599999998,41.98062769910616,43.90419999999999,2.0,88,onoff,0.6,998.3893093918172,4.0,22.96793556213379,joint_full,96
10000,0.0048,175.6445429915737,22788.659143395736,43814.47491631655,45862.71636204398,43808.762545110265,1.0043185698503565,0.3072,68.51417599999998,39.74742733755147,41.56019999999999,2.0,88,onoff,0.6,998.3893093918172,4.0,22.96793556213379,cliffserve,96
10000,0.0854,185.9358681402022,19637.853358587978,40663.384147087054,42711.782981015254,40657.64276959034,1.073998496402105,0.0,68.52,34.854663408871225,37.12,2.0,88,onoff,0.6,998.3893093918172,8.0,45.93587112426758,dense,96
10000,0.8427,538.9046331672973,23.080131735417012,5437.093291475228,7486.114754945777,5431.383483507089,4.187604690117253,80.8992,66.99932000000001,28.00780318257956,38.112,2.0,88,onoff,0.6,998.3893093918172,8.0,45.93587112426758,static_pomt,96
10000,0.8424,538.5499311387646,22.06571570583924,5449.772460224084,7498.116141507171,5444.068788196496,3.7965072133637054,63.36,67.329192,27.361088458618074,37.27035,2.0,88,onoff,0.6,998.3893093918172,8.0,45.93587112426758,decoupled,96
10000,0.8484,547.5477937716603,22.06571570583924,5144.528088881425,7193.105014512084,5138.8390602845475,3.880481179666279,63.8976,67.31899200000001,30.78783701979045,42.622,2.0,88,onoff,0.6,998.3893093918172,8.0,45.93587112426758,joint_full,96
10000,0.8484,547.5477937716603,22.06571570583924,5144.528088881425,7193.105014512084,5138.8390602845475,3.880481179666279,63.8976,67.31899200000001,28.010890570430735,40.9918,2.0,88,onoff,0.6,998.3893093918172,8.0,45.93587112426758,cliffserve,96
10000,0.831,521.0980309733014,34.28612614324629,6071.478259064607,8120.060811302207,6065.766963102274,3.837298541826554,0.0,68.52,26.409425172678436,36.719,2.0,88,onoff,0.6,998.3893093918172,12.0,68.90380668640137,dense,96
10000,1.0,943.8282495702355,22.15644629834901,33.91618716375169,43.138259715190074,17.487694303915813,11.273957158962796,96.0,66.71635000000002,13.197532130777903,23.4647,2.0,88,onoff,0.6,998.3893093918172,12.0,68.90380668640137,static_pomt,96
10000,1.0,943.8310493490222,21.104006034048325,33.3952590394439,42.517647914086005,17.082550643116473,8.741258741258742,77.568,67.06313600000001,14.497445804195806,28.0,2.0,88,onoff,0.6,998.3893093918172,12.0,68.90380668640137,decoupled,96
10000,1.0,943.8310493490222,21.104006034048325,33.3952590394439,42.517647914086005,17.082550643116473,8.741258741258742,77.568,67.06313600000001,16.575541958041956,35.427,2.0,88,onoff,0.6,998.3893093918172,12.0,68.90380668640137,joint_full,96
10000,1.0,943.8310493490222,21.104006034048325,33.3952590394439,42.517647914086005,17.082550643116473,8.741258741258742,77.568,67.06313600000001,12.440124999999998,28.6125,2.0,88,onoff,0.6,998.3893093918172,12.0,68.90380668640137,cliffserve,96
10000,0.0004,174.98114395408197,24474.34196030422,47675.2005300626,49756.07750535162,47669.47393346874,1.000300090027008,0.0,68.52,34.707790137041115,37.079,2.0,88,onoff,0.8,1331.1857458557563,2.0,11.483967781066895,dense,96
10000,0.0004,174.96711832373487,24478.9231122665,47679.78168202488,49760.6586573139,47674.05508543102,1.000300090027008,0.0384,68.519272,37.02570211063319,38.83579999999999,2.0,88,onoff,0.8,1331.1857458557563,2.0,11.483967781066895,static_pomt,96
10000,0.0004,174.98114395408197,24474.34196030422,47675.2005300626,49756.07750535162,47669.47393346874,1.000300090027008,0.0,68.52,37.32196268880664,39.304,2.0,88,onoff,0.8,1331.1857458557563,2.0,11.483967781066895,decoupled,96
10000,0.0004,174.98114395408197,24474.34196030422,47675.2005300626,49756.07750535162,47669.47393346874,1.000300090027008,0.0,68.52,42.22212913874162,44.2132,2.0,88,onoff,0.8,1331.1857458557563,2.0,11.483967781066895,joint_full,96
10000,0.0004,174.98114395408197,24474.34196030422,47675.2005300626,49756.07750535162,47669.47393346874,1.000300090027008,0.0,68.52,40.200810743222966,41.5182,2.0,88,onoff,0.8,1331.1857458557563,2.0,11.483967781066895,cliffserve,96
10000,0.0028,175.34149701317494,24356.900104873617,47557.8078408107,49638.64521280439,47552.07834333031,1.0025062656641603,0.0,68.52,35.59510887218045,37.4,2.0,88,onoff,0.8,1331.1857458557563,4.0,22.96793556213379,dense,96
10000,0.0021,175.21237387221038,24398.86658560558,47599.82015150635,49680.60935699613,47594.0860044822,1.0018032458425166,0.192,68.51635999999999,36.85004317771989,38.923,2.0,88,onoff,0.8,1331.1857458557563,4.0,22.96793556213379,static_pomt,96
10000,0.0032,175.39804277768397,24338.49533783718,47539.37580014316,49620.24576232584,47533.67041758148,1.0028078620136383,0.1536,68.51708799999999,37.42607972322503,39.354,2.0,88,onoff,0.8,1331.1857458557563,4.0,22.96793556213379,decoupled,96
10000,0.0032,175.39804277768397,24338.49533783718,47539.37580014316,49620.24576232584,47533.67041758148,1.0028078620136383,0.1536,68.51708799999999,42.155161050942645,43.62694999999999,2.0,88,onoff,0.8,1331.1857458557563,4.0,22.96793556213379,joint_full,96
10000,0.0032,175.39804277768397,24338.49533783718,47539.37580014316,49620.24576232584,47533.67041758148,1.0028078620136383,0.1536,68.51708799999999,40.294481147212196,41.969,2.0,88,onoff,0.8,1331.1857458557563,4.0,22.96793556213379,cliffserve,96
10000,0.0216,178.28248835861658,23415.827549331625,46616.912181483196,48697.64462165506,46611.18322306721,1.0207206287639072,0.0,68.52,35.35429784627947,37.13,2.0,88,onoff,0.8,1331.1857458557563,8.0,45.93587112426758,dense,96
10000,0.0875,188.1478586006843,20475.288455216203,43675.66863783336,45756.820103669554,43669.960177097084,1.0860121633362294,8.4,68.362996,36.343186033883576,38.78365,2.0,88,onoff,0.8,1331.1857458557563,8.0,45.93587112426758,static_pomt,96
10000,0.0851,187.6888086913983,20605.50248751744,43806.142459410716,45887.1107122037,43800.42459051042,1.080146899978397,6.4512,68.399424,37.06977910995896,38.88315,2.0,88,onoff,0.8,1331.1857458557563,8.0,45.93587112426758,decoupled,96
10000,0.1189,193.84838559336026,18912.15851345417,42112.27944740933,44194.06525980219,42106.57851934117,1.1188185276348177,9.216,68.347968,41.62299742671738,43.993,2.0,88,onoff,0.8,1331.1857458557563,8.0,45.93587112426758,joint_full,96
10000,0.1189,193.84838559336026,18912.15851345417,42112.27944740933,44194.06525980219,42106.57851934117,1.1188185276348177,9.216,68.347968,39.49992336093086,42.049,2.0,88,onoff,0.8,1331.1857458557563,8.0,45.93587112426758,cliffserve,96
10000,0.0855,187.6877381252638,20605.680890418134,43806.22667493253,45887.332538161,43800.50209562211,1.0816657652785289,0.0,68.52,35.13322444564629,36.65619999999999,2.0,88,onoff,0.8,1331.1857458557563,12.0,68.90380668640137,dense,96
10000,0.5448,329.2372058012534,54.50729737322149,20899.43662587024,22980.460760811966,20893.72573290683,2.057189878625797,52.3008,67.54181399999999,35.372819378728664,37.4,2.0,88,onoff,0.8,1331.1857458557563,12.0,68.90380668640137,static_pomt,96
10000,0.529,320.3443313558651,54.45873752817374,21742.41993798764,23823.5723034725,21736.700880594566,1.9527436047646944,44.16,67.69391199999998,35.73906151142355,39.454,2.0,88,onoff,0.8,1331.1857458557563,12.0,68.90380668640137,decoupled,96
10000,0.5442,328.8849862292225,54.08926349209037,20931.719405765845,23012.91968870257,20926.033351464583,2.013693113169553,45.5424,67.66824799999999,40.29522573499799,43.873,2.0,88,onoff,0.8,1331.1857458557563,12.0,68.90380668640137,joint_full,96
10000,0.5442,328.8849862292225,54.08926349209037,20931.719405765845,23012.91968870257,20926.033351464583,2.013693113169553,45.5424,67.66824799999999,37.78611115585985,41.13225,2.0,88,onoff,0.8,1331.1857458557563,12.0,68.90380668640137,cliffserve,96
10000,0.0008,175.0468019879804,24660.675266547936,47974.14825725762,49897.65179137879,47968.43927474228,1.0007004903432404,0.0,68.52,35.572746322425694,37.37,2.0,88,onoff,0.95,1580.7830732037105,2.0,11.483967781066895,dense,96
10000,0.0008,175.03711376807792,24663.837250514764,47977.31024122445,49900.81377534562,47971.60125870911,1.0007004903432404,0.0768,68.51855199999999,37.05631091764235,38.943,2.0,88,onoff,0.95,1580.7830732037105,2.0,11.483967781066895,static_pomt,96
10000,0.0008,175.0468019879804,24660.675266547936,47974.14825725762,49897.65179137879,47968.43927474228,1.0007004903432404,0.0,68.52,37.57516271389973,39.354,2.0,88,onoff,0.95,1580.7830732037105,2.0,11.483967781066895,decoupled,96
10000,0.0008,175.0468019879804,24660.675266547936,47974.14825725762,49897.65179137879,47968.43927474228,1.0007004903432404,0.0,68.52,42.3737563294306,43.782,2.0,88,onoff,0.95,1580.7830732037105,2.0,11.483967781066895,joint_full,96
10000,0.0008,175.0468019879804,24660.675266547936,47974.14825725762,49897.65179137879,47968.43927474228,1.0007004903432404,0.0,68.52,40.17068267787452,41.568,2.0,88,onoff,0.95,1580.7830732037105,2.0,11.483967781066895,cliffserve,96
10000,0.0032,175.40740936296083,24543.28851537301,47856.7372414848,49780.19204376869,47850.96015014855,1.0029084344599337,0.0,68.52,35.539961588606964,37.7765,2.0,88,onoff,0.95,1580.7830732037105,4.0,22.96793556213379,dense,96
10000,0.0025,175.2825932514307,24583.830707832116,47897.336621310395,49820.73171055012,47891.626339747585,1.0022048506714774,0.2304,68.51563999999999,36.990517839246344,39.204,2.0,88,onoff,0.95,1580.7830732037105,4.0,22.96793556213379,static_pomt,96
10000,0.0032,175.41106632067383,24542.099972053307,47855.5486981651,49779.00350044899,47849.77160682885,1.0029084344599337,0.1536,68.51708799999999,37.577714070805335,39.514,2.0,88,onoff,0.95,1580.7830732037105,4.0,22.96793556213379,decoupled,96
10000,0.0032,175.41106632067383,24542.099972053307,47855.5486981651,49779.00350044899,47849.77160682885,1.0029084344599337,0.1536,68.51708799999999,42.18077785578178,44.373,2.0,88,onoff,0.95,1580.7830732037105,4.0,22.96793556213379,joint_full,96
10000,0.0032,175.41106632067383,24542.099972053307,47855.5486981651,49779.00350044899,47849.77160682885,1.0029084344599337,0.1536,68.51708799999999,39.889940828402366,41.548,2.0,88,onoff,0.95,1580.7830732037105,4.0,22.96793556213379,cliffserve,96
10000,0.02,178.04029974433396,23699.99215035035,47013.5369583389,48936.9033465498,47007.83900959698,1.0192640913260627,0.0,68.52,35.33793334012843,37.0345,2.0,88,onoff,0.95,1580.7830732037105,8.0,45.93587112426758,dense,96
10000,0.0272,179.25501671143718,23319.647214694756,46632.93107078282,48556.61490248375,46627.231149270214,1.0266940451745379,2.6112,68.471144,37.06289887063655,39.054449999999996,2.0,88,onoff,0.95,1580.7830732037105,8.0,45.93587112426758,static_pomt,96
10000,0.0242,178.75379851887945,23476.011596243065,46789.33432409626,48712.88824376411,46783.609133909755,1.0232272587741738,1.92,68.48413599999999,37.55640427708994,39.414,2.0,88,onoff,0.95,1580.7830732037105,8.0,45.93587112426758,decoupled,96
10000,0.0278,179.35604269730945,23288.375982801597,46601.654453538475,48525.28750574417,46595.964768837504,1.0269049086054631,2.2272,68.47840799999999,42.28629893201889,44.25315,2.0,88,onoff,0.95,1580.7830732037105,8.0,45.93587112426758,joint_full,96
10000,0.0278,179.35604269730945,23288.375982801597,46601.654453538475,48525.28750574417,46595.964768837504,1.0269049086054631,2.2272,68.47840799999999,39.92326843294311,41.518,2.0,88,onoff,0.95,1580.7830732037105,8.0,45.93587112426758,cliffserve,96
10000,0.03,179.6583627497621,23194.721517368096,46508.05868361203,48431.58682405644,46502.333565427936,1.029336078229542,0.0,68.52,35.61203211528564,37.621,2.0,88,onoff,0.95,1580.7830732037105,12.0,68.90380668640137,dense,96
10000,0.0496,183.12359166201492,22140.59953884675,45454.066153218424,47377.93315148049,45448.327286173975,1.0505305179115454,4.7616,68.43101599999999,37.14581510662886,39.243100000000005,2.0,88,onoff,0.95,1580.7830732037105,12.0,68.90380668640137,static_pomt,96
10000,0.047,182.64243523390445,22284.5586128637,45598.2384975658,47521.96174885578,45592.50707197052,1.0471204188481675,4.0704,68.443976,37.58821214659686,39.42949999999999,2.0,88,onoff,0.95,1580.7830732037105,12.0,68.90380668640137,decoupled,96
10000,0.0514,183.4374462218213,22047.25360635964,45360.69948510986,47284.5789904005,45354.983337806276,1.0520778537611783,4.5312,68.4354,42.32612435560232,43.90019999999999,2.0,88,onoff,0.95,1580.7830732037105,12.0,68.90380668640137,joint_full,96
10000,0.0514,183.4374462218213,22047.25360635964,45360.69948510986,47284.5789904005,45354.983337806276,1.0520778537611783,4.5312,68.4354,40.30814592319832,42.13719999999999,2.0,88,onoff,0.95,1580.7830732037105,12.0,68.90380668640137,cliffserve,96
10000,0.0008,175.0468019879804,25668.05716927188,49094.388991979,51261.57361060119,49088.680009463664,1.0007004903432404,0.0,68.52,35.3515440808566,37.24,2.0,88,onoff,1.1,1830.380400551665,2.0,11.483967781066895,dense,96
10000,0.0008,175.03711376807792,25671.219153238708,49097.55097594583,51264.73559456802,49091.84199343049,1.0007004903432404,0.0768,68.51855199999999,37.05155418793156,39.014,2.0,88,onoff,1.1,1830.380400551665,2.0,11.483967781066895,static_pomt,96
10000,0.0008,175.0468019879804,25668.05716927188,49094.388991979,51261.57361060119,49088.680009463664,1.0007004903432404,0.0,68.52,37.60069438607025,39.454,2.0,88,onoff,1.1,1830.380400551665,2.0,11.483967781066895,decoupled,96
10000,0.0008,175.0468019879804,25668.05716927188,49094.388991979,51261.57361060119,49088.680009463664,1.0007004903432404,0.0,68.52,42.36835664965476,44.367999999999995,2.0,88,onoff,1.1,1830.380400551665,2.0,11.483967781066895,joint_full,96
10000,0.0008,175.0468019879804,25668.05716927188,49094.388991979,51261.57361060119,49088.680009463664,1.0007004903432404,0.0,68.52,39.77837456219354,40.8264,2.0,88,onoff,1.1,1830.380400551665,2.0,11.483967781066895,cliffserve,96
10000,0.0032,175.40740936296083,25550.670418096954,48976.97797620618,51144.11386299109,48971.20088486993,1.0029084344599337,0.0,68.52,35.55942733928392,37.39,2.0,88,onoff,1.1,1830.380400551665,4.0,22.96793556213379,dense,96
10000,0.0024,175.2825932514307,25591.21261055606,49017.577356031776,51184.65352977252,49011.867074468966,1.0022048506714774,0.2304,68.51563999999999,36.82805271597515,38.73215,2.0,88,onoff,1.1,1830.380400551665,4.0,22.96793556213379,static_pomt,96
10000,0.0032,175.41106632067383,25549.48187477725,48975.78943288648,51142.92531967139,48970.01234155023,1.0029084344599337,0.1536,68.51708799999999,37.55070434259353,39.429,2.0,88,onoff,1.1,1830.380400551665,4.0,22.96793556213379,decoupled,96
10000,0.004,175.54564596120272,25505.804866625243,48932.08313637102,51099.24828518367,48926.37373800599,1.003713740841112,0.2304,68.51565599999998,42.01275629830373,43.91089999999999,2.0,88,onoff,1.1,1830.380400551665,4.0,22.96793556213379,joint_full,96
10000,0.004,175.54564596120272,25505.804866625243,48932.08313637102,51099.24828518367,48926.37373800599,1.003713740841112,0.2304,68.51565599999998,40.16768061828767,42.269,2.0,88,onoff,1.1,1830.380400551665,4.0,22.96793556213379,cliffserve,96
10000,0.0096,176.41343009697752,25225.508932186538,48651.901903727885,50819.12853157496,48646.18567495668,1.0091835704914724,0.0,68.52,35.19804258754668,37.5264,2.0,88,onoff,1.1,1830.380400551665,8.0,45.93587112426758,dense,96
10000,0.0105,176.56151262947103,25178.035219026977,48604.43579163873,50771.61038532233,48598.71579184854,1.0101010101010102,1.008,68.501124,37.042961717171714,39.093,2.0,88,onoff,1.1,1830.380400551665,8.0,45.93587112426758,static_pomt,96
10000,0.0429,180.73639758919518,23869.681085332777,47296.09773334107,49463.488461301065,47290.393175040095,1.0355182768975872,2.4576,68.47385599999998,37.268930102516315,39.444,2.0,88,onoff,1.1,1830.380400551665,8.0,45.93587112426758,decoupled,96
10000,0.0445,181.01585321215427,23784.138093694593,47210.7242023333,49378.07182660791,47205.017056952325,1.0372368011617052,2.5344,68.472472,42.34449133907271,44.573,2.0,88,onoff,1.1,1830.380400551665,8.0,45.93587112426758,joint_full,96
10000,0.0445,181.01585321215427,23784.138093694593,47210.7242023333,49378.07182660791,47205.017056952325,1.0372368011617052,2.5344,68.472472,39.881101026864435,41.819,2.0,88,onoff,1.1,1830.380400551665,8.0,45.93587112426758,cliffserve,96
10000,0.0477,181.52082730993016,23630.41046284094,47056.863576327174,49224.42334159586,47051.14873331627,1.0412328196584757,0.0,68.52,34.99888900458142,37.468650000000004,2.0,88,onoff,1.1,1830.380400551665,12.0,68.90380668640137,dense,96
10000,0.059,183.52854342887153,23027.7410596653,46454.04411214022,48621.45835693161,46448.34211061625,1.0561892691170258,5.6544,68.41408599999998,36.75345701309674,38.72265,2.0,88,onoff,1.1,1830.380400551665,12.0,68.90380668640137,static_pomt,96
10000,0.0577,183.30063759856583,23095.358704074766,46521.64217947563,48689.21302694056,46515.92565330109,1.0513036164844407,3.84,68.44806399999999,37.35862899495374,39.495,2.0,88,onoff,1.1,1830.380400551665,12.0,68.90380668640137,decoupled,96
10000,0.0601,183.72829729055283,22968.38998697653,46394.74489935479,48562.373633181785,46389.01077793678,1.0539629005059021,4.0704,68.44376799999999,42.06574641652614,43.92265,2.0,88,onoff,1.1,1830.380400551665,12.0,68.90380668640137,joint_full,96
10000,0.0601,183.72829729055283,22968.38998697653,46394.74489935479,48562.373633181785,46389.01077793678,1.0539629005059021,4.0704,68.44376799999999,40.205733347386165,42.319,2.0,88,onoff,1.1,1830.380400551665,12.0,68.90380668640137,cliffserve,96
